2025-05-27 14:55:50.800 [main] WARN  com.alibaba.nacos.client.logging.NacosLogging - Load Logback Configuration of Nacos fail, message: Could not initialize Logback Nacos logging from classpath:nacos-logback.xml
2025-05-27 14:55:50.859 [main] WARN  com.alibaba.nacos.client.logging.NacosLogging - Load Logback Configuration of Nacos fail, message: Could not initialize Logback Nacos logging from classpath:nacos-logback.xml
2025-05-27 14:55:51.164 [main] WARN  com.alibaba.nacos.client.logging.NacosLogging - Load Logback Configuration of Nacos fail, message: Could not initialize Logback Nacos logging from classpath:nacos-logback.xml
2025-05-27 14:55:51.166 [main] INFO  com.alibaba.nacos.client.utils.ParamUtil - [settings] [req-serv] nacos-server port:8848
2025-05-27 14:55:51.166 [main] INFO  com.alibaba.nacos.client.utils.ParamUtil - [settings] [http-client] connect timeout:1000
2025-05-27 14:55:51.168 [main] INFO  com.alibaba.nacos.client.utils.ParamUtil - PER_TASK_CONFIG_SIZE: 3000.0
2025-05-27 14:55:51.202 [main] INFO  c.a.n.p.auth.spi.client.ClientAuthPluginManager - [ClientAuthPluginManager] Load ClientAuthService com.alibaba.nacos.client.auth.impl.NacosClientAuthServiceImpl success.
2025-05-27 14:55:51.202 [main] INFO  c.a.n.p.auth.spi.client.ClientAuthPluginManager - [ClientAuthPluginManager] Load ClientAuthService com.alibaba.nacos.client.auth.ram.RamClientAuthServiceImpl success.
2025-05-27 14:55:51.206 [main] INFO  c.a.n.client.auth.ram.identify.CredentialWatcher - null No credential found
2025-05-27 14:55:51.500 [main] WARN  com.alibaba.nacos.client.logging.NacosLogging - Load Logback Configuration of Nacos fail, message: Could not initialize Logback Nacos logging from classpath:nacos-logback.xml
2025-05-27 14:55:51.526 [main] INFO  c.a.n.client.config.impl.LocalConfigInfoProcessor - LOCAL_SNAPSHOT_PATH:C:\Users\Administrator\nacos\config
2025-05-27 14:55:51.530 [main] INFO  com.alibaba.nacos.common.remote.client - [RpcClientFactory] create a new rpc client of 04f62c73-628f-465b-9cb9-e3181d379318_config-0
2025-05-27 14:55:51.562 [main] INFO  com.alibaba.nacos.common.remote.client - [04f62c73-628f-465b-9cb9-e3181d379318_config-0] Register server push request handler:com.alibaba.nacos.client.config.impl.ClientWorker$ConfigRpcTransportClient$$Lambda/0x000001eba13e01f0
2025-05-27 14:55:51.562 [main] INFO  com.alibaba.nacos.common.remote.client - [04f62c73-628f-465b-9cb9-e3181d379318_config-0] Register server push request handler:com.alibaba.nacos.client.config.impl.ClientWorker$ConfigRpcTransportClient$$Lambda/0x000001eba13e0600
2025-05-27 14:55:51.562 [main] INFO  com.alibaba.nacos.common.remote.client - [04f62c73-628f-465b-9cb9-e3181d379318_config-0] Registry connection listener to current client:com.alibaba.nacos.client.config.impl.ClientWorker$ConfigRpcTransportClient$1
2025-05-27 14:55:51.563 [main] INFO  com.alibaba.nacos.common.remote.client - [04f62c73-628f-465b-9cb9-e3181d379318_config-0] RpcClient init, ServerListFactory = com.alibaba.nacos.client.config.impl.ClientWorker$ConfigRpcTransportClient$2
2025-05-27 14:55:51.572 [main] INFO  com.alibaba.nacos.common.remote.client - [04f62c73-628f-465b-9cb9-e3181d379318_config-0] Try to connect to server on start up, server: {serverIp = '8.133.246.113', server main port = 8848}
2025-05-27 14:55:51.628 [main] INFO  c.a.nacos.common.remote.client.grpc.GrpcClient - grpc client connection server:8.133.246.113 ip,serverPort:9848,grpcTslConfig:{"sslProvider":"OPENSSL","enableTls":false,"mutualAuthEnable":false,"trustAll":false}
2025-05-27 14:55:52.477 [main] INFO  com.alibaba.nacos.common.remote.client - [04f62c73-628f-465b-9cb9-e3181d379318_config-0] Success to connect to server [8.133.246.113:8848] on start up, connectionId = 1748328952965_139.227.195.192_50138
2025-05-27 14:55:52.477 [com.alibaba.nacos.client.remote.worker] INFO  com.alibaba.nacos.common.remote.client - [04f62c73-628f-465b-9cb9-e3181d379318_config-0] Notify connected event to listeners.
2025-05-27 14:55:52.478 [com.alibaba.nacos.client.remote.worker] INFO  com.alibaba.nacos.client.config.impl.ClientWorker - [04f62c73-628f-465b-9cb9-e3181d379318_config-0] Connected,notify listen context...
2025-05-27 14:55:52.478 [main] INFO  com.alibaba.nacos.common.remote.client - [04f62c73-628f-465b-9cb9-e3181d379318_config-0] Register server push request handler:com.alibaba.nacos.common.remote.client.RpcClient$ConnectResetRequestHandler
2025-05-27 14:55:52.478 [main] INFO  com.alibaba.nacos.common.remote.client - [04f62c73-628f-465b-9cb9-e3181d379318_config-0] Register server push request handler:com.alibaba.nacos.common.remote.client.RpcClient$$Lambda/0x000001eba1529638
2025-05-27 14:55:52.524 [main] INFO  com.alibaba.nacos.client.config.impl.Limiter - limitTime:5.0
2025-05-27 14:55:52.570 [main] WARN  c.a.cloud.nacos.client.NacosPropertySourceBuilder - Ignore the empty nacos configuration and get it based on dataId[common-dev.yaml] & group[DEFAULT_GROUP]
2025-05-27 14:55:52.583 [main] WARN  c.a.cloud.nacos.client.NacosPropertySourceBuilder - Ignore the empty nacos configuration and get it based on dataId[bgtech-ai] & group[DEFAULT_GROUP]
2025-05-27 14:55:52.593 [main] WARN  c.a.cloud.nacos.client.NacosPropertySourceBuilder - Ignore the empty nacos configuration and get it based on dataId[bgtech-ai.yaml] & group[DEFAULT_GROUP]
2025-05-27 14:55:52.634 [main] INFO  com.alibaba.nacos.client.config.utils.JvmUtil - isMultiInstance:false
2025-05-27 14:55:52.649 [main] INFO  o.s.c.b.c.PropertySourceBootstrapConfiguration - Located property source: [BootstrapPropertySource {name='bootstrapProperties-bgtech-ai-dev.yaml,DEFAULT_GROUP'}, BootstrapPropertySource {name='bootstrapProperties-bgtech-ai.yaml,DEFAULT_GROUP'}, BootstrapPropertySource {name='bootstrapProperties-bgtech-ai,DEFAULT_GROUP'}, BootstrapPropertySource {name='bootstrapProperties-common-dev.yaml,DEFAULT_GROUP'}]
2025-05-27 15:00:04.914 [main] WARN  com.alibaba.nacos.client.logging.NacosLogging - Load Logback Configuration of Nacos fail, message: Could not initialize Logback Nacos logging from classpath:nacos-logback.xml
2025-05-27 15:00:04.964 [main] WARN  com.alibaba.nacos.client.logging.NacosLogging - Load Logback Configuration of Nacos fail, message: Could not initialize Logback Nacos logging from classpath:nacos-logback.xml
2025-05-27 15:00:05.152 [main] WARN  com.alibaba.nacos.client.logging.NacosLogging - Load Logback Configuration of Nacos fail, message: Could not initialize Logback Nacos logging from classpath:nacos-logback.xml
2025-05-27 15:00:05.154 [main] INFO  com.alibaba.nacos.client.utils.ParamUtil - [settings] [req-serv] nacos-server port:8848
2025-05-27 15:00:05.154 [main] INFO  com.alibaba.nacos.client.utils.ParamUtil - [settings] [http-client] connect timeout:1000
2025-05-27 15:00:05.155 [main] INFO  com.alibaba.nacos.client.utils.ParamUtil - PER_TASK_CONFIG_SIZE: 3000.0
2025-05-27 15:00:05.180 [main] INFO  c.a.n.p.auth.spi.client.ClientAuthPluginManager - [ClientAuthPluginManager] Load ClientAuthService com.alibaba.nacos.client.auth.impl.NacosClientAuthServiceImpl success.
2025-05-27 15:00:05.180 [main] INFO  c.a.n.p.auth.spi.client.ClientAuthPluginManager - [ClientAuthPluginManager] Load ClientAuthService com.alibaba.nacos.client.auth.ram.RamClientAuthServiceImpl success.
2025-05-27 15:00:05.183 [main] INFO  c.a.n.client.auth.ram.identify.CredentialWatcher - null No credential found
2025-05-27 15:00:05.430 [main] WARN  com.alibaba.nacos.client.logging.NacosLogging - Load Logback Configuration of Nacos fail, message: Could not initialize Logback Nacos logging from classpath:nacos-logback.xml
2025-05-27 15:00:05.450 [main] INFO  c.a.n.client.config.impl.LocalConfigInfoProcessor - LOCAL_SNAPSHOT_PATH:C:\Users\Administrator\nacos\config
2025-05-27 15:00:05.454 [main] INFO  com.alibaba.nacos.common.remote.client - [RpcClientFactory] create a new rpc client of ad866c40-a196-4ae2-9a6c-9e6a4f77699f_config-0
2025-05-27 15:00:05.478 [main] INFO  com.alibaba.nacos.common.remote.client - [ad866c40-a196-4ae2-9a6c-9e6a4f77699f_config-0] Register server push request handler:com.alibaba.nacos.client.config.impl.ClientWorker$ConfigRpcTransportClient$$Lambda/0x0000024c383e0d98
2025-05-27 15:00:05.479 [main] INFO  com.alibaba.nacos.common.remote.client - [ad866c40-a196-4ae2-9a6c-9e6a4f77699f_config-0] Register server push request handler:com.alibaba.nacos.client.config.impl.ClientWorker$ConfigRpcTransportClient$$Lambda/0x0000024c383e11a8
2025-05-27 15:00:05.480 [main] INFO  com.alibaba.nacos.common.remote.client - [ad866c40-a196-4ae2-9a6c-9e6a4f77699f_config-0] Registry connection listener to current client:com.alibaba.nacos.client.config.impl.ClientWorker$ConfigRpcTransportClient$1
2025-05-27 15:00:05.480 [main] INFO  com.alibaba.nacos.common.remote.client - [ad866c40-a196-4ae2-9a6c-9e6a4f77699f_config-0] RpcClient init, ServerListFactory = com.alibaba.nacos.client.config.impl.ClientWorker$ConfigRpcTransportClient$2
2025-05-27 15:00:05.488 [main] INFO  com.alibaba.nacos.common.remote.client - [ad866c40-a196-4ae2-9a6c-9e6a4f77699f_config-0] Try to connect to server on start up, server: {serverIp = '8.133.246.113', server main port = 8848}
2025-05-27 15:00:05.538 [main] INFO  c.a.nacos.common.remote.client.grpc.GrpcClient - grpc client connection server:8.133.246.113 ip,serverPort:9848,grpcTslConfig:{"sslProvider":"OPENSSL","enableTls":false,"mutualAuthEnable":false,"trustAll":false}
2025-05-27 15:00:06.204 [main] INFO  com.alibaba.nacos.common.remote.client - [ad866c40-a196-4ae2-9a6c-9e6a4f77699f_config-0] Success to connect to server [8.133.246.113:8848] on start up, connectionId = 1748329206725_139.227.195.192_48388
2025-05-27 15:00:06.204 [com.alibaba.nacos.client.remote.worker] INFO  com.alibaba.nacos.common.remote.client - [ad866c40-a196-4ae2-9a6c-9e6a4f77699f_config-0] Notify connected event to listeners.
2025-05-27 15:00:06.204 [com.alibaba.nacos.client.remote.worker] INFO  com.alibaba.nacos.client.config.impl.ClientWorker - [ad866c40-a196-4ae2-9a6c-9e6a4f77699f_config-0] Connected,notify listen context...
2025-05-27 15:00:06.204 [main] INFO  com.alibaba.nacos.common.remote.client - [ad866c40-a196-4ae2-9a6c-9e6a4f77699f_config-0] Register server push request handler:com.alibaba.nacos.common.remote.client.RpcClient$ConnectResetRequestHandler
2025-05-27 15:00:06.204 [main] INFO  com.alibaba.nacos.common.remote.client - [ad866c40-a196-4ae2-9a6c-9e6a4f77699f_config-0] Register server push request handler:com.alibaba.nacos.common.remote.client.RpcClient$$Lambda/0x0000024c3852a060
2025-05-27 15:00:06.241 [main] INFO  com.alibaba.nacos.client.config.impl.Limiter - limitTime:5.0
2025-05-27 15:00:06.260 [main] WARN  c.a.cloud.nacos.client.NacosPropertySourceBuilder - Ignore the empty nacos configuration and get it based on dataId[common-dev.yaml] & group[DEFAULT_GROUP]
2025-05-27 15:00:06.271 [main] WARN  c.a.cloud.nacos.client.NacosPropertySourceBuilder - Ignore the empty nacos configuration and get it based on dataId[bgtech-ai] & group[DEFAULT_GROUP]
2025-05-27 15:00:06.281 [main] WARN  c.a.cloud.nacos.client.NacosPropertySourceBuilder - Ignore the empty nacos configuration and get it based on dataId[bgtech-ai.yaml] & group[DEFAULT_GROUP]
2025-05-27 15:00:06.293 [main] INFO  com.alibaba.nacos.client.config.utils.JvmUtil - isMultiInstance:false
2025-05-27 15:00:06.306 [main] INFO  o.s.c.b.c.PropertySourceBootstrapConfiguration - Located property source: [BootstrapPropertySource {name='bootstrapProperties-bgtech-ai-dev.yaml,DEFAULT_GROUP'}, BootstrapPropertySource {name='bootstrapProperties-bgtech-ai.yaml,DEFAULT_GROUP'}, BootstrapPropertySource {name='bootstrapProperties-bgtech-ai,DEFAULT_GROUP'}, BootstrapPropertySource {name='bootstrapProperties-common-dev.yaml,DEFAULT_GROUP'}]
2025-05-27 15:06:28.311 [main] WARN  com.alibaba.nacos.client.logging.NacosLogging - Load Logback Configuration of Nacos fail, message: Could not initialize Logback Nacos logging from classpath:nacos-logback.xml
2025-05-27 15:06:28.367 [main] WARN  com.alibaba.nacos.client.logging.NacosLogging - Load Logback Configuration of Nacos fail, message: Could not initialize Logback Nacos logging from classpath:nacos-logback.xml
2025-05-27 15:06:28.593 [main] WARN  com.alibaba.nacos.client.logging.NacosLogging - Load Logback Configuration of Nacos fail, message: Could not initialize Logback Nacos logging from classpath:nacos-logback.xml
2025-05-27 15:06:28.595 [main] INFO  com.alibaba.nacos.client.utils.ParamUtil - [settings] [req-serv] nacos-server port:8848
2025-05-27 15:06:28.595 [main] INFO  com.alibaba.nacos.client.utils.ParamUtil - [settings] [http-client] connect timeout:1000
2025-05-27 15:06:28.596 [main] INFO  com.alibaba.nacos.client.utils.ParamUtil - PER_TASK_CONFIG_SIZE: 3000.0
2025-05-27 15:06:28.629 [main] INFO  c.a.n.p.auth.spi.client.ClientAuthPluginManager - [ClientAuthPluginManager] Load ClientAuthService com.alibaba.nacos.client.auth.impl.NacosClientAuthServiceImpl success.
2025-05-27 15:06:28.629 [main] INFO  c.a.n.p.auth.spi.client.ClientAuthPluginManager - [ClientAuthPluginManager] Load ClientAuthService com.alibaba.nacos.client.auth.ram.RamClientAuthServiceImpl success.
2025-05-27 15:06:28.633 [main] INFO  c.a.n.client.auth.ram.identify.CredentialWatcher - null No credential found
2025-05-27 15:06:28.867 [main] WARN  com.alibaba.nacos.client.logging.NacosLogging - Load Logback Configuration of Nacos fail, message: Could not initialize Logback Nacos logging from classpath:nacos-logback.xml
2025-05-27 15:06:28.891 [main] INFO  c.a.n.client.config.impl.LocalConfigInfoProcessor - LOCAL_SNAPSHOT_PATH:C:\Users\Administrator\nacos\config
2025-05-27 15:06:28.895 [main] INFO  com.alibaba.nacos.common.remote.client - [RpcClientFactory] create a new rpc client of ec11b95a-e889-4e2c-b737-06effb9082ca_config-0
2025-05-27 15:06:28.917 [main] INFO  com.alibaba.nacos.common.remote.client - [ec11b95a-e889-4e2c-b737-06effb9082ca_config-0] Register server push request handler:com.alibaba.nacos.client.config.impl.ClientWorker$ConfigRpcTransportClient$$Lambda/0x0000022b413e1028
2025-05-27 15:06:28.918 [main] INFO  com.alibaba.nacos.common.remote.client - [ec11b95a-e889-4e2c-b737-06effb9082ca_config-0] Register server push request handler:com.alibaba.nacos.client.config.impl.ClientWorker$ConfigRpcTransportClient$$Lambda/0x0000022b413e1438
2025-05-27 15:06:28.918 [main] INFO  com.alibaba.nacos.common.remote.client - [ec11b95a-e889-4e2c-b737-06effb9082ca_config-0] Registry connection listener to current client:com.alibaba.nacos.client.config.impl.ClientWorker$ConfigRpcTransportClient$1
2025-05-27 15:06:28.919 [main] INFO  com.alibaba.nacos.common.remote.client - [ec11b95a-e889-4e2c-b737-06effb9082ca_config-0] RpcClient init, ServerListFactory = com.alibaba.nacos.client.config.impl.ClientWorker$ConfigRpcTransportClient$2
2025-05-27 15:06:28.927 [main] INFO  com.alibaba.nacos.common.remote.client - [ec11b95a-e889-4e2c-b737-06effb9082ca_config-0] Try to connect to server on start up, server: {serverIp = '8.133.246.113', server main port = 8848}
2025-05-27 15:06:28.976 [main] INFO  c.a.nacos.common.remote.client.grpc.GrpcClient - grpc client connection server:8.133.246.113 ip,serverPort:9848,grpcTslConfig:{"sslProvider":"OPENSSL","enableTls":false,"mutualAuthEnable":false,"trustAll":false}
2025-05-27 15:06:29.656 [main] INFO  com.alibaba.nacos.common.remote.client - [ec11b95a-e889-4e2c-b737-06effb9082ca_config-0] Success to connect to server [8.133.246.113:8848] on start up, connectionId = 1748329590174_139.227.195.192_49553
2025-05-27 15:06:29.657 [com.alibaba.nacos.client.remote.worker] INFO  com.alibaba.nacos.common.remote.client - [ec11b95a-e889-4e2c-b737-06effb9082ca_config-0] Notify connected event to listeners.
2025-05-27 15:06:29.657 [com.alibaba.nacos.client.remote.worker] INFO  com.alibaba.nacos.client.config.impl.ClientWorker - [ec11b95a-e889-4e2c-b737-06effb9082ca_config-0] Connected,notify listen context...
2025-05-27 15:06:29.657 [main] INFO  com.alibaba.nacos.common.remote.client - [ec11b95a-e889-4e2c-b737-06effb9082ca_config-0] Register server push request handler:com.alibaba.nacos.common.remote.client.RpcClient$ConnectResetRequestHandler
2025-05-27 15:06:29.657 [main] INFO  com.alibaba.nacos.common.remote.client - [ec11b95a-e889-4e2c-b737-06effb9082ca_config-0] Register server push request handler:com.alibaba.nacos.common.remote.client.RpcClient$$Lambda/0x0000022b41529c60
2025-05-27 15:06:29.698 [main] INFO  com.alibaba.nacos.client.config.impl.Limiter - limitTime:5.0
2025-05-27 15:06:29.758 [main] WARN  c.a.cloud.nacos.client.NacosPropertySourceBuilder - Ignore the empty nacos configuration and get it based on dataId[common-dev.yaml] & group[DEFAULT_GROUP]
2025-05-27 15:06:29.769 [main] WARN  c.a.cloud.nacos.client.NacosPropertySourceBuilder - Ignore the empty nacos configuration and get it based on dataId[bgtech-ai] & group[DEFAULT_GROUP]
2025-05-27 15:06:29.777 [main] WARN  c.a.cloud.nacos.client.NacosPropertySourceBuilder - Ignore the empty nacos configuration and get it based on dataId[bgtech-ai.yaml] & group[DEFAULT_GROUP]
2025-05-27 15:06:29.788 [main] INFO  com.alibaba.nacos.client.config.utils.JvmUtil - isMultiInstance:false
2025-05-27 15:06:29.803 [main] INFO  o.s.c.b.c.PropertySourceBootstrapConfiguration - Located property source: [BootstrapPropertySource {name='bootstrapProperties-bgtech-ai-dev.yaml,DEFAULT_GROUP'}, BootstrapPropertySource {name='bootstrapProperties-bgtech-ai.yaml,DEFAULT_GROUP'}, BootstrapPropertySource {name='bootstrapProperties-bgtech-ai,DEFAULT_GROUP'}, BootstrapPropertySource {name='bootstrapProperties-common-dev.yaml,DEFAULT_GROUP'}]
2025-05-27 15:08:57.605 [main] WARN  com.alibaba.nacos.client.logging.NacosLogging - Load Logback Configuration of Nacos fail, message: Could not initialize Logback Nacos logging from classpath:nacos-logback.xml
2025-05-27 15:08:57.665 [main] WARN  com.alibaba.nacos.client.logging.NacosLogging - Load Logback Configuration of Nacos fail, message: Could not initialize Logback Nacos logging from classpath:nacos-logback.xml
2025-05-27 15:08:57.888 [main] WARN  com.alibaba.nacos.client.logging.NacosLogging - Load Logback Configuration of Nacos fail, message: Could not initialize Logback Nacos logging from classpath:nacos-logback.xml
2025-05-27 15:08:57.890 [main] INFO  com.alibaba.nacos.client.utils.ParamUtil - [settings] [req-serv] nacos-server port:8848
2025-05-27 15:08:57.890 [main] INFO  com.alibaba.nacos.client.utils.ParamUtil - [settings] [http-client] connect timeout:1000
2025-05-27 15:08:57.891 [main] INFO  com.alibaba.nacos.client.utils.ParamUtil - PER_TASK_CONFIG_SIZE: 3000.0
2025-05-27 15:08:57.917 [main] INFO  c.a.n.p.auth.spi.client.ClientAuthPluginManager - [ClientAuthPluginManager] Load ClientAuthService com.alibaba.nacos.client.auth.impl.NacosClientAuthServiceImpl success.
2025-05-27 15:08:57.918 [main] INFO  c.a.n.p.auth.spi.client.ClientAuthPluginManager - [ClientAuthPluginManager] Load ClientAuthService com.alibaba.nacos.client.auth.ram.RamClientAuthServiceImpl success.
2025-05-27 15:08:57.921 [main] INFO  c.a.n.client.auth.ram.identify.CredentialWatcher - null No credential found
2025-05-27 15:08:58.164 [main] WARN  com.alibaba.nacos.client.logging.NacosLogging - Load Logback Configuration of Nacos fail, message: Could not initialize Logback Nacos logging from classpath:nacos-logback.xml
2025-05-27 15:08:58.185 [main] INFO  c.a.n.client.config.impl.LocalConfigInfoProcessor - LOCAL_SNAPSHOT_PATH:C:\Users\Administrator\nacos\config
2025-05-27 15:08:58.188 [main] INFO  com.alibaba.nacos.common.remote.client - [RpcClientFactory] create a new rpc client of f30821bb-a140-4178-a7e7-1fa18632e0d6_config-0
2025-05-27 15:08:58.211 [main] INFO  com.alibaba.nacos.common.remote.client - [f30821bb-a140-4178-a7e7-1fa18632e0d6_config-0] Register server push request handler:com.alibaba.nacos.client.config.impl.ClientWorker$ConfigRpcTransportClient$$Lambda/0x00000215013df828
2025-05-27 15:08:58.211 [main] INFO  com.alibaba.nacos.common.remote.client - [f30821bb-a140-4178-a7e7-1fa18632e0d6_config-0] Register server push request handler:com.alibaba.nacos.client.config.impl.ClientWorker$ConfigRpcTransportClient$$Lambda/0x00000215013dfc38
2025-05-27 15:08:58.212 [main] INFO  com.alibaba.nacos.common.remote.client - [f30821bb-a140-4178-a7e7-1fa18632e0d6_config-0] Registry connection listener to current client:com.alibaba.nacos.client.config.impl.ClientWorker$ConfigRpcTransportClient$1
2025-05-27 15:08:58.212 [main] INFO  com.alibaba.nacos.common.remote.client - [f30821bb-a140-4178-a7e7-1fa18632e0d6_config-0] RpcClient init, ServerListFactory = com.alibaba.nacos.client.config.impl.ClientWorker$ConfigRpcTransportClient$2
2025-05-27 15:08:58.219 [main] INFO  com.alibaba.nacos.common.remote.client - [f30821bb-a140-4178-a7e7-1fa18632e0d6_config-0] Try to connect to server on start up, server: {serverIp = '8.133.246.113', server main port = 8848}
2025-05-27 15:08:58.267 [main] INFO  c.a.nacos.common.remote.client.grpc.GrpcClient - grpc client connection server:8.133.246.113 ip,serverPort:9848,grpcTslConfig:{"sslProvider":"OPENSSL","enableTls":false,"mutualAuthEnable":false,"trustAll":false}
2025-05-27 15:08:58.951 [main] INFO  com.alibaba.nacos.common.remote.client - [f30821bb-a140-4178-a7e7-1fa18632e0d6_config-0] Success to connect to server [8.133.246.113:8848] on start up, connectionId = 1748329739463_139.227.195.192_48578
2025-05-27 15:08:58.951 [com.alibaba.nacos.client.remote.worker] INFO  com.alibaba.nacos.common.remote.client - [f30821bb-a140-4178-a7e7-1fa18632e0d6_config-0] Notify connected event to listeners.
2025-05-27 15:08:58.952 [com.alibaba.nacos.client.remote.worker] INFO  com.alibaba.nacos.client.config.impl.ClientWorker - [f30821bb-a140-4178-a7e7-1fa18632e0d6_config-0] Connected,notify listen context...
2025-05-27 15:08:58.952 [main] INFO  com.alibaba.nacos.common.remote.client - [f30821bb-a140-4178-a7e7-1fa18632e0d6_config-0] Register server push request handler:com.alibaba.nacos.common.remote.client.RpcClient$ConnectResetRequestHandler
2025-05-27 15:08:58.952 [main] INFO  com.alibaba.nacos.common.remote.client - [f30821bb-a140-4178-a7e7-1fa18632e0d6_config-0] Register server push request handler:com.alibaba.nacos.common.remote.client.RpcClient$$Lambda/0x0000021501528f48
2025-05-27 15:08:58.989 [main] INFO  com.alibaba.nacos.client.config.impl.Limiter - limitTime:5.0
2025-05-27 15:08:59.010 [main] WARN  c.a.cloud.nacos.client.NacosPropertySourceBuilder - Ignore the empty nacos configuration and get it based on dataId[common-dev.yaml] & group[DEFAULT_GROUP]
2025-05-27 15:08:59.022 [main] WARN  c.a.cloud.nacos.client.NacosPropertySourceBuilder - Ignore the empty nacos configuration and get it based on dataId[bgtech-ai] & group[DEFAULT_GROUP]
2025-05-27 15:08:59.037 [main] WARN  c.a.cloud.nacos.client.NacosPropertySourceBuilder - Ignore the empty nacos configuration and get it based on dataId[bgtech-ai.yaml] & group[DEFAULT_GROUP]
2025-05-27 15:08:59.055 [main] INFO  com.alibaba.nacos.client.config.utils.JvmUtil - isMultiInstance:false
2025-05-27 15:08:59.069 [main] INFO  o.s.c.b.c.PropertySourceBootstrapConfiguration - Located property source: [BootstrapPropertySource {name='bootstrapProperties-bgtech-ai-dev.yaml,DEFAULT_GROUP'}, BootstrapPropertySource {name='bootstrapProperties-bgtech-ai.yaml,DEFAULT_GROUP'}, BootstrapPropertySource {name='bootstrapProperties-bgtech-ai,DEFAULT_GROUP'}, BootstrapPropertySource {name='bootstrapProperties-common-dev.yaml,DEFAULT_GROUP'}]
2025-05-27 15:13:25.572 [main] WARN  com.alibaba.nacos.client.logging.NacosLogging - Load Logback Configuration of Nacos fail, message: Could not initialize Logback Nacos logging from classpath:nacos-logback.xml
2025-05-27 15:13:25.625 [main] WARN  com.alibaba.nacos.client.logging.NacosLogging - Load Logback Configuration of Nacos fail, message: Could not initialize Logback Nacos logging from classpath:nacos-logback.xml
2025-05-27 15:13:25.820 [main] WARN  com.alibaba.nacos.client.logging.NacosLogging - Load Logback Configuration of Nacos fail, message: Could not initialize Logback Nacos logging from classpath:nacos-logback.xml
2025-05-27 15:13:25.822 [main] INFO  com.alibaba.nacos.client.utils.ParamUtil - [settings] [req-serv] nacos-server port:8848
2025-05-27 15:13:25.822 [main] INFO  com.alibaba.nacos.client.utils.ParamUtil - [settings] [http-client] connect timeout:1000
2025-05-27 15:13:25.823 [main] INFO  com.alibaba.nacos.client.utils.ParamUtil - PER_TASK_CONFIG_SIZE: 3000.0
2025-05-27 15:13:25.848 [main] INFO  c.a.n.p.auth.spi.client.ClientAuthPluginManager - [ClientAuthPluginManager] Load ClientAuthService com.alibaba.nacos.client.auth.impl.NacosClientAuthServiceImpl success.
2025-05-27 15:13:25.848 [main] INFO  c.a.n.p.auth.spi.client.ClientAuthPluginManager - [ClientAuthPluginManager] Load ClientAuthService com.alibaba.nacos.client.auth.ram.RamClientAuthServiceImpl success.
2025-05-27 15:13:25.851 [main] INFO  c.a.n.client.auth.ram.identify.CredentialWatcher - null No credential found
2025-05-27 15:13:26.092 [main] WARN  com.alibaba.nacos.client.logging.NacosLogging - Load Logback Configuration of Nacos fail, message: Could not initialize Logback Nacos logging from classpath:nacos-logback.xml
2025-05-27 15:13:26.117 [main] INFO  c.a.n.client.config.impl.LocalConfigInfoProcessor - LOCAL_SNAPSHOT_PATH:C:\Users\Administrator\nacos\config
2025-05-27 15:13:26.121 [main] INFO  com.alibaba.nacos.common.remote.client - [RpcClientFactory] create a new rpc client of c22b23bb-b863-419c-8180-7047fa3fae82_config-0
2025-05-27 15:13:26.145 [main] INFO  com.alibaba.nacos.common.remote.client - [c22b23bb-b863-419c-8180-7047fa3fae82_config-0] Register server push request handler:com.alibaba.nacos.client.config.impl.ClientWorker$ConfigRpcTransportClient$$Lambda/0x000001ea3a3dea58
2025-05-27 15:13:26.145 [main] INFO  com.alibaba.nacos.common.remote.client - [c22b23bb-b863-419c-8180-7047fa3fae82_config-0] Register server push request handler:com.alibaba.nacos.client.config.impl.ClientWorker$ConfigRpcTransportClient$$Lambda/0x000001ea3a3dee68
2025-05-27 15:13:26.146 [main] INFO  com.alibaba.nacos.common.remote.client - [c22b23bb-b863-419c-8180-7047fa3fae82_config-0] Registry connection listener to current client:com.alibaba.nacos.client.config.impl.ClientWorker$ConfigRpcTransportClient$1
2025-05-27 15:13:26.146 [main] INFO  com.alibaba.nacos.common.remote.client - [c22b23bb-b863-419c-8180-7047fa3fae82_config-0] RpcClient init, ServerListFactory = com.alibaba.nacos.client.config.impl.ClientWorker$ConfigRpcTransportClient$2
2025-05-27 15:13:26.154 [main] INFO  com.alibaba.nacos.common.remote.client - [c22b23bb-b863-419c-8180-7047fa3fae82_config-0] Try to connect to server on start up, server: {serverIp = '8.133.246.113', server main port = 8848}
2025-05-27 15:13:26.202 [main] INFO  c.a.nacos.common.remote.client.grpc.GrpcClient - grpc client connection server:8.133.246.113 ip,serverPort:9848,grpcTslConfig:{"sslProvider":"OPENSSL","enableTls":false,"mutualAuthEnable":false,"trustAll":false}
2025-05-27 15:13:26.888 [main] INFO  com.alibaba.nacos.common.remote.client - [c22b23bb-b863-419c-8180-7047fa3fae82_config-0] Success to connect to server [8.133.246.113:8848] on start up, connectionId = 1748330007387_139.227.195.192_48567
2025-05-27 15:13:26.888 [com.alibaba.nacos.client.remote.worker] INFO  com.alibaba.nacos.common.remote.client - [c22b23bb-b863-419c-8180-7047fa3fae82_config-0] Notify connected event to listeners.
2025-05-27 15:13:26.889 [com.alibaba.nacos.client.remote.worker] INFO  com.alibaba.nacos.client.config.impl.ClientWorker - [c22b23bb-b863-419c-8180-7047fa3fae82_config-0] Connected,notify listen context...
2025-05-27 15:13:26.889 [main] INFO  com.alibaba.nacos.common.remote.client - [c22b23bb-b863-419c-8180-7047fa3fae82_config-0] Register server push request handler:com.alibaba.nacos.common.remote.client.RpcClient$ConnectResetRequestHandler
2025-05-27 15:13:26.889 [main] INFO  com.alibaba.nacos.common.remote.client - [c22b23bb-b863-419c-8180-7047fa3fae82_config-0] Register server push request handler:com.alibaba.nacos.common.remote.client.RpcClient$$Lambda/0x000001ea3a527698
2025-05-27 15:13:26.925 [main] INFO  com.alibaba.nacos.client.config.impl.Limiter - limitTime:5.0
2025-05-27 15:13:26.944 [main] WARN  c.a.cloud.nacos.client.NacosPropertySourceBuilder - Ignore the empty nacos configuration and get it based on dataId[common-dev.yaml] & group[DEFAULT_GROUP]
2025-05-27 15:13:26.955 [main] WARN  c.a.cloud.nacos.client.NacosPropertySourceBuilder - Ignore the empty nacos configuration and get it based on dataId[bgtech-ai] & group[DEFAULT_GROUP]
2025-05-27 15:13:26.966 [main] WARN  c.a.cloud.nacos.client.NacosPropertySourceBuilder - Ignore the empty nacos configuration and get it based on dataId[bgtech-ai.yaml] & group[DEFAULT_GROUP]
2025-05-27 15:13:26.983 [main] INFO  com.alibaba.nacos.client.config.utils.JvmUtil - isMultiInstance:false
2025-05-27 15:13:26.997 [main] INFO  o.s.c.b.c.PropertySourceBootstrapConfiguration - Located property source: [BootstrapPropertySource {name='bootstrapProperties-bgtech-ai-dev.yaml,DEFAULT_GROUP'}, BootstrapPropertySource {name='bootstrapProperties-bgtech-ai.yaml,DEFAULT_GROUP'}, BootstrapPropertySource {name='bootstrapProperties-bgtech-ai,DEFAULT_GROUP'}, BootstrapPropertySource {name='bootstrapProperties-common-dev.yaml,DEFAULT_GROUP'}]
2025-05-27 15:14:21.642 [main] WARN  com.alibaba.nacos.client.logging.NacosLogging - Load Logback Configuration of Nacos fail, message: Could not initialize Logback Nacos logging from classpath:nacos-logback.xml
2025-05-27 15:14:21.691 [main] WARN  com.alibaba.nacos.client.logging.NacosLogging - Load Logback Configuration of Nacos fail, message: Could not initialize Logback Nacos logging from classpath:nacos-logback.xml
2025-05-27 15:14:21.900 [main] WARN  com.alibaba.nacos.client.logging.NacosLogging - Load Logback Configuration of Nacos fail, message: Could not initialize Logback Nacos logging from classpath:nacos-logback.xml
2025-05-27 15:14:21.902 [main] INFO  com.alibaba.nacos.client.utils.ParamUtil - [settings] [req-serv] nacos-server port:8848
2025-05-27 15:14:21.902 [main] INFO  com.alibaba.nacos.client.utils.ParamUtil - [settings] [http-client] connect timeout:1000
2025-05-27 15:14:21.903 [main] INFO  com.alibaba.nacos.client.utils.ParamUtil - PER_TASK_CONFIG_SIZE: 3000.0
2025-05-27 15:14:21.929 [main] INFO  c.a.n.p.auth.spi.client.ClientAuthPluginManager - [ClientAuthPluginManager] Load ClientAuthService com.alibaba.nacos.client.auth.impl.NacosClientAuthServiceImpl success.
2025-05-27 15:14:21.929 [main] INFO  c.a.n.p.auth.spi.client.ClientAuthPluginManager - [ClientAuthPluginManager] Load ClientAuthService com.alibaba.nacos.client.auth.ram.RamClientAuthServiceImpl success.
2025-05-27 15:14:21.932 [main] INFO  c.a.n.client.auth.ram.identify.CredentialWatcher - null No credential found
2025-05-27 15:14:22.172 [main] WARN  com.alibaba.nacos.client.logging.NacosLogging - Load Logback Configuration of Nacos fail, message: Could not initialize Logback Nacos logging from classpath:nacos-logback.xml
2025-05-27 15:14:22.192 [main] INFO  c.a.n.client.config.impl.LocalConfigInfoProcessor - LOCAL_SNAPSHOT_PATH:C:\Users\Administrator\nacos\config
2025-05-27 15:14:22.196 [main] INFO  com.alibaba.nacos.common.remote.client - [RpcClientFactory] create a new rpc client of 5080d6f7-4c6a-40e0-a92e-f8123df6f773_config-0
2025-05-27 15:14:22.220 [main] INFO  com.alibaba.nacos.common.remote.client - [5080d6f7-4c6a-40e0-a92e-f8123df6f773_config-0] Register server push request handler:com.alibaba.nacos.client.config.impl.ClientWorker$ConfigRpcTransportClient$$Lambda/0x0000019e813e1028
2025-05-27 15:14:22.220 [main] INFO  com.alibaba.nacos.common.remote.client - [5080d6f7-4c6a-40e0-a92e-f8123df6f773_config-0] Register server push request handler:com.alibaba.nacos.client.config.impl.ClientWorker$ConfigRpcTransportClient$$Lambda/0x0000019e813e1438
2025-05-27 15:14:22.220 [main] INFO  com.alibaba.nacos.common.remote.client - [5080d6f7-4c6a-40e0-a92e-f8123df6f773_config-0] Registry connection listener to current client:com.alibaba.nacos.client.config.impl.ClientWorker$ConfigRpcTransportClient$1
2025-05-27 15:14:22.221 [main] INFO  com.alibaba.nacos.common.remote.client - [5080d6f7-4c6a-40e0-a92e-f8123df6f773_config-0] RpcClient init, ServerListFactory = com.alibaba.nacos.client.config.impl.ClientWorker$ConfigRpcTransportClient$2
2025-05-27 15:14:22.228 [main] INFO  com.alibaba.nacos.common.remote.client - [5080d6f7-4c6a-40e0-a92e-f8123df6f773_config-0] Try to connect to server on start up, server: {serverIp = '8.133.246.113', server main port = 8848}
2025-05-27 15:14:22.279 [main] INFO  c.a.nacos.common.remote.client.grpc.GrpcClient - grpc client connection server:8.133.246.113 ip,serverPort:9848,grpcTslConfig:{"sslProvider":"OPENSSL","enableTls":false,"mutualAuthEnable":false,"trustAll":false}
2025-05-27 15:14:22.930 [main] INFO  com.alibaba.nacos.common.remote.client - [5080d6f7-4c6a-40e0-a92e-f8123df6f773_config-0] Success to connect to server [8.133.246.113:8848] on start up, connectionId = 1748330063457_139.227.195.192_48985
2025-05-27 15:14:22.931 [com.alibaba.nacos.client.remote.worker] INFO  com.alibaba.nacos.common.remote.client - [5080d6f7-4c6a-40e0-a92e-f8123df6f773_config-0] Notify connected event to listeners.
2025-05-27 15:14:22.931 [com.alibaba.nacos.client.remote.worker] INFO  com.alibaba.nacos.client.config.impl.ClientWorker - [5080d6f7-4c6a-40e0-a92e-f8123df6f773_config-0] Connected,notify listen context...
2025-05-27 15:14:22.931 [main] INFO  com.alibaba.nacos.common.remote.client - [5080d6f7-4c6a-40e0-a92e-f8123df6f773_config-0] Register server push request handler:com.alibaba.nacos.common.remote.client.RpcClient$ConnectResetRequestHandler
2025-05-27 15:14:22.931 [main] INFO  com.alibaba.nacos.common.remote.client - [5080d6f7-4c6a-40e0-a92e-f8123df6f773_config-0] Register server push request handler:com.alibaba.nacos.common.remote.client.RpcClient$$Lambda/0x0000019e81529c60
2025-05-27 15:14:22.971 [main] INFO  com.alibaba.nacos.client.config.impl.Limiter - limitTime:5.0
2025-05-27 15:14:22.991 [main] WARN  c.a.cloud.nacos.client.NacosPropertySourceBuilder - Ignore the empty nacos configuration and get it based on dataId[common-dev.yaml] & group[DEFAULT_GROUP]
2025-05-27 15:14:23.002 [main] WARN  c.a.cloud.nacos.client.NacosPropertySourceBuilder - Ignore the empty nacos configuration and get it based on dataId[bgtech-ai] & group[DEFAULT_GROUP]
2025-05-27 15:14:23.013 [main] WARN  c.a.cloud.nacos.client.NacosPropertySourceBuilder - Ignore the empty nacos configuration and get it based on dataId[bgtech-ai.yaml] & group[DEFAULT_GROUP]
2025-05-27 15:14:23.026 [main] INFO  com.alibaba.nacos.client.config.utils.JvmUtil - isMultiInstance:false
2025-05-27 15:14:23.039 [main] INFO  o.s.c.b.c.PropertySourceBootstrapConfiguration - Located property source: [BootstrapPropertySource {name='bootstrapProperties-bgtech-ai-dev.yaml,DEFAULT_GROUP'}, BootstrapPropertySource {name='bootstrapProperties-bgtech-ai.yaml,DEFAULT_GROUP'}, BootstrapPropertySource {name='bootstrapProperties-bgtech-ai,DEFAULT_GROUP'}, BootstrapPropertySource {name='bootstrapProperties-common-dev.yaml,DEFAULT_GROUP'}]
2025-05-27 15:17:09.371 [main] WARN  com.alibaba.nacos.client.logging.NacosLogging - Load Logback Configuration of Nacos fail, message: Could not initialize Logback Nacos logging from classpath:nacos-logback.xml
2025-05-27 15:17:09.423 [main] WARN  com.alibaba.nacos.client.logging.NacosLogging - Load Logback Configuration of Nacos fail, message: Could not initialize Logback Nacos logging from classpath:nacos-logback.xml
2025-05-27 15:17:09.629 [main] WARN  com.alibaba.nacos.client.logging.NacosLogging - Load Logback Configuration of Nacos fail, message: Could not initialize Logback Nacos logging from classpath:nacos-logback.xml
2025-05-27 15:17:09.631 [main] INFO  com.alibaba.nacos.client.utils.ParamUtil - [settings] [req-serv] nacos-server port:8848
2025-05-27 15:17:09.631 [main] INFO  com.alibaba.nacos.client.utils.ParamUtil - [settings] [http-client] connect timeout:1000
2025-05-27 15:17:09.632 [main] INFO  com.alibaba.nacos.client.utils.ParamUtil - PER_TASK_CONFIG_SIZE: 3000.0
2025-05-27 15:17:09.659 [main] INFO  c.a.n.p.auth.spi.client.ClientAuthPluginManager - [ClientAuthPluginManager] Load ClientAuthService com.alibaba.nacos.client.auth.impl.NacosClientAuthServiceImpl success.
2025-05-27 15:17:09.659 [main] INFO  c.a.n.p.auth.spi.client.ClientAuthPluginManager - [ClientAuthPluginManager] Load ClientAuthService com.alibaba.nacos.client.auth.ram.RamClientAuthServiceImpl success.
2025-05-27 15:17:09.662 [main] INFO  c.a.n.client.auth.ram.identify.CredentialWatcher - null No credential found
2025-05-27 15:17:09.881 [main] WARN  com.alibaba.nacos.client.logging.NacosLogging - Load Logback Configuration of Nacos fail, message: Could not initialize Logback Nacos logging from classpath:nacos-logback.xml
2025-05-27 15:17:09.901 [main] INFO  c.a.n.client.config.impl.LocalConfigInfoProcessor - LOCAL_SNAPSHOT_PATH:C:\Users\Administrator\nacos\config
2025-05-27 15:17:09.905 [main] INFO  com.alibaba.nacos.common.remote.client - [RpcClientFactory] create a new rpc client of 89d759c4-ebf2-4a9b-b64d-4d02b0fb0ab8_config-0
2025-05-27 15:17:09.927 [main] INFO  com.alibaba.nacos.common.remote.client - [89d759c4-ebf2-4a9b-b64d-4d02b0fb0ab8_config-0] Register server push request handler:com.alibaba.nacos.client.config.impl.ClientWorker$ConfigRpcTransportClient$$Lambda/0x00000245013e1758
2025-05-27 15:17:09.927 [main] INFO  com.alibaba.nacos.common.remote.client - [89d759c4-ebf2-4a9b-b64d-4d02b0fb0ab8_config-0] Register server push request handler:com.alibaba.nacos.client.config.impl.ClientWorker$ConfigRpcTransportClient$$Lambda/0x00000245013e1b68
2025-05-27 15:17:09.927 [main] INFO  com.alibaba.nacos.common.remote.client - [89d759c4-ebf2-4a9b-b64d-4d02b0fb0ab8_config-0] Registry connection listener to current client:com.alibaba.nacos.client.config.impl.ClientWorker$ConfigRpcTransportClient$1
2025-05-27 15:17:09.928 [main] INFO  com.alibaba.nacos.common.remote.client - [89d759c4-ebf2-4a9b-b64d-4d02b0fb0ab8_config-0] RpcClient init, ServerListFactory = com.alibaba.nacos.client.config.impl.ClientWorker$ConfigRpcTransportClient$2
2025-05-27 15:17:09.935 [main] INFO  com.alibaba.nacos.common.remote.client - [89d759c4-ebf2-4a9b-b64d-4d02b0fb0ab8_config-0] Try to connect to server on start up, server: {serverIp = '8.133.246.113', server main port = 8848}
2025-05-27 15:17:09.981 [main] INFO  c.a.nacos.common.remote.client.grpc.GrpcClient - grpc client connection server:8.133.246.113 ip,serverPort:9848,grpcTslConfig:{"sslProvider":"OPENSSL","enableTls":false,"mutualAuthEnable":false,"trustAll":false}
2025-05-27 15:17:10.661 [main] INFO  com.alibaba.nacos.common.remote.client - [89d759c4-ebf2-4a9b-b64d-4d02b0fb0ab8_config-0] Success to connect to server [8.133.246.113:8848] on start up, connectionId = 1748330231176_139.227.195.192_48308
2025-05-27 15:17:10.662 [com.alibaba.nacos.client.remote.worker] INFO  com.alibaba.nacos.common.remote.client - [89d759c4-ebf2-4a9b-b64d-4d02b0fb0ab8_config-0] Notify connected event to listeners.
2025-05-27 15:17:10.662 [com.alibaba.nacos.client.remote.worker] INFO  com.alibaba.nacos.client.config.impl.ClientWorker - [89d759c4-ebf2-4a9b-b64d-4d02b0fb0ab8_config-0] Connected,notify listen context...
2025-05-27 15:17:10.662 [main] INFO  com.alibaba.nacos.common.remote.client - [89d759c4-ebf2-4a9b-b64d-4d02b0fb0ab8_config-0] Register server push request handler:com.alibaba.nacos.common.remote.client.RpcClient$ConnectResetRequestHandler
2025-05-27 15:17:10.662 [main] INFO  com.alibaba.nacos.common.remote.client - [89d759c4-ebf2-4a9b-b64d-4d02b0fb0ab8_config-0] Register server push request handler:com.alibaba.nacos.common.remote.client.RpcClient$$Lambda/0x000002450152c318
2025-05-27 15:17:10.709 [main] INFO  com.alibaba.nacos.client.config.impl.Limiter - limitTime:5.0
2025-05-27 15:17:10.731 [main] WARN  c.a.cloud.nacos.client.NacosPropertySourceBuilder - Ignore the empty nacos configuration and get it based on dataId[common-dev.yaml] & group[DEFAULT_GROUP]
2025-05-27 15:17:10.743 [main] WARN  c.a.cloud.nacos.client.NacosPropertySourceBuilder - Ignore the empty nacos configuration and get it based on dataId[bgtech-ai] & group[DEFAULT_GROUP]
2025-05-27 15:17:10.752 [main] WARN  c.a.cloud.nacos.client.NacosPropertySourceBuilder - Ignore the empty nacos configuration and get it based on dataId[bgtech-ai.yaml] & group[DEFAULT_GROUP]
2025-05-27 15:17:10.762 [main] INFO  com.alibaba.nacos.client.config.utils.JvmUtil - isMultiInstance:false
2025-05-27 15:17:10.777 [main] INFO  o.s.c.b.c.PropertySourceBootstrapConfiguration - Located property source: [BootstrapPropertySource {name='bootstrapProperties-bgtech-ai-dev.yaml,DEFAULT_GROUP'}, BootstrapPropertySource {name='bootstrapProperties-bgtech-ai.yaml,DEFAULT_GROUP'}, BootstrapPropertySource {name='bootstrapProperties-bgtech-ai,DEFAULT_GROUP'}, BootstrapPropertySource {name='bootstrapProperties-common-dev.yaml,DEFAULT_GROUP'}]
2025-05-27 15:23:52.902 [main] WARN  com.alibaba.nacos.client.logging.NacosLogging - Load Logback Configuration of Nacos fail, message: Could not initialize Logback Nacos logging from classpath:nacos-logback.xml
2025-05-27 15:23:52.953 [main] WARN  com.alibaba.nacos.client.logging.NacosLogging - Load Logback Configuration of Nacos fail, message: Could not initialize Logback Nacos logging from classpath:nacos-logback.xml
2025-05-27 15:23:53.156 [main] WARN  com.alibaba.nacos.client.logging.NacosLogging - Load Logback Configuration of Nacos fail, message: Could not initialize Logback Nacos logging from classpath:nacos-logback.xml
2025-05-27 15:23:53.157 [main] INFO  com.alibaba.nacos.client.utils.ParamUtil - [settings] [req-serv] nacos-server port:8848
2025-05-27 15:23:53.157 [main] INFO  com.alibaba.nacos.client.utils.ParamUtil - [settings] [http-client] connect timeout:1000
2025-05-27 15:23:53.157 [main] INFO  com.alibaba.nacos.client.utils.ParamUtil - PER_TASK_CONFIG_SIZE: 3000.0
2025-05-27 15:23:53.185 [main] INFO  c.a.n.p.auth.spi.client.ClientAuthPluginManager - [ClientAuthPluginManager] Load ClientAuthService com.alibaba.nacos.client.auth.impl.NacosClientAuthServiceImpl success.
2025-05-27 15:23:53.185 [main] INFO  c.a.n.p.auth.spi.client.ClientAuthPluginManager - [ClientAuthPluginManager] Load ClientAuthService com.alibaba.nacos.client.auth.ram.RamClientAuthServiceImpl success.
2025-05-27 15:23:53.188 [main] INFO  c.a.n.client.auth.ram.identify.CredentialWatcher - null No credential found
2025-05-27 15:23:53.441 [main] WARN  com.alibaba.nacos.client.logging.NacosLogging - Load Logback Configuration of Nacos fail, message: Could not initialize Logback Nacos logging from classpath:nacos-logback.xml
2025-05-27 15:23:53.461 [main] INFO  c.a.n.client.config.impl.LocalConfigInfoProcessor - LOCAL_SNAPSHOT_PATH:C:\Users\Administrator\nacos\config
2025-05-27 15:23:53.465 [main] INFO  com.alibaba.nacos.common.remote.client - [RpcClientFactory] create a new rpc client of f7b12819-53bf-49a8-bd7c-f14a9cb259ad_config-0
2025-05-27 15:23:53.487 [main] INFO  com.alibaba.nacos.common.remote.client - [f7b12819-53bf-49a8-bd7c-f14a9cb259ad_config-0] Register server push request handler:com.alibaba.nacos.client.config.impl.ClientWorker$ConfigRpcTransportClient$$Lambda/0x0000017c8a3df8d8
2025-05-27 15:23:53.488 [main] INFO  com.alibaba.nacos.common.remote.client - [f7b12819-53bf-49a8-bd7c-f14a9cb259ad_config-0] Register server push request handler:com.alibaba.nacos.client.config.impl.ClientWorker$ConfigRpcTransportClient$$Lambda/0x0000017c8a3dfce8
2025-05-27 15:23:53.488 [main] INFO  com.alibaba.nacos.common.remote.client - [f7b12819-53bf-49a8-bd7c-f14a9cb259ad_config-0] Registry connection listener to current client:com.alibaba.nacos.client.config.impl.ClientWorker$ConfigRpcTransportClient$1
2025-05-27 15:23:53.488 [main] INFO  com.alibaba.nacos.common.remote.client - [f7b12819-53bf-49a8-bd7c-f14a9cb259ad_config-0] RpcClient init, ServerListFactory = com.alibaba.nacos.client.config.impl.ClientWorker$ConfigRpcTransportClient$2
2025-05-27 15:23:53.495 [main] INFO  com.alibaba.nacos.common.remote.client - [f7b12819-53bf-49a8-bd7c-f14a9cb259ad_config-0] Try to connect to server on start up, server: {serverIp = '8.133.246.113', server main port = 8848}
2025-05-27 15:23:53.543 [main] INFO  c.a.nacos.common.remote.client.grpc.GrpcClient - grpc client connection server:8.133.246.113 ip,serverPort:9848,grpcTslConfig:{"sslProvider":"OPENSSL","enableTls":false,"mutualAuthEnable":false,"trustAll":false}
2025-05-27 15:23:54.211 [main] INFO  com.alibaba.nacos.common.remote.client - [f7b12819-53bf-49a8-bd7c-f14a9cb259ad_config-0] Success to connect to server [8.133.246.113:8848] on start up, connectionId = 1748330634725_139.227.195.192_49167
2025-05-27 15:23:54.212 [com.alibaba.nacos.client.remote.worker] INFO  com.alibaba.nacos.common.remote.client - [f7b12819-53bf-49a8-bd7c-f14a9cb259ad_config-0] Notify connected event to listeners.
2025-05-27 15:23:54.212 [com.alibaba.nacos.client.remote.worker] INFO  com.alibaba.nacos.client.config.impl.ClientWorker - [f7b12819-53bf-49a8-bd7c-f14a9cb259ad_config-0] Connected,notify listen context...
2025-05-27 15:23:54.212 [main] INFO  com.alibaba.nacos.common.remote.client - [f7b12819-53bf-49a8-bd7c-f14a9cb259ad_config-0] Register server push request handler:com.alibaba.nacos.common.remote.client.RpcClient$ConnectResetRequestHandler
2025-05-27 15:23:54.212 [main] INFO  com.alibaba.nacos.common.remote.client - [f7b12819-53bf-49a8-bd7c-f14a9cb259ad_config-0] Register server push request handler:com.alibaba.nacos.common.remote.client.RpcClient$$Lambda/0x0000017c8a528870
2025-05-27 15:23:54.248 [main] INFO  com.alibaba.nacos.client.config.impl.Limiter - limitTime:5.0
2025-05-27 15:23:54.291 [main] WARN  c.a.cloud.nacos.client.NacosPropertySourceBuilder - Ignore the empty nacos configuration and get it based on dataId[common-dev.yaml] & group[DEFAULT_GROUP]
2025-05-27 15:23:54.302 [main] WARN  c.a.cloud.nacos.client.NacosPropertySourceBuilder - Ignore the empty nacos configuration and get it based on dataId[bgtech-ai] & group[DEFAULT_GROUP]
2025-05-27 15:23:54.310 [main] WARN  c.a.cloud.nacos.client.NacosPropertySourceBuilder - Ignore the empty nacos configuration and get it based on dataId[bgtech-ai.yaml] & group[DEFAULT_GROUP]
2025-05-27 15:23:54.323 [main] INFO  com.alibaba.nacos.client.config.utils.JvmUtil - isMultiInstance:false
2025-05-27 15:23:54.335 [main] INFO  o.s.c.b.c.PropertySourceBootstrapConfiguration - Located property source: [BootstrapPropertySource {name='bootstrapProperties-bgtech-ai-dev.yaml,DEFAULT_GROUP'}, BootstrapPropertySource {name='bootstrapProperties-bgtech-ai.yaml,DEFAULT_GROUP'}, BootstrapPropertySource {name='bootstrapProperties-bgtech-ai,DEFAULT_GROUP'}, BootstrapPropertySource {name='bootstrapProperties-common-dev.yaml,DEFAULT_GROUP'}]
2025-05-27 15:32:13.817 [main] WARN  com.alibaba.nacos.client.logging.NacosLogging - Load Logback Configuration of Nacos fail, message: Could not initialize Logback Nacos logging from classpath:nacos-logback.xml
2025-05-27 15:32:13.866 [main] WARN  com.alibaba.nacos.client.logging.NacosLogging - Load Logback Configuration of Nacos fail, message: Could not initialize Logback Nacos logging from classpath:nacos-logback.xml
2025-05-27 15:32:14.092 [main] WARN  com.alibaba.nacos.client.logging.NacosLogging - Load Logback Configuration of Nacos fail, message: Could not initialize Logback Nacos logging from classpath:nacos-logback.xml
2025-05-27 15:32:14.094 [main] INFO  com.alibaba.nacos.client.utils.ParamUtil - [settings] [req-serv] nacos-server port:8848
2025-05-27 15:32:14.094 [main] INFO  com.alibaba.nacos.client.utils.ParamUtil - [settings] [http-client] connect timeout:1000
2025-05-27 15:32:14.095 [main] INFO  com.alibaba.nacos.client.utils.ParamUtil - PER_TASK_CONFIG_SIZE: 3000.0
2025-05-27 15:32:14.122 [main] INFO  c.a.n.p.auth.spi.client.ClientAuthPluginManager - [ClientAuthPluginManager] Load ClientAuthService com.alibaba.nacos.client.auth.impl.NacosClientAuthServiceImpl success.
2025-05-27 15:32:14.122 [main] INFO  c.a.n.p.auth.spi.client.ClientAuthPluginManager - [ClientAuthPluginManager] Load ClientAuthService com.alibaba.nacos.client.auth.ram.RamClientAuthServiceImpl success.
2025-05-27 15:32:14.125 [main] INFO  c.a.n.client.auth.ram.identify.CredentialWatcher - null No credential found
2025-05-27 15:32:14.351 [main] WARN  com.alibaba.nacos.client.logging.NacosLogging - Load Logback Configuration of Nacos fail, message: Could not initialize Logback Nacos logging from classpath:nacos-logback.xml
2025-05-27 15:32:14.372 [main] INFO  c.a.n.client.config.impl.LocalConfigInfoProcessor - LOCAL_SNAPSHOT_PATH:C:\Users\Administrator\nacos\config
2025-05-27 15:32:14.376 [main] INFO  com.alibaba.nacos.common.remote.client - [RpcClientFactory] create a new rpc client of 11c4eebb-eeeb-48f5-8e62-8287337697fe_config-0
2025-05-27 15:32:14.399 [main] INFO  com.alibaba.nacos.common.remote.client - [11c4eebb-eeeb-48f5-8e62-8287337697fe_config-0] Register server push request handler:com.alibaba.nacos.client.config.impl.ClientWorker$ConfigRpcTransportClient$$Lambda/0x00000178813e0640
2025-05-27 15:32:14.399 [main] INFO  com.alibaba.nacos.common.remote.client - [11c4eebb-eeeb-48f5-8e62-8287337697fe_config-0] Register server push request handler:com.alibaba.nacos.client.config.impl.ClientWorker$ConfigRpcTransportClient$$Lambda/0x00000178813e0a50
2025-05-27 15:32:14.400 [main] INFO  com.alibaba.nacos.common.remote.client - [11c4eebb-eeeb-48f5-8e62-8287337697fe_config-0] Registry connection listener to current client:com.alibaba.nacos.client.config.impl.ClientWorker$ConfigRpcTransportClient$1
2025-05-27 15:32:14.400 [main] INFO  com.alibaba.nacos.common.remote.client - [11c4eebb-eeeb-48f5-8e62-8287337697fe_config-0] RpcClient init, ServerListFactory = com.alibaba.nacos.client.config.impl.ClientWorker$ConfigRpcTransportClient$2
2025-05-27 15:32:14.407 [main] INFO  com.alibaba.nacos.common.remote.client - [11c4eebb-eeeb-48f5-8e62-8287337697fe_config-0] Try to connect to server on start up, server: {serverIp = '8.133.246.113', server main port = 8848}
2025-05-27 15:32:14.455 [main] INFO  c.a.nacos.common.remote.client.grpc.GrpcClient - grpc client connection server:8.133.246.113 ip,serverPort:9848,grpcTslConfig:{"sslProvider":"OPENSSL","enableTls":false,"mutualAuthEnable":false,"trustAll":false}
2025-05-27 15:32:15.361 [main] INFO  com.alibaba.nacos.common.remote.client - [11c4eebb-eeeb-48f5-8e62-8287337697fe_config-0] Success to connect to server [8.133.246.113:8848] on start up, connectionId = 1748331135723_139.227.195.192_48614
2025-05-27 15:32:15.361 [com.alibaba.nacos.client.remote.worker] INFO  com.alibaba.nacos.common.remote.client - [11c4eebb-eeeb-48f5-8e62-8287337697fe_config-0] Notify connected event to listeners.
2025-05-27 15:32:15.362 [com.alibaba.nacos.client.remote.worker] INFO  com.alibaba.nacos.client.config.impl.ClientWorker - [11c4eebb-eeeb-48f5-8e62-8287337697fe_config-0] Connected,notify listen context...
2025-05-27 15:32:15.362 [main] INFO  com.alibaba.nacos.common.remote.client - [11c4eebb-eeeb-48f5-8e62-8287337697fe_config-0] Register server push request handler:com.alibaba.nacos.common.remote.client.RpcClient$ConnectResetRequestHandler
2025-05-27 15:32:15.362 [main] INFO  com.alibaba.nacos.common.remote.client - [11c4eebb-eeeb-48f5-8e62-8287337697fe_config-0] Register server push request handler:com.alibaba.nacos.common.remote.client.RpcClient$$Lambda/0x0000017881529400
2025-05-27 15:32:15.405 [main] INFO  com.alibaba.nacos.client.config.impl.Limiter - limitTime:5.0
2025-05-27 15:32:15.432 [main] WARN  c.a.cloud.nacos.client.NacosPropertySourceBuilder - Ignore the empty nacos configuration and get it based on dataId[common-dev.yaml] & group[DEFAULT_GROUP]
2025-05-27 15:32:15.445 [main] WARN  c.a.cloud.nacos.client.NacosPropertySourceBuilder - Ignore the empty nacos configuration and get it based on dataId[bgtech-ai] & group[DEFAULT_GROUP]
2025-05-27 15:32:15.459 [main] WARN  c.a.cloud.nacos.client.NacosPropertySourceBuilder - Ignore the empty nacos configuration and get it based on dataId[bgtech-ai.yaml] & group[DEFAULT_GROUP]
2025-05-27 15:32:15.488 [main] INFO  com.alibaba.nacos.client.config.utils.JvmUtil - isMultiInstance:false
2025-05-27 15:32:15.503 [main] INFO  o.s.c.b.c.PropertySourceBootstrapConfiguration - Located property source: [BootstrapPropertySource {name='bootstrapProperties-bgtech-ai-dev.yaml,DEFAULT_GROUP'}, BootstrapPropertySource {name='bootstrapProperties-bgtech-ai.yaml,DEFAULT_GROUP'}, BootstrapPropertySource {name='bootstrapProperties-bgtech-ai,DEFAULT_GROUP'}, BootstrapPropertySource {name='bootstrapProperties-common-dev.yaml,DEFAULT_GROUP'}]
2025-05-27 21:48:17.995 [main] WARN  com.alibaba.nacos.client.logging.NacosLogging - Load Logback Configuration of Nacos fail, message: Could not initialize Logback Nacos logging from classpath:nacos-logback.xml
2025-05-27 21:48:18.046 [main] WARN  com.alibaba.nacos.client.logging.NacosLogging - Load Logback Configuration of Nacos fail, message: Could not initialize Logback Nacos logging from classpath:nacos-logback.xml
2025-05-27 21:48:18.282 [main] WARN  com.alibaba.nacos.client.logging.NacosLogging - Load Logback Configuration of Nacos fail, message: Could not initialize Logback Nacos logging from classpath:nacos-logback.xml
2025-05-27 21:48:18.284 [main] INFO  com.alibaba.nacos.client.utils.ParamUtil - [settings] [req-serv] nacos-server port:8848
2025-05-27 21:48:18.284 [main] INFO  com.alibaba.nacos.client.utils.ParamUtil - [settings] [http-client] connect timeout:1000
2025-05-27 21:48:18.285 [main] INFO  com.alibaba.nacos.client.utils.ParamUtil - PER_TASK_CONFIG_SIZE: 3000.0
2025-05-27 21:48:18.312 [main] INFO  c.a.n.p.auth.spi.client.ClientAuthPluginManager - [ClientAuthPluginManager] Load ClientAuthService com.alibaba.nacos.client.auth.impl.NacosClientAuthServiceImpl success.
2025-05-27 21:48:18.312 [main] INFO  c.a.n.p.auth.spi.client.ClientAuthPluginManager - [ClientAuthPluginManager] Load ClientAuthService com.alibaba.nacos.client.auth.ram.RamClientAuthServiceImpl success.
2025-05-27 21:48:18.315 [main] INFO  c.a.n.client.auth.ram.identify.CredentialWatcher - null No credential found
2025-05-27 21:48:18.564 [main] WARN  com.alibaba.nacos.client.logging.NacosLogging - Load Logback Configuration of Nacos fail, message: Could not initialize Logback Nacos logging from classpath:nacos-logback.xml
2025-05-27 21:48:18.588 [main] INFO  c.a.n.client.config.impl.LocalConfigInfoProcessor - LOCAL_SNAPSHOT_PATH:C:\Users\Administrator\nacos\config
2025-05-27 21:48:18.595 [main] INFO  com.alibaba.nacos.common.remote.client - [RpcClientFactory] create a new rpc client of 9c46249b-572e-4a04-b26e-4afb17930c1c_config-0
2025-05-27 21:48:18.616 [main] INFO  com.alibaba.nacos.common.remote.client - [9c46249b-572e-4a04-b26e-4afb17930c1c_config-0] Register server push request handler:com.alibaba.nacos.client.config.impl.ClientWorker$ConfigRpcTransportClient$$Lambda/0x0000014aae3e7238
2025-05-27 21:48:18.616 [main] INFO  com.alibaba.nacos.common.remote.client - [9c46249b-572e-4a04-b26e-4afb17930c1c_config-0] Register server push request handler:com.alibaba.nacos.client.config.impl.ClientWorker$ConfigRpcTransportClient$$Lambda/0x0000014aae3e7648
2025-05-27 21:48:18.617 [main] INFO  com.alibaba.nacos.common.remote.client - [9c46249b-572e-4a04-b26e-4afb17930c1c_config-0] Registry connection listener to current client:com.alibaba.nacos.client.config.impl.ClientWorker$ConfigRpcTransportClient$1
2025-05-27 21:48:18.617 [main] INFO  com.alibaba.nacos.common.remote.client - [9c46249b-572e-4a04-b26e-4afb17930c1c_config-0] RpcClient init, ServerListFactory = com.alibaba.nacos.client.config.impl.ClientWorker$ConfigRpcTransportClient$2
2025-05-27 21:48:18.626 [main] INFO  com.alibaba.nacos.common.remote.client - [9c46249b-572e-4a04-b26e-4afb17930c1c_config-0] Try to connect to server on start up, server: {serverIp = '8.133.246.113', server main port = 8848}
2025-05-27 21:48:18.681 [main] INFO  c.a.nacos.common.remote.client.grpc.GrpcClient - grpc client connection server:8.133.246.113 ip,serverPort:9848,grpcTslConfig:{"sslProvider":"OPENSSL","enableTls":false,"mutualAuthEnable":false,"trustAll":false}
2025-05-27 21:48:19.615 [main] INFO  com.alibaba.nacos.common.remote.client - [9c46249b-572e-4a04-b26e-4afb17930c1c_config-0] Success to connect to server [8.133.246.113:8848] on start up, connectionId = 1748353700160_139.227.195.166_38498
2025-05-27 21:48:19.618 [com.alibaba.nacos.client.remote.worker] INFO  com.alibaba.nacos.common.remote.client - [9c46249b-572e-4a04-b26e-4afb17930c1c_config-0] Notify connected event to listeners.
2025-05-27 21:48:19.619 [com.alibaba.nacos.client.remote.worker] INFO  com.alibaba.nacos.client.config.impl.ClientWorker - [9c46249b-572e-4a04-b26e-4afb17930c1c_config-0] Connected,notify listen context...
2025-05-27 21:48:19.620 [main] INFO  com.alibaba.nacos.common.remote.client - [9c46249b-572e-4a04-b26e-4afb17930c1c_config-0] Register server push request handler:com.alibaba.nacos.common.remote.client.RpcClient$ConnectResetRequestHandler
2025-05-27 21:48:19.621 [main] INFO  com.alibaba.nacos.common.remote.client - [9c46249b-572e-4a04-b26e-4afb17930c1c_config-0] Register server push request handler:com.alibaba.nacos.common.remote.client.RpcClient$$Lambda/0x0000014aae52dc70
2025-05-27 21:48:19.667 [main] INFO  com.alibaba.nacos.client.config.impl.Limiter - limitTime:5.0
2025-05-27 21:48:19.688 [main] WARN  c.a.cloud.nacos.client.NacosPropertySourceBuilder - Ignore the empty nacos configuration and get it based on dataId[common-dev.yaml] & group[DEFAULT_GROUP]
2025-05-27 21:48:19.699 [main] WARN  c.a.cloud.nacos.client.NacosPropertySourceBuilder - Ignore the empty nacos configuration and get it based on dataId[bgtech-ai] & group[DEFAULT_GROUP]
2025-05-27 21:48:19.712 [main] WARN  c.a.cloud.nacos.client.NacosPropertySourceBuilder - Ignore the empty nacos configuration and get it based on dataId[bgtech-ai.yaml] & group[DEFAULT_GROUP]
2025-05-27 21:48:19.740 [main] INFO  com.alibaba.nacos.client.config.utils.JvmUtil - isMultiInstance:false
2025-05-27 21:48:19.756 [main] INFO  o.s.c.b.c.PropertySourceBootstrapConfiguration - Located property source: [BootstrapPropertySource {name='bootstrapProperties-bgtech-ai-dev.yaml,DEFAULT_GROUP'}, BootstrapPropertySource {name='bootstrapProperties-bgtech-ai.yaml,DEFAULT_GROUP'}, BootstrapPropertySource {name='bootstrapProperties-bgtech-ai,DEFAULT_GROUP'}, BootstrapPropertySource {name='bootstrapProperties-common-dev.yaml,DEFAULT_GROUP'}]
2025-05-27 21:52:06.421 [main] WARN  com.alibaba.nacos.client.logging.NacosLogging - Load Logback Configuration of Nacos fail, message: Could not initialize Logback Nacos logging from classpath:nacos-logback.xml
2025-05-27 21:52:06.475 [main] WARN  com.alibaba.nacos.client.logging.NacosLogging - Load Logback Configuration of Nacos fail, message: Could not initialize Logback Nacos logging from classpath:nacos-logback.xml
2025-05-27 21:52:06.672 [main] WARN  com.alibaba.nacos.client.logging.NacosLogging - Load Logback Configuration of Nacos fail, message: Could not initialize Logback Nacos logging from classpath:nacos-logback.xml
2025-05-27 21:52:06.673 [main] INFO  com.alibaba.nacos.client.utils.ParamUtil - [settings] [req-serv] nacos-server port:8848
2025-05-27 21:52:06.673 [main] INFO  com.alibaba.nacos.client.utils.ParamUtil - [settings] [http-client] connect timeout:1000
2025-05-27 21:52:06.674 [main] INFO  com.alibaba.nacos.client.utils.ParamUtil - PER_TASK_CONFIG_SIZE: 3000.0
2025-05-27 21:52:06.699 [main] INFO  c.a.n.p.auth.spi.client.ClientAuthPluginManager - [ClientAuthPluginManager] Load ClientAuthService com.alibaba.nacos.client.auth.impl.NacosClientAuthServiceImpl success.
2025-05-27 21:52:06.699 [main] INFO  c.a.n.p.auth.spi.client.ClientAuthPluginManager - [ClientAuthPluginManager] Load ClientAuthService com.alibaba.nacos.client.auth.ram.RamClientAuthServiceImpl success.
2025-05-27 21:52:06.702 [main] INFO  c.a.n.client.auth.ram.identify.CredentialWatcher - null No credential found
2025-05-27 21:52:06.917 [main] WARN  com.alibaba.nacos.client.logging.NacosLogging - Load Logback Configuration of Nacos fail, message: Could not initialize Logback Nacos logging from classpath:nacos-logback.xml
2025-05-27 21:52:06.938 [main] INFO  c.a.n.client.config.impl.LocalConfigInfoProcessor - LOCAL_SNAPSHOT_PATH:C:\Users\Administrator\nacos\config
2025-05-27 21:52:06.942 [main] INFO  com.alibaba.nacos.common.remote.client - [RpcClientFactory] create a new rpc client of c7bd0dc5-dfd6-411e-930c-e1bf9c28ef07_config-0
2025-05-27 21:52:06.964 [main] INFO  com.alibaba.nacos.common.remote.client - [c7bd0dc5-dfd6-411e-930c-e1bf9c28ef07_config-0] Register server push request handler:com.alibaba.nacos.client.config.impl.ClientWorker$ConfigRpcTransportClient$$Lambda/0x0000023a873e1218
2025-05-27 21:52:06.964 [main] INFO  com.alibaba.nacos.common.remote.client - [c7bd0dc5-dfd6-411e-930c-e1bf9c28ef07_config-0] Register server push request handler:com.alibaba.nacos.client.config.impl.ClientWorker$ConfigRpcTransportClient$$Lambda/0x0000023a873e1628
2025-05-27 21:52:06.965 [main] INFO  com.alibaba.nacos.common.remote.client - [c7bd0dc5-dfd6-411e-930c-e1bf9c28ef07_config-0] Registry connection listener to current client:com.alibaba.nacos.client.config.impl.ClientWorker$ConfigRpcTransportClient$1
2025-05-27 21:52:06.965 [main] INFO  com.alibaba.nacos.common.remote.client - [c7bd0dc5-dfd6-411e-930c-e1bf9c28ef07_config-0] RpcClient init, ServerListFactory = com.alibaba.nacos.client.config.impl.ClientWorker$ConfigRpcTransportClient$2
2025-05-27 21:52:06.972 [main] INFO  com.alibaba.nacos.common.remote.client - [c7bd0dc5-dfd6-411e-930c-e1bf9c28ef07_config-0] Try to connect to server on start up, server: {serverIp = '8.133.246.113', server main port = 8848}
2025-05-27 21:52:07.020 [main] INFO  c.a.nacos.common.remote.client.grpc.GrpcClient - grpc client connection server:8.133.246.113 ip,serverPort:9848,grpcTslConfig:{"sslProvider":"OPENSSL","enableTls":false,"mutualAuthEnable":false,"trustAll":false}
2025-05-27 21:52:07.711 [main] INFO  com.alibaba.nacos.common.remote.client - [c7bd0dc5-dfd6-411e-930c-e1bf9c28ef07_config-0] Success to connect to server [8.133.246.113:8848] on start up, connectionId = 1748353928307_139.227.195.166_38448
2025-05-27 21:52:07.711 [com.alibaba.nacos.client.remote.worker] INFO  com.alibaba.nacos.common.remote.client - [c7bd0dc5-dfd6-411e-930c-e1bf9c28ef07_config-0] Notify connected event to listeners.
2025-05-27 21:52:07.712 [com.alibaba.nacos.client.remote.worker] INFO  com.alibaba.nacos.client.config.impl.ClientWorker - [c7bd0dc5-dfd6-411e-930c-e1bf9c28ef07_config-0] Connected,notify listen context...
2025-05-27 21:52:07.712 [main] INFO  com.alibaba.nacos.common.remote.client - [c7bd0dc5-dfd6-411e-930c-e1bf9c28ef07_config-0] Register server push request handler:com.alibaba.nacos.common.remote.client.RpcClient$ConnectResetRequestHandler
2025-05-27 21:52:07.712 [main] INFO  com.alibaba.nacos.common.remote.client - [c7bd0dc5-dfd6-411e-930c-e1bf9c28ef07_config-0] Register server push request handler:com.alibaba.nacos.common.remote.client.RpcClient$$Lambda/0x0000023a87529c60
2025-05-27 21:52:07.748 [main] INFO  com.alibaba.nacos.client.config.impl.Limiter - limitTime:5.0
2025-05-27 21:52:07.808 [main] WARN  c.a.cloud.nacos.client.NacosPropertySourceBuilder - Ignore the empty nacos configuration and get it based on dataId[common-dev.yaml] & group[DEFAULT_GROUP]
2025-05-27 21:52:07.817 [main] WARN  c.a.cloud.nacos.client.NacosPropertySourceBuilder - Ignore the empty nacos configuration and get it based on dataId[bgtech-ai] & group[DEFAULT_GROUP]
2025-05-27 21:52:07.830 [main] WARN  c.a.cloud.nacos.client.NacosPropertySourceBuilder - Ignore the empty nacos configuration and get it based on dataId[bgtech-ai.yaml] & group[DEFAULT_GROUP]
2025-05-27 21:52:07.840 [main] INFO  com.alibaba.nacos.client.config.utils.JvmUtil - isMultiInstance:false
2025-05-27 21:52:07.854 [main] INFO  o.s.c.b.c.PropertySourceBootstrapConfiguration - Located property source: [BootstrapPropertySource {name='bootstrapProperties-bgtech-ai-dev.yaml,DEFAULT_GROUP'}, BootstrapPropertySource {name='bootstrapProperties-bgtech-ai.yaml,DEFAULT_GROUP'}, BootstrapPropertySource {name='bootstrapProperties-bgtech-ai,DEFAULT_GROUP'}, BootstrapPropertySource {name='bootstrapProperties-common-dev.yaml,DEFAULT_GROUP'}]
2025-05-27 21:59:21.684 [main] WARN  com.alibaba.nacos.client.logging.NacosLogging - Load Logback Configuration of Nacos fail, message: Could not initialize Logback Nacos logging from classpath:nacos-logback.xml
2025-05-27 21:59:21.762 [main] WARN  com.alibaba.nacos.client.logging.NacosLogging - Load Logback Configuration of Nacos fail, message: Could not initialize Logback Nacos logging from classpath:nacos-logback.xml
2025-05-27 21:59:22.027 [main] WARN  com.alibaba.nacos.client.logging.NacosLogging - Load Logback Configuration of Nacos fail, message: Could not initialize Logback Nacos logging from classpath:nacos-logback.xml
2025-05-27 21:59:22.029 [main] INFO  com.alibaba.nacos.client.utils.ParamUtil - [settings] [req-serv] nacos-server port:8848
2025-05-27 21:59:22.029 [main] INFO  com.alibaba.nacos.client.utils.ParamUtil - [settings] [http-client] connect timeout:1000
2025-05-27 21:59:22.030 [main] INFO  com.alibaba.nacos.client.utils.ParamUtil - PER_TASK_CONFIG_SIZE: 3000.0
2025-05-27 21:59:22.059 [main] INFO  c.a.n.p.auth.spi.client.ClientAuthPluginManager - [ClientAuthPluginManager] Load ClientAuthService com.alibaba.nacos.client.auth.impl.NacosClientAuthServiceImpl success.
2025-05-27 21:59:22.059 [main] INFO  c.a.n.p.auth.spi.client.ClientAuthPluginManager - [ClientAuthPluginManager] Load ClientAuthService com.alibaba.nacos.client.auth.ram.RamClientAuthServiceImpl success.
2025-05-27 21:59:22.063 [main] INFO  c.a.n.client.auth.ram.identify.CredentialWatcher - null No credential found
2025-05-27 21:59:22.315 [main] WARN  com.alibaba.nacos.client.logging.NacosLogging - Load Logback Configuration of Nacos fail, message: Could not initialize Logback Nacos logging from classpath:nacos-logback.xml
2025-05-27 21:59:22.335 [main] INFO  c.a.n.client.config.impl.LocalConfigInfoProcessor - LOCAL_SNAPSHOT_PATH:C:\Users\Administrator\nacos\config
2025-05-27 21:59:22.339 [main] INFO  com.alibaba.nacos.common.remote.client - [RpcClientFactory] create a new rpc client of 7cefd245-47ff-4c72-9b58-04e846902730_config-0
2025-05-27 21:59:22.362 [main] INFO  com.alibaba.nacos.common.remote.client - [7cefd245-47ff-4c72-9b58-04e846902730_config-0] Register server push request handler:com.alibaba.nacos.client.config.impl.ClientWorker$ConfigRpcTransportClient$$Lambda/0x000002459f3df8d8
2025-05-27 21:59:22.362 [main] INFO  com.alibaba.nacos.common.remote.client - [7cefd245-47ff-4c72-9b58-04e846902730_config-0] Register server push request handler:com.alibaba.nacos.client.config.impl.ClientWorker$ConfigRpcTransportClient$$Lambda/0x000002459f3dfce8
2025-05-27 21:59:22.363 [main] INFO  com.alibaba.nacos.common.remote.client - [7cefd245-47ff-4c72-9b58-04e846902730_config-0] Registry connection listener to current client:com.alibaba.nacos.client.config.impl.ClientWorker$ConfigRpcTransportClient$1
2025-05-27 21:59:22.363 [main] INFO  com.alibaba.nacos.common.remote.client - [7cefd245-47ff-4c72-9b58-04e846902730_config-0] RpcClient init, ServerListFactory = com.alibaba.nacos.client.config.impl.ClientWorker$ConfigRpcTransportClient$2
2025-05-27 21:59:22.370 [main] INFO  com.alibaba.nacos.common.remote.client - [7cefd245-47ff-4c72-9b58-04e846902730_config-0] Try to connect to server on start up, server: {serverIp = '8.133.246.113', server main port = 8848}
2025-05-27 21:59:22.422 [main] INFO  c.a.nacos.common.remote.client.grpc.GrpcClient - grpc client connection server:8.133.246.113 ip,serverPort:9848,grpcTslConfig:{"sslProvider":"OPENSSL","enableTls":false,"mutualAuthEnable":false,"trustAll":false}
2025-05-27 21:59:23.176 [main] INFO  com.alibaba.nacos.common.remote.client - [7cefd245-47ff-4c72-9b58-04e846902730_config-0] Success to connect to server [8.133.246.113:8848] on start up, connectionId = 1748354363790_139.227.195.166_38493
2025-05-27 21:59:23.177 [com.alibaba.nacos.client.remote.worker] INFO  com.alibaba.nacos.common.remote.client - [7cefd245-47ff-4c72-9b58-04e846902730_config-0] Notify connected event to listeners.
2025-05-27 21:59:23.177 [com.alibaba.nacos.client.remote.worker] INFO  com.alibaba.nacos.client.config.impl.ClientWorker - [7cefd245-47ff-4c72-9b58-04e846902730_config-0] Connected,notify listen context...
2025-05-27 21:59:23.177 [main] INFO  com.alibaba.nacos.common.remote.client - [7cefd245-47ff-4c72-9b58-04e846902730_config-0] Register server push request handler:com.alibaba.nacos.common.remote.client.RpcClient$ConnectResetRequestHandler
2025-05-27 21:59:23.178 [main] INFO  com.alibaba.nacos.common.remote.client - [7cefd245-47ff-4c72-9b58-04e846902730_config-0] Register server push request handler:com.alibaba.nacos.common.remote.client.RpcClient$$Lambda/0x000002459f528870
2025-05-27 21:59:23.214 [main] INFO  com.alibaba.nacos.client.config.impl.Limiter - limitTime:5.0
2025-05-27 21:59:23.240 [main] WARN  c.a.cloud.nacos.client.NacosPropertySourceBuilder - Ignore the empty nacos configuration and get it based on dataId[common-dev.yaml] & group[DEFAULT_GROUP]
2025-05-27 21:59:23.250 [main] WARN  c.a.cloud.nacos.client.NacosPropertySourceBuilder - Ignore the empty nacos configuration and get it based on dataId[bgai] & group[DEFAULT_GROUP]
2025-05-27 21:59:23.259 [main] WARN  c.a.cloud.nacos.client.NacosPropertySourceBuilder - Ignore the empty nacos configuration and get it based on dataId[bgai.yaml] & group[DEFAULT_GROUP]
2025-05-27 21:59:23.266 [main] WARN  c.a.cloud.nacos.client.NacosPropertySourceBuilder - Ignore the empty nacos configuration and get it based on dataId[bgai-dev.yaml] & group[DEFAULT_GROUP]
2025-05-27 21:59:23.267 [main] INFO  o.s.c.b.c.PropertySourceBootstrapConfiguration - Located property source: [BootstrapPropertySource {name='bootstrapProperties-bgai-dev.yaml,DEFAULT_GROUP'}, BootstrapPropertySource {name='bootstrapProperties-bgai.yaml,DEFAULT_GROUP'}, BootstrapPropertySource {name='bootstrapProperties-bgai,DEFAULT_GROUP'}, BootstrapPropertySource {name='bootstrapProperties-common-dev.yaml,DEFAULT_GROUP'}]
2025-05-27 21:59:23.274 [main] WARN  com.alibaba.nacos.client.logging.NacosLogging - Load Logback Configuration of Nacos fail, message: Could not initialize Logback Nacos logging from classpath:nacos-logback.xml
2025-05-27 21:59:23.275 [main] INFO  com.bgpay.bgai.BgaiApplication - The following 1 profile is active: "dev"
2025-05-27 21:59:24.530 [main] INFO  o.s.d.r.config.RepositoryConfigurationDelegate - Multiple Spring Data modules found, entering strict repository configuration mode
2025-05-27 21:59:24.531 [main] INFO  o.s.d.r.config.RepositoryConfigurationDelegate - Bootstrapping Spring Data JPA repositories in DEFAULT mode.
2025-05-27 21:59:24.554 [main] INFO  o.s.d.r.config.RepositoryConfigurationDelegate - Finished Spring Data repository scanning in 17 ms. Found 0 JPA repository interfaces.
2025-05-27 21:59:24.565 [main] INFO  o.s.d.r.config.RepositoryConfigurationDelegate - Multiple Spring Data modules found, entering strict repository configuration mode
2025-05-27 21:59:24.566 [main] INFO  o.s.d.r.config.RepositoryConfigurationDelegate - Bootstrapping Spring Data Redis repositories in DEFAULT mode.
2025-05-27 21:59:24.577 [main] INFO  o.s.d.r.config.RepositoryConfigurationDelegate - Finished Spring Data repository scanning in 4 ms. Found 0 Redis repository interfaces.
2025-05-27 21:59:25.182 [main] INFO  io.seata.config.ConfigurationFactory - load Configuration from :Spring Configuration
2025-05-27 21:59:25.192 [main] INFO  io.seata.config.ConfigurationFactory - load Configuration from :Spring Configuration
2025-05-27 21:59:25.197 [main] INFO  i.seata.spring.annotation.GlobalTransactionScanner - Initializing Global Transaction Clients ... 
2025-05-27 21:59:25.313 [main] INFO  io.seata.core.rpc.netty.NettyClientBootstrap - NettyClientBootstrap has started
2025-05-27 21:59:25.314 [main] INFO  io.seata.discovery.registry.RegistryFactory - use registry center type: file
2025-05-27 21:59:25.323 [main] INFO  io.seata.core.rpc.netty.NettyClientChannelManager - will connect to 8.133.246.113:8091
2025-05-27 21:59:25.328 [main] INFO  io.seata.core.rpc.netty.NettyPoolableFactory - NettyPool create channel to transactionRole:TMROLE,address:8.133.246.113:8091,msg:< RegisterTMRequest{version='1.7.0', applicationId='bgai', transactionServiceGroup='bgai-tx-group', extraData='ak=null
digest=bgai-tx-group,192.168.86.8,1748354365326
timestamp=1748354365326
authVersion=V4
vgroup=bgai-tx-group
ip=192.168.86.8
'} >
2025-05-27 21:59:25.472 [main] INFO  io.seata.core.rpc.netty.TmNettyRemotingClient - register TM success. client version:1.7.0, server version:1.8.1-SNAPSHOT,channel:[id: 0x827338f2, L:/192.168.86.8:51524 - R:/8.133.246.113:8091]
2025-05-27 21:59:25.478 [main] INFO  io.seata.core.rpc.netty.NettyPoolableFactory - register success, cost 71 ms, version:1.8.1-SNAPSHOT,role:TMROLE,channel:[id: 0x827338f2, L:/192.168.86.8:51524 - R:/8.133.246.113:8091]
2025-05-27 21:59:25.479 [main] INFO  i.seata.spring.annotation.GlobalTransactionScanner - Transaction Manager Client is initialized. applicationId[bgai] txServiceGroup[bgai-tx-group]
2025-05-27 21:59:25.491 [main] INFO  io.seata.rm.datasource.AsyncWorker - Async Commit Buffer Limit: 10000
2025-05-27 21:59:25.492 [main] INFO  io.seata.rm.datasource.xa.ResourceManagerXA - ResourceManagerXA init ...
2025-05-27 21:59:25.498 [main] INFO  io.seata.core.rpc.netty.NettyClientBootstrap - NettyClientBootstrap has started
2025-05-27 21:59:25.498 [main] INFO  i.seata.spring.annotation.GlobalTransactionScanner - Resource Manager is initialized. applicationId[bgai] txServiceGroup[bgai-tx-group]
2025-05-27 21:59:25.498 [main] INFO  i.seata.spring.annotation.GlobalTransactionScanner - Global Transaction Clients are initialized. 
2025-05-27 21:59:26.482 [main] INFO  o.s.boot.web.embedded.tomcat.TomcatWebServer - Tomcat initialized with port(s): 8080 (http)
2025-05-27 21:59:26.493 [main] INFO  org.apache.catalina.core.StandardService - Starting service [Tomcat]
2025-05-27 21:59:26.494 [main] INFO  org.apache.catalina.core.StandardEngine - Starting Servlet engine: [Apache Tomcat/10.1.15]
2025-05-27 21:59:26.661 [main] WARN  o.s.b.w.r.c.AnnotationConfigReactiveWebServerApplicationContext - Exception encountered during context initialization - cancelling refresh attempt: org.springframework.beans.factory.UnsatisfiedDependencyException: Error creating bean with name 'dataSourceScriptDatabaseInitializer' defined in class path resource [org/springframework/boot/autoconfigure/sql/init/DataSourceInitializationConfiguration.class]: Unsatisfied dependency expressed through method 'dataSourceScriptDatabaseInitializer' parameter 0: Error creating bean with name 'dynamicDataSource' defined in class path resource [com/bgpay/bgai/datasource/DataSourceConfig.class]: Unsatisfied dependency expressed through method 'dynamicDataSource' parameter 0: Error creating bean with name 'masterDataSource' defined in class path resource [com/bgpay/bgai/datasource/DataSourceConfig.class]: Failed to instantiate [javax.sql.DataSource]: Factory method 'masterDataSource' threw exception with message: 无法加载JDBC驱动: null
2025-05-27 21:59:26.662 [NettyClientSelector_TMROLE_1_1] INFO  i.seata.core.rpc.netty.AbstractNettyRemotingClient - channel inactive: [id: 0x827338f2, L:/192.168.86.8:51524 ! R:/8.133.246.113:8091]
2025-05-27 21:59:26.663 [NettyClientSelector_TMROLE_1_1] INFO  io.seata.core.rpc.netty.NettyClientChannelManager - return to pool, rm channel:[id: 0x827338f2, L:/192.168.86.8:51524 ! R:/8.133.246.113:8091]
2025-05-27 21:59:26.663 [NettyClientSelector_TMROLE_1_1] INFO  io.seata.core.rpc.netty.NettyPoolableFactory - channel valid false,channel:[id: 0x827338f2, L:/192.168.86.8:51524 ! R:/8.133.246.113:8091]
2025-05-27 21:59:26.663 [NettyClientSelector_TMROLE_1_1] INFO  io.seata.core.rpc.netty.NettyPoolableFactory - will destroy channel:[id: 0x827338f2, L:/192.168.86.8:51524 ! R:/8.133.246.113:8091]
2025-05-27 21:59:26.663 [NettyClientSelector_TMROLE_1_1] INFO  i.seata.core.rpc.netty.AbstractNettyRemotingClient - ChannelHandlerContext(AbstractNettyRemotingClient$ClientHandler#0, [id: 0x827338f2, L:/192.168.86.8:51524 ! R:/8.133.246.113:8091]) will closed
2025-05-27 21:59:26.663 [NettyClientSelector_TMROLE_1_1] INFO  i.seata.core.rpc.netty.AbstractNettyRemotingClient - ChannelHandlerContext(AbstractNettyRemotingClient$ClientHandler#0, [id: 0x827338f2, L:/192.168.86.8:51524 ! R:/8.133.246.113:8091]) will closed
2025-05-27 21:59:26.666 [main] INFO  org.apache.catalina.core.StandardService - Stopping service [Tomcat]
2025-05-27 21:59:26.686 [main] INFO  o.s.b.a.logging.ConditionEvaluationReportLogger - 

Error starting ApplicationContext. To display the condition evaluation report re-run your application with 'debug' enabled.
2025-05-27 21:59:26.713 [main] ERROR org.springframework.boot.SpringApplication - Application run failed
org.springframework.beans.factory.UnsatisfiedDependencyException: Error creating bean with name 'dataSourceScriptDatabaseInitializer' defined in class path resource [org/springframework/boot/autoconfigure/sql/init/DataSourceInitializationConfiguration.class]: Unsatisfied dependency expressed through method 'dataSourceScriptDatabaseInitializer' parameter 0: Error creating bean with name 'dynamicDataSource' defined in class path resource [com/bgpay/bgai/datasource/DataSourceConfig.class]: Unsatisfied dependency expressed through method 'dynamicDataSource' parameter 0: Error creating bean with name 'masterDataSource' defined in class path resource [com/bgpay/bgai/datasource/DataSourceConfig.class]: Failed to instantiate [javax.sql.DataSource]: Factory method 'masterDataSource' threw exception with message: 无法加载JDBC驱动: null
	at org.springframework.beans.factory.support.ConstructorResolver.createArgumentArray(ConstructorResolver.java:801)
	at org.springframework.beans.factory.support.ConstructorResolver.instantiateUsingFactoryMethod(ConstructorResolver.java:545)
	at org.springframework.beans.factory.support.AbstractAutowireCapableBeanFactory.instantiateUsingFactoryMethod(AbstractAutowireCapableBeanFactory.java:1332)
	at org.springframework.beans.factory.support.AbstractAutowireCapableBeanFactory.createBeanInstance(AbstractAutowireCapableBeanFactory.java:1162)
	at org.springframework.beans.factory.support.AbstractAutowireCapableBeanFactory.doCreateBean(AbstractAutowireCapableBeanFactory.java:560)
	at org.springframework.beans.factory.support.AbstractAutowireCapableBeanFactory.createBean(AbstractAutowireCapableBeanFactory.java:520)
	at org.springframework.beans.factory.support.AbstractBeanFactory.lambda$doGetBean$0(AbstractBeanFactory.java:325)
	at org.springframework.beans.factory.support.DefaultSingletonBeanRegistry.getSingleton(DefaultSingletonBeanRegistry.java:234)
	at org.springframework.beans.factory.support.AbstractBeanFactory.doGetBean(AbstractBeanFactory.java:323)
	at org.springframework.beans.factory.support.AbstractBeanFactory.getBean(AbstractBeanFactory.java:199)
	at org.springframework.beans.factory.support.AbstractBeanFactory.doGetBean(AbstractBeanFactory.java:312)
	at org.springframework.beans.factory.support.AbstractBeanFactory.getBean(AbstractBeanFactory.java:199)
	at org.springframework.context.support.AbstractApplicationContext.getBean(AbstractApplicationContext.java:1166)
	at org.springframework.context.support.AbstractApplicationContext.finishBeanFactoryInitialization(AbstractApplicationContext.java:940)
	at org.springframework.context.support.AbstractApplicationContext.refresh(AbstractApplicationContext.java:616)
	at org.springframework.boot.web.reactive.context.ReactiveWebServerApplicationContext.refresh(ReactiveWebServerApplicationContext.java:66)
	at org.springframework.boot.SpringApplication.refresh(SpringApplication.java:733)
	at org.springframework.boot.SpringApplication.refreshContext(SpringApplication.java:435)
	at org.springframework.boot.SpringApplication.run(SpringApplication.java:311)
	at org.springframework.boot.SpringApplication.run(SpringApplication.java:1301)
	at org.springframework.boot.SpringApplication.run(SpringApplication.java:1290)
	at com.bgpay.bgai.BgaiApplication.main(BgaiApplication.java:41)
Caused by: org.springframework.beans.factory.UnsatisfiedDependencyException: Error creating bean with name 'dynamicDataSource' defined in class path resource [com/bgpay/bgai/datasource/DataSourceConfig.class]: Unsatisfied dependency expressed through method 'dynamicDataSource' parameter 0: Error creating bean with name 'masterDataSource' defined in class path resource [com/bgpay/bgai/datasource/DataSourceConfig.class]: Failed to instantiate [javax.sql.DataSource]: Factory method 'masterDataSource' threw exception with message: 无法加载JDBC驱动: null
	at org.springframework.beans.factory.support.ConstructorResolver.createArgumentArray(ConstructorResolver.java:801)
	at org.springframework.beans.factory.support.ConstructorResolver.instantiateUsingFactoryMethod(ConstructorResolver.java:545)
	at org.springframework.beans.factory.support.AbstractAutowireCapableBeanFactory.instantiateUsingFactoryMethod(AbstractAutowireCapableBeanFactory.java:1332)
	at org.springframework.beans.factory.support.AbstractAutowireCapableBeanFactory.createBeanInstance(AbstractAutowireCapableBeanFactory.java:1162)
	at org.springframework.beans.factory.support.AbstractAutowireCapableBeanFactory.doCreateBean(AbstractAutowireCapableBeanFactory.java:560)
	at org.springframework.beans.factory.support.AbstractAutowireCapableBeanFactory.createBean(AbstractAutowireCapableBeanFactory.java:520)
	at org.springframework.beans.factory.support.AbstractBeanFactory.lambda$doGetBean$0(AbstractBeanFactory.java:325)
	at org.springframework.beans.factory.support.DefaultSingletonBeanRegistry.getSingleton(DefaultSingletonBeanRegistry.java:234)
	at org.springframework.beans.factory.support.AbstractBeanFactory.doGetBean(AbstractBeanFactory.java:323)
	at org.springframework.beans.factory.support.AbstractBeanFactory.getBean(AbstractBeanFactory.java:199)
	at org.springframework.beans.factory.config.DependencyDescriptor.resolveCandidate(DependencyDescriptor.java:254)
	at org.springframework.beans.factory.support.DefaultListableBeanFactory.doResolveDependency(DefaultListableBeanFactory.java:1417)
	at org.springframework.beans.factory.support.DefaultListableBeanFactory.resolveDependency(DefaultListableBeanFactory.java:1337)
	at org.springframework.beans.factory.support.ConstructorResolver.resolveAutowiredArgument(ConstructorResolver.java:910)
	at org.springframework.beans.factory.support.ConstructorResolver.createArgumentArray(ConstructorResolver.java:788)
	... 21 common frames omitted
Caused by: org.springframework.beans.factory.BeanCreationException: Error creating bean with name 'masterDataSource' defined in class path resource [com/bgpay/bgai/datasource/DataSourceConfig.class]: Failed to instantiate [javax.sql.DataSource]: Factory method 'masterDataSource' threw exception with message: 无法加载JDBC驱动: null
	at org.springframework.beans.factory.support.ConstructorResolver.instantiate(ConstructorResolver.java:654)
	at org.springframework.beans.factory.support.ConstructorResolver.instantiateUsingFactoryMethod(ConstructorResolver.java:488)
	at org.springframework.beans.factory.support.AbstractAutowireCapableBeanFactory.instantiateUsingFactoryMethod(AbstractAutowireCapableBeanFactory.java:1332)
	at org.springframework.beans.factory.support.AbstractAutowireCapableBeanFactory.createBeanInstance(AbstractAutowireCapableBeanFactory.java:1162)
	at org.springframework.beans.factory.support.AbstractAutowireCapableBeanFactory.doCreateBean(AbstractAutowireCapableBeanFactory.java:560)
	at org.springframework.beans.factory.support.AbstractAutowireCapableBeanFactory.createBean(AbstractAutowireCapableBeanFactory.java:520)
	at org.springframework.beans.factory.support.AbstractBeanFactory.lambda$doGetBean$0(AbstractBeanFactory.java:325)
	at org.springframework.beans.factory.support.DefaultSingletonBeanRegistry.getSingleton(DefaultSingletonBeanRegistry.java:234)
	at org.springframework.beans.factory.support.AbstractBeanFactory.doGetBean(AbstractBeanFactory.java:323)
	at org.springframework.beans.factory.support.AbstractBeanFactory.getBean(AbstractBeanFactory.java:199)
	at org.springframework.beans.factory.config.DependencyDescriptor.resolveCandidate(DependencyDescriptor.java:254)
	at org.springframework.beans.factory.support.DefaultListableBeanFactory.doResolveDependency(DefaultListableBeanFactory.java:1417)
	at org.springframework.beans.factory.support.DefaultListableBeanFactory.resolveDependency(DefaultListableBeanFactory.java:1337)
	at org.springframework.beans.factory.support.ConstructorResolver.resolveAutowiredArgument(ConstructorResolver.java:910)
	at org.springframework.beans.factory.support.ConstructorResolver.createArgumentArray(ConstructorResolver.java:788)
	... 35 common frames omitted
Caused by: org.springframework.beans.BeanInstantiationException: Failed to instantiate [javax.sql.DataSource]: Factory method 'masterDataSource' threw exception with message: 无法加载JDBC驱动: null
	at org.springframework.beans.factory.support.SimpleInstantiationStrategy.instantiate(SimpleInstantiationStrategy.java:171)
	at org.springframework.beans.factory.support.ConstructorResolver.instantiate(ConstructorResolver.java:650)
	... 49 common frames omitted
Caused by: java.lang.IllegalStateException: 无法加载JDBC驱动: null
	at com.bgpay.bgai.datasource.DataSourceConfig.validateDriver(DataSourceConfig.java:71)
	at com.bgpay.bgai.datasource.DataSourceConfig.masterDataSource(DataSourceConfig.java:37)
	at com.bgpay.bgai.datasource.DataSourceConfig$$SpringCGLIB$$0.CGLIB$masterDataSource$3(<generated>)
	at com.bgpay.bgai.datasource.DataSourceConfig$$SpringCGLIB$$FastClass$$1.invoke(<generated>)
	at org.springframework.cglib.proxy.MethodProxy.invokeSuper(MethodProxy.java:258)
	at org.springframework.context.annotation.ConfigurationClassEnhancer$BeanMethodInterceptor.intercept(ConfigurationClassEnhancer.java:331)
	at com.bgpay.bgai.datasource.DataSourceConfig$$SpringCGLIB$$0.masterDataSource(<generated>)
	at java.base/jdk.internal.reflect.DirectMethodHandleAccessor.invoke(DirectMethodHandleAccessor.java:103)
	at java.base/java.lang.reflect.Method.invoke(Method.java:580)
	at org.springframework.beans.factory.support.SimpleInstantiationStrategy.instantiate(SimpleInstantiationStrategy.java:139)
	... 50 common frames omitted
Caused by: java.sql.SQLException: No suitable driver
	at java.sql/java.sql.DriverManager.getDriver(DriverManager.java:300)
	at com.bgpay.bgai.datasource.DataSourceConfig.validateDriver(DataSourceConfig.java:69)
	... 59 common frames omitted
2025-05-27 21:59:26.717 [main] ERROR com.bgpay.bgai.BgaiApplication - Application startup failed
org.springframework.beans.factory.UnsatisfiedDependencyException: Error creating bean with name 'dataSourceScriptDatabaseInitializer' defined in class path resource [org/springframework/boot/autoconfigure/sql/init/DataSourceInitializationConfiguration.class]: Unsatisfied dependency expressed through method 'dataSourceScriptDatabaseInitializer' parameter 0: Error creating bean with name 'dynamicDataSource' defined in class path resource [com/bgpay/bgai/datasource/DataSourceConfig.class]: Unsatisfied dependency expressed through method 'dynamicDataSource' parameter 0: Error creating bean with name 'masterDataSource' defined in class path resource [com/bgpay/bgai/datasource/DataSourceConfig.class]: Failed to instantiate [javax.sql.DataSource]: Factory method 'masterDataSource' threw exception with message: 无法加载JDBC驱动: null
	at org.springframework.beans.factory.support.ConstructorResolver.createArgumentArray(ConstructorResolver.java:801)
	at org.springframework.beans.factory.support.ConstructorResolver.instantiateUsingFactoryMethod(ConstructorResolver.java:545)
	at org.springframework.beans.factory.support.AbstractAutowireCapableBeanFactory.instantiateUsingFactoryMethod(AbstractAutowireCapableBeanFactory.java:1332)
	at org.springframework.beans.factory.support.AbstractAutowireCapableBeanFactory.createBeanInstance(AbstractAutowireCapableBeanFactory.java:1162)
	at org.springframework.beans.factory.support.AbstractAutowireCapableBeanFactory.doCreateBean(AbstractAutowireCapableBeanFactory.java:560)
	at org.springframework.beans.factory.support.AbstractAutowireCapableBeanFactory.createBean(AbstractAutowireCapableBeanFactory.java:520)
	at org.springframework.beans.factory.support.AbstractBeanFactory.lambda$doGetBean$0(AbstractBeanFactory.java:325)
	at org.springframework.beans.factory.support.DefaultSingletonBeanRegistry.getSingleton(DefaultSingletonBeanRegistry.java:234)
	at org.springframework.beans.factory.support.AbstractBeanFactory.doGetBean(AbstractBeanFactory.java:323)
	at org.springframework.beans.factory.support.AbstractBeanFactory.getBean(AbstractBeanFactory.java:199)
	at org.springframework.beans.factory.support.AbstractBeanFactory.doGetBean(AbstractBeanFactory.java:312)
	at org.springframework.beans.factory.support.AbstractBeanFactory.getBean(AbstractBeanFactory.java:199)
	at org.springframework.context.support.AbstractApplicationContext.getBean(AbstractApplicationContext.java:1166)
	at org.springframework.context.support.AbstractApplicationContext.finishBeanFactoryInitialization(AbstractApplicationContext.java:940)
	at org.springframework.context.support.AbstractApplicationContext.refresh(AbstractApplicationContext.java:616)
	at org.springframework.boot.web.reactive.context.ReactiveWebServerApplicationContext.refresh(ReactiveWebServerApplicationContext.java:66)
	at org.springframework.boot.SpringApplication.refresh(SpringApplication.java:733)
	at org.springframework.boot.SpringApplication.refreshContext(SpringApplication.java:435)
	at org.springframework.boot.SpringApplication.run(SpringApplication.java:311)
	at org.springframework.boot.SpringApplication.run(SpringApplication.java:1301)
	at org.springframework.boot.SpringApplication.run(SpringApplication.java:1290)
	at com.bgpay.bgai.BgaiApplication.main(BgaiApplication.java:41)
Caused by: org.springframework.beans.factory.UnsatisfiedDependencyException: Error creating bean with name 'dynamicDataSource' defined in class path resource [com/bgpay/bgai/datasource/DataSourceConfig.class]: Unsatisfied dependency expressed through method 'dynamicDataSource' parameter 0: Error creating bean with name 'masterDataSource' defined in class path resource [com/bgpay/bgai/datasource/DataSourceConfig.class]: Failed to instantiate [javax.sql.DataSource]: Factory method 'masterDataSource' threw exception with message: 无法加载JDBC驱动: null
	at org.springframework.beans.factory.support.ConstructorResolver.createArgumentArray(ConstructorResolver.java:801)
	at org.springframework.beans.factory.support.ConstructorResolver.instantiateUsingFactoryMethod(ConstructorResolver.java:545)
	at org.springframework.beans.factory.support.AbstractAutowireCapableBeanFactory.instantiateUsingFactoryMethod(AbstractAutowireCapableBeanFactory.java:1332)
	at org.springframework.beans.factory.support.AbstractAutowireCapableBeanFactory.createBeanInstance(AbstractAutowireCapableBeanFactory.java:1162)
	at org.springframework.beans.factory.support.AbstractAutowireCapableBeanFactory.doCreateBean(AbstractAutowireCapableBeanFactory.java:560)
	at org.springframework.beans.factory.support.AbstractAutowireCapableBeanFactory.createBean(AbstractAutowireCapableBeanFactory.java:520)
	at org.springframework.beans.factory.support.AbstractBeanFactory.lambda$doGetBean$0(AbstractBeanFactory.java:325)
	at org.springframework.beans.factory.support.DefaultSingletonBeanRegistry.getSingleton(DefaultSingletonBeanRegistry.java:234)
	at org.springframework.beans.factory.support.AbstractBeanFactory.doGetBean(AbstractBeanFactory.java:323)
	at org.springframework.beans.factory.support.AbstractBeanFactory.getBean(AbstractBeanFactory.java:199)
	at org.springframework.beans.factory.config.DependencyDescriptor.resolveCandidate(DependencyDescriptor.java:254)
	at org.springframework.beans.factory.support.DefaultListableBeanFactory.doResolveDependency(DefaultListableBeanFactory.java:1417)
	at org.springframework.beans.factory.support.DefaultListableBeanFactory.resolveDependency(DefaultListableBeanFactory.java:1337)
	at org.springframework.beans.factory.support.ConstructorResolver.resolveAutowiredArgument(ConstructorResolver.java:910)
	at org.springframework.beans.factory.support.ConstructorResolver.createArgumentArray(ConstructorResolver.java:788)
	... 21 common frames omitted
Caused by: org.springframework.beans.factory.BeanCreationException: Error creating bean with name 'masterDataSource' defined in class path resource [com/bgpay/bgai/datasource/DataSourceConfig.class]: Failed to instantiate [javax.sql.DataSource]: Factory method 'masterDataSource' threw exception with message: 无法加载JDBC驱动: null
	at org.springframework.beans.factory.support.ConstructorResolver.instantiate(ConstructorResolver.java:654)
	at org.springframework.beans.factory.support.ConstructorResolver.instantiateUsingFactoryMethod(ConstructorResolver.java:488)
	at org.springframework.beans.factory.support.AbstractAutowireCapableBeanFactory.instantiateUsingFactoryMethod(AbstractAutowireCapableBeanFactory.java:1332)
	at org.springframework.beans.factory.support.AbstractAutowireCapableBeanFactory.createBeanInstance(AbstractAutowireCapableBeanFactory.java:1162)
	at org.springframework.beans.factory.support.AbstractAutowireCapableBeanFactory.doCreateBean(AbstractAutowireCapableBeanFactory.java:560)
	at org.springframework.beans.factory.support.AbstractAutowireCapableBeanFactory.createBean(AbstractAutowireCapableBeanFactory.java:520)
	at org.springframework.beans.factory.support.AbstractBeanFactory.lambda$doGetBean$0(AbstractBeanFactory.java:325)
	at org.springframework.beans.factory.support.DefaultSingletonBeanRegistry.getSingleton(DefaultSingletonBeanRegistry.java:234)
	at org.springframework.beans.factory.support.AbstractBeanFactory.doGetBean(AbstractBeanFactory.java:323)
	at org.springframework.beans.factory.support.AbstractBeanFactory.getBean(AbstractBeanFactory.java:199)
	at org.springframework.beans.factory.config.DependencyDescriptor.resolveCandidate(DependencyDescriptor.java:254)
	at org.springframework.beans.factory.support.DefaultListableBeanFactory.doResolveDependency(DefaultListableBeanFactory.java:1417)
	at org.springframework.beans.factory.support.DefaultListableBeanFactory.resolveDependency(DefaultListableBeanFactory.java:1337)
	at org.springframework.beans.factory.support.ConstructorResolver.resolveAutowiredArgument(ConstructorResolver.java:910)
	at org.springframework.beans.factory.support.ConstructorResolver.createArgumentArray(ConstructorResolver.java:788)
	... 35 common frames omitted
Caused by: org.springframework.beans.BeanInstantiationException: Failed to instantiate [javax.sql.DataSource]: Factory method 'masterDataSource' threw exception with message: 无法加载JDBC驱动: null
	at org.springframework.beans.factory.support.SimpleInstantiationStrategy.instantiate(SimpleInstantiationStrategy.java:171)
	at org.springframework.beans.factory.support.ConstructorResolver.instantiate(ConstructorResolver.java:650)
	... 49 common frames omitted
Caused by: java.lang.IllegalStateException: 无法加载JDBC驱动: null
	at com.bgpay.bgai.datasource.DataSourceConfig.validateDriver(DataSourceConfig.java:71)
	at com.bgpay.bgai.datasource.DataSourceConfig.masterDataSource(DataSourceConfig.java:37)
	at com.bgpay.bgai.datasource.DataSourceConfig$$SpringCGLIB$$0.CGLIB$masterDataSource$3(<generated>)
	at com.bgpay.bgai.datasource.DataSourceConfig$$SpringCGLIB$$FastClass$$1.invoke(<generated>)
	at org.springframework.cglib.proxy.MethodProxy.invokeSuper(MethodProxy.java:258)
	at org.springframework.context.annotation.ConfigurationClassEnhancer$BeanMethodInterceptor.intercept(ConfigurationClassEnhancer.java:331)
	at com.bgpay.bgai.datasource.DataSourceConfig$$SpringCGLIB$$0.masterDataSource(<generated>)
	at java.base/jdk.internal.reflect.DirectMethodHandleAccessor.invoke(DirectMethodHandleAccessor.java:103)
	at java.base/java.lang.reflect.Method.invoke(Method.java:580)
	at org.springframework.beans.factory.support.SimpleInstantiationStrategy.instantiate(SimpleInstantiationStrategy.java:139)
	... 50 common frames omitted
Caused by: java.sql.SQLException: No suitable driver
	at java.sql/java.sql.DriverManager.getDriver(DriverManager.java:300)
	at com.bgpay.bgai.datasource.DataSourceConfig.validateDriver(DataSourceConfig.java:69)
	... 59 common frames omitted
2025-05-27 21:59:26.734 [Thread-1] WARN  c.alibaba.nacos.common.http.HttpClientBeanHolder - [HttpClientBeanHolder] Start destroying common HttpClient
2025-05-27 21:59:26.734 [Thread-7] WARN  com.alibaba.nacos.common.notify.NotifyCenter - [NotifyCenter] Start destroying Publisher
2025-05-27 21:59:26.734 [Thread-7] WARN  com.alibaba.nacos.common.notify.NotifyCenter - [NotifyCenter] Destruction of the end
2025-05-27 21:59:26.735 [Thread-1] WARN  c.alibaba.nacos.common.http.HttpClientBeanHolder - [HttpClientBeanHolder] Destruction of the end
2025-05-27 22:01:26.268 [main] WARN  com.alibaba.nacos.client.logging.NacosLogging - Load Logback Configuration of Nacos fail, message: Could not initialize Logback Nacos logging from classpath:nacos-logback.xml
2025-05-27 22:01:26.342 [main] WARN  com.alibaba.nacos.client.logging.NacosLogging - Load Logback Configuration of Nacos fail, message: Could not initialize Logback Nacos logging from classpath:nacos-logback.xml
2025-05-27 22:01:26.554 [main] WARN  com.alibaba.nacos.client.logging.NacosLogging - Load Logback Configuration of Nacos fail, message: Could not initialize Logback Nacos logging from classpath:nacos-logback.xml
2025-05-27 22:01:26.556 [main] INFO  com.alibaba.nacos.client.utils.ParamUtil - [settings] [req-serv] nacos-server port:8848
2025-05-27 22:01:26.556 [main] INFO  com.alibaba.nacos.client.utils.ParamUtil - [settings] [http-client] connect timeout:1000
2025-05-27 22:01:26.557 [main] INFO  com.alibaba.nacos.client.utils.ParamUtil - PER_TASK_CONFIG_SIZE: 3000.0
2025-05-27 22:01:26.585 [main] INFO  c.a.n.p.auth.spi.client.ClientAuthPluginManager - [ClientAuthPluginManager] Load ClientAuthService com.alibaba.nacos.client.auth.impl.NacosClientAuthServiceImpl success.
2025-05-27 22:01:26.585 [main] INFO  c.a.n.p.auth.spi.client.ClientAuthPluginManager - [ClientAuthPluginManager] Load ClientAuthService com.alibaba.nacos.client.auth.ram.RamClientAuthServiceImpl success.
2025-05-27 22:01:26.589 [main] INFO  c.a.n.client.auth.ram.identify.CredentialWatcher - null No credential found
2025-05-27 22:01:26.814 [main] WARN  com.alibaba.nacos.client.logging.NacosLogging - Load Logback Configuration of Nacos fail, message: Could not initialize Logback Nacos logging from classpath:nacos-logback.xml
2025-05-27 22:01:26.834 [main] INFO  c.a.n.client.config.impl.LocalConfigInfoProcessor - LOCAL_SNAPSHOT_PATH:C:\Users\Administrator\nacos\config
2025-05-27 22:01:26.838 [main] INFO  com.alibaba.nacos.common.remote.client - [RpcClientFactory] create a new rpc client of 7ee37081-6e35-484c-beb1-46ac00b5fa46_config-0
2025-05-27 22:01:26.866 [main] INFO  com.alibaba.nacos.common.remote.client - [7ee37081-6e35-484c-beb1-46ac00b5fa46_config-0] Register server push request handler:com.alibaba.nacos.client.config.impl.ClientWorker$ConfigRpcTransportClient$$Lambda/0x0000020d123e1218
2025-05-27 22:01:26.866 [main] INFO  com.alibaba.nacos.common.remote.client - [7ee37081-6e35-484c-beb1-46ac00b5fa46_config-0] Register server push request handler:com.alibaba.nacos.client.config.impl.ClientWorker$ConfigRpcTransportClient$$Lambda/0x0000020d123e1628
2025-05-27 22:01:26.867 [main] INFO  com.alibaba.nacos.common.remote.client - [7ee37081-6e35-484c-beb1-46ac00b5fa46_config-0] Registry connection listener to current client:com.alibaba.nacos.client.config.impl.ClientWorker$ConfigRpcTransportClient$1
2025-05-27 22:01:26.867 [main] INFO  com.alibaba.nacos.common.remote.client - [7ee37081-6e35-484c-beb1-46ac00b5fa46_config-0] RpcClient init, ServerListFactory = com.alibaba.nacos.client.config.impl.ClientWorker$ConfigRpcTransportClient$2
2025-05-27 22:01:26.875 [main] INFO  com.alibaba.nacos.common.remote.client - [7ee37081-6e35-484c-beb1-46ac00b5fa46_config-0] Try to connect to server on start up, server: {serverIp = '8.133.246.113', server main port = 8848}
2025-05-27 22:01:26.929 [main] INFO  c.a.nacos.common.remote.client.grpc.GrpcClient - grpc client connection server:8.133.246.113 ip,serverPort:9848,grpcTslConfig:{"sslProvider":"OPENSSL","enableTls":false,"mutualAuthEnable":false,"trustAll":false}
2025-05-27 22:01:27.624 [main] INFO  com.alibaba.nacos.common.remote.client - [7ee37081-6e35-484c-beb1-46ac00b5fa46_config-0] Success to connect to server [8.133.246.113:8848] on start up, connectionId = 1748354488236_139.227.195.166_37893
2025-05-27 22:01:27.625 [com.alibaba.nacos.client.remote.worker] INFO  com.alibaba.nacos.common.remote.client - [7ee37081-6e35-484c-beb1-46ac00b5fa46_config-0] Notify connected event to listeners.
2025-05-27 22:01:27.625 [com.alibaba.nacos.client.remote.worker] INFO  com.alibaba.nacos.client.config.impl.ClientWorker - [7ee37081-6e35-484c-beb1-46ac00b5fa46_config-0] Connected,notify listen context...
2025-05-27 22:01:27.625 [main] INFO  com.alibaba.nacos.common.remote.client - [7ee37081-6e35-484c-beb1-46ac00b5fa46_config-0] Register server push request handler:com.alibaba.nacos.common.remote.client.RpcClient$ConnectResetRequestHandler
2025-05-27 22:01:27.625 [main] INFO  com.alibaba.nacos.common.remote.client - [7ee37081-6e35-484c-beb1-46ac00b5fa46_config-0] Register server push request handler:com.alibaba.nacos.common.remote.client.RpcClient$$Lambda/0x0000020d12529c60
2025-05-27 22:01:27.661 [main] INFO  com.alibaba.nacos.client.config.impl.Limiter - limitTime:5.0
2025-05-27 22:01:27.680 [main] WARN  c.a.cloud.nacos.client.NacosPropertySourceBuilder - Ignore the empty nacos configuration and get it based on dataId[common-dev.yaml] & group[DEFAULT_GROUP]
2025-05-27 22:01:27.689 [main] WARN  c.a.cloud.nacos.client.NacosPropertySourceBuilder - Ignore the empty nacos configuration and get it based on dataId[bgtech-ai] & group[DEFAULT_GROUP]
2025-05-27 22:01:27.697 [main] WARN  c.a.cloud.nacos.client.NacosPropertySourceBuilder - Ignore the empty nacos configuration and get it based on dataId[bgtech-ai.yaml] & group[DEFAULT_GROUP]
2025-05-27 22:01:27.706 [main] INFO  com.alibaba.nacos.client.config.utils.JvmUtil - isMultiInstance:false
2025-05-27 22:01:27.719 [main] INFO  o.s.c.b.c.PropertySourceBootstrapConfiguration - Located property source: [BootstrapPropertySource {name='bootstrapProperties-bgtech-ai-dev.yaml,DEFAULT_GROUP'}, BootstrapPropertySource {name='bootstrapProperties-bgtech-ai.yaml,DEFAULT_GROUP'}, BootstrapPropertySource {name='bootstrapProperties-bgtech-ai,DEFAULT_GROUP'}, BootstrapPropertySource {name='bootstrapProperties-common-dev.yaml,DEFAULT_GROUP'}]
2025-05-27 22:03:53.771 [main] WARN  com.alibaba.nacos.client.logging.NacosLogging - Load Logback Configuration of Nacos fail, message: Could not initialize Logback Nacos logging from classpath:nacos-logback.xml
2025-05-27 22:03:53.848 [main] WARN  com.alibaba.nacos.client.logging.NacosLogging - Load Logback Configuration of Nacos fail, message: Could not initialize Logback Nacos logging from classpath:nacos-logback.xml
2025-05-27 22:03:54.116 [main] WARN  com.alibaba.nacos.client.logging.NacosLogging - Load Logback Configuration of Nacos fail, message: Could not initialize Logback Nacos logging from classpath:nacos-logback.xml
2025-05-27 22:03:54.118 [main] INFO  com.alibaba.nacos.client.utils.ParamUtil - [settings] [req-serv] nacos-server port:8848
2025-05-27 22:03:54.119 [main] INFO  com.alibaba.nacos.client.utils.ParamUtil - [settings] [http-client] connect timeout:1000
2025-05-27 22:03:54.120 [main] INFO  com.alibaba.nacos.client.utils.ParamUtil - PER_TASK_CONFIG_SIZE: 3000.0
2025-05-27 22:03:54.149 [main] INFO  c.a.n.p.auth.spi.client.ClientAuthPluginManager - [ClientAuthPluginManager] Load ClientAuthService com.alibaba.nacos.client.auth.impl.NacosClientAuthServiceImpl success.
2025-05-27 22:03:54.149 [main] INFO  c.a.n.p.auth.spi.client.ClientAuthPluginManager - [ClientAuthPluginManager] Load ClientAuthService com.alibaba.nacos.client.auth.ram.RamClientAuthServiceImpl success.
2025-05-27 22:03:54.154 [main] INFO  c.a.n.client.auth.ram.identify.CredentialWatcher - null No credential found
2025-05-27 22:03:54.494 [main] WARN  com.alibaba.nacos.client.logging.NacosLogging - Load Logback Configuration of Nacos fail, message: Could not initialize Logback Nacos logging from classpath:nacos-logback.xml
2025-05-27 22:03:54.522 [main] INFO  c.a.n.client.config.impl.LocalConfigInfoProcessor - LOCAL_SNAPSHOT_PATH:C:\Users\Administrator\nacos\config
2025-05-27 22:03:54.528 [main] INFO  com.alibaba.nacos.common.remote.client - [RpcClientFactory] create a new rpc client of 96cfc767-f471-49eb-acc4-32338d8a9b27_config-0
2025-05-27 22:03:54.565 [main] INFO  com.alibaba.nacos.common.remote.client - [96cfc767-f471-49eb-acc4-32338d8a9b27_config-0] Register server push request handler:com.alibaba.nacos.client.config.impl.ClientWorker$ConfigRpcTransportClient$$Lambda/0x00000216a83e1308
2025-05-27 22:03:54.566 [main] INFO  com.alibaba.nacos.common.remote.client - [96cfc767-f471-49eb-acc4-32338d8a9b27_config-0] Register server push request handler:com.alibaba.nacos.client.config.impl.ClientWorker$ConfigRpcTransportClient$$Lambda/0x00000216a83e1718
2025-05-27 22:03:54.566 [main] INFO  com.alibaba.nacos.common.remote.client - [96cfc767-f471-49eb-acc4-32338d8a9b27_config-0] Registry connection listener to current client:com.alibaba.nacos.client.config.impl.ClientWorker$ConfigRpcTransportClient$1
2025-05-27 22:03:54.567 [main] INFO  com.alibaba.nacos.common.remote.client - [96cfc767-f471-49eb-acc4-32338d8a9b27_config-0] RpcClient init, ServerListFactory = com.alibaba.nacos.client.config.impl.ClientWorker$ConfigRpcTransportClient$2
2025-05-27 22:03:54.578 [main] INFO  com.alibaba.nacos.common.remote.client - [96cfc767-f471-49eb-acc4-32338d8a9b27_config-0] Try to connect to server on start up, server: {serverIp = '8.133.246.113', server main port = 8848}
2025-05-27 22:03:54.650 [main] INFO  c.a.nacos.common.remote.client.grpc.GrpcClient - grpc client connection server:8.133.246.113 ip,serverPort:9848,grpcTslConfig:{"sslProvider":"OPENSSL","enableTls":false,"mutualAuthEnable":false,"trustAll":false}
2025-05-27 22:03:55.463 [main] INFO  com.alibaba.nacos.common.remote.client - [96cfc767-f471-49eb-acc4-32338d8a9b27_config-0] Success to connect to server [8.133.246.113:8848] on start up, connectionId = 1748354636074_139.227.195.166_39342
2025-05-27 22:03:55.463 [com.alibaba.nacos.client.remote.worker] INFO  com.alibaba.nacos.common.remote.client - [96cfc767-f471-49eb-acc4-32338d8a9b27_config-0] Notify connected event to listeners.
2025-05-27 22:03:55.464 [com.alibaba.nacos.client.remote.worker] INFO  com.alibaba.nacos.client.config.impl.ClientWorker - [96cfc767-f471-49eb-acc4-32338d8a9b27_config-0] Connected,notify listen context...
2025-05-27 22:03:55.464 [main] INFO  com.alibaba.nacos.common.remote.client - [96cfc767-f471-49eb-acc4-32338d8a9b27_config-0] Register server push request handler:com.alibaba.nacos.common.remote.client.RpcClient$ConnectResetRequestHandler
2025-05-27 22:03:55.464 [main] INFO  com.alibaba.nacos.common.remote.client - [96cfc767-f471-49eb-acc4-32338d8a9b27_config-0] Register server push request handler:com.alibaba.nacos.common.remote.client.RpcClient$$Lambda/0x00000216a8529e68
2025-05-27 22:03:55.505 [main] INFO  com.alibaba.nacos.client.config.impl.Limiter - limitTime:5.0
2025-05-27 22:03:55.530 [main] WARN  c.a.cloud.nacos.client.NacosPropertySourceBuilder - Ignore the empty nacos configuration and get it based on dataId[common-dev.yaml] & group[DEFAULT_GROUP]
2025-05-27 22:03:55.540 [main] WARN  c.a.cloud.nacos.client.NacosPropertySourceBuilder - Ignore the empty nacos configuration and get it based on dataId[bgtech-ai] & group[DEFAULT_GROUP]
2025-05-27 22:03:55.551 [main] WARN  c.a.cloud.nacos.client.NacosPropertySourceBuilder - Ignore the empty nacos configuration and get it based on dataId[bgtech-ai.yaml] & group[DEFAULT_GROUP]
2025-05-27 22:03:55.562 [main] INFO  com.alibaba.nacos.client.config.utils.JvmUtil - isMultiInstance:false
2025-05-27 22:03:55.578 [main] INFO  o.s.c.b.c.PropertySourceBootstrapConfiguration - Located property source: [BootstrapPropertySource {name='bootstrapProperties-bgtech-ai-dev.yaml,DEFAULT_GROUP'}, BootstrapPropertySource {name='bootstrapProperties-bgtech-ai.yaml,DEFAULT_GROUP'}, BootstrapPropertySource {name='bootstrapProperties-bgtech-ai,DEFAULT_GROUP'}, BootstrapPropertySource {name='bootstrapProperties-common-dev.yaml,DEFAULT_GROUP'}]
2025-05-27 22:03:55.595 [main] WARN  com.alibaba.nacos.client.logging.NacosLogging - Load Logback Configuration of Nacos fail, message: Could not initialize Logback Nacos logging from classpath:nacos-logback.xml
2025-05-27 22:03:55.654 [main] WARN  com.alibaba.nacos.client.logging.NacosLogging - Load Logback Configuration of Nacos fail, message: Could not initialize Logback Nacos logging from classpath:nacos-logback.xml
2025-05-27 22:03:55.883 [main] WARN  com.alibaba.nacos.client.logging.NacosLogging - Load Logback Configuration of Nacos fail, message: Could not initialize Logback Nacos logging from classpath:nacos-logback.xml
2025-05-27 22:03:55.885 [main] INFO  com.alibaba.nacos.client.utils.ParamUtil - [settings] [req-serv] nacos-server port:8848
2025-05-27 22:03:55.885 [main] INFO  com.alibaba.nacos.client.utils.ParamUtil - [settings] [http-client] connect timeout:1000
2025-05-27 22:03:55.887 [main] INFO  com.alibaba.nacos.client.utils.ParamUtil - PER_TASK_CONFIG_SIZE: 3000.0
2025-05-27 22:03:55.915 [main] INFO  c.a.n.p.auth.spi.client.ClientAuthPluginManager - [ClientAuthPluginManager] Load ClientAuthService com.alibaba.nacos.client.auth.impl.NacosClientAuthServiceImpl success.
2025-05-27 22:03:55.915 [main] INFO  c.a.n.p.auth.spi.client.ClientAuthPluginManager - [ClientAuthPluginManager] Load ClientAuthService com.alibaba.nacos.client.auth.ram.RamClientAuthServiceImpl success.
2025-05-27 22:03:55.918 [main] INFO  c.a.n.client.auth.ram.identify.CredentialWatcher - null No credential found
2025-05-27 22:03:56.177 [main] WARN  com.alibaba.nacos.client.logging.NacosLogging - Load Logback Configuration of Nacos fail, message: Could not initialize Logback Nacos logging from classpath:nacos-logback.xml
2025-05-27 22:03:56.206 [main] INFO  c.a.n.client.config.impl.LocalConfigInfoProcessor - LOCAL_SNAPSHOT_PATH:C:\Users\Administrator\nacos\config
2025-05-27 22:03:56.216 [main] INFO  com.alibaba.nacos.common.remote.client - [RpcClientFactory] create a new rpc client of a179f4b2-f899-46d5-b3d6-8d325c855c19_config-0
2025-05-27 22:03:56.238 [main] INFO  com.alibaba.nacos.common.remote.client - [a179f4b2-f899-46d5-b3d6-8d325c855c19_config-0] Register server push request handler:com.alibaba.nacos.client.config.impl.ClientWorker$ConfigRpcTransportClient$$Lambda/0x00000271203dfa40
2025-05-27 22:03:56.238 [main] INFO  com.alibaba.nacos.common.remote.client - [a179f4b2-f899-46d5-b3d6-8d325c855c19_config-0] Register server push request handler:com.alibaba.nacos.client.config.impl.ClientWorker$ConfigRpcTransportClient$$Lambda/0x00000271203e0000
2025-05-27 22:03:56.239 [main] INFO  com.alibaba.nacos.common.remote.client - [a179f4b2-f899-46d5-b3d6-8d325c855c19_config-0] Registry connection listener to current client:com.alibaba.nacos.client.config.impl.ClientWorker$ConfigRpcTransportClient$1
2025-05-27 22:03:56.239 [main] INFO  com.alibaba.nacos.common.remote.client - [a179f4b2-f899-46d5-b3d6-8d325c855c19_config-0] RpcClient init, ServerListFactory = com.alibaba.nacos.client.config.impl.ClientWorker$ConfigRpcTransportClient$2
2025-05-27 22:03:56.254 [main] INFO  com.alibaba.nacos.common.remote.client - [a179f4b2-f899-46d5-b3d6-8d325c855c19_config-0] Try to connect to server on start up, server: {serverIp = '8.133.246.113', server main port = 8848}
2025-05-27 22:03:56.307 [main] INFO  c.a.nacos.common.remote.client.grpc.GrpcClient - grpc client connection server:8.133.246.113 ip,serverPort:9848,grpcTslConfig:{"sslProvider":"OPENSSL","enableTls":false,"mutualAuthEnable":false,"trustAll":false}
2025-05-27 22:03:57.057 [main] INFO  com.alibaba.nacos.common.remote.client - [a179f4b2-f899-46d5-b3d6-8d325c855c19_config-0] Success to connect to server [8.133.246.113:8848] on start up, connectionId = 1748354637664_139.227.195.166_39359
2025-05-27 22:03:57.058 [com.alibaba.nacos.client.remote.worker] INFO  com.alibaba.nacos.common.remote.client - [a179f4b2-f899-46d5-b3d6-8d325c855c19_config-0] Notify connected event to listeners.
2025-05-27 22:03:57.058 [com.alibaba.nacos.client.remote.worker] INFO  com.alibaba.nacos.client.config.impl.ClientWorker - [a179f4b2-f899-46d5-b3d6-8d325c855c19_config-0] Connected,notify listen context...
2025-05-27 22:03:57.058 [main] INFO  com.alibaba.nacos.common.remote.client - [a179f4b2-f899-46d5-b3d6-8d325c855c19_config-0] Register server push request handler:com.alibaba.nacos.common.remote.client.RpcClient$ConnectResetRequestHandler
2025-05-27 22:03:57.058 [main] INFO  com.alibaba.nacos.common.remote.client - [a179f4b2-f899-46d5-b3d6-8d325c855c19_config-0] Register server push request handler:com.alibaba.nacos.common.remote.client.RpcClient$$Lambda/0x0000027120528870
2025-05-27 22:03:57.100 [main] INFO  com.alibaba.nacos.client.config.impl.Limiter - limitTime:5.0
2025-05-27 22:03:57.122 [main] WARN  c.a.cloud.nacos.client.NacosPropertySourceBuilder - Ignore the empty nacos configuration and get it based on dataId[common-dev.yaml] & group[DEFAULT_GROUP]
2025-05-27 22:03:57.133 [main] WARN  c.a.cloud.nacos.client.NacosPropertySourceBuilder - Ignore the empty nacos configuration and get it based on dataId[bgtech-ai] & group[DEFAULT_GROUP]
2025-05-27 22:03:57.144 [main] WARN  c.a.cloud.nacos.client.NacosPropertySourceBuilder - Ignore the empty nacos configuration and get it based on dataId[bgtech-ai.yaml] & group[DEFAULT_GROUP]
2025-05-27 22:03:57.157 [main] INFO  com.alibaba.nacos.client.config.utils.JvmUtil - isMultiInstance:false
2025-05-27 22:03:57.173 [main] INFO  o.s.c.b.c.PropertySourceBootstrapConfiguration - Located property source: [BootstrapPropertySource {name='bootstrapProperties-bgtech-ai-dev.yaml,DEFAULT_GROUP'}, BootstrapPropertySource {name='bootstrapProperties-bgtech-ai.yaml,DEFAULT_GROUP'}, BootstrapPropertySource {name='bootstrapProperties-bgtech-ai,DEFAULT_GROUP'}, BootstrapPropertySource {name='bootstrapProperties-common-dev.yaml,DEFAULT_GROUP'}]
2025-05-27 22:04:28.752 [main] WARN  com.alibaba.nacos.client.logging.NacosLogging - Load Logback Configuration of Nacos fail, message: Could not initialize Logback Nacos logging from classpath:nacos-logback.xml
2025-05-27 22:04:28.804 [main] WARN  com.alibaba.nacos.client.logging.NacosLogging - Load Logback Configuration of Nacos fail, message: Could not initialize Logback Nacos logging from classpath:nacos-logback.xml
2025-05-27 22:04:29.032 [main] WARN  com.alibaba.nacos.client.logging.NacosLogging - Load Logback Configuration of Nacos fail, message: Could not initialize Logback Nacos logging from classpath:nacos-logback.xml
2025-05-27 22:04:29.034 [main] INFO  com.alibaba.nacos.client.utils.ParamUtil - [settings] [req-serv] nacos-server port:8848
2025-05-27 22:04:29.034 [main] INFO  com.alibaba.nacos.client.utils.ParamUtil - [settings] [http-client] connect timeout:1000
2025-05-27 22:04:29.035 [main] INFO  com.alibaba.nacos.client.utils.ParamUtil - PER_TASK_CONFIG_SIZE: 3000.0
2025-05-27 22:04:29.064 [main] INFO  c.a.n.p.auth.spi.client.ClientAuthPluginManager - [ClientAuthPluginManager] Load ClientAuthService com.alibaba.nacos.client.auth.impl.NacosClientAuthServiceImpl success.
2025-05-27 22:04:29.064 [main] INFO  c.a.n.p.auth.spi.client.ClientAuthPluginManager - [ClientAuthPluginManager] Load ClientAuthService com.alibaba.nacos.client.auth.ram.RamClientAuthServiceImpl success.
2025-05-27 22:04:29.069 [main] INFO  c.a.n.client.auth.ram.identify.CredentialWatcher - null No credential found
2025-05-27 22:04:29.323 [main] WARN  com.alibaba.nacos.client.logging.NacosLogging - Load Logback Configuration of Nacos fail, message: Could not initialize Logback Nacos logging from classpath:nacos-logback.xml
2025-05-27 22:04:29.343 [main] INFO  c.a.n.client.config.impl.LocalConfigInfoProcessor - LOCAL_SNAPSHOT_PATH:C:\Users\Administrator\nacos\config
2025-05-27 22:04:29.347 [main] INFO  com.alibaba.nacos.common.remote.client - [RpcClientFactory] create a new rpc client of e9810b22-95b5-4861-99e4-aa7adf98c86d_config-0
2025-05-27 22:04:29.371 [main] INFO  com.alibaba.nacos.common.remote.client - [e9810b22-95b5-4861-99e4-aa7adf98c86d_config-0] Register server push request handler:com.alibaba.nacos.client.config.impl.ClientWorker$ConfigRpcTransportClient$$Lambda/0x00000217893df8c0
2025-05-27 22:04:29.371 [main] INFO  com.alibaba.nacos.common.remote.client - [e9810b22-95b5-4861-99e4-aa7adf98c86d_config-0] Register server push request handler:com.alibaba.nacos.client.config.impl.ClientWorker$ConfigRpcTransportClient$$Lambda/0x00000217893dfcd0
2025-05-27 22:04:29.372 [main] INFO  com.alibaba.nacos.common.remote.client - [e9810b22-95b5-4861-99e4-aa7adf98c86d_config-0] Registry connection listener to current client:com.alibaba.nacos.client.config.impl.ClientWorker$ConfigRpcTransportClient$1
2025-05-27 22:04:29.372 [main] INFO  com.alibaba.nacos.common.remote.client - [e9810b22-95b5-4861-99e4-aa7adf98c86d_config-0] RpcClient init, ServerListFactory = com.alibaba.nacos.client.config.impl.ClientWorker$ConfigRpcTransportClient$2
2025-05-27 22:04:29.379 [main] INFO  com.alibaba.nacos.common.remote.client - [e9810b22-95b5-4861-99e4-aa7adf98c86d_config-0] Try to connect to server on start up, server: {serverIp = '8.133.246.113', server main port = 8848}
2025-05-27 22:04:29.428 [main] INFO  c.a.nacos.common.remote.client.grpc.GrpcClient - grpc client connection server:8.133.246.113 ip,serverPort:9848,grpcTslConfig:{"sslProvider":"OPENSSL","enableTls":false,"mutualAuthEnable":false,"trustAll":false}
2025-05-27 22:04:30.149 [main] INFO  com.alibaba.nacos.common.remote.client - [e9810b22-95b5-4861-99e4-aa7adf98c86d_config-0] Success to connect to server [8.133.246.113:8848] on start up, connectionId = 1748354670764_139.227.195.166_39685
2025-05-27 22:04:30.150 [com.alibaba.nacos.client.remote.worker] INFO  com.alibaba.nacos.common.remote.client - [e9810b22-95b5-4861-99e4-aa7adf98c86d_config-0] Notify connected event to listeners.
2025-05-27 22:04:30.150 [com.alibaba.nacos.client.remote.worker] INFO  com.alibaba.nacos.client.config.impl.ClientWorker - [e9810b22-95b5-4861-99e4-aa7adf98c86d_config-0] Connected,notify listen context...
2025-05-27 22:04:30.150 [main] INFO  com.alibaba.nacos.common.remote.client - [e9810b22-95b5-4861-99e4-aa7adf98c86d_config-0] Register server push request handler:com.alibaba.nacos.common.remote.client.RpcClient$ConnectResetRequestHandler
2025-05-27 22:04:30.150 [main] INFO  com.alibaba.nacos.common.remote.client - [e9810b22-95b5-4861-99e4-aa7adf98c86d_config-0] Register server push request handler:com.alibaba.nacos.common.remote.client.RpcClient$$Lambda/0x0000021789528870
2025-05-27 22:04:30.198 [main] INFO  com.alibaba.nacos.client.config.impl.Limiter - limitTime:5.0
2025-05-27 22:04:30.222 [main] WARN  c.a.cloud.nacos.client.NacosPropertySourceBuilder - Ignore the empty nacos configuration and get it based on dataId[common-dev.yaml] & group[DEFAULT_GROUP]
2025-05-27 22:04:30.232 [main] WARN  c.a.cloud.nacos.client.NacosPropertySourceBuilder - Ignore the empty nacos configuration and get it based on dataId[bgtech-ai] & group[DEFAULT_GROUP]
2025-05-27 22:04:30.244 [main] WARN  c.a.cloud.nacos.client.NacosPropertySourceBuilder - Ignore the empty nacos configuration and get it based on dataId[bgtech-ai.yaml] & group[DEFAULT_GROUP]
2025-05-27 22:04:30.256 [main] INFO  com.alibaba.nacos.client.config.utils.JvmUtil - isMultiInstance:false
2025-05-27 22:04:30.269 [main] INFO  o.s.c.b.c.PropertySourceBootstrapConfiguration - Located property source: [BootstrapPropertySource {name='bootstrapProperties-bgtech-ai-dev.yaml,DEFAULT_GROUP'}, BootstrapPropertySource {name='bootstrapProperties-bgtech-ai.yaml,DEFAULT_GROUP'}, BootstrapPropertySource {name='bootstrapProperties-bgtech-ai,DEFAULT_GROUP'}, BootstrapPropertySource {name='bootstrapProperties-common-dev.yaml,DEFAULT_GROUP'}]
2025-05-27 22:08:23.402 [main] WARN  com.alibaba.nacos.client.logging.NacosLogging - Load Logback Configuration of Nacos fail, message: Could not initialize Logback Nacos logging from classpath:nacos-logback.xml
2025-05-27 22:08:23.452 [main] WARN  com.alibaba.nacos.client.logging.NacosLogging - Load Logback Configuration of Nacos fail, message: Could not initialize Logback Nacos logging from classpath:nacos-logback.xml
2025-05-27 22:08:23.680 [main] WARN  com.alibaba.nacos.client.logging.NacosLogging - Load Logback Configuration of Nacos fail, message: Could not initialize Logback Nacos logging from classpath:nacos-logback.xml
2025-05-27 22:08:23.682 [main] INFO  com.alibaba.nacos.client.utils.ParamUtil - [settings] [req-serv] nacos-server port:8848
2025-05-27 22:08:23.682 [main] INFO  com.alibaba.nacos.client.utils.ParamUtil - [settings] [http-client] connect timeout:1000
2025-05-27 22:08:23.683 [main] INFO  com.alibaba.nacos.client.utils.ParamUtil - PER_TASK_CONFIG_SIZE: 3000.0
2025-05-27 22:08:23.713 [main] INFO  c.a.n.p.auth.spi.client.ClientAuthPluginManager - [ClientAuthPluginManager] Load ClientAuthService com.alibaba.nacos.client.auth.impl.NacosClientAuthServiceImpl success.
2025-05-27 22:08:23.713 [main] INFO  c.a.n.p.auth.spi.client.ClientAuthPluginManager - [ClientAuthPluginManager] Load ClientAuthService com.alibaba.nacos.client.auth.ram.RamClientAuthServiceImpl success.
2025-05-27 22:08:23.716 [main] INFO  c.a.n.client.auth.ram.identify.CredentialWatcher - null No credential found
2025-05-27 22:08:23.983 [main] WARN  com.alibaba.nacos.client.logging.NacosLogging - Load Logback Configuration of Nacos fail, message: Could not initialize Logback Nacos logging from classpath:nacos-logback.xml
2025-05-27 22:08:24.004 [main] INFO  c.a.n.client.config.impl.LocalConfigInfoProcessor - LOCAL_SNAPSHOT_PATH:C:\Users\Administrator\nacos\config
2025-05-27 22:08:24.007 [main] INFO  com.alibaba.nacos.common.remote.client - [RpcClientFactory] create a new rpc client of d43ea471-dba7-414c-871c-91de63c2108c_config-0
2025-05-27 22:08:24.032 [main] INFO  com.alibaba.nacos.common.remote.client - [d43ea471-dba7-414c-871c-91de63c2108c_config-0] Register server push request handler:com.alibaba.nacos.client.config.impl.ClientWorker$ConfigRpcTransportClient$$Lambda/0x00000181aa3e1028
2025-05-27 22:08:24.032 [main] INFO  com.alibaba.nacos.common.remote.client - [d43ea471-dba7-414c-871c-91de63c2108c_config-0] Register server push request handler:com.alibaba.nacos.client.config.impl.ClientWorker$ConfigRpcTransportClient$$Lambda/0x00000181aa3e1438
2025-05-27 22:08:24.033 [main] INFO  com.alibaba.nacos.common.remote.client - [d43ea471-dba7-414c-871c-91de63c2108c_config-0] Registry connection listener to current client:com.alibaba.nacos.client.config.impl.ClientWorker$ConfigRpcTransportClient$1
2025-05-27 22:08:24.033 [main] INFO  com.alibaba.nacos.common.remote.client - [d43ea471-dba7-414c-871c-91de63c2108c_config-0] RpcClient init, ServerListFactory = com.alibaba.nacos.client.config.impl.ClientWorker$ConfigRpcTransportClient$2
2025-05-27 22:08:24.040 [main] INFO  com.alibaba.nacos.common.remote.client - [d43ea471-dba7-414c-871c-91de63c2108c_config-0] Try to connect to server on start up, server: {serverIp = '8.133.246.113', server main port = 8848}
2025-05-27 22:08:24.095 [main] INFO  c.a.nacos.common.remote.client.grpc.GrpcClient - grpc client connection server:8.133.246.113 ip,serverPort:9848,grpcTslConfig:{"sslProvider":"OPENSSL","enableTls":false,"mutualAuthEnable":false,"trustAll":false}
2025-05-27 22:08:24.768 [main] INFO  com.alibaba.nacos.common.remote.client - [d43ea471-dba7-414c-871c-91de63c2108c_config-0] Success to connect to server [8.133.246.113:8848] on start up, connectionId = 1748354905421_139.227.195.166_38247
2025-05-27 22:08:24.769 [com.alibaba.nacos.client.remote.worker] INFO  com.alibaba.nacos.common.remote.client - [d43ea471-dba7-414c-871c-91de63c2108c_config-0] Notify connected event to listeners.
2025-05-27 22:08:24.770 [com.alibaba.nacos.client.remote.worker] INFO  com.alibaba.nacos.client.config.impl.ClientWorker - [d43ea471-dba7-414c-871c-91de63c2108c_config-0] Connected,notify listen context...
2025-05-27 22:08:24.770 [main] INFO  com.alibaba.nacos.common.remote.client - [d43ea471-dba7-414c-871c-91de63c2108c_config-0] Register server push request handler:com.alibaba.nacos.common.remote.client.RpcClient$ConnectResetRequestHandler
2025-05-27 22:08:24.770 [main] INFO  com.alibaba.nacos.common.remote.client - [d43ea471-dba7-414c-871c-91de63c2108c_config-0] Register server push request handler:com.alibaba.nacos.common.remote.client.RpcClient$$Lambda/0x00000181aa52c068
2025-05-27 22:08:24.808 [main] INFO  com.alibaba.nacos.client.config.impl.Limiter - limitTime:5.0
2025-05-27 22:08:24.826 [main] WARN  c.a.cloud.nacos.client.NacosPropertySourceBuilder - Ignore the empty nacos configuration and get it based on dataId[common-dev.yaml] & group[DEFAULT_GROUP]
2025-05-27 22:08:24.836 [main] WARN  c.a.cloud.nacos.client.NacosPropertySourceBuilder - Ignore the empty nacos configuration and get it based on dataId[bgtech-ai] & group[DEFAULT_GROUP]
2025-05-27 22:08:24.844 [main] WARN  c.a.cloud.nacos.client.NacosPropertySourceBuilder - Ignore the empty nacos configuration and get it based on dataId[bgtech-ai.yaml] & group[DEFAULT_GROUP]
2025-05-27 22:08:24.857 [main] INFO  com.alibaba.nacos.client.config.utils.JvmUtil - isMultiInstance:false
2025-05-27 22:08:24.870 [main] INFO  o.s.c.b.c.PropertySourceBootstrapConfiguration - Located property source: [BootstrapPropertySource {name='bootstrapProperties-bgtech-ai-dev.yaml,DEFAULT_GROUP'}, BootstrapPropertySource {name='bootstrapProperties-bgtech-ai.yaml,DEFAULT_GROUP'}, BootstrapPropertySource {name='bootstrapProperties-bgtech-ai,DEFAULT_GROUP'}, BootstrapPropertySource {name='bootstrapProperties-common-dev.yaml,DEFAULT_GROUP'}]
2025-05-27 22:10:03.879 [main] WARN  com.alibaba.nacos.client.logging.NacosLogging - Load Logback Configuration of Nacos fail, message: Could not initialize Logback Nacos logging from classpath:nacos-logback.xml
2025-05-27 22:10:03.932 [main] WARN  com.alibaba.nacos.client.logging.NacosLogging - Load Logback Configuration of Nacos fail, message: Could not initialize Logback Nacos logging from classpath:nacos-logback.xml
2025-05-27 22:10:04.157 [main] WARN  com.alibaba.nacos.client.logging.NacosLogging - Load Logback Configuration of Nacos fail, message: Could not initialize Logback Nacos logging from classpath:nacos-logback.xml
2025-05-27 22:10:04.159 [main] INFO  com.alibaba.nacos.client.utils.ParamUtil - [settings] [req-serv] nacos-server port:8848
2025-05-27 22:10:04.159 [main] INFO  com.alibaba.nacos.client.utils.ParamUtil - [settings] [http-client] connect timeout:1000
2025-05-27 22:10:04.160 [main] INFO  com.alibaba.nacos.client.utils.ParamUtil - PER_TASK_CONFIG_SIZE: 3000.0
2025-05-27 22:10:04.186 [main] INFO  c.a.n.p.auth.spi.client.ClientAuthPluginManager - [ClientAuthPluginManager] Load ClientAuthService com.alibaba.nacos.client.auth.impl.NacosClientAuthServiceImpl success.
2025-05-27 22:10:04.186 [main] INFO  c.a.n.p.auth.spi.client.ClientAuthPluginManager - [ClientAuthPluginManager] Load ClientAuthService com.alibaba.nacos.client.auth.ram.RamClientAuthServiceImpl success.
2025-05-27 22:10:04.189 [main] INFO  c.a.n.client.auth.ram.identify.CredentialWatcher - null No credential found
2025-05-27 22:10:04.423 [main] WARN  com.alibaba.nacos.client.logging.NacosLogging - Load Logback Configuration of Nacos fail, message: Could not initialize Logback Nacos logging from classpath:nacos-logback.xml
2025-05-27 22:10:04.447 [main] INFO  c.a.n.client.config.impl.LocalConfigInfoProcessor - LOCAL_SNAPSHOT_PATH:C:\Users\Administrator\nacos\config
2025-05-27 22:10:04.450 [main] INFO  com.alibaba.nacos.common.remote.client - [RpcClientFactory] create a new rpc client of d25be42c-6fac-4e15-a941-ce9aff980e34_config-0
2025-05-27 22:10:04.473 [main] INFO  com.alibaba.nacos.common.remote.client - [d25be42c-6fac-4e15-a941-ce9aff980e34_config-0] Register server push request handler:com.alibaba.nacos.client.config.impl.ClientWorker$ConfigRpcTransportClient$$Lambda/0x00000222d73e01f0
2025-05-27 22:10:04.474 [main] INFO  com.alibaba.nacos.common.remote.client - [d25be42c-6fac-4e15-a941-ce9aff980e34_config-0] Register server push request handler:com.alibaba.nacos.client.config.impl.ClientWorker$ConfigRpcTransportClient$$Lambda/0x00000222d73e0600
2025-05-27 22:10:04.474 [main] INFO  com.alibaba.nacos.common.remote.client - [d25be42c-6fac-4e15-a941-ce9aff980e34_config-0] Registry connection listener to current client:com.alibaba.nacos.client.config.impl.ClientWorker$ConfigRpcTransportClient$1
2025-05-27 22:10:04.475 [main] INFO  com.alibaba.nacos.common.remote.client - [d25be42c-6fac-4e15-a941-ce9aff980e34_config-0] RpcClient init, ServerListFactory = com.alibaba.nacos.client.config.impl.ClientWorker$ConfigRpcTransportClient$2
2025-05-27 22:10:04.481 [main] INFO  com.alibaba.nacos.common.remote.client - [d25be42c-6fac-4e15-a941-ce9aff980e34_config-0] Try to connect to server on start up, server: {serverIp = '8.133.246.113', server main port = 8848}
2025-05-27 22:10:04.531 [main] INFO  c.a.nacos.common.remote.client.grpc.GrpcClient - grpc client connection server:8.133.246.113 ip,serverPort:9848,grpcTslConfig:{"sslProvider":"OPENSSL","enableTls":false,"mutualAuthEnable":false,"trustAll":false}
2025-05-27 22:10:05.243 [main] INFO  com.alibaba.nacos.common.remote.client - [d25be42c-6fac-4e15-a941-ce9aff980e34_config-0] Success to connect to server [8.133.246.113:8848] on start up, connectionId = 1748355005850_139.227.195.166_39158
2025-05-27 22:10:05.244 [com.alibaba.nacos.client.remote.worker] INFO  com.alibaba.nacos.common.remote.client - [d25be42c-6fac-4e15-a941-ce9aff980e34_config-0] Notify connected event to listeners.
2025-05-27 22:10:05.244 [com.alibaba.nacos.client.remote.worker] INFO  com.alibaba.nacos.client.config.impl.ClientWorker - [d25be42c-6fac-4e15-a941-ce9aff980e34_config-0] Connected,notify listen context...
2025-05-27 22:10:05.244 [main] INFO  com.alibaba.nacos.common.remote.client - [d25be42c-6fac-4e15-a941-ce9aff980e34_config-0] Register server push request handler:com.alibaba.nacos.common.remote.client.RpcClient$ConnectResetRequestHandler
2025-05-27 22:10:05.245 [main] INFO  com.alibaba.nacos.common.remote.client - [d25be42c-6fac-4e15-a941-ce9aff980e34_config-0] Register server push request handler:com.alibaba.nacos.common.remote.client.RpcClient$$Lambda/0x00000222d7528000
2025-05-27 22:10:05.282 [main] INFO  com.alibaba.nacos.client.config.impl.Limiter - limitTime:5.0
2025-05-27 22:10:05.302 [main] WARN  c.a.cloud.nacos.client.NacosPropertySourceBuilder - Ignore the empty nacos configuration and get it based on dataId[common-dev.yaml] & group[DEFAULT_GROUP]
2025-05-27 22:10:05.312 [main] WARN  c.a.cloud.nacos.client.NacosPropertySourceBuilder - Ignore the empty nacos configuration and get it based on dataId[bgtech-ai] & group[DEFAULT_GROUP]
2025-05-27 22:10:05.320 [main] WARN  c.a.cloud.nacos.client.NacosPropertySourceBuilder - Ignore the empty nacos configuration and get it based on dataId[bgtech-ai.yaml] & group[DEFAULT_GROUP]
2025-05-27 22:10:05.332 [main] INFO  com.alibaba.nacos.client.config.utils.JvmUtil - isMultiInstance:false
2025-05-27 22:10:05.346 [main] INFO  o.s.c.b.c.PropertySourceBootstrapConfiguration - Located property source: [BootstrapPropertySource {name='bootstrapProperties-bgtech-ai-dev.yaml,DEFAULT_GROUP'}, BootstrapPropertySource {name='bootstrapProperties-bgtech-ai.yaml,DEFAULT_GROUP'}, BootstrapPropertySource {name='bootstrapProperties-bgtech-ai,DEFAULT_GROUP'}, BootstrapPropertySource {name='bootstrapProperties-common-dev.yaml,DEFAULT_GROUP'}]
2025-05-27 22:14:54.369 [main] WARN  com.alibaba.nacos.client.logging.NacosLogging - Load Logback Configuration of Nacos fail, message: Could not initialize Logback Nacos logging from classpath:nacos-logback.xml
2025-05-27 22:14:54.424 [main] WARN  com.alibaba.nacos.client.logging.NacosLogging - Load Logback Configuration of Nacos fail, message: Could not initialize Logback Nacos logging from classpath:nacos-logback.xml
2025-05-27 22:14:54.625 [main] WARN  com.alibaba.nacos.client.logging.NacosLogging - Load Logback Configuration of Nacos fail, message: Could not initialize Logback Nacos logging from classpath:nacos-logback.xml
2025-05-27 22:14:54.627 [main] INFO  com.alibaba.nacos.client.utils.ParamUtil - [settings] [req-serv] nacos-server port:8848
2025-05-27 22:14:54.627 [main] INFO  com.alibaba.nacos.client.utils.ParamUtil - [settings] [http-client] connect timeout:1000
2025-05-27 22:14:54.628 [main] INFO  com.alibaba.nacos.client.utils.ParamUtil - PER_TASK_CONFIG_SIZE: 3000.0
2025-05-27 22:14:54.659 [main] INFO  c.a.n.p.auth.spi.client.ClientAuthPluginManager - [ClientAuthPluginManager] Load ClientAuthService com.alibaba.nacos.client.auth.impl.NacosClientAuthServiceImpl success.
2025-05-27 22:14:54.660 [main] INFO  c.a.n.p.auth.spi.client.ClientAuthPluginManager - [ClientAuthPluginManager] Load ClientAuthService com.alibaba.nacos.client.auth.ram.RamClientAuthServiceImpl success.
2025-05-27 22:14:54.663 [main] INFO  c.a.n.client.auth.ram.identify.CredentialWatcher - null No credential found
2025-05-27 22:14:54.914 [main] WARN  com.alibaba.nacos.client.logging.NacosLogging - Load Logback Configuration of Nacos fail, message: Could not initialize Logback Nacos logging from classpath:nacos-logback.xml
2025-05-27 22:14:54.939 [main] INFO  c.a.n.client.config.impl.LocalConfigInfoProcessor - LOCAL_SNAPSHOT_PATH:C:\Users\Administrator\nacos\config
2025-05-27 22:14:54.942 [main] INFO  com.alibaba.nacos.common.remote.client - [RpcClientFactory] create a new rpc client of 80d52dd8-cd2d-414f-b6a7-0775ed637e12_config-0
2025-05-27 22:14:54.969 [main] INFO  com.alibaba.nacos.common.remote.client - [80d52dd8-cd2d-414f-b6a7-0775ed637e12_config-0] Register server push request handler:com.alibaba.nacos.client.config.impl.ClientWorker$ConfigRpcTransportClient$$Lambda/0x00000257b63df238
2025-05-27 22:14:54.970 [main] INFO  com.alibaba.nacos.common.remote.client - [80d52dd8-cd2d-414f-b6a7-0775ed637e12_config-0] Register server push request handler:com.alibaba.nacos.client.config.impl.ClientWorker$ConfigRpcTransportClient$$Lambda/0x00000257b63df648
2025-05-27 22:14:54.970 [main] INFO  com.alibaba.nacos.common.remote.client - [80d52dd8-cd2d-414f-b6a7-0775ed637e12_config-0] Registry connection listener to current client:com.alibaba.nacos.client.config.impl.ClientWorker$ConfigRpcTransportClient$1
2025-05-27 22:14:54.971 [main] INFO  com.alibaba.nacos.common.remote.client - [80d52dd8-cd2d-414f-b6a7-0775ed637e12_config-0] RpcClient init, ServerListFactory = com.alibaba.nacos.client.config.impl.ClientWorker$ConfigRpcTransportClient$2
2025-05-27 22:14:54.978 [main] INFO  com.alibaba.nacos.common.remote.client - [80d52dd8-cd2d-414f-b6a7-0775ed637e12_config-0] Try to connect to server on start up, server: {serverIp = '8.133.246.113', server main port = 8848}
2025-05-27 22:14:55.032 [main] INFO  c.a.nacos.common.remote.client.grpc.GrpcClient - grpc client connection server:8.133.246.113 ip,serverPort:9848,grpcTslConfig:{"sslProvider":"OPENSSL","enableTls":false,"mutualAuthEnable":false,"trustAll":false}
2025-05-27 22:14:55.706 [main] INFO  com.alibaba.nacos.common.remote.client - [80d52dd8-cd2d-414f-b6a7-0775ed637e12_config-0] Success to connect to server [8.133.246.113:8848] on start up, connectionId = 1748355296323_139.227.195.166_38228
2025-05-27 22:14:55.707 [com.alibaba.nacos.client.remote.worker] INFO  com.alibaba.nacos.common.remote.client - [80d52dd8-cd2d-414f-b6a7-0775ed637e12_config-0] Notify connected event to listeners.
2025-05-27 22:14:55.707 [com.alibaba.nacos.client.remote.worker] INFO  com.alibaba.nacos.client.config.impl.ClientWorker - [80d52dd8-cd2d-414f-b6a7-0775ed637e12_config-0] Connected,notify listen context...
2025-05-27 22:14:55.707 [main] INFO  com.alibaba.nacos.common.remote.client - [80d52dd8-cd2d-414f-b6a7-0775ed637e12_config-0] Register server push request handler:com.alibaba.nacos.common.remote.client.RpcClient$ConnectResetRequestHandler
2025-05-27 22:14:55.708 [main] INFO  com.alibaba.nacos.common.remote.client - [80d52dd8-cd2d-414f-b6a7-0775ed637e12_config-0] Register server push request handler:com.alibaba.nacos.common.remote.client.RpcClient$$Lambda/0x00000257b6527cd0
2025-05-27 22:14:55.744 [main] INFO  com.alibaba.nacos.client.config.impl.Limiter - limitTime:5.0
2025-05-27 22:14:55.764 [main] WARN  c.a.cloud.nacos.client.NacosPropertySourceBuilder - Ignore the empty nacos configuration and get it based on dataId[common-dev.yaml] & group[DEFAULT_GROUP]
2025-05-27 22:14:55.774 [main] WARN  c.a.cloud.nacos.client.NacosPropertySourceBuilder - Ignore the empty nacos configuration and get it based on dataId[bgtech-ai] & group[DEFAULT_GROUP]
2025-05-27 22:14:55.784 [main] WARN  c.a.cloud.nacos.client.NacosPropertySourceBuilder - Ignore the empty nacos configuration and get it based on dataId[bgtech-ai.yaml] & group[DEFAULT_GROUP]
2025-05-27 22:14:55.794 [main] INFO  com.alibaba.nacos.client.config.utils.JvmUtil - isMultiInstance:false
2025-05-27 22:14:55.808 [main] INFO  o.s.c.b.c.PropertySourceBootstrapConfiguration - Located property source: [BootstrapPropertySource {name='bootstrapProperties-bgtech-ai-dev.yaml,DEFAULT_GROUP'}, BootstrapPropertySource {name='bootstrapProperties-bgtech-ai.yaml,DEFAULT_GROUP'}, BootstrapPropertySource {name='bootstrapProperties-bgtech-ai,DEFAULT_GROUP'}, BootstrapPropertySource {name='bootstrapProperties-common-dev.yaml,DEFAULT_GROUP'}]
2025-05-27 22:19:49.060 [main] WARN  com.alibaba.nacos.client.logging.NacosLogging - Load Logback Configuration of Nacos fail, message: Could not initialize Logback Nacos logging from classpath:nacos-logback.xml
2025-05-27 22:19:49.124 [main] WARN  com.alibaba.nacos.client.logging.NacosLogging - Load Logback Configuration of Nacos fail, message: Could not initialize Logback Nacos logging from classpath:nacos-logback.xml
2025-05-27 22:19:49.332 [main] WARN  com.alibaba.nacos.client.logging.NacosLogging - Load Logback Configuration of Nacos fail, message: Could not initialize Logback Nacos logging from classpath:nacos-logback.xml
2025-05-27 22:19:49.333 [main] INFO  com.alibaba.nacos.client.utils.ParamUtil - [settings] [req-serv] nacos-server port:8848
2025-05-27 22:19:49.333 [main] INFO  com.alibaba.nacos.client.utils.ParamUtil - [settings] [http-client] connect timeout:1000
2025-05-27 22:19:49.334 [main] INFO  com.alibaba.nacos.client.utils.ParamUtil - PER_TASK_CONFIG_SIZE: 3000.0
2025-05-27 22:19:49.359 [main] INFO  c.a.n.p.auth.spi.client.ClientAuthPluginManager - [ClientAuthPluginManager] Load ClientAuthService com.alibaba.nacos.client.auth.impl.NacosClientAuthServiceImpl success.
2025-05-27 22:19:49.360 [main] INFO  c.a.n.p.auth.spi.client.ClientAuthPluginManager - [ClientAuthPluginManager] Load ClientAuthService com.alibaba.nacos.client.auth.ram.RamClientAuthServiceImpl success.
2025-05-27 22:19:49.362 [main] INFO  c.a.n.client.auth.ram.identify.CredentialWatcher - null No credential found
2025-05-27 22:19:49.595 [main] WARN  com.alibaba.nacos.client.logging.NacosLogging - Load Logback Configuration of Nacos fail, message: Could not initialize Logback Nacos logging from classpath:nacos-logback.xml
2025-05-27 22:19:49.622 [main] INFO  c.a.n.client.config.impl.LocalConfigInfoProcessor - LOCAL_SNAPSHOT_PATH:C:\Users\Administrator\nacos\config
2025-05-27 22:19:49.628 [main] INFO  com.alibaba.nacos.common.remote.client - [RpcClientFactory] create a new rpc client of a2d47074-5793-400a-997a-7c53a7002de6_config-0
2025-05-27 22:19:49.650 [main] INFO  com.alibaba.nacos.common.remote.client - [a2d47074-5793-400a-997a-7c53a7002de6_config-0] Register server push request handler:com.alibaba.nacos.client.config.impl.ClientWorker$ConfigRpcTransportClient$$Lambda/0x000001cc583e62d8
2025-05-27 22:19:49.651 [main] INFO  com.alibaba.nacos.common.remote.client - [a2d47074-5793-400a-997a-7c53a7002de6_config-0] Register server push request handler:com.alibaba.nacos.client.config.impl.ClientWorker$ConfigRpcTransportClient$$Lambda/0x000001cc583e66e8
2025-05-27 22:19:49.652 [main] INFO  com.alibaba.nacos.common.remote.client - [a2d47074-5793-400a-997a-7c53a7002de6_config-0] Registry connection listener to current client:com.alibaba.nacos.client.config.impl.ClientWorker$ConfigRpcTransportClient$1
2025-05-27 22:19:49.653 [main] INFO  com.alibaba.nacos.common.remote.client - [a2d47074-5793-400a-997a-7c53a7002de6_config-0] RpcClient init, ServerListFactory = com.alibaba.nacos.client.config.impl.ClientWorker$ConfigRpcTransportClient$2
2025-05-27 22:19:49.664 [main] INFO  com.alibaba.nacos.common.remote.client - [a2d47074-5793-400a-997a-7c53a7002de6_config-0] Try to connect to server on start up, server: {serverIp = '8.133.246.113', server main port = 8848}
2025-05-27 22:19:49.723 [main] INFO  c.a.nacos.common.remote.client.grpc.GrpcClient - grpc client connection server:8.133.246.113 ip,serverPort:9848,grpcTslConfig:{"sslProvider":"OPENSSL","enableTls":false,"mutualAuthEnable":false,"trustAll":false}
2025-05-27 22:19:50.449 [main] INFO  com.alibaba.nacos.common.remote.client - [a2d47074-5793-400a-997a-7c53a7002de6_config-0] Success to connect to server [8.133.246.113:8848] on start up, connectionId = 1748355591060_139.227.195.166_39529
2025-05-27 22:19:50.450 [com.alibaba.nacos.client.remote.worker] INFO  com.alibaba.nacos.common.remote.client - [a2d47074-5793-400a-997a-7c53a7002de6_config-0] Notify connected event to listeners.
2025-05-27 22:19:50.450 [com.alibaba.nacos.client.remote.worker] INFO  com.alibaba.nacos.client.config.impl.ClientWorker - [a2d47074-5793-400a-997a-7c53a7002de6_config-0] Connected,notify listen context...
2025-05-27 22:19:50.450 [main] INFO  com.alibaba.nacos.common.remote.client - [a2d47074-5793-400a-997a-7c53a7002de6_config-0] Register server push request handler:com.alibaba.nacos.common.remote.client.RpcClient$ConnectResetRequestHandler
2025-05-27 22:19:50.450 [main] INFO  com.alibaba.nacos.common.remote.client - [a2d47074-5793-400a-997a-7c53a7002de6_config-0] Register server push request handler:com.alibaba.nacos.common.remote.client.RpcClient$$Lambda/0x000001cc5852c9d0
2025-05-27 22:19:50.487 [main] INFO  com.alibaba.nacos.client.config.impl.Limiter - limitTime:5.0
2025-05-27 22:19:50.506 [main] WARN  c.a.cloud.nacos.client.NacosPropertySourceBuilder - Ignore the empty nacos configuration and get it based on dataId[common-dev.yaml] & group[DEFAULT_GROUP]
2025-05-27 22:19:50.518 [main] WARN  c.a.cloud.nacos.client.NacosPropertySourceBuilder - Ignore the empty nacos configuration and get it based on dataId[bgtech-ai] & group[DEFAULT_GROUP]
2025-05-27 22:19:50.527 [main] WARN  c.a.cloud.nacos.client.NacosPropertySourceBuilder - Ignore the empty nacos configuration and get it based on dataId[bgtech-ai.yaml] & group[DEFAULT_GROUP]
2025-05-27 22:19:50.541 [main] INFO  com.alibaba.nacos.client.config.utils.JvmUtil - isMultiInstance:false
2025-05-27 22:19:50.554 [main] INFO  o.s.c.b.c.PropertySourceBootstrapConfiguration - Located property source: [BootstrapPropertySource {name='bootstrapProperties-bgtech-ai-dev.yaml,DEFAULT_GROUP'}, BootstrapPropertySource {name='bootstrapProperties-bgtech-ai.yaml,DEFAULT_GROUP'}, BootstrapPropertySource {name='bootstrapProperties-bgtech-ai,DEFAULT_GROUP'}, BootstrapPropertySource {name='bootstrapProperties-common-dev.yaml,DEFAULT_GROUP'}]
2025-05-27 22:22:00.108 [main] WARN  com.alibaba.nacos.client.logging.NacosLogging - Load Logback Configuration of Nacos fail, message: Could not initialize Logback Nacos logging from classpath:nacos-logback.xml
2025-05-27 22:22:00.157 [main] WARN  com.alibaba.nacos.client.logging.NacosLogging - Load Logback Configuration of Nacos fail, message: Could not initialize Logback Nacos logging from classpath:nacos-logback.xml
2025-05-27 22:22:00.384 [main] WARN  com.alibaba.nacos.client.logging.NacosLogging - Load Logback Configuration of Nacos fail, message: Could not initialize Logback Nacos logging from classpath:nacos-logback.xml
2025-05-27 22:22:00.386 [main] INFO  com.alibaba.nacos.client.utils.ParamUtil - [settings] [req-serv] nacos-server port:8848
2025-05-27 22:22:00.386 [main] INFO  com.alibaba.nacos.client.utils.ParamUtil - [settings] [http-client] connect timeout:1000
2025-05-27 22:22:00.387 [main] INFO  com.alibaba.nacos.client.utils.ParamUtil - PER_TASK_CONFIG_SIZE: 3000.0
2025-05-27 22:22:00.417 [main] INFO  c.a.n.p.auth.spi.client.ClientAuthPluginManager - [ClientAuthPluginManager] Load ClientAuthService com.alibaba.nacos.client.auth.impl.NacosClientAuthServiceImpl success.
2025-05-27 22:22:00.417 [main] INFO  c.a.n.p.auth.spi.client.ClientAuthPluginManager - [ClientAuthPluginManager] Load ClientAuthService com.alibaba.nacos.client.auth.ram.RamClientAuthServiceImpl success.
2025-05-27 22:22:00.420 [main] INFO  c.a.n.client.auth.ram.identify.CredentialWatcher - null No credential found
2025-05-27 22:22:00.647 [main] WARN  com.alibaba.nacos.client.logging.NacosLogging - Load Logback Configuration of Nacos fail, message: Could not initialize Logback Nacos logging from classpath:nacos-logback.xml
2025-05-27 22:22:00.667 [main] INFO  c.a.n.client.config.impl.LocalConfigInfoProcessor - LOCAL_SNAPSHOT_PATH:C:\Users\Administrator\nacos\config
2025-05-27 22:22:00.671 [main] INFO  com.alibaba.nacos.common.remote.client - [RpcClientFactory] create a new rpc client of ec959b00-cbdd-479e-96b1-7abd9f7c6003_config-0
2025-05-27 22:22:00.693 [main] INFO  com.alibaba.nacos.common.remote.client - [ec959b00-cbdd-479e-96b1-7abd9f7c6003_config-0] Register server push request handler:com.alibaba.nacos.client.config.impl.ClientWorker$ConfigRpcTransportClient$$Lambda/0x0000023fac3e1028
2025-05-27 22:22:00.693 [main] INFO  com.alibaba.nacos.common.remote.client - [ec959b00-cbdd-479e-96b1-7abd9f7c6003_config-0] Register server push request handler:com.alibaba.nacos.client.config.impl.ClientWorker$ConfigRpcTransportClient$$Lambda/0x0000023fac3e1438
2025-05-27 22:22:00.694 [main] INFO  com.alibaba.nacos.common.remote.client - [ec959b00-cbdd-479e-96b1-7abd9f7c6003_config-0] Registry connection listener to current client:com.alibaba.nacos.client.config.impl.ClientWorker$ConfigRpcTransportClient$1
2025-05-27 22:22:00.694 [main] INFO  com.alibaba.nacos.common.remote.client - [ec959b00-cbdd-479e-96b1-7abd9f7c6003_config-0] RpcClient init, ServerListFactory = com.alibaba.nacos.client.config.impl.ClientWorker$ConfigRpcTransportClient$2
2025-05-27 22:22:00.701 [main] INFO  com.alibaba.nacos.common.remote.client - [ec959b00-cbdd-479e-96b1-7abd9f7c6003_config-0] Try to connect to server on start up, server: {serverIp = '8.133.246.113', server main port = 8848}
2025-05-27 22:22:00.748 [main] INFO  c.a.nacos.common.remote.client.grpc.GrpcClient - grpc client connection server:8.133.246.113 ip,serverPort:9848,grpcTslConfig:{"sslProvider":"OPENSSL","enableTls":false,"mutualAuthEnable":false,"trustAll":false}
2025-05-27 22:22:01.411 [main] INFO  com.alibaba.nacos.common.remote.client - [ec959b00-cbdd-479e-96b1-7abd9f7c6003_config-0] Success to connect to server [8.133.246.113:8848] on start up, connectionId = 1748355722032_139.227.195.166_39307
2025-05-27 22:22:01.412 [com.alibaba.nacos.client.remote.worker] INFO  com.alibaba.nacos.common.remote.client - [ec959b00-cbdd-479e-96b1-7abd9f7c6003_config-0] Notify connected event to listeners.
2025-05-27 22:22:01.412 [com.alibaba.nacos.client.remote.worker] INFO  com.alibaba.nacos.client.config.impl.ClientWorker - [ec959b00-cbdd-479e-96b1-7abd9f7c6003_config-0] Connected,notify listen context...
2025-05-27 22:22:01.412 [main] INFO  com.alibaba.nacos.common.remote.client - [ec959b00-cbdd-479e-96b1-7abd9f7c6003_config-0] Register server push request handler:com.alibaba.nacos.common.remote.client.RpcClient$ConnectResetRequestHandler
2025-05-27 22:22:01.413 [main] INFO  com.alibaba.nacos.common.remote.client - [ec959b00-cbdd-479e-96b1-7abd9f7c6003_config-0] Register server push request handler:com.alibaba.nacos.common.remote.client.RpcClient$$Lambda/0x0000023fac529c60
2025-05-27 22:22:01.450 [main] INFO  com.alibaba.nacos.client.config.impl.Limiter - limitTime:5.0
2025-05-27 22:22:01.471 [main] WARN  c.a.cloud.nacos.client.NacosPropertySourceBuilder - Ignore the empty nacos configuration and get it based on dataId[common-dev.yaml] & group[DEFAULT_GROUP]
2025-05-27 22:22:01.482 [main] WARN  c.a.cloud.nacos.client.NacosPropertySourceBuilder - Ignore the empty nacos configuration and get it based on dataId[bgtech-ai] & group[DEFAULT_GROUP]
2025-05-27 22:22:01.492 [main] WARN  c.a.cloud.nacos.client.NacosPropertySourceBuilder - Ignore the empty nacos configuration and get it based on dataId[bgtech-ai.yaml] & group[DEFAULT_GROUP]
2025-05-27 22:22:01.505 [main] INFO  com.alibaba.nacos.client.config.utils.JvmUtil - isMultiInstance:false
2025-05-27 22:22:01.519 [main] INFO  o.s.c.b.c.PropertySourceBootstrapConfiguration - Located property source: [BootstrapPropertySource {name='bootstrapProperties-bgtech-ai-dev.yaml,DEFAULT_GROUP'}, BootstrapPropertySource {name='bootstrapProperties-bgtech-ai.yaml,DEFAULT_GROUP'}, BootstrapPropertySource {name='bootstrapProperties-bgtech-ai,DEFAULT_GROUP'}, BootstrapPropertySource {name='bootstrapProperties-common-dev.yaml,DEFAULT_GROUP'}]
