2025-07-08 11:57:17.182 [main] [traceId:] [userId:] WARN  com.alibaba.nacos.client.logging.NacosLogging - Load Logback Configuration of Nacos fail, message: Could not initialize Logback Nacos logging from classpath:nacos-logback.xml
2025-07-08 11:57:17.279 [main] [traceId:] [userId:] WARN  com.alibaba.nacos.client.logging.NacosLogging - Load Logback Configuration of Nacos fail, message: Could not initialize Logback Nacos logging from classpath:nacos-logback.xml
2025-07-08 11:57:17.506 [main] [traceId:] [userId:] WARN  com.alibaba.nacos.client.logging.NacosLogging - Load Logback Configuration of Nacos fail, message: Could not initialize Logback Nacos logging from classpath:nacos-logback.xml
2025-07-08 11:57:17.508 [main] [traceId:] [userId:] INFO  com.alibaba.nacos.client.utils.ParamUtil - [settings] [req-serv] nacos-server port:8848
2025-07-08 11:57:17.509 [main] [traceId:] [userId:] INFO  com.alibaba.nacos.client.utils.ParamUtil - [settings] [http-client] connect timeout:1000
2025-07-08 11:57:17.510 [main] [traceId:] [userId:] INFO  com.alibaba.nacos.client.utils.ParamUtil - PER_TASK_CONFIG_SIZE: 3000.0
2025-07-08 11:57:17.552 [main] [traceId:] [userId:] INFO  c.a.n.p.auth.spi.client.ClientAuthPluginManager - [ClientAuthPluginManager] Load ClientAuthService com.alibaba.nacos.client.auth.impl.NacosClientAuthServiceImpl success.
2025-07-08 11:57:17.552 [main] [traceId:] [userId:] INFO  c.a.n.p.auth.spi.client.ClientAuthPluginManager - [ClientAuthPluginManager] Load ClientAuthService com.alibaba.nacos.client.auth.ram.RamClientAuthServiceImpl success.
2025-07-08 11:57:17.557 [main] [traceId:] [userId:] INFO  c.a.n.client.auth.ram.identify.CredentialWatcher - null No credential found
2025-07-08 11:57:17.742 [main] [traceId:] [userId:] WARN  com.alibaba.nacos.client.logging.NacosLogging - Load Logback Configuration of Nacos fail, message: Could not initialize Logback Nacos logging from classpath:nacos-logback.xml
2025-07-08 11:57:19.188 [main] [traceId:] [userId:] WARN  c.a.cloud.nacos.client.NacosPropertySourceBuilder - Ignore the empty nacos configuration and get it based on dataId[common-dev.yaml] & group[DEFAULT_GROUP]
2025-07-08 11:57:19.201 [main] [traceId:] [userId:] WARN  c.a.cloud.nacos.client.NacosPropertySourceBuilder - Ignore the empty nacos configuration and get it based on dataId[bgtech-ai] & group[DEFAULT_GROUP]
2025-07-08 11:57:19.214 [main] [traceId:] [userId:] WARN  c.a.cloud.nacos.client.NacosPropertySourceBuilder - Ignore the empty nacos configuration and get it based on dataId[bgtech-ai.yaml] & group[DEFAULT_GROUP]
2025-07-08 11:57:19.229 [main] [traceId:] [userId:] WARN  c.a.cloud.nacos.client.NacosPropertySourceBuilder - Ignore the empty nacos configuration and get it based on dataId[bgtech-ai-test.yaml] & group[DEFAULT_GROUP]
2025-07-08 11:57:19.230 [main] [traceId:] [userId:] INFO  o.s.c.b.c.PropertySourceBootstrapConfiguration - Located property source: [BootstrapPropertySource {name='bootstrapProperties-bgtech-ai-test.yaml,DEFAULT_GROUP'}, BootstrapPropertySource {name='bootstrapProperties-bgtech-ai.yaml,DEFAULT_GROUP'}, BootstrapPropertySource {name='bootstrapProperties-bgtech-ai,DEFAULT_GROUP'}, BootstrapPropertySource {name='bootstrapProperties-common-dev.yaml,DEFAULT_GROUP'}]
2025-07-08 11:57:19.281 [main] [traceId:] [userId:] WARN  o.s.b.t.j.DuplicateJsonObjectContextCustomizerFactory$DuplicateJsonObjectContextCustomizer - 

Found multiple occurrences of org.json.JSONObject on the class path:

	jar:file:/C:/Users/Administrator/.m2/repository/com/vaadin/external/google/android-json/0.0.20131108.vaadin1/android-json-0.0.20131108.vaadin1.jar!/org/json/JSONObject.class
	jar:file:/C:/Users/Administrator/.m2/repository/org/json/json/20220320/json-20220320.jar!/org/json/JSONObject.class

You may wish to exclude one of them to ensure predictable runtime behavior

2025-07-08 11:57:19.286 [main] [traceId:] [userId:] WARN  com.alibaba.nacos.client.logging.NacosLogging - Load Logback Configuration of Nacos fail, message: Could not initialize Logback Nacos logging from classpath:nacos-logback.xml
2025-07-08 11:57:19.287 [main] [traceId:] [userId:] INFO  com.bgpay.bgai.controller.YamlDataDrivenApiTest - The following 2 profiles are active: "dev", "test"
2025-07-08 11:57:21.153 [main] [traceId:] [userId:] WARN  org.mybatis.spring.mapper.ClassPathMapperScanner - Skipping MapperFactoryBean with name 'fileTypeMapper' and 'com.bgpay.bgai.mapper.FileTypeMapper' mapperInterface. Bean already defined with the same name!
2025-07-08 11:57:21.153 [main] [traceId:] [userId:] WARN  org.mybatis.spring.mapper.ClassPathMapperScanner - Skipping MapperFactoryBean with name 'usageRecordMapper' and 'com.bgpay.bgai.mapper.UsageRecordMapper' mapperInterface. Bean already defined with the same name!
2025-07-08 11:57:24.126 [main] [traceId:] [userId:] INFO  com.bgpay.bgai.config.SeataDisableConfiguration - SeataDisableConfiguration已加载，Seata在测试环境中被禁用
2025-07-08 11:57:24.126 [main] [traceId:] [userId:] INFO  com.bgpay.bgai.config.SeataDisableConfiguration - 设置系统属性: seata.enabled=false, saga.enabled=false
2025-07-08 11:57:24.231 [main] [traceId:] [userId:] WARN  o.s.w.context.support.GenericWebApplicationContext - Exception encountered during context initialization - cancelling refresh attempt: org.springframework.beans.factory.UnsatisfiedDependencyException: Error creating bean with name 'redisConfig': Unsatisfied dependency expressed through field 'redisPort': Failed to convert value of type 'java.lang.String' to required type 'int'; For input string: "${spring.data.redis.port}"
2025-07-08 11:57:24.236 [main] [traceId:] [userId:] INFO  o.s.b.a.logging.ConditionEvaluationReportLogger - 

Error starting ApplicationContext. To display the condition evaluation report re-run your application with 'debug' enabled.
2025-07-08 11:57:24.260 [main] [traceId:] [userId:] ERROR org.springframework.boot.SpringApplication - Application run failed
org.springframework.beans.factory.UnsatisfiedDependencyException: Error creating bean with name 'redisConfig': Unsatisfied dependency expressed through field 'redisPort': Failed to convert value of type 'java.lang.String' to required type 'int'; For input string: "${spring.data.redis.port}"
	at org.springframework.beans.factory.annotation.AutowiredAnnotationBeanPostProcessor$AutowiredFieldElement.resolveFieldValue(AutowiredAnnotationBeanPostProcessor.java:787)
	at org.springframework.beans.factory.annotation.AutowiredAnnotationBeanPostProcessor$AutowiredFieldElement.inject(AutowiredAnnotationBeanPostProcessor.java:767)
	at org.springframework.beans.factory.annotation.InjectionMetadata.inject(InjectionMetadata.java:145)
	at org.springframework.beans.factory.annotation.AutowiredAnnotationBeanPostProcessor.postProcessProperties(AutowiredAnnotationBeanPostProcessor.java:508)
	at org.springframework.beans.factory.support.AbstractAutowireCapableBeanFactory.populateBean(AbstractAutowireCapableBeanFactory.java:1419)
	at org.springframework.beans.factory.support.AbstractAutowireCapableBeanFactory.doCreateBean(AbstractAutowireCapableBeanFactory.java:599)
	at org.springframework.beans.factory.support.AbstractAutowireCapableBeanFactory.createBean(AbstractAutowireCapableBeanFactory.java:522)
	at org.springframework.beans.factory.support.AbstractBeanFactory.lambda$doGetBean$0(AbstractBeanFactory.java:326)
	at org.springframework.beans.factory.support.DefaultSingletonBeanRegistry.getSingleton(DefaultSingletonBeanRegistry.java:234)
	at org.springframework.beans.factory.support.AbstractBeanFactory.doGetBean(AbstractBeanFactory.java:324)
	at org.springframework.beans.factory.support.AbstractBeanFactory.getBean(AbstractBeanFactory.java:200)
	at org.springframework.beans.factory.support.DefaultListableBeanFactory.preInstantiateSingletons(DefaultListableBeanFactory.java:975)
	at org.springframework.context.support.AbstractApplicationContext.finishBeanFactoryInitialization(AbstractApplicationContext.java:962)
	at org.springframework.context.support.AbstractApplicationContext.refresh(AbstractApplicationContext.java:624)
	at org.springframework.boot.SpringApplication.refresh(SpringApplication.java:754)
	at org.springframework.boot.SpringApplication.refreshContext(SpringApplication.java:456)
	at org.springframework.boot.SpringApplication.run(SpringApplication.java:334)
	at org.springframework.boot.test.context.SpringBootContextLoader.lambda$loadContext$3(SpringBootContextLoader.java:137)
	at org.springframework.util.function.ThrowingSupplier.get(ThrowingSupplier.java:58)
	at org.springframework.util.function.ThrowingSupplier.get(ThrowingSupplier.java:46)
	at org.springframework.boot.SpringApplication.withHook(SpringApplication.java:1454)
	at org.springframework.boot.test.context.SpringBootContextLoader$ContextLoaderHook.run(SpringBootContextLoader.java:553)
	at org.springframework.boot.test.context.SpringBootContextLoader.loadContext(SpringBootContextLoader.java:137)
	at org.springframework.boot.test.context.SpringBootContextLoader.loadContext(SpringBootContextLoader.java:108)
	at org.springframework.test.context.cache.DefaultCacheAwareContextLoaderDelegate.loadContextInternal(DefaultCacheAwareContextLoaderDelegate.java:225)
	at org.springframework.test.context.cache.DefaultCacheAwareContextLoaderDelegate.loadContext(DefaultCacheAwareContextLoaderDelegate.java:152)
	at org.springframework.test.context.support.DefaultTestContext.getApplicationContext(DefaultTestContext.java:130)
	at org.springframework.boot.test.mock.mockito.MockitoTestExecutionListener.postProcessFields(MockitoTestExecutionListener.java:122)
	at org.springframework.boot.test.mock.mockito.MockitoTestExecutionListener.injectFields(MockitoTestExecutionListener.java:106)
	at org.springframework.boot.test.mock.mockito.MockitoTestExecutionListener.prepareTestInstance(MockitoTestExecutionListener.java:63)
	at org.springframework.test.context.TestContextManager.prepareTestInstance(TestContextManager.java:260)
	at org.springframework.test.context.testng.AbstractTestNGSpringContextTests.springTestContextPrepareTestInstance(AbstractTestNGSpringContextTests.java:119)
	at java.base/jdk.internal.reflect.DirectMethodHandleAccessor.invoke(DirectMethodHandleAccessor.java:103)
	at java.base/java.lang.reflect.Method.invoke(Method.java:580)
	at org.testng.internal.MethodInvocationHelper.invokeMethod(MethodInvocationHelper.java:134)
	at org.testng.internal.MethodInvocationHelper.invokeMethodConsideringTimeout(MethodInvocationHelper.java:63)
	at org.testng.internal.ConfigInvoker.invokeConfigurationMethod(ConfigInvoker.java:348)
	at org.testng.internal.ConfigInvoker.invokeConfigurations(ConfigInvoker.java:302)
	at org.testng.internal.TestMethodWorker.invokeBeforeClassMethods(TestMethodWorker.java:176)
	at org.testng.internal.TestMethodWorker.run(TestMethodWorker.java:122)
	at java.base/java.util.ArrayList.forEach(ArrayList.java:1596)
	at org.testng.TestRunner.privateRun(TestRunner.java:766)
	at org.testng.TestRunner.run(TestRunner.java:587)
	at org.testng.SuiteRunner.runTest(SuiteRunner.java:384)
	at org.testng.SuiteRunner.runSequentially(SuiteRunner.java:378)
	at org.testng.SuiteRunner.privateRun(SuiteRunner.java:337)
	at org.testng.SuiteRunner.run(SuiteRunner.java:286)
	at org.testng.SuiteRunnerWorker.runSuite(SuiteRunnerWorker.java:53)
	at org.testng.SuiteRunnerWorker.run(SuiteRunnerWorker.java:96)
	at org.testng.TestNG.runSuitesSequentially(TestNG.java:1187)
	at org.testng.TestNG.runSuitesLocally(TestNG.java:1109)
	at org.testng.TestNG.runSuites(TestNG.java:1039)
	at org.testng.TestNG.run(TestNG.java:1007)
	at com.intellij.rt.testng.IDEARemoteTestNG.run(IDEARemoteTestNG.java:65)
	at com.intellij.rt.testng.RemoteTestNGStarter.main(RemoteTestNGStarter.java:105)
Caused by: org.springframework.beans.TypeMismatchException: Failed to convert value of type 'java.lang.String' to required type 'int'; For input string: "${spring.data.redis.port}"
	at org.springframework.beans.TypeConverterSupport.convertIfNecessary(TypeConverterSupport.java:87)
	at org.springframework.beans.TypeConverterSupport.convertIfNecessary(TypeConverterSupport.java:71)
	at org.springframework.beans.factory.support.DefaultListableBeanFactory.doResolveDependency(DefaultListableBeanFactory.java:1381)
	at org.springframework.beans.factory.support.DefaultListableBeanFactory.resolveDependency(DefaultListableBeanFactory.java:1353)
	at org.springframework.beans.factory.annotation.AutowiredAnnotationBeanPostProcessor$AutowiredFieldElement.resolveFieldValue(AutowiredAnnotationBeanPostProcessor.java:784)
	... 54 common frames omitted
Caused by: java.lang.NumberFormatException: For input string: "${spring.data.redis.port}"
	at java.base/java.lang.NumberFormatException.forInputString(NumberFormatException.java:67)
	at java.base/java.lang.Integer.parseInt(Integer.java:648)
	at java.base/java.lang.Integer.valueOf(Integer.java:989)
	at org.springframework.util.NumberUtils.parseNumber(NumberUtils.java:203)
	at org.springframework.beans.propertyeditors.CustomNumberEditor.setAsText(CustomNumberEditor.java:115)
	at org.springframework.beans.TypeConverterDelegate.doConvertTextValue(TypeConverterDelegate.java:439)
	at org.springframework.beans.TypeConverterDelegate.doConvertValue(TypeConverterDelegate.java:412)
	at org.springframework.beans.TypeConverterDelegate.convertIfNecessary(TypeConverterDelegate.java:161)
	at org.springframework.beans.TypeConverterSupport.convertIfNecessary(TypeConverterSupport.java:80)
	... 58 common frames omitted
2025-07-08 11:57:24.277 [main] [traceId:] [userId:] DEBUG org.springframework.test.context.cache - Spring test ApplicationContext cache statistics: [DefaultContextCache@29cbbff7 size = 0, maxSize = 32, parentContextCount = 0, hitCount = 0, missCount = 1, failureCount = 1]
2025-07-08 11:57:24.278 [main] [traceId:] [userId:] WARN  o.springframework.test.context.TestContextManager - Caught exception while allowing TestExecutionListener [org.springframework.boot.test.mock.mockito.MockitoTestExecutionListener] to prepare test instance [com.bgpay.bgai.controller.YamlDataDrivenApiTest@36c0d0bd]
java.lang.IllegalStateException: Failed to load ApplicationContext for [WebMergedContextConfiguration@df52b26 testClass = com.bgpay.bgai.controller.YamlDataDrivenApiTest, locations = [], classes = [com.bgpay.bgai.BgaiApplication], contextInitializerClasses = [], activeProfiles = ["test"], propertySourceDescriptors = [PropertySourceDescriptor[locations=[], ignoreResourceNotFound=false, name=null, propertySourceFactory=null, encoding=null]], propertySourceProperties = ["spring.main.allow-bean-definition-overriding=true", "seata.enabled=false", "saga.enabled=false", "seata.saga.state-machine.auto-register=false", "spring.cloud.loadbalancer.enabled=false", "spring.cloud.discovery.enabled=false", "spring.cloud.config.enabled=false", "spring.cloud.consul.enabled=false", "spring.cloud.gateway.enabled=false", "spring.cloud.circuitbreaker.enabled=false", "spring.main.web-application-type=servlet", "spring.validation.is-method-validation-bean-post-processor-enabled=false", "rocketmq.messageConsumer.enabled=false", "rocketmq.producer.enable=false", "rocketmq.name-server=8.133.246.113:9876", "rocketmq.producer.group=test-group", "spring.data.elasticsearch.repositories.enabled=false", "spring.elasticsearch.enabled=false", "spring.webflux.base-path=/api", "spring.autoconfigure.exclude=org.springframework.boot.autoconfigure.web.reactive.function.client.WebClientAutoConfiguration", "org.springframework.boot.test.autoconfigure.web.servlet.WebMvcTestContextBootstrapper=true"], contextCustomizers = [[ImportsContextCustomizer@3e590067 key = [com.bgpay.bgai.config.ReactiveWebMockConfig, org.springframework.boot.autoconfigure.task.TaskExecutionAutoConfiguration, org.springframework.boot.autoconfigure.cache.CacheAutoConfiguration, org.springframework.boot.autoconfigure.web.servlet.HttpEncodingAutoConfiguration, com.bgpay.bgai.config.EnhancedChatControllerMockConfig, org.springframework.boot.autoconfigure.context.MessageSourceAutoConfiguration, org.springframework.boot.autoconfigure.hateoas.HypermediaAutoConfiguration, org.springframework.boot.autoconfigure.data.web.SpringDataWebAutoConfiguration, org.springframework.boot.autoconfigure.jackson.JacksonAutoConfiguration, com.bgpay.bgai.config.ElasticsearchAutoConfigurationDisabler, org.springframework.boot.test.autoconfigure.web.reactive.WebTestClientAutoConfiguration, org.springframework.boot.autoconfigure.web.servlet.error.ErrorMvcAutoConfiguration, org.springframework.boot.test.autoconfigure.web.servlet.MockMvcAutoConfiguration, com.bgpay.bgai.config.FileTypeServiceMockConfig, org.springframework.boot.autoconfigure.security.servlet.SecurityFilterAutoConfiguration, org.springframework.boot.autoconfigure.http.HttpMessageConvertersAutoConfiguration, com.bgpay.bgai.config.WebClientBeanExclusionConfig, org.springframework.boot.autoconfigure.security.oauth2.client.servlet.OAuth2ClientAutoConfiguration, com.bgpay.bgai.config.ChatRecordRepositoryMockConfig, com.bgpay.bgai.config.WebClientAutoConfigurationExcluder, com.bgpay.bgai.config.WebClientTestConfig, com.bgpay.bgai.config.WebClientConfigMock, com.bgpay.bgai.config.RocketMQMockConfig, org.springframework.boot.test.autoconfigure.web.servlet.MockMvcSecurityConfiguration, com.bgpay.bgai.config.CacheWarmerMockConfig, org.springframework.boot.test.autoconfigure.web.servlet.MockMvcWebClientAutoConfiguration, com.bgpay.bgai.config.UnifiedEnvironmentConfig, org.springframework.boot.test.autoconfigure.web.servlet.MockMvcWebDriverAutoConfiguration, com.bgpay.bgai.config.WebClientTestOverrideConfig, org.springframework.boot.autoconfigure.thymeleaf.ThymeleafAutoConfiguration, com.bgpay.bgai.config.ElasticsearchMockConfig, com.bgpay.bgai.config.WebClientBuilderUnifier, com.bgpay.bgai.config.TestPropertySourceConfig, org.springframework.boot.autoconfigure.gson.GsonAutoConfiguration, org.springframework.boot.autoconfigure.jsonb.JsonbAutoConfiguration, com.bgpay.bgai.config.MockMvcTestConfig, com.bgpay.bgai.config.ChatWebFilterMockConfig, org.springframework.boot.autoconfigure.freemarker.FreeMarkerAutoConfiguration, org.springframework.boot.autoconfigure.web.servlet.WebMvcAutoConfiguration, com.bgpay.bgai.config.WebMvcAutoConfigurationDisabler, com.bgpay.bgai.config.WebClientConfigOverrideConfig, org.springframework.boot.autoconfigure.security.servlet.UserDetailsServiceAutoConfiguration, org.springframework.boot.autoconfigure.security.oauth2.resource.servlet.OAuth2ResourceServerAutoConfiguration, org.springframework.boot.autoconfigure.groovy.template.GroovyTemplateAutoConfiguration, com.bgpay.bgai.config.DeepSeekWebClientMockConfig, org.springframework.boot.autoconfigure.mustache.MustacheAutoConfiguration, com.bgpay.bgai.config.ExcludeMainWebClientConfig, com.bgpay.bgai.config.DataSourceAutoConfigurationDisabler]], org.springframework.boot.test.context.filter.ExcludeFilterContextCustomizer@6441c486, org.springframework.boot.test.json.DuplicateJsonObjectContextCustomizerFactory$DuplicateJsonObjectContextCustomizer@5b4d25e7, org.springframework.boot.test.mock.mockito.MockitoContextCustomizer@23b05020, org.springframework.boot.test.autoconfigure.OverrideAutoConfigurationContextCustomizerFactory$DisableAutoConfigurationContextCustomizer@68c87fc3, org.springframework.boot.test.autoconfigure.actuate.observability.ObservabilityContextCustomizerFactory$DisableObservabilityContextCustomizer@1f, org.springframework.boot.test.autoconfigure.filter.TypeExcludeFiltersContextCustomizer@2f2118f4, org.springframework.boot.test.autoconfigure.properties.PropertyMappingContextCustomizer@4e159f3, org.springframework.boot.test.autoconfigure.web.servlet.WebDriverContextCustomizer@27a7ef08, org.springframework.boot.test.context.SpringBootTestAnnotation@9d5e3e7e], resourceBasePath = "src/main/webapp", contextLoader = org.springframework.boot.test.context.SpringBootContextLoader, parent = null]
	at org.springframework.test.context.cache.DefaultCacheAwareContextLoaderDelegate.loadContext(DefaultCacheAwareContextLoaderDelegate.java:180)
	at org.springframework.test.context.support.DefaultTestContext.getApplicationContext(DefaultTestContext.java:130)
	at org.springframework.boot.test.mock.mockito.MockitoTestExecutionListener.postProcessFields(MockitoTestExecutionListener.java:122)
	at org.springframework.boot.test.mock.mockito.MockitoTestExecutionListener.injectFields(MockitoTestExecutionListener.java:106)
	at org.springframework.boot.test.mock.mockito.MockitoTestExecutionListener.prepareTestInstance(MockitoTestExecutionListener.java:63)
	at org.springframework.test.context.TestContextManager.prepareTestInstance(TestContextManager.java:260)
	at org.springframework.test.context.testng.AbstractTestNGSpringContextTests.springTestContextPrepareTestInstance(AbstractTestNGSpringContextTests.java:119)
	at java.base/jdk.internal.reflect.DirectMethodHandleAccessor.invoke(DirectMethodHandleAccessor.java:103)
	at java.base/java.lang.reflect.Method.invoke(Method.java:580)
	at org.testng.internal.MethodInvocationHelper.invokeMethod(MethodInvocationHelper.java:134)
	at org.testng.internal.MethodInvocationHelper.invokeMethodConsideringTimeout(MethodInvocationHelper.java:63)
	at org.testng.internal.ConfigInvoker.invokeConfigurationMethod(ConfigInvoker.java:348)
	at org.testng.internal.ConfigInvoker.invokeConfigurations(ConfigInvoker.java:302)
	at org.testng.internal.TestMethodWorker.invokeBeforeClassMethods(TestMethodWorker.java:176)
	at org.testng.internal.TestMethodWorker.run(TestMethodWorker.java:122)
	at java.base/java.util.ArrayList.forEach(ArrayList.java:1596)
	at org.testng.TestRunner.privateRun(TestRunner.java:766)
	at org.testng.TestRunner.run(TestRunner.java:587)
	at org.testng.SuiteRunner.runTest(SuiteRunner.java:384)
	at org.testng.SuiteRunner.runSequentially(SuiteRunner.java:378)
	at org.testng.SuiteRunner.privateRun(SuiteRunner.java:337)
	at org.testng.SuiteRunner.run(SuiteRunner.java:286)
	at org.testng.SuiteRunnerWorker.runSuite(SuiteRunnerWorker.java:53)
	at org.testng.SuiteRunnerWorker.run(SuiteRunnerWorker.java:96)
	at org.testng.TestNG.runSuitesSequentially(TestNG.java:1187)
	at org.testng.TestNG.runSuitesLocally(TestNG.java:1109)
	at org.testng.TestNG.runSuites(TestNG.java:1039)
	at org.testng.TestNG.run(TestNG.java:1007)
	at com.intellij.rt.testng.IDEARemoteTestNG.run(IDEARemoteTestNG.java:65)
	at com.intellij.rt.testng.RemoteTestNGStarter.main(RemoteTestNGStarter.java:105)
Caused by: org.springframework.beans.factory.UnsatisfiedDependencyException: Error creating bean with name 'redisConfig': Unsatisfied dependency expressed through field 'redisPort': Failed to convert value of type 'java.lang.String' to required type 'int'; For input string: "${spring.data.redis.port}"
	at org.springframework.beans.factory.annotation.AutowiredAnnotationBeanPostProcessor$AutowiredFieldElement.resolveFieldValue(AutowiredAnnotationBeanPostProcessor.java:787)
	at org.springframework.beans.factory.annotation.AutowiredAnnotationBeanPostProcessor$AutowiredFieldElement.inject(AutowiredAnnotationBeanPostProcessor.java:767)
	at org.springframework.beans.factory.annotation.InjectionMetadata.inject(InjectionMetadata.java:145)
	at org.springframework.beans.factory.annotation.AutowiredAnnotationBeanPostProcessor.postProcessProperties(AutowiredAnnotationBeanPostProcessor.java:508)
	at org.springframework.beans.factory.support.AbstractAutowireCapableBeanFactory.populateBean(AbstractAutowireCapableBeanFactory.java:1419)
	at org.springframework.beans.factory.support.AbstractAutowireCapableBeanFactory.doCreateBean(AbstractAutowireCapableBeanFactory.java:599)
	at org.springframework.beans.factory.support.AbstractAutowireCapableBeanFactory.createBean(AbstractAutowireCapableBeanFactory.java:522)
	at org.springframework.beans.factory.support.AbstractBeanFactory.lambda$doGetBean$0(AbstractBeanFactory.java:326)
	at org.springframework.beans.factory.support.DefaultSingletonBeanRegistry.getSingleton(DefaultSingletonBeanRegistry.java:234)
	at org.springframework.beans.factory.support.AbstractBeanFactory.doGetBean(AbstractBeanFactory.java:324)
	at org.springframework.beans.factory.support.AbstractBeanFactory.getBean(AbstractBeanFactory.java:200)
	at org.springframework.beans.factory.support.DefaultListableBeanFactory.preInstantiateSingletons(DefaultListableBeanFactory.java:975)
	at org.springframework.context.support.AbstractApplicationContext.finishBeanFactoryInitialization(AbstractApplicationContext.java:962)
	at org.springframework.context.support.AbstractApplicationContext.refresh(AbstractApplicationContext.java:624)
	at org.springframework.boot.SpringApplication.refresh(SpringApplication.java:754)
	at org.springframework.boot.SpringApplication.refreshContext(SpringApplication.java:456)
	at org.springframework.boot.SpringApplication.run(SpringApplication.java:334)
	at org.springframework.boot.test.context.SpringBootContextLoader.lambda$loadContext$3(SpringBootContextLoader.java:137)
	at org.springframework.util.function.ThrowingSupplier.get(ThrowingSupplier.java:58)
	at org.springframework.util.function.ThrowingSupplier.get(ThrowingSupplier.java:46)
	at org.springframework.boot.SpringApplication.withHook(SpringApplication.java:1454)
	at org.springframework.boot.test.context.SpringBootContextLoader$ContextLoaderHook.run(SpringBootContextLoader.java:553)
	at org.springframework.boot.test.context.SpringBootContextLoader.loadContext(SpringBootContextLoader.java:137)
	at org.springframework.boot.test.context.SpringBootContextLoader.loadContext(SpringBootContextLoader.java:108)
	at org.springframework.test.context.cache.DefaultCacheAwareContextLoaderDelegate.loadContextInternal(DefaultCacheAwareContextLoaderDelegate.java:225)
	at org.springframework.test.context.cache.DefaultCacheAwareContextLoaderDelegate.loadContext(DefaultCacheAwareContextLoaderDelegate.java:152)
	... 29 common frames omitted
Caused by: org.springframework.beans.TypeMismatchException: Failed to convert value of type 'java.lang.String' to required type 'int'; For input string: "${spring.data.redis.port}"
	at org.springframework.beans.TypeConverterSupport.convertIfNecessary(TypeConverterSupport.java:87)
	at org.springframework.beans.TypeConverterSupport.convertIfNecessary(TypeConverterSupport.java:71)
	at org.springframework.beans.factory.support.DefaultListableBeanFactory.doResolveDependency(DefaultListableBeanFactory.java:1381)
	at org.springframework.beans.factory.support.DefaultListableBeanFactory.resolveDependency(DefaultListableBeanFactory.java:1353)
	at org.springframework.beans.factory.annotation.AutowiredAnnotationBeanPostProcessor$AutowiredFieldElement.resolveFieldValue(AutowiredAnnotationBeanPostProcessor.java:784)
	... 54 common frames omitted
Caused by: java.lang.NumberFormatException: For input string: "${spring.data.redis.port}"
	at java.base/java.lang.NumberFormatException.forInputString(NumberFormatException.java:67)
	at java.base/java.lang.Integer.parseInt(Integer.java:648)
	at java.base/java.lang.Integer.valueOf(Integer.java:989)
	at org.springframework.util.NumberUtils.parseNumber(NumberUtils.java:203)
	at org.springframework.beans.propertyeditors.CustomNumberEditor.setAsText(CustomNumberEditor.java:115)
	at org.springframework.beans.TypeConverterDelegate.doConvertTextValue(TypeConverterDelegate.java:439)
	at org.springframework.beans.TypeConverterDelegate.doConvertValue(TypeConverterDelegate.java:412)
	at org.springframework.beans.TypeConverterDelegate.convertIfNecessary(TypeConverterDelegate.java:161)
	at org.springframework.beans.TypeConverterSupport.convertIfNecessary(TypeConverterSupport.java:80)
	... 58 common frames omitted
2025-07-08 11:57:24.476 [main] [traceId:] [userId:] INFO  com.bgpay.bgai.base.YamlDataProvider - 从YAML文件加载测试数据: src/test/resources/test-data/YamlDataDrivenApiTest/testLogin.yml
2025-07-08 11:57:24.477 [main] [traceId:] [userId:] WARN  com.bgpay.bgai.base.YamlDataProvider - YAML文件不存在: src/test/resources/test-data/YamlDataDrivenApiTest/testLogin.yml
2025-07-08 11:57:24.486 [main] [traceId:] [userId:] DEBUG o.s.t.c.s.DirtiesContextTestExecutionListener - After test class: class [YamlDataDrivenApiTest], class annotated with @DirtiesContext [false] with mode [null]
2025-07-08 11:57:24.507 [Thread-2] [traceId:] [userId:] WARN  c.alibaba.nacos.common.http.HttpClientBeanHolder - [HttpClientBeanHolder] Start destroying common HttpClient
2025-07-08 11:57:24.507 [Thread-9] [traceId:] [userId:] WARN  com.alibaba.nacos.common.notify.NotifyCenter - [NotifyCenter] Start destroying Publisher
2025-07-08 11:57:24.507 [Thread-9] [traceId:] [userId:] WARN  com.alibaba.nacos.common.notify.NotifyCenter - [NotifyCenter] Destruction of the end
2025-07-08 11:57:24.508 [Thread-2] [traceId:] [userId:] WARN  c.alibaba.nacos.common.http.HttpClientBeanHolder - [HttpClientBeanHolder] Destruction of the end
2025-07-08 12:03:24.409 [main] [traceId:] [userId:] WARN  com.alibaba.nacos.client.logging.NacosLogging - Load Logback Configuration of Nacos fail, message: Could not initialize Logback Nacos logging from classpath:nacos-logback.xml
2025-07-08 12:03:24.479 [main] [traceId:] [userId:] WARN  com.alibaba.nacos.client.logging.NacosLogging - Load Logback Configuration of Nacos fail, message: Could not initialize Logback Nacos logging from classpath:nacos-logback.xml
2025-07-08 12:03:24.724 [main] [traceId:] [userId:] WARN  com.alibaba.nacos.client.logging.NacosLogging - Load Logback Configuration of Nacos fail, message: Could not initialize Logback Nacos logging from classpath:nacos-logback.xml
2025-07-08 12:03:24.726 [main] [traceId:] [userId:] INFO  com.alibaba.nacos.client.utils.ParamUtil - [settings] [req-serv] nacos-server port:8848
2025-07-08 12:03:24.727 [main] [traceId:] [userId:] INFO  com.alibaba.nacos.client.utils.ParamUtil - [settings] [http-client] connect timeout:1000
2025-07-08 12:03:24.728 [main] [traceId:] [userId:] INFO  com.alibaba.nacos.client.utils.ParamUtil - PER_TASK_CONFIG_SIZE: 3000.0
2025-07-08 12:03:24.811 [main] [traceId:] [userId:] INFO  c.a.n.p.auth.spi.client.ClientAuthPluginManager - [ClientAuthPluginManager] Load ClientAuthService com.alibaba.nacos.client.auth.impl.NacosClientAuthServiceImpl success.
2025-07-08 12:03:24.812 [main] [traceId:] [userId:] INFO  c.a.n.p.auth.spi.client.ClientAuthPluginManager - [ClientAuthPluginManager] Load ClientAuthService com.alibaba.nacos.client.auth.ram.RamClientAuthServiceImpl success.
2025-07-08 12:03:24.817 [main] [traceId:] [userId:] INFO  c.a.n.client.auth.ram.identify.CredentialWatcher - null No credential found
2025-07-08 12:03:25.073 [main] [traceId:] [userId:] WARN  com.alibaba.nacos.client.logging.NacosLogging - Load Logback Configuration of Nacos fail, message: Could not initialize Logback Nacos logging from classpath:nacos-logback.xml
2025-07-08 12:03:25.999 [main] [traceId:] [userId:] WARN  c.a.cloud.nacos.client.NacosPropertySourceBuilder - Ignore the empty nacos configuration and get it based on dataId[common-dev.yaml] & group[DEFAULT_GROUP]
2025-07-08 12:03:26.022 [main] [traceId:] [userId:] WARN  c.a.cloud.nacos.client.NacosPropertySourceBuilder - Ignore the empty nacos configuration and get it based on dataId[bgtech-ai] & group[DEFAULT_GROUP]
2025-07-08 12:03:26.033 [main] [traceId:] [userId:] WARN  c.a.cloud.nacos.client.NacosPropertySourceBuilder - Ignore the empty nacos configuration and get it based on dataId[bgtech-ai.yaml] & group[DEFAULT_GROUP]
2025-07-08 12:03:26.044 [main] [traceId:] [userId:] WARN  c.a.cloud.nacos.client.NacosPropertySourceBuilder - Ignore the empty nacos configuration and get it based on dataId[bgtech-ai-test.yaml] & group[DEFAULT_GROUP]
2025-07-08 12:03:26.045 [main] [traceId:] [userId:] INFO  o.s.c.b.c.PropertySourceBootstrapConfiguration - Located property source: [BootstrapPropertySource {name='bootstrapProperties-bgtech-ai-test.yaml,DEFAULT_GROUP'}, BootstrapPropertySource {name='bootstrapProperties-bgtech-ai.yaml,DEFAULT_GROUP'}, BootstrapPropertySource {name='bootstrapProperties-bgtech-ai,DEFAULT_GROUP'}, BootstrapPropertySource {name='bootstrapProperties-common-dev.yaml,DEFAULT_GROUP'}]
2025-07-08 12:03:26.084 [main] [traceId:] [userId:] WARN  o.s.b.t.j.DuplicateJsonObjectContextCustomizerFactory$DuplicateJsonObjectContextCustomizer - 

Found multiple occurrences of org.json.JSONObject on the class path:

	jar:file:/C:/Users/Administrator/.m2/repository/com/vaadin/external/google/android-json/0.0.20131108.vaadin1/android-json-0.0.20131108.vaadin1.jar!/org/json/JSONObject.class
	jar:file:/C:/Users/Administrator/.m2/repository/org/json/json/20220320/json-20220320.jar!/org/json/JSONObject.class

You may wish to exclude one of them to ensure predictable runtime behavior

2025-07-08 12:03:26.089 [main] [traceId:] [userId:] WARN  com.alibaba.nacos.client.logging.NacosLogging - Load Logback Configuration of Nacos fail, message: Could not initialize Logback Nacos logging from classpath:nacos-logback.xml
2025-07-08 12:03:26.090 [main] [traceId:] [userId:] INFO  com.bgpay.bgai.controller.YamlDataDrivenApiTest - The following 2 profiles are active: "dev", "test"
2025-07-08 12:03:28.205 [main] [traceId:] [userId:] WARN  org.mybatis.spring.mapper.ClassPathMapperScanner - Skipping MapperFactoryBean with name 'fileTypeMapper' and 'com.bgpay.bgai.mapper.FileTypeMapper' mapperInterface. Bean already defined with the same name!
2025-07-08 12:03:28.205 [main] [traceId:] [userId:] WARN  org.mybatis.spring.mapper.ClassPathMapperScanner - Skipping MapperFactoryBean with name 'usageRecordMapper' and 'com.bgpay.bgai.mapper.UsageRecordMapper' mapperInterface. Bean already defined with the same name!
2025-07-08 12:03:31.137 [main] [traceId:] [userId:] INFO  com.bgpay.bgai.config.SeataDisableConfiguration - SeataDisableConfiguration已加载，Seata在测试环境中被禁用
2025-07-08 12:03:31.137 [main] [traceId:] [userId:] INFO  com.bgpay.bgai.config.SeataDisableConfiguration - 设置系统属性: seata.enabled=false, saga.enabled=false
2025-07-08 12:03:31.262 [main] [traceId:] [userId:] INFO  c.bgpay.bgai.config.NacosRouteDefinitionRepository - 初始化Nacos路由定义存储库
2025-07-08 12:03:31.488 [main] [traceId:] [userId:] WARN  c.bgpay.bgai.config.NacosRouteDefinitionRepository - Nacos中未找到路由定义配置
2025-07-08 12:03:31.507 [main] [traceId:] [userId:] INFO  c.bgpay.bgai.service.impl.DynamicRouteServiceImpl - 初始化动态路由服务
2025-07-08 12:03:31.706 [main] [traceId:] [userId:] WARN  c.bgpay.bgai.service.impl.DynamicRouteServiceImpl - Nacos中没有找到路由配置，使用默认配置
2025-07-08 12:03:31.707 [main] [traceId:] [userId:] INFO  c.bgpay.bgai.service.impl.DynamicRouteServiceImpl - 注册Nacos配置监听器成功
2025-07-08 12:03:31.715 [main] [traceId:] [userId:] INFO  com.bgpay.bgai.config.NacosRouteConfigListener - 初始化Nacos路由配置监听器
2025-07-08 12:03:31.910 [main] [traceId:] [userId:] WARN  com.bgpay.bgai.config.NacosRouteConfigListener - Nacos中未找到路由配置数据
2025-07-08 12:03:32.231 [main] [traceId:] [userId:] WARN  o.s.w.context.support.GenericWebApplicationContext - Exception encountered during context initialization - cancelling refresh attempt: org.springframework.beans.factory.UnsatisfiedDependencyException: Error creating bean with name 'feignDemoController' defined in file [E:\project\bgai\target\classes\com\bgpay\bgai\controller\FeignDemoController.class]: Unsatisfied dependency expressed through constructor parameter 0: No qualifying bean of type 'com.bgpay.bgai.feign.UserServiceClient' available: expected at least 1 bean which qualifies as autowire candidate. Dependency annotations: {}
2025-07-08 12:03:32.231 [main] [traceId:] [userId:] INFO  c.bgpay.bgai.service.impl.DynamicRouteServiceImpl - 动态路由服务关闭，执行清理操作
2025-07-08 12:03:32.236 [main] [traceId:] [userId:] INFO  o.s.b.a.logging.ConditionEvaluationReportLogger - 

Error starting ApplicationContext. To display the condition evaluation report re-run your application with 'debug' enabled.
2025-07-08 12:03:32.263 [main] [traceId:] [userId:] ERROR o.s.b.diagnostics.LoggingFailureAnalysisReporter - 

***************************
APPLICATION FAILED TO START
***************************

Description:

Parameter 0 of constructor in com.bgpay.bgai.controller.FeignDemoController required a bean of type 'com.bgpay.bgai.feign.UserServiceClient' that could not be found.


Action:

Consider defining a bean of type 'com.bgpay.bgai.feign.UserServiceClient' in your configuration.

2025-07-08 12:03:32.275 [main] [traceId:] [userId:] DEBUG org.springframework.test.context.cache - Spring test ApplicationContext cache statistics: [DefaultContextCache@371dc46e size = 0, maxSize = 32, parentContextCount = 0, hitCount = 0, missCount = 1, failureCount = 1]
2025-07-08 12:03:32.275 [main] [traceId:] [userId:] WARN  o.springframework.test.context.TestContextManager - Caught exception while allowing TestExecutionListener [org.springframework.boot.test.mock.mockito.MockitoTestExecutionListener] to prepare test instance [com.bgpay.bgai.controller.YamlDataDrivenApiTest@859ea42]
java.lang.IllegalStateException: Failed to load ApplicationContext for [WebMergedContextConfiguration@475534d1 testClass = com.bgpay.bgai.controller.YamlDataDrivenApiTest, locations = [], classes = [com.bgpay.bgai.BgaiApplication], contextInitializerClasses = [], activeProfiles = ["test"], propertySourceDescriptors = [PropertySourceDescriptor[locations=[], ignoreResourceNotFound=false, name=null, propertySourceFactory=null, encoding=null]], propertySourceProperties = ["spring.main.allow-bean-definition-overriding=true", "seata.enabled=false", "saga.enabled=false", "seata.saga.state-machine.auto-register=false", "spring.cloud.loadbalancer.enabled=false", "spring.cloud.discovery.enabled=false", "spring.cloud.config.enabled=false", "spring.cloud.consul.enabled=false", "spring.cloud.gateway.enabled=false", "spring.cloud.circuitbreaker.enabled=false", "spring.main.web-application-type=servlet", "spring.validation.is-method-validation-bean-post-processor-enabled=false", "rocketmq.messageConsumer.enabled=false", "rocketmq.producer.enable=false", "rocketmq.name-server=8.133.246.113:9876", "rocketmq.producer.group=test-group", "spring.data.elasticsearch.repositories.enabled=false", "spring.elasticsearch.enabled=false", "spring.webflux.base-path=/api", "spring.autoconfigure.exclude=org.springframework.boot.autoconfigure.web.reactive.function.client.WebClientAutoConfiguration", "org.springframework.boot.test.autoconfigure.web.servlet.WebMvcTestContextBootstrapper=true"], contextCustomizers = [[ImportsContextCustomizer@4cf2b47a key = [org.springframework.boot.autoconfigure.task.TaskExecutionAutoConfiguration, org.springframework.boot.autoconfigure.context.MessageSourceAutoConfiguration, org.springframework.boot.autoconfigure.hateoas.HypermediaAutoConfiguration, com.bgpay.bgai.config.ElasticsearchAutoConfigurationDisabler, org.springframework.boot.test.autoconfigure.web.servlet.MockMvcAutoConfiguration, com.bgpay.bgai.config.FileTypeServiceMockConfig, com.bgpay.bgai.config.RedisAutoConfigurationDisabler, com.bgpay.bgai.config.WebClientBeanExclusionConfig, org.springframework.boot.autoconfigure.security.oauth2.client.servlet.OAuth2ClientAutoConfiguration, com.bgpay.bgai.config.WebClientTestConfig, com.bgpay.bgai.config.RocketMQMockConfig, com.bgpay.bgai.config.UnifiedEnvironmentConfig, org.springframework.boot.test.autoconfigure.web.servlet.MockMvcWebDriverAutoConfiguration, com.bgpay.bgai.config.WebClientTestOverrideConfig, com.bgpay.bgai.config.ElasticsearchMockConfig, com.bgpay.bgai.config.WebClientBuilderUnifier, org.springframework.boot.autoconfigure.jsonb.JsonbAutoConfiguration, com.bgpay.bgai.config.MockMvcTestConfig, com.bgpay.bgai.config.ChatWebFilterMockConfig, com.bgpay.bgai.config.WebMvcAutoConfigurationDisabler, org.springframework.boot.autoconfigure.security.servlet.UserDetailsServiceAutoConfiguration, org.springframework.boot.autoconfigure.security.oauth2.resource.servlet.OAuth2ResourceServerAutoConfiguration, org.springframework.boot.autoconfigure.groovy.template.GroovyTemplateAutoConfiguration, com.bgpay.bgai.config.DeepSeekWebClientMockConfig, org.springframework.boot.autoconfigure.mustache.MustacheAutoConfiguration, com.bgpay.bgai.config.ExcludeMainWebClientConfig, com.bgpay.bgai.config.DataSourceAutoConfigurationDisabler, com.bgpay.bgai.config.ReactiveWebMockConfig, org.springframework.boot.autoconfigure.cache.CacheAutoConfiguration, org.springframework.boot.autoconfigure.web.servlet.HttpEncodingAutoConfiguration, com.bgpay.bgai.config.EnhancedChatControllerMockConfig, org.springframework.boot.autoconfigure.data.web.SpringDataWebAutoConfiguration, org.springframework.boot.autoconfigure.jackson.JacksonAutoConfiguration, org.springframework.boot.test.autoconfigure.web.reactive.WebTestClientAutoConfiguration, org.springframework.boot.autoconfigure.web.servlet.error.ErrorMvcAutoConfiguration, org.springframework.boot.autoconfigure.security.servlet.SecurityFilterAutoConfiguration, org.springframework.boot.autoconfigure.http.HttpMessageConvertersAutoConfiguration, com.bgpay.bgai.config.ChatRecordRepositoryMockConfig, com.bgpay.bgai.config.WebClientAutoConfigurationExcluder, com.bgpay.bgai.config.WebClientConfigMock, org.springframework.boot.test.autoconfigure.web.servlet.MockMvcSecurityConfiguration, com.bgpay.bgai.config.CacheWarmerMockConfig, org.springframework.boot.test.autoconfigure.web.servlet.MockMvcWebClientAutoConfiguration, org.springframework.boot.autoconfigure.thymeleaf.ThymeleafAutoConfiguration, com.bgpay.bgai.config.TestPropertySourceConfig, org.springframework.boot.autoconfigure.gson.GsonAutoConfiguration, org.springframework.boot.autoconfigure.freemarker.FreeMarkerAutoConfiguration, org.springframework.boot.autoconfigure.web.servlet.WebMvcAutoConfiguration, com.bgpay.bgai.config.WebClientConfigOverrideConfig]], org.springframework.boot.test.context.filter.ExcludeFilterContextCustomizer@31c2affc, org.springframework.boot.test.json.DuplicateJsonObjectContextCustomizerFactory$DuplicateJsonObjectContextCustomizer@58d63b16, org.springframework.boot.test.mock.mockito.MockitoContextCustomizer@671aa04, org.springframework.boot.test.autoconfigure.OverrideAutoConfigurationContextCustomizerFactory$DisableAutoConfigurationContextCustomizer@6d9fb2d1, org.springframework.boot.test.autoconfigure.actuate.observability.ObservabilityContextCustomizerFactory$DisableObservabilityContextCustomizer@1f, org.springframework.boot.test.autoconfigure.filter.TypeExcludeFiltersContextCustomizer@ceb1c019, org.springframework.boot.test.autoconfigure.properties.PropertyMappingContextCustomizer@2f43ec77, org.springframework.boot.test.autoconfigure.web.servlet.WebDriverContextCustomizer@289778cd, org.springframework.boot.test.context.SpringBootTestAnnotation@d3137d08], resourceBasePath = "src/main/webapp", contextLoader = org.springframework.boot.test.context.SpringBootContextLoader, parent = null]
	at org.springframework.test.context.cache.DefaultCacheAwareContextLoaderDelegate.loadContext(DefaultCacheAwareContextLoaderDelegate.java:180)
	at org.springframework.test.context.support.DefaultTestContext.getApplicationContext(DefaultTestContext.java:130)
	at org.springframework.boot.test.mock.mockito.MockitoTestExecutionListener.postProcessFields(MockitoTestExecutionListener.java:122)
	at org.springframework.boot.test.mock.mockito.MockitoTestExecutionListener.injectFields(MockitoTestExecutionListener.java:106)
	at org.springframework.boot.test.mock.mockito.MockitoTestExecutionListener.prepareTestInstance(MockitoTestExecutionListener.java:63)
	at org.springframework.test.context.TestContextManager.prepareTestInstance(TestContextManager.java:260)
	at org.springframework.test.context.testng.AbstractTestNGSpringContextTests.springTestContextPrepareTestInstance(AbstractTestNGSpringContextTests.java:119)
	at java.base/jdk.internal.reflect.DirectMethodHandleAccessor.invoke(DirectMethodHandleAccessor.java:103)
	at java.base/java.lang.reflect.Method.invoke(Method.java:580)
	at org.testng.internal.MethodInvocationHelper.invokeMethod(MethodInvocationHelper.java:134)
	at org.testng.internal.MethodInvocationHelper.invokeMethodConsideringTimeout(MethodInvocationHelper.java:63)
	at org.testng.internal.ConfigInvoker.invokeConfigurationMethod(ConfigInvoker.java:348)
	at org.testng.internal.ConfigInvoker.invokeConfigurations(ConfigInvoker.java:302)
	at org.testng.internal.TestMethodWorker.invokeBeforeClassMethods(TestMethodWorker.java:176)
	at org.testng.internal.TestMethodWorker.run(TestMethodWorker.java:122)
	at java.base/java.util.ArrayList.forEach(ArrayList.java:1596)
	at org.testng.TestRunner.privateRun(TestRunner.java:766)
	at org.testng.TestRunner.run(TestRunner.java:587)
	at org.testng.SuiteRunner.runTest(SuiteRunner.java:384)
	at org.testng.SuiteRunner.runSequentially(SuiteRunner.java:378)
	at org.testng.SuiteRunner.privateRun(SuiteRunner.java:337)
	at org.testng.SuiteRunner.run(SuiteRunner.java:286)
	at org.testng.SuiteRunnerWorker.runSuite(SuiteRunnerWorker.java:53)
	at org.testng.SuiteRunnerWorker.run(SuiteRunnerWorker.java:96)
	at org.testng.TestNG.runSuitesSequentially(TestNG.java:1187)
	at org.testng.TestNG.runSuitesLocally(TestNG.java:1109)
	at org.testng.TestNG.runSuites(TestNG.java:1039)
	at org.testng.TestNG.run(TestNG.java:1007)
	at com.intellij.rt.testng.IDEARemoteTestNG.run(IDEARemoteTestNG.java:65)
	at com.intellij.rt.testng.RemoteTestNGStarter.main(RemoteTestNGStarter.java:105)
Caused by: org.springframework.beans.factory.UnsatisfiedDependencyException: Error creating bean with name 'feignDemoController' defined in file [E:\project\bgai\target\classes\com\bgpay\bgai\controller\FeignDemoController.class]: Unsatisfied dependency expressed through constructor parameter 0: No qualifying bean of type 'com.bgpay.bgai.feign.UserServiceClient' available: expected at least 1 bean which qualifies as autowire candidate. Dependency annotations: {}
	at org.springframework.beans.factory.support.ConstructorResolver.createArgumentArray(ConstructorResolver.java:795)
	at org.springframework.beans.factory.support.ConstructorResolver.autowireConstructor(ConstructorResolver.java:237)
	at org.springframework.beans.factory.support.AbstractAutowireCapableBeanFactory.autowireConstructor(AbstractAutowireCapableBeanFactory.java:1355)
	at org.springframework.beans.factory.support.AbstractAutowireCapableBeanFactory.createBeanInstance(AbstractAutowireCapableBeanFactory.java:1192)
	at org.springframework.beans.factory.support.AbstractAutowireCapableBeanFactory.doCreateBean(AbstractAutowireCapableBeanFactory.java:562)
	at org.springframework.beans.factory.support.AbstractAutowireCapableBeanFactory.createBean(AbstractAutowireCapableBeanFactory.java:522)
	at org.springframework.beans.factory.support.AbstractBeanFactory.lambda$doGetBean$0(AbstractBeanFactory.java:326)
	at org.springframework.beans.factory.support.DefaultSingletonBeanRegistry.getSingleton(DefaultSingletonBeanRegistry.java:234)
	at org.springframework.beans.factory.support.AbstractBeanFactory.doGetBean(AbstractBeanFactory.java:324)
	at org.springframework.beans.factory.support.AbstractBeanFactory.getBean(AbstractBeanFactory.java:200)
	at org.springframework.beans.factory.support.DefaultListableBeanFactory.preInstantiateSingletons(DefaultListableBeanFactory.java:975)
	at org.springframework.context.support.AbstractApplicationContext.finishBeanFactoryInitialization(AbstractApplicationContext.java:962)
	at org.springframework.context.support.AbstractApplicationContext.refresh(AbstractApplicationContext.java:624)
	at org.springframework.boot.SpringApplication.refresh(SpringApplication.java:754)
	at org.springframework.boot.SpringApplication.refreshContext(SpringApplication.java:456)
	at org.springframework.boot.SpringApplication.run(SpringApplication.java:334)
	at org.springframework.boot.test.context.SpringBootContextLoader.lambda$loadContext$3(SpringBootContextLoader.java:137)
	at org.springframework.util.function.ThrowingSupplier.get(ThrowingSupplier.java:58)
	at org.springframework.util.function.ThrowingSupplier.get(ThrowingSupplier.java:46)
	at org.springframework.boot.SpringApplication.withHook(SpringApplication.java:1454)
	at org.springframework.boot.test.context.SpringBootContextLoader$ContextLoaderHook.run(SpringBootContextLoader.java:553)
	at org.springframework.boot.test.context.SpringBootContextLoader.loadContext(SpringBootContextLoader.java:137)
	at org.springframework.boot.test.context.SpringBootContextLoader.loadContext(SpringBootContextLoader.java:108)
	at org.springframework.test.context.cache.DefaultCacheAwareContextLoaderDelegate.loadContextInternal(DefaultCacheAwareContextLoaderDelegate.java:225)
	at org.springframework.test.context.cache.DefaultCacheAwareContextLoaderDelegate.loadContext(DefaultCacheAwareContextLoaderDelegate.java:152)
	... 29 common frames omitted
Caused by: org.springframework.beans.factory.NoSuchBeanDefinitionException: No qualifying bean of type 'com.bgpay.bgai.feign.UserServiceClient' available: expected at least 1 bean which qualifies as autowire candidate. Dependency annotations: {}
	at org.springframework.beans.factory.support.DefaultListableBeanFactory.raiseNoMatchingBeanFound(DefaultListableBeanFactory.java:1880)
	at org.springframework.beans.factory.support.DefaultListableBeanFactory.doResolveDependency(DefaultListableBeanFactory.java:1406)
	at org.springframework.beans.factory.support.DefaultListableBeanFactory.resolveDependency(DefaultListableBeanFactory.java:1353)
	at org.springframework.beans.factory.support.ConstructorResolver.resolveAutowiredArgument(ConstructorResolver.java:904)
	at org.springframework.beans.factory.support.ConstructorResolver.createArgumentArray(ConstructorResolver.java:782)
	... 53 common frames omitted
2025-07-08 12:03:32.395 [main] [traceId:] [userId:] INFO  com.bgpay.bgai.base.YamlDataProvider - 从YAML文件加载测试数据: src/test/resources/test-data/YamlDataDrivenApiTest/testLogin.yml
2025-07-08 12:03:32.395 [main] [traceId:] [userId:] WARN  com.bgpay.bgai.base.YamlDataProvider - YAML文件不存在: src/test/resources/test-data/YamlDataDrivenApiTest/testLogin.yml
2025-07-08 12:03:32.405 [main] [traceId:] [userId:] DEBUG o.s.t.c.s.DirtiesContextTestExecutionListener - After test class: class [YamlDataDrivenApiTest], class annotated with @DirtiesContext [false] with mode [null]
2025-07-08 12:03:32.422 [Thread-9] [traceId:] [userId:] WARN  com.alibaba.nacos.common.notify.NotifyCenter - [NotifyCenter] Start destroying Publisher
2025-07-08 12:03:32.422 [Thread-2] [traceId:] [userId:] WARN  c.alibaba.nacos.common.http.HttpClientBeanHolder - [HttpClientBeanHolder] Start destroying common HttpClient
2025-07-08 12:03:32.422 [Thread-9] [traceId:] [userId:] WARN  com.alibaba.nacos.common.notify.NotifyCenter - [NotifyCenter] Destruction of the end
2025-07-08 12:03:32.423 [Thread-2] [traceId:] [userId:] WARN  c.alibaba.nacos.common.http.HttpClientBeanHolder - [HttpClientBeanHolder] Destruction of the end
2025-07-08 12:05:05.171 [main] [traceId:] [userId:] WARN  com.alibaba.nacos.client.logging.NacosLogging - Load Logback Configuration of Nacos fail, message: Could not initialize Logback Nacos logging from classpath:nacos-logback.xml
2025-07-08 12:05:05.235 [main] [traceId:] [userId:] WARN  com.alibaba.nacos.client.logging.NacosLogging - Load Logback Configuration of Nacos fail, message: Could not initialize Logback Nacos logging from classpath:nacos-logback.xml
2025-07-08 12:05:05.587 [main] [traceId:] [userId:] WARN  com.alibaba.nacos.client.logging.NacosLogging - Load Logback Configuration of Nacos fail, message: Could not initialize Logback Nacos logging from classpath:nacos-logback.xml
2025-07-08 12:05:05.607 [main] [traceId:] [userId:] WARN  o.s.b.t.j.DuplicateJsonObjectContextCustomizerFactory$DuplicateJsonObjectContextCustomizer - 

Found multiple occurrences of org.json.JSONObject on the class path:

	jar:file:/C:/Users/Administrator/.m2/repository/com/vaadin/external/google/android-json/0.0.20131108.vaadin1/android-json-0.0.20131108.vaadin1.jar!/org/json/JSONObject.class
	jar:file:/C:/Users/Administrator/.m2/repository/org/json/json/20220320/json-20220320.jar!/org/json/JSONObject.class

You may wish to exclude one of them to ensure predictable runtime behavior

2025-07-08 12:05:05.612 [main] [traceId:] [userId:] WARN  com.alibaba.nacos.client.logging.NacosLogging - Load Logback Configuration of Nacos fail, message: Could not initialize Logback Nacos logging from classpath:nacos-logback.xml
2025-07-08 12:05:05.613 [main] [traceId:] [userId:] INFO  com.bgpay.bgai.controller.IsolatedTestCase - The following 1 profile is active: "test"
2025-07-08 12:05:05.817 [main] [traceId:] [userId:] WARN  o.s.b.w.r.c.GenericReactiveWebApplicationContext - Exception encountered during context initialization - cancelling refresh attempt: java.lang.IllegalStateException: Unable to read meta-data for class -org.apache.rocketmq.spring.autoconfigure.ListenerContainerConfiguration
2025-07-08 12:05:05.823 [main] [traceId:] [userId:] INFO  o.s.b.a.logging.ConditionEvaluationReportLogger - 

Error starting ApplicationContext. To display the condition evaluation report re-run your application with 'debug' enabled.
2025-07-08 12:05:05.847 [main] [traceId:] [userId:] ERROR org.springframework.boot.SpringApplication - Application run failed
java.lang.IllegalStateException: Unable to read meta-data for class -org.apache.rocketmq.spring.autoconfigure.ListenerContainerConfiguration
	at org.springframework.boot.autoconfigure.AutoConfigurationSorter$AutoConfigurationClass.getAnnotationMetadata(AutoConfigurationSorter.java:243)
	at org.springframework.boot.autoconfigure.AutoConfigurationSorter$AutoConfigurationClass.getOrder(AutoConfigurationSorter.java:214)
	at org.springframework.boot.autoconfigure.AutoConfigurationSorter.lambda$getInPriorityOrder$0(AutoConfigurationSorter.java:67)
	at java.base/java.util.TimSort.countRunAndMakeAscending(TimSort.java:355)
	at java.base/java.util.TimSort.sort(TimSort.java:234)
	at java.base/java.util.Arrays.sort(Arrays.java:1308)
	at java.base/java.util.ArrayList.sort(ArrayList.java:1804)
	at org.springframework.boot.autoconfigure.AutoConfigurationSorter.getInPriorityOrder(AutoConfigurationSorter.java:66)
	at org.springframework.boot.autoconfigure.AutoConfigurationImportSelector$AutoConfigurationGroup.sortAutoConfigurations(AutoConfigurationImportSelector.java:467)
	at org.springframework.boot.autoconfigure.AutoConfigurationImportSelector$AutoConfigurationGroup.selectImports(AutoConfigurationImportSelector.java:452)
	at org.springframework.context.annotation.ConfigurationClassParser$DeferredImportSelectorGrouping.getImports(ConfigurationClassParser.java:816)
	at org.springframework.context.annotation.ConfigurationClassParser$DeferredImportSelectorGroupingHandler.processGroupImports(ConfigurationClassParser.java:743)
	at org.springframework.context.annotation.ConfigurationClassParser$DeferredImportSelectorHandler.process(ConfigurationClassParser.java:714)
	at org.springframework.context.annotation.ConfigurationClassParser.parse(ConfigurationClassParser.java:183)
	at org.springframework.context.annotation.ConfigurationClassPostProcessor.processConfigBeanDefinitions(ConfigurationClassPostProcessor.java:416)
	at org.springframework.context.annotation.ConfigurationClassPostProcessor.postProcessBeanDefinitionRegistry(ConfigurationClassPostProcessor.java:289)
	at org.springframework.context.support.PostProcessorRegistrationDelegate.invokeBeanDefinitionRegistryPostProcessors(PostProcessorRegistrationDelegate.java:349)
	at org.springframework.context.support.PostProcessorRegistrationDelegate.invokeBeanFactoryPostProcessors(PostProcessorRegistrationDelegate.java:118)
	at org.springframework.context.support.AbstractApplicationContext.invokeBeanFactoryPostProcessors(AbstractApplicationContext.java:788)
	at org.springframework.context.support.AbstractApplicationContext.refresh(AbstractApplicationContext.java:606)
	at org.springframework.boot.SpringApplication.refresh(SpringApplication.java:754)
	at org.springframework.boot.SpringApplication.refreshContext(SpringApplication.java:456)
	at org.springframework.boot.SpringApplication.run(SpringApplication.java:334)
	at org.springframework.boot.test.context.SpringBootContextLoader.lambda$loadContext$3(SpringBootContextLoader.java:137)
	at org.springframework.util.function.ThrowingSupplier.get(ThrowingSupplier.java:58)
	at org.springframework.util.function.ThrowingSupplier.get(ThrowingSupplier.java:46)
	at org.springframework.boot.SpringApplication.withHook(SpringApplication.java:1454)
	at org.springframework.boot.test.context.SpringBootContextLoader$ContextLoaderHook.run(SpringBootContextLoader.java:553)
	at org.springframework.boot.test.context.SpringBootContextLoader.loadContext(SpringBootContextLoader.java:137)
	at org.springframework.boot.test.context.SpringBootContextLoader.loadContext(SpringBootContextLoader.java:108)
	at org.springframework.test.context.cache.DefaultCacheAwareContextLoaderDelegate.loadContextInternal(DefaultCacheAwareContextLoaderDelegate.java:225)
	at org.springframework.test.context.cache.DefaultCacheAwareContextLoaderDelegate.loadContext(DefaultCacheAwareContextLoaderDelegate.java:152)
	at org.springframework.test.context.support.DefaultTestContext.getApplicationContext(DefaultTestContext.java:130)
	at org.springframework.test.context.web.ServletTestExecutionListener.setUpRequestContextIfNecessary(ServletTestExecutionListener.java:191)
	at org.springframework.test.context.web.ServletTestExecutionListener.prepareTestInstance(ServletTestExecutionListener.java:130)
	at org.springframework.test.context.TestContextManager.prepareTestInstance(TestContextManager.java:260)
	at org.springframework.test.context.testng.AbstractTestNGSpringContextTests.springTestContextPrepareTestInstance(AbstractTestNGSpringContextTests.java:119)
	at java.base/jdk.internal.reflect.DirectMethodHandleAccessor.invoke(DirectMethodHandleAccessor.java:103)
	at java.base/java.lang.reflect.Method.invoke(Method.java:580)
	at org.testng.internal.MethodInvocationHelper.invokeMethod(MethodInvocationHelper.java:134)
	at org.testng.internal.MethodInvocationHelper.invokeMethodConsideringTimeout(MethodInvocationHelper.java:63)
	at org.testng.internal.ConfigInvoker.invokeConfigurationMethod(ConfigInvoker.java:348)
	at org.testng.internal.ConfigInvoker.invokeConfigurations(ConfigInvoker.java:302)
	at org.testng.internal.TestMethodWorker.invokeBeforeClassMethods(TestMethodWorker.java:176)
	at org.testng.internal.TestMethodWorker.run(TestMethodWorker.java:122)
	at java.base/java.util.ArrayList.forEach(ArrayList.java:1596)
	at org.testng.TestRunner.privateRun(TestRunner.java:766)
	at org.testng.TestRunner.run(TestRunner.java:587)
	at org.testng.SuiteRunner.runTest(SuiteRunner.java:384)
	at org.testng.SuiteRunner.runSequentially(SuiteRunner.java:378)
	at org.testng.SuiteRunner.privateRun(SuiteRunner.java:337)
	at org.testng.SuiteRunner.run(SuiteRunner.java:286)
	at org.testng.SuiteRunnerWorker.runSuite(SuiteRunnerWorker.java:53)
	at org.testng.SuiteRunnerWorker.run(SuiteRunnerWorker.java:96)
	at org.testng.TestNG.runSuitesSequentially(TestNG.java:1187)
	at org.testng.TestNG.runSuitesLocally(TestNG.java:1109)
	at org.testng.TestNG.runSuites(TestNG.java:1039)
	at org.testng.TestNG.run(TestNG.java:1007)
	at com.intellij.rt.testng.IDEARemoteTestNG.run(IDEARemoteTestNG.java:65)
	at com.intellij.rt.testng.RemoteTestNGStarter.main(RemoteTestNGStarter.java:105)
Caused by: java.io.FileNotFoundException: class path resource [-org/apache/rocketmq/spring/autoconfigure/ListenerContainerConfiguration.class] cannot be opened because it does not exist
	at org.springframework.core.io.ClassPathResource.getInputStream(ClassPathResource.java:215)
	at org.springframework.core.type.classreading.SimpleMetadataReader.getClassReader(SimpleMetadataReader.java:54)
	at org.springframework.core.type.classreading.SimpleMetadataReader.<init>(SimpleMetadataReader.java:48)
	at org.springframework.core.type.classreading.SimpleMetadataReaderFactory.getMetadataReader(SimpleMetadataReaderFactory.java:103)
	at org.springframework.boot.type.classreading.ConcurrentReferenceCachingMetadataReaderFactory.createMetadataReader(ConcurrentReferenceCachingMetadataReaderFactory.java:86)
	at org.springframework.boot.type.classreading.ConcurrentReferenceCachingMetadataReaderFactory.getMetadataReader(ConcurrentReferenceCachingMetadataReaderFactory.java:73)
	at org.springframework.core.type.classreading.SimpleMetadataReaderFactory.getMetadataReader(SimpleMetadataReaderFactory.java:81)
	at org.springframework.boot.autoconfigure.AutoConfigurationSorter$AutoConfigurationClass.getAnnotationMetadata(AutoConfigurationSorter.java:239)
	... 59 common frames omitted
2025-07-08 12:05:05.860 [main] [traceId:] [userId:] DEBUG org.springframework.test.context.cache - Spring test ApplicationContext cache statistics: [DefaultContextCache@1c8e8fed size = 0, maxSize = 32, parentContextCount = 0, hitCount = 0, missCount = 1, failureCount = 1]
2025-07-08 12:05:05.860 [main] [traceId:] [userId:] WARN  o.springframework.test.context.TestContextManager - Caught exception while allowing TestExecutionListener [org.springframework.test.context.web.ServletTestExecutionListener] to prepare test instance [com.bgpay.bgai.controller.IsolatedTestCase@4f966719]
java.lang.IllegalStateException: Failed to load ApplicationContext for [WebMergedContextConfiguration@be616f0 testClass = com.bgpay.bgai.controller.IsolatedTestCase, locations = [], classes = [com.bgpay.bgai.controller.IsolatedTestCase.TestConfig], contextInitializerClasses = [], activeProfiles = ["test"], propertySourceDescriptors = [PropertySourceDescriptor[locations=[], ignoreResourceNotFound=false, name=null, propertySourceFactory=null, encoding=null]], propertySourceProperties = ["spring.cloud.nacos.config.enabled=false", "spring.cloud.nacos.discovery.enabled=false", "spring.data.elasticsearch.repositories.enabled=false", "spring.elasticsearch.enabled=false", "rocketmq.enable=false", "spring.cloud.loadbalancer.enabled=false", "spring.cloud.discovery.enabled=false", "spring.cloud.config.enabled=false", "spring.cloud.consul.enabled=false", "spring.cloud.gateway.enabled=false", "spring.cloud.circuitbreaker.enabled=false", "seata.enabled=false", "saga.enabled=false", "org.springframework.boot.test.context.SpringBootTestContextBootstrapper=true"], contextCustomizers = [org.springframework.boot.test.context.filter.ExcludeFilterContextCustomizer@444548a0, org.springframework.boot.test.json.DuplicateJsonObjectContextCustomizerFactory$DuplicateJsonObjectContextCustomizer@3a022576, org.springframework.boot.test.mock.mockito.MockitoContextCustomizer@0, org.springframework.boot.test.web.client.TestRestTemplateContextCustomizer@7aad3f7d, org.springframework.boot.test.web.reactive.server.WebTestClientContextCustomizer@2bfbffb2, org.springframework.boot.test.autoconfigure.actuate.observability.ObservabilityContextCustomizerFactory$DisableObservabilityContextCustomizer@1f, org.springframework.boot.test.autoconfigure.properties.PropertyMappingContextCustomizer@0, org.springframework.boot.test.autoconfigure.web.servlet.WebDriverContextCustomizer@73ba6fe6, org.springframework.boot.test.context.SpringBootTestAnnotation@46efd39d], resourceBasePath = "src/main/webapp", contextLoader = org.springframework.boot.test.context.SpringBootContextLoader, parent = null]
	at org.springframework.test.context.cache.DefaultCacheAwareContextLoaderDelegate.loadContext(DefaultCacheAwareContextLoaderDelegate.java:180)
	at org.springframework.test.context.support.DefaultTestContext.getApplicationContext(DefaultTestContext.java:130)
	at org.springframework.test.context.web.ServletTestExecutionListener.setUpRequestContextIfNecessary(ServletTestExecutionListener.java:191)
	at org.springframework.test.context.web.ServletTestExecutionListener.prepareTestInstance(ServletTestExecutionListener.java:130)
	at org.springframework.test.context.TestContextManager.prepareTestInstance(TestContextManager.java:260)
	at org.springframework.test.context.testng.AbstractTestNGSpringContextTests.springTestContextPrepareTestInstance(AbstractTestNGSpringContextTests.java:119)
	at java.base/jdk.internal.reflect.DirectMethodHandleAccessor.invoke(DirectMethodHandleAccessor.java:103)
	at java.base/java.lang.reflect.Method.invoke(Method.java:580)
	at org.testng.internal.MethodInvocationHelper.invokeMethod(MethodInvocationHelper.java:134)
	at org.testng.internal.MethodInvocationHelper.invokeMethodConsideringTimeout(MethodInvocationHelper.java:63)
	at org.testng.internal.ConfigInvoker.invokeConfigurationMethod(ConfigInvoker.java:348)
	at org.testng.internal.ConfigInvoker.invokeConfigurations(ConfigInvoker.java:302)
	at org.testng.internal.TestMethodWorker.invokeBeforeClassMethods(TestMethodWorker.java:176)
	at org.testng.internal.TestMethodWorker.run(TestMethodWorker.java:122)
	at java.base/java.util.ArrayList.forEach(ArrayList.java:1596)
	at org.testng.TestRunner.privateRun(TestRunner.java:766)
	at org.testng.TestRunner.run(TestRunner.java:587)
	at org.testng.SuiteRunner.runTest(SuiteRunner.java:384)
	at org.testng.SuiteRunner.runSequentially(SuiteRunner.java:378)
	at org.testng.SuiteRunner.privateRun(SuiteRunner.java:337)
	at org.testng.SuiteRunner.run(SuiteRunner.java:286)
	at org.testng.SuiteRunnerWorker.runSuite(SuiteRunnerWorker.java:53)
	at org.testng.SuiteRunnerWorker.run(SuiteRunnerWorker.java:96)
	at org.testng.TestNG.runSuitesSequentially(TestNG.java:1187)
	at org.testng.TestNG.runSuitesLocally(TestNG.java:1109)
	at org.testng.TestNG.runSuites(TestNG.java:1039)
	at org.testng.TestNG.run(TestNG.java:1007)
	at com.intellij.rt.testng.IDEARemoteTestNG.run(IDEARemoteTestNG.java:65)
	at com.intellij.rt.testng.RemoteTestNGStarter.main(RemoteTestNGStarter.java:105)
Caused by: java.lang.IllegalStateException: Unable to read meta-data for class -org.apache.rocketmq.spring.autoconfigure.ListenerContainerConfiguration
	at org.springframework.boot.autoconfigure.AutoConfigurationSorter$AutoConfigurationClass.getAnnotationMetadata(AutoConfigurationSorter.java:243)
	at org.springframework.boot.autoconfigure.AutoConfigurationSorter$AutoConfigurationClass.getOrder(AutoConfigurationSorter.java:214)
	at org.springframework.boot.autoconfigure.AutoConfigurationSorter.lambda$getInPriorityOrder$0(AutoConfigurationSorter.java:67)
	at java.base/java.util.TimSort.countRunAndMakeAscending(TimSort.java:355)
	at java.base/java.util.TimSort.sort(TimSort.java:234)
	at java.base/java.util.Arrays.sort(Arrays.java:1308)
	at java.base/java.util.ArrayList.sort(ArrayList.java:1804)
	at org.springframework.boot.autoconfigure.AutoConfigurationSorter.getInPriorityOrder(AutoConfigurationSorter.java:66)
	at org.springframework.boot.autoconfigure.AutoConfigurationImportSelector$AutoConfigurationGroup.sortAutoConfigurations(AutoConfigurationImportSelector.java:467)
	at org.springframework.boot.autoconfigure.AutoConfigurationImportSelector$AutoConfigurationGroup.selectImports(AutoConfigurationImportSelector.java:452)
	at org.springframework.context.annotation.ConfigurationClassParser$DeferredImportSelectorGrouping.getImports(ConfigurationClassParser.java:816)
	at org.springframework.context.annotation.ConfigurationClassParser$DeferredImportSelectorGroupingHandler.processGroupImports(ConfigurationClassParser.java:743)
	at org.springframework.context.annotation.ConfigurationClassParser$DeferredImportSelectorHandler.process(ConfigurationClassParser.java:714)
	at org.springframework.context.annotation.ConfigurationClassParser.parse(ConfigurationClassParser.java:183)
	at org.springframework.context.annotation.ConfigurationClassPostProcessor.processConfigBeanDefinitions(ConfigurationClassPostProcessor.java:416)
	at org.springframework.context.annotation.ConfigurationClassPostProcessor.postProcessBeanDefinitionRegistry(ConfigurationClassPostProcessor.java:289)
	at org.springframework.context.support.PostProcessorRegistrationDelegate.invokeBeanDefinitionRegistryPostProcessors(PostProcessorRegistrationDelegate.java:349)
	at org.springframework.context.support.PostProcessorRegistrationDelegate.invokeBeanFactoryPostProcessors(PostProcessorRegistrationDelegate.java:118)
	at org.springframework.context.support.AbstractApplicationContext.invokeBeanFactoryPostProcessors(AbstractApplicationContext.java:788)
	at org.springframework.context.support.AbstractApplicationContext.refresh(AbstractApplicationContext.java:606)
	at org.springframework.boot.SpringApplication.refresh(SpringApplication.java:754)
	at org.springframework.boot.SpringApplication.refreshContext(SpringApplication.java:456)
	at org.springframework.boot.SpringApplication.run(SpringApplication.java:334)
	at org.springframework.boot.test.context.SpringBootContextLoader.lambda$loadContext$3(SpringBootContextLoader.java:137)
	at org.springframework.util.function.ThrowingSupplier.get(ThrowingSupplier.java:58)
	at org.springframework.util.function.ThrowingSupplier.get(ThrowingSupplier.java:46)
	at org.springframework.boot.SpringApplication.withHook(SpringApplication.java:1454)
	at org.springframework.boot.test.context.SpringBootContextLoader$ContextLoaderHook.run(SpringBootContextLoader.java:553)
	at org.springframework.boot.test.context.SpringBootContextLoader.loadContext(SpringBootContextLoader.java:137)
	at org.springframework.boot.test.context.SpringBootContextLoader.loadContext(SpringBootContextLoader.java:108)
	at org.springframework.test.context.cache.DefaultCacheAwareContextLoaderDelegate.loadContextInternal(DefaultCacheAwareContextLoaderDelegate.java:225)
	at org.springframework.test.context.cache.DefaultCacheAwareContextLoaderDelegate.loadContext(DefaultCacheAwareContextLoaderDelegate.java:152)
	... 28 common frames omitted
Caused by: java.io.FileNotFoundException: class path resource [-org/apache/rocketmq/spring/autoconfigure/ListenerContainerConfiguration.class] cannot be opened because it does not exist
	at org.springframework.core.io.ClassPathResource.getInputStream(ClassPathResource.java:215)
	at org.springframework.core.type.classreading.SimpleMetadataReader.getClassReader(SimpleMetadataReader.java:54)
	at org.springframework.core.type.classreading.SimpleMetadataReader.<init>(SimpleMetadataReader.java:48)
	at org.springframework.core.type.classreading.SimpleMetadataReaderFactory.getMetadataReader(SimpleMetadataReaderFactory.java:103)
	at org.springframework.boot.type.classreading.ConcurrentReferenceCachingMetadataReaderFactory.createMetadataReader(ConcurrentReferenceCachingMetadataReaderFactory.java:86)
	at org.springframework.boot.type.classreading.ConcurrentReferenceCachingMetadataReaderFactory.getMetadataReader(ConcurrentReferenceCachingMetadataReaderFactory.java:73)
	at org.springframework.core.type.classreading.SimpleMetadataReaderFactory.getMetadataReader(SimpleMetadataReaderFactory.java:81)
	at org.springframework.boot.autoconfigure.AutoConfigurationSorter$AutoConfigurationClass.getAnnotationMetadata(AutoConfigurationSorter.java:239)
	... 59 common frames omitted
2025-07-08 12:05:05.990 [main] [traceId:] [userId:] DEBUG org.springframework.test.context.cache - Spring test ApplicationContext cache statistics: [DefaultContextCache@1c8e8fed size = 0, maxSize = 32, parentContextCount = 0, hitCount = 0, missCount = 2, failureCount = 1]
2025-07-08 12:05:05.990 [main] [traceId:] [userId:] WARN  o.springframework.test.context.TestContextManager - Caught exception while invoking 'beforeTestMethod' callback on TestExecutionListener [org.springframework.test.context.web.ServletTestExecutionListener] for test method [public void com.bgpay.bgai.controller.IsolatedTestCase.testContextLoads()] and test instance [com.bgpay.bgai.controller.IsolatedTestCase@4f966719]
java.lang.IllegalStateException: ApplicationContext failure threshold (1) exceeded: skipping repeated attempt to load context for [WebMergedContextConfiguration@be616f0 testClass = com.bgpay.bgai.controller.IsolatedTestCase, locations = [], classes = [com.bgpay.bgai.controller.IsolatedTestCase.TestConfig], contextInitializerClasses = [], activeProfiles = ["test"], propertySourceDescriptors = [PropertySourceDescriptor[locations=[], ignoreResourceNotFound=false, name=null, propertySourceFactory=null, encoding=null]], propertySourceProperties = ["spring.cloud.nacos.config.enabled=false", "spring.cloud.nacos.discovery.enabled=false", "spring.data.elasticsearch.repositories.enabled=false", "spring.elasticsearch.enabled=false", "rocketmq.enable=false", "spring.cloud.loadbalancer.enabled=false", "spring.cloud.discovery.enabled=false", "spring.cloud.config.enabled=false", "spring.cloud.consul.enabled=false", "spring.cloud.gateway.enabled=false", "spring.cloud.circuitbreaker.enabled=false", "seata.enabled=false", "saga.enabled=false", "org.springframework.boot.test.context.SpringBootTestContextBootstrapper=true"], contextCustomizers = [org.springframework.boot.test.context.filter.ExcludeFilterContextCustomizer@444548a0, org.springframework.boot.test.json.DuplicateJsonObjectContextCustomizerFactory$DuplicateJsonObjectContextCustomizer@3a022576, org.springframework.boot.test.mock.mockito.MockitoContextCustomizer@0, org.springframework.boot.test.web.client.TestRestTemplateContextCustomizer@7aad3f7d, org.springframework.boot.test.web.reactive.server.WebTestClientContextCustomizer@2bfbffb2, org.springframework.boot.test.autoconfigure.actuate.observability.ObservabilityContextCustomizerFactory$DisableObservabilityContextCustomizer@1f, org.springframework.boot.test.autoconfigure.properties.PropertyMappingContextCustomizer@0, org.springframework.boot.test.autoconfigure.web.servlet.WebDriverContextCustomizer@73ba6fe6, org.springframework.boot.test.context.SpringBootTestAnnotation@46efd39d], resourceBasePath = "src/main/webapp", contextLoader = org.springframework.boot.test.context.SpringBootContextLoader, parent = null]
	at org.springframework.test.context.cache.DefaultCacheAwareContextLoaderDelegate.loadContext(DefaultCacheAwareContextLoaderDelegate.java:145)
	at org.springframework.test.context.support.DefaultTestContext.getApplicationContext(DefaultTestContext.java:130)
	at org.springframework.test.context.web.ServletTestExecutionListener.setUpRequestContextIfNecessary(ServletTestExecutionListener.java:191)
	at org.springframework.test.context.web.ServletTestExecutionListener.beforeTestMethod(ServletTestExecutionListener.java:143)
	at org.springframework.test.context.TestContextManager.beforeTestMethod(TestContextManager.java:320)
	at org.springframework.test.context.testng.AbstractTestNGSpringContextTests.springTestContextBeforeTestMethod(AbstractTestNGSpringContextTests.java:131)
	at java.base/jdk.internal.reflect.DirectMethodHandleAccessor.invoke(DirectMethodHandleAccessor.java:103)
	at java.base/java.lang.reflect.Method.invoke(Method.java:580)
	at org.testng.internal.MethodInvocationHelper.invokeMethod(MethodInvocationHelper.java:134)
	at org.testng.internal.MethodInvocationHelper.invokeMethodConsideringTimeout(MethodInvocationHelper.java:63)
	at org.testng.internal.ConfigInvoker.invokeConfigurationMethod(ConfigInvoker.java:348)
	at org.testng.internal.ConfigInvoker.invokeConfigurations(ConfigInvoker.java:302)
	at org.testng.internal.TestInvoker.runConfigMethods(TestInvoker.java:695)
	at org.testng.internal.TestInvoker.invokeMethod(TestInvoker.java:523)
	at org.testng.internal.TestInvoker.invokeTestMethod(TestInvoker.java:173)
	at org.testng.internal.MethodRunner.runInSequence(MethodRunner.java:46)
	at org.testng.internal.TestInvoker$MethodInvocationAgent.invoke(TestInvoker.java:816)
	at org.testng.internal.TestInvoker.invokeTestMethods(TestInvoker.java:146)
	at org.testng.internal.TestMethodWorker.invokeTestMethods(TestMethodWorker.java:146)
	at org.testng.internal.TestMethodWorker.run(TestMethodWorker.java:128)
	at java.base/java.util.ArrayList.forEach(ArrayList.java:1596)
	at org.testng.TestRunner.privateRun(TestRunner.java:766)
	at org.testng.TestRunner.run(TestRunner.java:587)
	at org.testng.SuiteRunner.runTest(SuiteRunner.java:384)
	at org.testng.SuiteRunner.runSequentially(SuiteRunner.java:378)
	at org.testng.SuiteRunner.privateRun(SuiteRunner.java:337)
	at org.testng.SuiteRunner.run(SuiteRunner.java:286)
	at org.testng.SuiteRunnerWorker.runSuite(SuiteRunnerWorker.java:53)
	at org.testng.SuiteRunnerWorker.run(SuiteRunnerWorker.java:96)
	at org.testng.TestNG.runSuitesSequentially(TestNG.java:1187)
	at org.testng.TestNG.runSuitesLocally(TestNG.java:1109)
	at org.testng.TestNG.runSuites(TestNG.java:1039)
	at org.testng.TestNG.run(TestNG.java:1007)
	at com.intellij.rt.testng.IDEARemoteTestNG.run(IDEARemoteTestNG.java:65)
	at com.intellij.rt.testng.RemoteTestNGStarter.main(RemoteTestNGStarter.java:105)
2025-07-08 12:05:06.016 [main] [traceId:] [userId:] DEBUG org.springframework.test.context.cache - Spring test ApplicationContext cache statistics: [DefaultContextCache@1c8e8fed size = 0, maxSize = 32, parentContextCount = 0, hitCount = 0, missCount = 3, failureCount = 1]
2025-07-08 12:05:06.017 [main] [traceId:] [userId:] WARN  o.springframework.test.context.TestContextManager - Caught exception while invoking 'afterTestMethod' callback on TestExecutionListener [org.springframework.boot.test.autoconfigure.web.servlet.WebDriverTestExecutionListener] for test method [public void com.bgpay.bgai.controller.IsolatedTestCase.testContextLoads()] and test instance [com.bgpay.bgai.controller.IsolatedTestCase@4f966719]
java.lang.IllegalStateException: ApplicationContext failure threshold (1) exceeded: skipping repeated attempt to load context for [WebMergedContextConfiguration@be616f0 testClass = com.bgpay.bgai.controller.IsolatedTestCase, locations = [], classes = [com.bgpay.bgai.controller.IsolatedTestCase.TestConfig], contextInitializerClasses = [], activeProfiles = ["test"], propertySourceDescriptors = [PropertySourceDescriptor[locations=[], ignoreResourceNotFound=false, name=null, propertySourceFactory=null, encoding=null]], propertySourceProperties = ["spring.cloud.nacos.config.enabled=false", "spring.cloud.nacos.discovery.enabled=false", "spring.data.elasticsearch.repositories.enabled=false", "spring.elasticsearch.enabled=false", "rocketmq.enable=false", "spring.cloud.loadbalancer.enabled=false", "spring.cloud.discovery.enabled=false", "spring.cloud.config.enabled=false", "spring.cloud.consul.enabled=false", "spring.cloud.gateway.enabled=false", "spring.cloud.circuitbreaker.enabled=false", "seata.enabled=false", "saga.enabled=false", "org.springframework.boot.test.context.SpringBootTestContextBootstrapper=true"], contextCustomizers = [org.springframework.boot.test.context.filter.ExcludeFilterContextCustomizer@444548a0, org.springframework.boot.test.json.DuplicateJsonObjectContextCustomizerFactory$DuplicateJsonObjectContextCustomizer@3a022576, org.springframework.boot.test.mock.mockito.MockitoContextCustomizer@0, org.springframework.boot.test.web.client.TestRestTemplateContextCustomizer@7aad3f7d, org.springframework.boot.test.web.reactive.server.WebTestClientContextCustomizer@2bfbffb2, org.springframework.boot.test.autoconfigure.actuate.observability.ObservabilityContextCustomizerFactory$DisableObservabilityContextCustomizer@1f, org.springframework.boot.test.autoconfigure.properties.PropertyMappingContextCustomizer@0, org.springframework.boot.test.autoconfigure.web.servlet.WebDriverContextCustomizer@73ba6fe6, org.springframework.boot.test.context.SpringBootTestAnnotation@46efd39d], resourceBasePath = "src/main/webapp", contextLoader = org.springframework.boot.test.context.SpringBootContextLoader, parent = null]
	at org.springframework.test.context.cache.DefaultCacheAwareContextLoaderDelegate.loadContext(DefaultCacheAwareContextLoaderDelegate.java:145)
	at org.springframework.test.context.support.DefaultTestContext.getApplicationContext(DefaultTestContext.java:130)
	at org.springframework.boot.test.autoconfigure.web.servlet.WebDriverTestExecutionListener.afterTestMethod(WebDriverTestExecutionListener.java:42)
	at org.springframework.test.context.TestContextManager.afterTestMethod(TestContextManager.java:487)
	at org.springframework.test.context.testng.AbstractTestNGSpringContextTests.springTestContextAfterTestMethod(AbstractTestNGSpringContextTests.java:183)
	at java.base/jdk.internal.reflect.DirectMethodHandleAccessor.invoke(DirectMethodHandleAccessor.java:103)
	at java.base/java.lang.reflect.Method.invoke(Method.java:580)
	at org.testng.internal.MethodInvocationHelper.invokeMethod(MethodInvocationHelper.java:134)
	at org.testng.internal.MethodInvocationHelper.invokeMethodConsideringTimeout(MethodInvocationHelper.java:63)
	at org.testng.internal.ConfigInvoker.invokeConfigurationMethod(ConfigInvoker.java:348)
	at org.testng.internal.ConfigInvoker.invokeConfigurations(ConfigInvoker.java:302)
	at org.testng.internal.TestInvoker.runConfigMethods(TestInvoker.java:695)
	at org.testng.internal.TestInvoker.runAfterGroupsConfigurations(TestInvoker.java:671)
	at org.testng.internal.TestInvoker.invokeMethod(TestInvoker.java:543)
	at org.testng.internal.TestInvoker.invokeTestMethod(TestInvoker.java:173)
	at org.testng.internal.MethodRunner.runInSequence(MethodRunner.java:46)
	at org.testng.internal.TestInvoker$MethodInvocationAgent.invoke(TestInvoker.java:816)
	at org.testng.internal.TestInvoker.invokeTestMethods(TestInvoker.java:146)
	at org.testng.internal.TestMethodWorker.invokeTestMethods(TestMethodWorker.java:146)
	at org.testng.internal.TestMethodWorker.run(TestMethodWorker.java:128)
	at java.base/java.util.ArrayList.forEach(ArrayList.java:1596)
	at org.testng.TestRunner.privateRun(TestRunner.java:766)
	at org.testng.TestRunner.run(TestRunner.java:587)
	at org.testng.SuiteRunner.runTest(SuiteRunner.java:384)
	at org.testng.SuiteRunner.runSequentially(SuiteRunner.java:378)
	at org.testng.SuiteRunner.privateRun(SuiteRunner.java:337)
	at org.testng.SuiteRunner.run(SuiteRunner.java:286)
	at org.testng.SuiteRunnerWorker.runSuite(SuiteRunnerWorker.java:53)
	at org.testng.SuiteRunnerWorker.run(SuiteRunnerWorker.java:96)
	at org.testng.TestNG.runSuitesSequentially(TestNG.java:1187)
	at org.testng.TestNG.runSuitesLocally(TestNG.java:1109)
	at org.testng.TestNG.runSuites(TestNG.java:1039)
	at org.testng.TestNG.run(TestNG.java:1007)
	at com.intellij.rt.testng.IDEARemoteTestNG.run(IDEARemoteTestNG.java:65)
	at com.intellij.rt.testng.RemoteTestNGStarter.main(RemoteTestNGStarter.java:105)
2025-07-08 12:05:06.017 [main] [traceId:] [userId:] DEBUG org.springframework.test.context.cache - Spring test ApplicationContext cache statistics: [DefaultContextCache@1c8e8fed size = 0, maxSize = 32, parentContextCount = 0, hitCount = 0, missCount = 4, failureCount = 1]
2025-07-08 12:05:06.017 [main] [traceId:] [userId:] WARN  o.springframework.test.context.TestContextManager - Caught exception while invoking 'afterTestMethod' callback on TestExecutionListener [org.springframework.boot.test.autoconfigure.web.servlet.MockMvcPrintOnlyOnFailureTestExecutionListener] for test method [public void com.bgpay.bgai.controller.IsolatedTestCase.testContextLoads()] and test instance [com.bgpay.bgai.controller.IsolatedTestCase@4f966719]
java.lang.IllegalStateException: ApplicationContext failure threshold (1) exceeded: skipping repeated attempt to load context for [WebMergedContextConfiguration@be616f0 testClass = com.bgpay.bgai.controller.IsolatedTestCase, locations = [], classes = [com.bgpay.bgai.controller.IsolatedTestCase.TestConfig], contextInitializerClasses = [], activeProfiles = ["test"], propertySourceDescriptors = [PropertySourceDescriptor[locations=[], ignoreResourceNotFound=false, name=null, propertySourceFactory=null, encoding=null]], propertySourceProperties = ["spring.cloud.nacos.config.enabled=false", "spring.cloud.nacos.discovery.enabled=false", "spring.data.elasticsearch.repositories.enabled=false", "spring.elasticsearch.enabled=false", "rocketmq.enable=false", "spring.cloud.loadbalancer.enabled=false", "spring.cloud.discovery.enabled=false", "spring.cloud.config.enabled=false", "spring.cloud.consul.enabled=false", "spring.cloud.gateway.enabled=false", "spring.cloud.circuitbreaker.enabled=false", "seata.enabled=false", "saga.enabled=false", "org.springframework.boot.test.context.SpringBootTestContextBootstrapper=true"], contextCustomizers = [org.springframework.boot.test.context.filter.ExcludeFilterContextCustomizer@444548a0, org.springframework.boot.test.json.DuplicateJsonObjectContextCustomizerFactory$DuplicateJsonObjectContextCustomizer@3a022576, org.springframework.boot.test.mock.mockito.MockitoContextCustomizer@0, org.springframework.boot.test.web.client.TestRestTemplateContextCustomizer@7aad3f7d, org.springframework.boot.test.web.reactive.server.WebTestClientContextCustomizer@2bfbffb2, org.springframework.boot.test.autoconfigure.actuate.observability.ObservabilityContextCustomizerFactory$DisableObservabilityContextCustomizer@1f, org.springframework.boot.test.autoconfigure.properties.PropertyMappingContextCustomizer@0, org.springframework.boot.test.autoconfigure.web.servlet.WebDriverContextCustomizer@73ba6fe6, org.springframework.boot.test.context.SpringBootTestAnnotation@46efd39d], resourceBasePath = "src/main/webapp", contextLoader = org.springframework.boot.test.context.SpringBootContextLoader, parent = null]
	at org.springframework.test.context.cache.DefaultCacheAwareContextLoaderDelegate.loadContext(DefaultCacheAwareContextLoaderDelegate.java:145)
	at org.springframework.test.context.support.DefaultTestContext.getApplicationContext(DefaultTestContext.java:130)
	at org.springframework.boot.test.autoconfigure.web.servlet.MockMvcPrintOnlyOnFailureTestExecutionListener.afterTestMethod(MockMvcPrintOnlyOnFailureTestExecutionListener.java:39)
	at org.springframework.test.context.TestContextManager.afterTestMethod(TestContextManager.java:487)
	at org.springframework.test.context.testng.AbstractTestNGSpringContextTests.springTestContextAfterTestMethod(AbstractTestNGSpringContextTests.java:183)
	at java.base/jdk.internal.reflect.DirectMethodHandleAccessor.invoke(DirectMethodHandleAccessor.java:103)
	at java.base/java.lang.reflect.Method.invoke(Method.java:580)
	at org.testng.internal.MethodInvocationHelper.invokeMethod(MethodInvocationHelper.java:134)
	at org.testng.internal.MethodInvocationHelper.invokeMethodConsideringTimeout(MethodInvocationHelper.java:63)
	at org.testng.internal.ConfigInvoker.invokeConfigurationMethod(ConfigInvoker.java:348)
	at org.testng.internal.ConfigInvoker.invokeConfigurations(ConfigInvoker.java:302)
	at org.testng.internal.TestInvoker.runConfigMethods(TestInvoker.java:695)
	at org.testng.internal.TestInvoker.runAfterGroupsConfigurations(TestInvoker.java:671)
	at org.testng.internal.TestInvoker.invokeMethod(TestInvoker.java:543)
	at org.testng.internal.TestInvoker.invokeTestMethod(TestInvoker.java:173)
	at org.testng.internal.MethodRunner.runInSequence(MethodRunner.java:46)
	at org.testng.internal.TestInvoker$MethodInvocationAgent.invoke(TestInvoker.java:816)
	at org.testng.internal.TestInvoker.invokeTestMethods(TestInvoker.java:146)
	at org.testng.internal.TestMethodWorker.invokeTestMethods(TestMethodWorker.java:146)
	at org.testng.internal.TestMethodWorker.run(TestMethodWorker.java:128)
	at java.base/java.util.ArrayList.forEach(ArrayList.java:1596)
	at org.testng.TestRunner.privateRun(TestRunner.java:766)
	at org.testng.TestRunner.run(TestRunner.java:587)
	at org.testng.SuiteRunner.runTest(SuiteRunner.java:384)
	at org.testng.SuiteRunner.runSequentially(SuiteRunner.java:378)
	at org.testng.SuiteRunner.privateRun(SuiteRunner.java:337)
	at org.testng.SuiteRunner.run(SuiteRunner.java:286)
	at org.testng.SuiteRunnerWorker.runSuite(SuiteRunnerWorker.java:53)
	at org.testng.SuiteRunnerWorker.run(SuiteRunnerWorker.java:96)
	at org.testng.TestNG.runSuitesSequentially(TestNG.java:1187)
	at org.testng.TestNG.runSuitesLocally(TestNG.java:1109)
	at org.testng.TestNG.runSuites(TestNG.java:1039)
	at org.testng.TestNG.run(TestNG.java:1007)
	at com.intellij.rt.testng.IDEARemoteTestNG.run(IDEARemoteTestNG.java:65)
	at com.intellij.rt.testng.RemoteTestNGStarter.main(RemoteTestNGStarter.java:105)
2025-07-08 12:05:06.018 [main] [traceId:] [userId:] DEBUG org.springframework.test.context.cache - Spring test ApplicationContext cache statistics: [DefaultContextCache@1c8e8fed size = 0, maxSize = 32, parentContextCount = 0, hitCount = 0, missCount = 5, failureCount = 1]
2025-07-08 12:05:06.018 [main] [traceId:] [userId:] WARN  o.springframework.test.context.TestContextManager - Caught exception while invoking 'afterTestMethod' callback on TestExecutionListener [org.springframework.boot.test.autoconfigure.web.client.MockRestServiceServerResetTestExecutionListener] for test method [public void com.bgpay.bgai.controller.IsolatedTestCase.testContextLoads()] and test instance [com.bgpay.bgai.controller.IsolatedTestCase@4f966719]
java.lang.IllegalStateException: ApplicationContext failure threshold (1) exceeded: skipping repeated attempt to load context for [WebMergedContextConfiguration@be616f0 testClass = com.bgpay.bgai.controller.IsolatedTestCase, locations = [], classes = [com.bgpay.bgai.controller.IsolatedTestCase.TestConfig], contextInitializerClasses = [], activeProfiles = ["test"], propertySourceDescriptors = [PropertySourceDescriptor[locations=[], ignoreResourceNotFound=false, name=null, propertySourceFactory=null, encoding=null]], propertySourceProperties = ["spring.cloud.nacos.config.enabled=false", "spring.cloud.nacos.discovery.enabled=false", "spring.data.elasticsearch.repositories.enabled=false", "spring.elasticsearch.enabled=false", "rocketmq.enable=false", "spring.cloud.loadbalancer.enabled=false", "spring.cloud.discovery.enabled=false", "spring.cloud.config.enabled=false", "spring.cloud.consul.enabled=false", "spring.cloud.gateway.enabled=false", "spring.cloud.circuitbreaker.enabled=false", "seata.enabled=false", "saga.enabled=false", "org.springframework.boot.test.context.SpringBootTestContextBootstrapper=true"], contextCustomizers = [org.springframework.boot.test.context.filter.ExcludeFilterContextCustomizer@444548a0, org.springframework.boot.test.json.DuplicateJsonObjectContextCustomizerFactory$DuplicateJsonObjectContextCustomizer@3a022576, org.springframework.boot.test.mock.mockito.MockitoContextCustomizer@0, org.springframework.boot.test.web.client.TestRestTemplateContextCustomizer@7aad3f7d, org.springframework.boot.test.web.reactive.server.WebTestClientContextCustomizer@2bfbffb2, org.springframework.boot.test.autoconfigure.actuate.observability.ObservabilityContextCustomizerFactory$DisableObservabilityContextCustomizer@1f, org.springframework.boot.test.autoconfigure.properties.PropertyMappingContextCustomizer@0, org.springframework.boot.test.autoconfigure.web.servlet.WebDriverContextCustomizer@73ba6fe6, org.springframework.boot.test.context.SpringBootTestAnnotation@46efd39d], resourceBasePath = "src/main/webapp", contextLoader = org.springframework.boot.test.context.SpringBootContextLoader, parent = null]
	at org.springframework.test.context.cache.DefaultCacheAwareContextLoaderDelegate.loadContext(DefaultCacheAwareContextLoaderDelegate.java:145)
	at org.springframework.test.context.support.DefaultTestContext.getApplicationContext(DefaultTestContext.java:130)
	at org.springframework.boot.test.autoconfigure.web.client.MockRestServiceServerResetTestExecutionListener.afterTestMethod(MockRestServiceServerResetTestExecutionListener.java:40)
	at org.springframework.test.context.TestContextManager.afterTestMethod(TestContextManager.java:487)
	at org.springframework.test.context.testng.AbstractTestNGSpringContextTests.springTestContextAfterTestMethod(AbstractTestNGSpringContextTests.java:183)
	at java.base/jdk.internal.reflect.DirectMethodHandleAccessor.invoke(DirectMethodHandleAccessor.java:103)
	at java.base/java.lang.reflect.Method.invoke(Method.java:580)
	at org.testng.internal.MethodInvocationHelper.invokeMethod(MethodInvocationHelper.java:134)
	at org.testng.internal.MethodInvocationHelper.invokeMethodConsideringTimeout(MethodInvocationHelper.java:63)
	at org.testng.internal.ConfigInvoker.invokeConfigurationMethod(ConfigInvoker.java:348)
	at org.testng.internal.ConfigInvoker.invokeConfigurations(ConfigInvoker.java:302)
	at org.testng.internal.TestInvoker.runConfigMethods(TestInvoker.java:695)
	at org.testng.internal.TestInvoker.runAfterGroupsConfigurations(TestInvoker.java:671)
	at org.testng.internal.TestInvoker.invokeMethod(TestInvoker.java:543)
	at org.testng.internal.TestInvoker.invokeTestMethod(TestInvoker.java:173)
	at org.testng.internal.MethodRunner.runInSequence(MethodRunner.java:46)
	at org.testng.internal.TestInvoker$MethodInvocationAgent.invoke(TestInvoker.java:816)
	at org.testng.internal.TestInvoker.invokeTestMethods(TestInvoker.java:146)
	at org.testng.internal.TestMethodWorker.invokeTestMethods(TestMethodWorker.java:146)
	at org.testng.internal.TestMethodWorker.run(TestMethodWorker.java:128)
	at java.base/java.util.ArrayList.forEach(ArrayList.java:1596)
	at org.testng.TestRunner.privateRun(TestRunner.java:766)
	at org.testng.TestRunner.run(TestRunner.java:587)
	at org.testng.SuiteRunner.runTest(SuiteRunner.java:384)
	at org.testng.SuiteRunner.runSequentially(SuiteRunner.java:378)
	at org.testng.SuiteRunner.privateRun(SuiteRunner.java:337)
	at org.testng.SuiteRunner.run(SuiteRunner.java:286)
	at org.testng.SuiteRunnerWorker.runSuite(SuiteRunnerWorker.java:53)
	at org.testng.SuiteRunnerWorker.run(SuiteRunnerWorker.java:96)
	at org.testng.TestNG.runSuitesSequentially(TestNG.java:1187)
	at org.testng.TestNG.runSuitesLocally(TestNG.java:1109)
	at org.testng.TestNG.runSuites(TestNG.java:1039)
	at org.testng.TestNG.run(TestNG.java:1007)
	at com.intellij.rt.testng.IDEARemoteTestNG.run(IDEARemoteTestNG.java:65)
	at com.intellij.rt.testng.RemoteTestNGStarter.main(RemoteTestNGStarter.java:105)
2025-07-08 12:05:06.018 [main] [traceId:] [userId:] DEBUG org.springframework.test.context.cache - Spring test ApplicationContext cache statistics: [DefaultContextCache@1c8e8fed size = 0, maxSize = 32, parentContextCount = 0, hitCount = 0, missCount = 6, failureCount = 1]
2025-07-08 12:05:06.019 [main] [traceId:] [userId:] WARN  o.springframework.test.context.TestContextManager - Caught exception while invoking 'afterTestMethod' callback on TestExecutionListener [org.springframework.boot.test.mock.mockito.ResetMocksTestExecutionListener] for test method [public void com.bgpay.bgai.controller.IsolatedTestCase.testContextLoads()] and test instance [com.bgpay.bgai.controller.IsolatedTestCase@4f966719]
java.lang.IllegalStateException: ApplicationContext failure threshold (1) exceeded: skipping repeated attempt to load context for [WebMergedContextConfiguration@be616f0 testClass = com.bgpay.bgai.controller.IsolatedTestCase, locations = [], classes = [com.bgpay.bgai.controller.IsolatedTestCase.TestConfig], contextInitializerClasses = [], activeProfiles = ["test"], propertySourceDescriptors = [PropertySourceDescriptor[locations=[], ignoreResourceNotFound=false, name=null, propertySourceFactory=null, encoding=null]], propertySourceProperties = ["spring.cloud.nacos.config.enabled=false", "spring.cloud.nacos.discovery.enabled=false", "spring.data.elasticsearch.repositories.enabled=false", "spring.elasticsearch.enabled=false", "rocketmq.enable=false", "spring.cloud.loadbalancer.enabled=false", "spring.cloud.discovery.enabled=false", "spring.cloud.config.enabled=false", "spring.cloud.consul.enabled=false", "spring.cloud.gateway.enabled=false", "spring.cloud.circuitbreaker.enabled=false", "seata.enabled=false", "saga.enabled=false", "org.springframework.boot.test.context.SpringBootTestContextBootstrapper=true"], contextCustomizers = [org.springframework.boot.test.context.filter.ExcludeFilterContextCustomizer@444548a0, org.springframework.boot.test.json.DuplicateJsonObjectContextCustomizerFactory$DuplicateJsonObjectContextCustomizer@3a022576, org.springframework.boot.test.mock.mockito.MockitoContextCustomizer@0, org.springframework.boot.test.web.client.TestRestTemplateContextCustomizer@7aad3f7d, org.springframework.boot.test.web.reactive.server.WebTestClientContextCustomizer@2bfbffb2, org.springframework.boot.test.autoconfigure.actuate.observability.ObservabilityContextCustomizerFactory$DisableObservabilityContextCustomizer@1f, org.springframework.boot.test.autoconfigure.properties.PropertyMappingContextCustomizer@0, org.springframework.boot.test.autoconfigure.web.servlet.WebDriverContextCustomizer@73ba6fe6, org.springframework.boot.test.context.SpringBootTestAnnotation@46efd39d], resourceBasePath = "src/main/webapp", contextLoader = org.springframework.boot.test.context.SpringBootContextLoader, parent = null]
	at org.springframework.test.context.cache.DefaultCacheAwareContextLoaderDelegate.loadContext(DefaultCacheAwareContextLoaderDelegate.java:145)
	at org.springframework.test.context.support.DefaultTestContext.getApplicationContext(DefaultTestContext.java:130)
	at org.springframework.boot.test.mock.mockito.ResetMocksTestExecutionListener.afterTestMethod(ResetMocksTestExecutionListener.java:67)
	at org.springframework.test.context.TestContextManager.afterTestMethod(TestContextManager.java:487)
	at org.springframework.test.context.testng.AbstractTestNGSpringContextTests.springTestContextAfterTestMethod(AbstractTestNGSpringContextTests.java:183)
	at java.base/jdk.internal.reflect.DirectMethodHandleAccessor.invoke(DirectMethodHandleAccessor.java:103)
	at java.base/java.lang.reflect.Method.invoke(Method.java:580)
	at org.testng.internal.MethodInvocationHelper.invokeMethod(MethodInvocationHelper.java:134)
	at org.testng.internal.MethodInvocationHelper.invokeMethodConsideringTimeout(MethodInvocationHelper.java:63)
	at org.testng.internal.ConfigInvoker.invokeConfigurationMethod(ConfigInvoker.java:348)
	at org.testng.internal.ConfigInvoker.invokeConfigurations(ConfigInvoker.java:302)
	at org.testng.internal.TestInvoker.runConfigMethods(TestInvoker.java:695)
	at org.testng.internal.TestInvoker.runAfterGroupsConfigurations(TestInvoker.java:671)
	at org.testng.internal.TestInvoker.invokeMethod(TestInvoker.java:543)
	at org.testng.internal.TestInvoker.invokeTestMethod(TestInvoker.java:173)
	at org.testng.internal.MethodRunner.runInSequence(MethodRunner.java:46)
	at org.testng.internal.TestInvoker$MethodInvocationAgent.invoke(TestInvoker.java:816)
	at org.testng.internal.TestInvoker.invokeTestMethods(TestInvoker.java:146)
	at org.testng.internal.TestMethodWorker.invokeTestMethods(TestMethodWorker.java:146)
	at org.testng.internal.TestMethodWorker.run(TestMethodWorker.java:128)
	at java.base/java.util.ArrayList.forEach(ArrayList.java:1596)
	at org.testng.TestRunner.privateRun(TestRunner.java:766)
	at org.testng.TestRunner.run(TestRunner.java:587)
	at org.testng.SuiteRunner.runTest(SuiteRunner.java:384)
	at org.testng.SuiteRunner.runSequentially(SuiteRunner.java:378)
	at org.testng.SuiteRunner.privateRun(SuiteRunner.java:337)
	at org.testng.SuiteRunner.run(SuiteRunner.java:286)
	at org.testng.SuiteRunnerWorker.runSuite(SuiteRunnerWorker.java:53)
	at org.testng.SuiteRunnerWorker.run(SuiteRunnerWorker.java:96)
	at org.testng.TestNG.runSuitesSequentially(TestNG.java:1187)
	at org.testng.TestNG.runSuitesLocally(TestNG.java:1109)
	at org.testng.TestNG.runSuites(TestNG.java:1039)
	at org.testng.TestNG.run(TestNG.java:1007)
	at com.intellij.rt.testng.IDEARemoteTestNG.run(IDEARemoteTestNG.java:65)
	at com.intellij.rt.testng.RemoteTestNGStarter.main(RemoteTestNGStarter.java:105)
2025-07-08 12:05:06.023 [main] [traceId:] [userId:] DEBUG o.s.t.c.s.DirtiesContextTestExecutionListener - After test method: class [IsolatedTestCase], method [testContextLoads], class annotated with @DirtiesContext [false] with mode [null], method annotated with @DirtiesContext [false] with mode [null]
2025-07-08 12:05:06.037 [main] [traceId:] [userId:] DEBUG o.s.t.c.s.DirtiesContextTestExecutionListener - After test class: class [IsolatedTestCase], class annotated with @DirtiesContext [false] with mode [null]
2025-07-08 12:05:50.708 [main] [traceId:] [userId:] WARN  com.alibaba.nacos.client.logging.NacosLogging - Load Logback Configuration of Nacos fail, message: Could not initialize Logback Nacos logging from classpath:nacos-logback.xml
2025-07-08 12:05:50.764 [main] [traceId:] [userId:] WARN  com.alibaba.nacos.client.logging.NacosLogging - Load Logback Configuration of Nacos fail, message: Could not initialize Logback Nacos logging from classpath:nacos-logback.xml
2025-07-08 12:05:50.969 [main] [traceId:] [userId:] WARN  com.alibaba.nacos.client.logging.NacosLogging - Load Logback Configuration of Nacos fail, message: Could not initialize Logback Nacos logging from classpath:nacos-logback.xml
2025-07-08 12:05:50.971 [main] [traceId:] [userId:] INFO  com.alibaba.nacos.client.utils.ParamUtil - [settings] [req-serv] nacos-server port:8848
2025-07-08 12:05:50.971 [main] [traceId:] [userId:] INFO  com.alibaba.nacos.client.utils.ParamUtil - [settings] [http-client] connect timeout:1000
2025-07-08 12:05:50.972 [main] [traceId:] [userId:] INFO  com.alibaba.nacos.client.utils.ParamUtil - PER_TASK_CONFIG_SIZE: 3000.0
2025-07-08 12:05:51.015 [main] [traceId:] [userId:] INFO  c.a.n.p.auth.spi.client.ClientAuthPluginManager - [ClientAuthPluginManager] Load ClientAuthService com.alibaba.nacos.client.auth.impl.NacosClientAuthServiceImpl success.
2025-07-08 12:05:51.015 [main] [traceId:] [userId:] INFO  c.a.n.p.auth.spi.client.ClientAuthPluginManager - [ClientAuthPluginManager] Load ClientAuthService com.alibaba.nacos.client.auth.ram.RamClientAuthServiceImpl success.
2025-07-08 12:05:51.021 [main] [traceId:] [userId:] INFO  c.a.n.client.auth.ram.identify.CredentialWatcher - null No credential found
2025-07-08 12:05:51.225 [main] [traceId:] [userId:] WARN  com.alibaba.nacos.client.logging.NacosLogging - Load Logback Configuration of Nacos fail, message: Could not initialize Logback Nacos logging from classpath:nacos-logback.xml
2025-07-08 12:05:52.152 [main] [traceId:] [userId:] WARN  c.a.cloud.nacos.client.NacosPropertySourceBuilder - Ignore the empty nacos configuration and get it based on dataId[common-dev.yaml] & group[DEFAULT_GROUP]
2025-07-08 12:05:52.170 [main] [traceId:] [userId:] WARN  c.a.cloud.nacos.client.NacosPropertySourceBuilder - Ignore the empty nacos configuration and get it based on dataId[bgtech-ai] & group[DEFAULT_GROUP]
2025-07-08 12:05:52.180 [main] [traceId:] [userId:] WARN  c.a.cloud.nacos.client.NacosPropertySourceBuilder - Ignore the empty nacos configuration and get it based on dataId[bgtech-ai.yaml] & group[DEFAULT_GROUP]
2025-07-08 12:05:52.194 [main] [traceId:] [userId:] WARN  c.a.cloud.nacos.client.NacosPropertySourceBuilder - Ignore the empty nacos configuration and get it based on dataId[bgtech-ai-test.yaml] & group[DEFAULT_GROUP]
2025-07-08 12:05:52.195 [main] [traceId:] [userId:] INFO  o.s.c.b.c.PropertySourceBootstrapConfiguration - Located property source: [BootstrapPropertySource {name='bootstrapProperties-bgtech-ai-test.yaml,DEFAULT_GROUP'}, BootstrapPropertySource {name='bootstrapProperties-bgtech-ai.yaml,DEFAULT_GROUP'}, BootstrapPropertySource {name='bootstrapProperties-bgtech-ai,DEFAULT_GROUP'}, BootstrapPropertySource {name='bootstrapProperties-common-dev.yaml,DEFAULT_GROUP'}]
2025-07-08 12:05:52.235 [main] [traceId:] [userId:] WARN  o.s.b.t.j.DuplicateJsonObjectContextCustomizerFactory$DuplicateJsonObjectContextCustomizer - 

Found multiple occurrences of org.json.JSONObject on the class path:

	jar:file:/C:/Users/Administrator/.m2/repository/com/vaadin/external/google/android-json/0.0.20131108.vaadin1/android-json-0.0.20131108.vaadin1.jar!/org/json/JSONObject.class
	jar:file:/C:/Users/Administrator/.m2/repository/org/json/json/20220320/json-20220320.jar!/org/json/JSONObject.class

You may wish to exclude one of them to ensure predictable runtime behavior

2025-07-08 12:05:52.239 [main] [traceId:] [userId:] WARN  com.alibaba.nacos.client.logging.NacosLogging - Load Logback Configuration of Nacos fail, message: Could not initialize Logback Nacos logging from classpath:nacos-logback.xml
2025-07-08 12:05:52.240 [main] [traceId:] [userId:] INFO  com.bgpay.bgai.controller.MinimalTestCase - The following 2 profiles are active: "dev", "test"
2025-07-08 12:05:54.422 [main] [traceId:] [userId:] WARN  org.mybatis.spring.mapper.ClassPathMapperScanner - Skipping MapperFactoryBean with name 'fileTypeMapper' and 'com.bgpay.bgai.mapper.FileTypeMapper' mapperInterface. Bean already defined with the same name!
2025-07-08 12:05:54.423 [main] [traceId:] [userId:] WARN  org.mybatis.spring.mapper.ClassPathMapperScanner - Skipping MapperFactoryBean with name 'usageRecordMapper' and 'com.bgpay.bgai.mapper.UsageRecordMapper' mapperInterface. Bean already defined with the same name!
2025-07-08 12:05:57.274 [main] [traceId:] [userId:] INFO  com.bgpay.bgai.config.SeataDisableConfiguration - SeataDisableConfiguration已加载，Seata在测试环境中被禁用
2025-07-08 12:05:57.274 [main] [traceId:] [userId:] INFO  com.bgpay.bgai.config.SeataDisableConfiguration - 设置系统属性: seata.enabled=false, saga.enabled=false
2025-07-08 12:05:57.403 [main] [traceId:] [userId:] INFO  c.bgpay.bgai.config.NacosRouteDefinitionRepository - 初始化Nacos路由定义存储库
2025-07-08 12:05:57.558 [main] [traceId:] [userId:] WARN  c.bgpay.bgai.config.NacosRouteDefinitionRepository - Nacos中未找到路由定义配置
2025-07-08 12:05:57.575 [main] [traceId:] [userId:] INFO  c.bgpay.bgai.service.impl.DynamicRouteServiceImpl - 初始化动态路由服务
2025-07-08 12:05:57.760 [main] [traceId:] [userId:] WARN  c.bgpay.bgai.service.impl.DynamicRouteServiceImpl - Nacos中没有找到路由配置，使用默认配置
2025-07-08 12:05:57.760 [main] [traceId:] [userId:] INFO  c.bgpay.bgai.service.impl.DynamicRouteServiceImpl - 注册Nacos配置监听器成功
2025-07-08 12:05:57.768 [main] [traceId:] [userId:] INFO  com.bgpay.bgai.config.NacosRouteConfigListener - 初始化Nacos路由配置监听器
2025-07-08 12:05:57.957 [main] [traceId:] [userId:] WARN  com.bgpay.bgai.config.NacosRouteConfigListener - Nacos中未找到路由配置数据
2025-07-08 12:05:58.161 [main] [traceId:] [userId:] WARN  o.s.b.w.r.c.GenericReactiveWebApplicationContext - Exception encountered during context initialization - cancelling refresh attempt: org.springframework.beans.factory.UnsatisfiedDependencyException: Error creating bean with name 'apiKeyController' defined in file [E:\project\bgai\target\classes\com\bgpay\bgai\controller\ApiKeyController.class]: Unsatisfied dependency expressed through constructor parameter 0: Error creating bean with name 'apiKeyServiceImpl' defined in file [E:\project\bgai\target\classes\com\bgpay\bgai\service\impl\ApiKeyServiceImpl.class]: Unsatisfied dependency expressed through constructor parameter 0: Error creating bean with name 'apiClientMapper' defined in file [E:\project\bgai\target\classes\com\bgpay\bgai\mapper\ApiClientMapper.class]: Unsatisfied dependency expressed through bean property 'sqlSessionFactory': Error creating bean with name 'sqlSessionFactory' defined in class path resource [com/bgpay/bgai/datasource/MyBatisPlusConfig.class]: Unsatisfied dependency expressed through method 'sqlSessionFactory' parameter 0: Error creating bean with name 'dynamicDataSource' defined in class path resource [com/bgpay/bgai/datasource/DataSourceConfig.class]: Unsatisfied dependency expressed through method 'dynamicDataSource' parameter 0: Error creating bean with name 'masterDataSource' defined in class path resource [com/bgpay/bgai/datasource/DataSourceConfig.class]: Failed to instantiate [javax.sql.DataSource]: Factory method 'masterDataSource' threw exception with message: 找不到数据库驱动类: org.h2.Driver
2025-07-08 12:05:58.163 [main] [traceId:] [userId:] INFO  c.bgpay.bgai.service.impl.DynamicRouteServiceImpl - 动态路由服务关闭，执行清理操作
2025-07-08 12:05:58.169 [main] [traceId:] [userId:] INFO  o.s.b.a.logging.ConditionEvaluationReportLogger - 

Error starting ApplicationContext. To display the condition evaluation report re-run your application with 'debug' enabled.
2025-07-08 12:05:58.203 [main] [traceId:] [userId:] ERROR org.springframework.boot.SpringApplication - Application run failed
org.springframework.beans.factory.UnsatisfiedDependencyException: Error creating bean with name 'apiKeyController' defined in file [E:\project\bgai\target\classes\com\bgpay\bgai\controller\ApiKeyController.class]: Unsatisfied dependency expressed through constructor parameter 0: Error creating bean with name 'apiKeyServiceImpl' defined in file [E:\project\bgai\target\classes\com\bgpay\bgai\service\impl\ApiKeyServiceImpl.class]: Unsatisfied dependency expressed through constructor parameter 0: Error creating bean with name 'apiClientMapper' defined in file [E:\project\bgai\target\classes\com\bgpay\bgai\mapper\ApiClientMapper.class]: Unsatisfied dependency expressed through bean property 'sqlSessionFactory': Error creating bean with name 'sqlSessionFactory' defined in class path resource [com/bgpay/bgai/datasource/MyBatisPlusConfig.class]: Unsatisfied dependency expressed through method 'sqlSessionFactory' parameter 0: Error creating bean with name 'dynamicDataSource' defined in class path resource [com/bgpay/bgai/datasource/DataSourceConfig.class]: Unsatisfied dependency expressed through method 'dynamicDataSource' parameter 0: Error creating bean with name 'masterDataSource' defined in class path resource [com/bgpay/bgai/datasource/DataSourceConfig.class]: Failed to instantiate [javax.sql.DataSource]: Factory method 'masterDataSource' threw exception with message: 找不到数据库驱动类: org.h2.Driver
	at org.springframework.beans.factory.support.ConstructorResolver.createArgumentArray(ConstructorResolver.java:795)
	at org.springframework.beans.factory.support.ConstructorResolver.autowireConstructor(ConstructorResolver.java:237)
	at org.springframework.beans.factory.support.AbstractAutowireCapableBeanFactory.autowireConstructor(AbstractAutowireCapableBeanFactory.java:1355)
	at org.springframework.beans.factory.support.AbstractAutowireCapableBeanFactory.createBeanInstance(AbstractAutowireCapableBeanFactory.java:1192)
	at org.springframework.beans.factory.support.AbstractAutowireCapableBeanFactory.doCreateBean(AbstractAutowireCapableBeanFactory.java:562)
	at org.springframework.beans.factory.support.AbstractAutowireCapableBeanFactory.createBean(AbstractAutowireCapableBeanFactory.java:522)
	at org.springframework.beans.factory.support.AbstractBeanFactory.lambda$doGetBean$0(AbstractBeanFactory.java:326)
	at org.springframework.beans.factory.support.DefaultSingletonBeanRegistry.getSingleton(DefaultSingletonBeanRegistry.java:234)
	at org.springframework.beans.factory.support.AbstractBeanFactory.doGetBean(AbstractBeanFactory.java:324)
	at org.springframework.beans.factory.support.AbstractBeanFactory.getBean(AbstractBeanFactory.java:200)
	at org.springframework.beans.factory.support.DefaultListableBeanFactory.preInstantiateSingletons(DefaultListableBeanFactory.java:975)
	at org.springframework.context.support.AbstractApplicationContext.finishBeanFactoryInitialization(AbstractApplicationContext.java:962)
	at org.springframework.context.support.AbstractApplicationContext.refresh(AbstractApplicationContext.java:624)
	at org.springframework.boot.SpringApplication.refresh(SpringApplication.java:754)
	at org.springframework.boot.SpringApplication.refreshContext(SpringApplication.java:456)
	at org.springframework.boot.SpringApplication.run(SpringApplication.java:334)
	at org.springframework.boot.test.context.SpringBootContextLoader.lambda$loadContext$3(SpringBootContextLoader.java:137)
	at org.springframework.util.function.ThrowingSupplier.get(ThrowingSupplier.java:58)
	at org.springframework.util.function.ThrowingSupplier.get(ThrowingSupplier.java:46)
	at org.springframework.boot.SpringApplication.withHook(SpringApplication.java:1454)
	at org.springframework.boot.test.context.SpringBootContextLoader$ContextLoaderHook.run(SpringBootContextLoader.java:553)
	at org.springframework.boot.test.context.SpringBootContextLoader.loadContext(SpringBootContextLoader.java:137)
	at org.springframework.boot.test.context.SpringBootContextLoader.loadContext(SpringBootContextLoader.java:108)
	at org.springframework.test.context.cache.DefaultCacheAwareContextLoaderDelegate.loadContextInternal(DefaultCacheAwareContextLoaderDelegate.java:225)
	at org.springframework.test.context.cache.DefaultCacheAwareContextLoaderDelegate.loadContext(DefaultCacheAwareContextLoaderDelegate.java:152)
	at org.springframework.test.context.support.DefaultTestContext.getApplicationContext(DefaultTestContext.java:130)
	at org.springframework.test.context.support.DependencyInjectionTestExecutionListener.injectDependencies(DependencyInjectionTestExecutionListener.java:142)
	at org.springframework.test.context.support.DependencyInjectionTestExecutionListener.prepareTestInstance(DependencyInjectionTestExecutionListener.java:98)
	at org.springframework.test.context.TestContextManager.prepareTestInstance(TestContextManager.java:260)
	at org.springframework.test.context.testng.AbstractTestNGSpringContextTests.springTestContextPrepareTestInstance(AbstractTestNGSpringContextTests.java:119)
	at java.base/jdk.internal.reflect.DirectMethodHandleAccessor.invoke(DirectMethodHandleAccessor.java:103)
	at java.base/java.lang.reflect.Method.invoke(Method.java:580)
	at org.testng.internal.MethodInvocationHelper.invokeMethod(MethodInvocationHelper.java:134)
	at org.testng.internal.MethodInvocationHelper.invokeMethodConsideringTimeout(MethodInvocationHelper.java:63)
	at org.testng.internal.ConfigInvoker.invokeConfigurationMethod(ConfigInvoker.java:348)
	at org.testng.internal.ConfigInvoker.invokeConfigurations(ConfigInvoker.java:302)
	at org.testng.internal.TestMethodWorker.invokeBeforeClassMethods(TestMethodWorker.java:176)
	at org.testng.internal.TestMethodWorker.run(TestMethodWorker.java:122)
	at java.base/java.util.ArrayList.forEach(ArrayList.java:1596)
	at org.testng.TestRunner.privateRun(TestRunner.java:766)
	at org.testng.TestRunner.run(TestRunner.java:587)
	at org.testng.SuiteRunner.runTest(SuiteRunner.java:384)
	at org.testng.SuiteRunner.runSequentially(SuiteRunner.java:378)
	at org.testng.SuiteRunner.privateRun(SuiteRunner.java:337)
	at org.testng.SuiteRunner.run(SuiteRunner.java:286)
	at org.testng.SuiteRunnerWorker.runSuite(SuiteRunnerWorker.java:53)
	at org.testng.SuiteRunnerWorker.run(SuiteRunnerWorker.java:96)
	at org.testng.TestNG.runSuitesSequentially(TestNG.java:1187)
	at org.testng.TestNG.runSuitesLocally(TestNG.java:1109)
	at org.testng.TestNG.runSuites(TestNG.java:1039)
	at org.testng.TestNG.run(TestNG.java:1007)
	at com.intellij.rt.testng.IDEARemoteTestNG.run(IDEARemoteTestNG.java:65)
	at com.intellij.rt.testng.RemoteTestNGStarter.main(RemoteTestNGStarter.java:105)
Caused by: org.springframework.beans.factory.UnsatisfiedDependencyException: Error creating bean with name 'apiKeyServiceImpl' defined in file [E:\project\bgai\target\classes\com\bgpay\bgai\service\impl\ApiKeyServiceImpl.class]: Unsatisfied dependency expressed through constructor parameter 0: Error creating bean with name 'apiClientMapper' defined in file [E:\project\bgai\target\classes\com\bgpay\bgai\mapper\ApiClientMapper.class]: Unsatisfied dependency expressed through bean property 'sqlSessionFactory': Error creating bean with name 'sqlSessionFactory' defined in class path resource [com/bgpay/bgai/datasource/MyBatisPlusConfig.class]: Unsatisfied dependency expressed through method 'sqlSessionFactory' parameter 0: Error creating bean with name 'dynamicDataSource' defined in class path resource [com/bgpay/bgai/datasource/DataSourceConfig.class]: Unsatisfied dependency expressed through method 'dynamicDataSource' parameter 0: Error creating bean with name 'masterDataSource' defined in class path resource [com/bgpay/bgai/datasource/DataSourceConfig.class]: Failed to instantiate [javax.sql.DataSource]: Factory method 'masterDataSource' threw exception with message: 找不到数据库驱动类: org.h2.Driver
	at org.springframework.beans.factory.support.ConstructorResolver.createArgumentArray(ConstructorResolver.java:795)
	at org.springframework.beans.factory.support.ConstructorResolver.autowireConstructor(ConstructorResolver.java:237)
	at org.springframework.beans.factory.support.AbstractAutowireCapableBeanFactory.autowireConstructor(AbstractAutowireCapableBeanFactory.java:1355)
	at org.springframework.beans.factory.support.AbstractAutowireCapableBeanFactory.createBeanInstance(AbstractAutowireCapableBeanFactory.java:1192)
	at org.springframework.beans.factory.support.AbstractAutowireCapableBeanFactory.doCreateBean(AbstractAutowireCapableBeanFactory.java:562)
	at org.springframework.beans.factory.support.AbstractAutowireCapableBeanFactory.createBean(AbstractAutowireCapableBeanFactory.java:522)
	at org.springframework.beans.factory.support.AbstractBeanFactory.lambda$doGetBean$0(AbstractBeanFactory.java:326)
	at org.springframework.beans.factory.support.DefaultSingletonBeanRegistry.getSingleton(DefaultSingletonBeanRegistry.java:234)
	at org.springframework.beans.factory.support.AbstractBeanFactory.doGetBean(AbstractBeanFactory.java:324)
	at org.springframework.beans.factory.support.AbstractBeanFactory.getBean(AbstractBeanFactory.java:200)
	at org.springframework.beans.factory.config.DependencyDescriptor.resolveCandidate(DependencyDescriptor.java:254)
	at org.springframework.beans.factory.support.DefaultListableBeanFactory.doResolveDependency(DefaultListableBeanFactory.java:1443)
	at org.springframework.beans.factory.support.DefaultListableBeanFactory.resolveDependency(DefaultListableBeanFactory.java:1353)
	at org.springframework.beans.factory.support.ConstructorResolver.resolveAutowiredArgument(ConstructorResolver.java:904)
	at org.springframework.beans.factory.support.ConstructorResolver.createArgumentArray(ConstructorResolver.java:782)
	... 52 common frames omitted
Caused by: org.springframework.beans.factory.UnsatisfiedDependencyException: Error creating bean with name 'apiClientMapper' defined in file [E:\project\bgai\target\classes\com\bgpay\bgai\mapper\ApiClientMapper.class]: Unsatisfied dependency expressed through bean property 'sqlSessionFactory': Error creating bean with name 'sqlSessionFactory' defined in class path resource [com/bgpay/bgai/datasource/MyBatisPlusConfig.class]: Unsatisfied dependency expressed through method 'sqlSessionFactory' parameter 0: Error creating bean with name 'dynamicDataSource' defined in class path resource [com/bgpay/bgai/datasource/DataSourceConfig.class]: Unsatisfied dependency expressed through method 'dynamicDataSource' parameter 0: Error creating bean with name 'masterDataSource' defined in class path resource [com/bgpay/bgai/datasource/DataSourceConfig.class]: Failed to instantiate [javax.sql.DataSource]: Factory method 'masterDataSource' threw exception with message: 找不到数据库驱动类: org.h2.Driver
	at org.springframework.beans.factory.support.AbstractAutowireCapableBeanFactory.autowireByType(AbstractAutowireCapableBeanFactory.java:1516)
	at org.springframework.beans.factory.support.AbstractAutowireCapableBeanFactory.populateBean(AbstractAutowireCapableBeanFactory.java:1410)
	at org.springframework.beans.factory.support.AbstractAutowireCapableBeanFactory.doCreateBean(AbstractAutowireCapableBeanFactory.java:599)
	at org.springframework.beans.factory.support.AbstractAutowireCapableBeanFactory.createBean(AbstractAutowireCapableBeanFactory.java:522)
	at org.springframework.beans.factory.support.AbstractBeanFactory.lambda$doGetBean$0(AbstractBeanFactory.java:326)
	at org.springframework.beans.factory.support.DefaultSingletonBeanRegistry.getSingleton(DefaultSingletonBeanRegistry.java:234)
	at org.springframework.beans.factory.support.AbstractBeanFactory.doGetBean(AbstractBeanFactory.java:324)
	at org.springframework.beans.factory.support.AbstractBeanFactory.getBean(AbstractBeanFactory.java:200)
	at org.springframework.beans.factory.config.DependencyDescriptor.resolveCandidate(DependencyDescriptor.java:254)
	at org.springframework.beans.factory.support.DefaultListableBeanFactory.doResolveDependency(DefaultListableBeanFactory.java:1443)
	at org.springframework.beans.factory.support.DefaultListableBeanFactory.resolveDependency(DefaultListableBeanFactory.java:1353)
	at org.springframework.beans.factory.support.ConstructorResolver.resolveAutowiredArgument(ConstructorResolver.java:904)
	at org.springframework.beans.factory.support.ConstructorResolver.createArgumentArray(ConstructorResolver.java:782)
	... 66 common frames omitted
Caused by: org.springframework.beans.factory.UnsatisfiedDependencyException: Error creating bean with name 'sqlSessionFactory' defined in class path resource [com/bgpay/bgai/datasource/MyBatisPlusConfig.class]: Unsatisfied dependency expressed through method 'sqlSessionFactory' parameter 0: Error creating bean with name 'dynamicDataSource' defined in class path resource [com/bgpay/bgai/datasource/DataSourceConfig.class]: Unsatisfied dependency expressed through method 'dynamicDataSource' parameter 0: Error creating bean with name 'masterDataSource' defined in class path resource [com/bgpay/bgai/datasource/DataSourceConfig.class]: Failed to instantiate [javax.sql.DataSource]: Factory method 'masterDataSource' threw exception with message: 找不到数据库驱动类: org.h2.Driver
	at org.springframework.beans.factory.support.ConstructorResolver.createArgumentArray(ConstructorResolver.java:795)
	at org.springframework.beans.factory.support.ConstructorResolver.instantiateUsingFactoryMethod(ConstructorResolver.java:542)
	at org.springframework.beans.factory.support.AbstractAutowireCapableBeanFactory.instantiateUsingFactoryMethod(AbstractAutowireCapableBeanFactory.java:1335)
	at org.springframework.beans.factory.support.AbstractAutowireCapableBeanFactory.createBeanInstance(AbstractAutowireCapableBeanFactory.java:1165)
	at org.springframework.beans.factory.support.AbstractAutowireCapableBeanFactory.doCreateBean(AbstractAutowireCapableBeanFactory.java:562)
	at org.springframework.beans.factory.support.AbstractAutowireCapableBeanFactory.createBean(AbstractAutowireCapableBeanFactory.java:522)
	at org.springframework.beans.factory.support.AbstractBeanFactory.lambda$doGetBean$0(AbstractBeanFactory.java:326)
	at org.springframework.beans.factory.support.DefaultSingletonBeanRegistry.getSingleton(DefaultSingletonBeanRegistry.java:234)
	at org.springframework.beans.factory.support.AbstractBeanFactory.doGetBean(AbstractBeanFactory.java:324)
	at org.springframework.beans.factory.support.AbstractBeanFactory.getBean(AbstractBeanFactory.java:200)
	at org.springframework.beans.factory.config.DependencyDescriptor.resolveCandidate(DependencyDescriptor.java:254)
	at org.springframework.beans.factory.support.DefaultListableBeanFactory.doResolveDependency(DefaultListableBeanFactory.java:1443)
	at org.springframework.beans.factory.support.DefaultListableBeanFactory.resolveDependency(DefaultListableBeanFactory.java:1353)
	at org.springframework.beans.factory.support.AbstractAutowireCapableBeanFactory.autowireByType(AbstractAutowireCapableBeanFactory.java:1501)
	... 78 common frames omitted
Caused by: org.springframework.beans.factory.UnsatisfiedDependencyException: Error creating bean with name 'dynamicDataSource' defined in class path resource [com/bgpay/bgai/datasource/DataSourceConfig.class]: Unsatisfied dependency expressed through method 'dynamicDataSource' parameter 0: Error creating bean with name 'masterDataSource' defined in class path resource [com/bgpay/bgai/datasource/DataSourceConfig.class]: Failed to instantiate [javax.sql.DataSource]: Factory method 'masterDataSource' threw exception with message: 找不到数据库驱动类: org.h2.Driver
	at org.springframework.beans.factory.support.ConstructorResolver.createArgumentArray(ConstructorResolver.java:795)
	at org.springframework.beans.factory.support.ConstructorResolver.instantiateUsingFactoryMethod(ConstructorResolver.java:542)
	at org.springframework.beans.factory.support.AbstractAutowireCapableBeanFactory.instantiateUsingFactoryMethod(AbstractAutowireCapableBeanFactory.java:1335)
	at org.springframework.beans.factory.support.AbstractAutowireCapableBeanFactory.createBeanInstance(AbstractAutowireCapableBeanFactory.java:1165)
	at org.springframework.beans.factory.support.AbstractAutowireCapableBeanFactory.doCreateBean(AbstractAutowireCapableBeanFactory.java:562)
	at org.springframework.beans.factory.support.AbstractAutowireCapableBeanFactory.createBean(AbstractAutowireCapableBeanFactory.java:522)
	at org.springframework.beans.factory.support.AbstractBeanFactory.lambda$doGetBean$0(AbstractBeanFactory.java:326)
	at org.springframework.beans.factory.support.DefaultSingletonBeanRegistry.getSingleton(DefaultSingletonBeanRegistry.java:234)
	at org.springframework.beans.factory.support.AbstractBeanFactory.doGetBean(AbstractBeanFactory.java:324)
	at org.springframework.beans.factory.support.AbstractBeanFactory.getBean(AbstractBeanFactory.java:200)
	at org.springframework.beans.factory.config.DependencyDescriptor.resolveCandidate(DependencyDescriptor.java:254)
	at org.springframework.beans.factory.support.DefaultListableBeanFactory.doResolveDependency(DefaultListableBeanFactory.java:1443)
	at org.springframework.beans.factory.support.DefaultListableBeanFactory.resolveDependency(DefaultListableBeanFactory.java:1353)
	at org.springframework.beans.factory.support.ConstructorResolver.resolveAutowiredArgument(ConstructorResolver.java:904)
	at org.springframework.beans.factory.support.ConstructorResolver.createArgumentArray(ConstructorResolver.java:782)
	... 91 common frames omitted
Caused by: org.springframework.beans.factory.BeanCreationException: Error creating bean with name 'masterDataSource' defined in class path resource [com/bgpay/bgai/datasource/DataSourceConfig.class]: Failed to instantiate [javax.sql.DataSource]: Factory method 'masterDataSource' threw exception with message: 找不到数据库驱动类: org.h2.Driver
	at org.springframework.beans.factory.support.ConstructorResolver.instantiate(ConstructorResolver.java:648)
	at org.springframework.beans.factory.support.ConstructorResolver.instantiateUsingFactoryMethod(ConstructorResolver.java:485)
	at org.springframework.beans.factory.support.AbstractAutowireCapableBeanFactory.instantiateUsingFactoryMethod(AbstractAutowireCapableBeanFactory.java:1335)
	at org.springframework.beans.factory.support.AbstractAutowireCapableBeanFactory.createBeanInstance(AbstractAutowireCapableBeanFactory.java:1165)
	at org.springframework.beans.factory.support.AbstractAutowireCapableBeanFactory.doCreateBean(AbstractAutowireCapableBeanFactory.java:562)
	at org.springframework.beans.factory.support.AbstractAutowireCapableBeanFactory.createBean(AbstractAutowireCapableBeanFactory.java:522)
	at org.springframework.beans.factory.support.AbstractBeanFactory.lambda$doGetBean$0(AbstractBeanFactory.java:326)
	at org.springframework.beans.factory.support.DefaultSingletonBeanRegistry.getSingleton(DefaultSingletonBeanRegistry.java:234)
	at org.springframework.beans.factory.support.AbstractBeanFactory.doGetBean(AbstractBeanFactory.java:324)
	at org.springframework.beans.factory.support.AbstractBeanFactory.getBean(AbstractBeanFactory.java:200)
	at org.springframework.beans.factory.config.DependencyDescriptor.resolveCandidate(DependencyDescriptor.java:254)
	at org.springframework.beans.factory.support.DefaultListableBeanFactory.doResolveDependency(DefaultListableBeanFactory.java:1443)
	at org.springframework.beans.factory.support.DefaultListableBeanFactory.resolveDependency(DefaultListableBeanFactory.java:1353)
	at org.springframework.beans.factory.support.ConstructorResolver.resolveAutowiredArgument(ConstructorResolver.java:904)
	at org.springframework.beans.factory.support.ConstructorResolver.createArgumentArray(ConstructorResolver.java:782)
	... 105 common frames omitted
Caused by: org.springframework.beans.BeanInstantiationException: Failed to instantiate [javax.sql.DataSource]: Factory method 'masterDataSource' threw exception with message: 找不到数据库驱动类: org.h2.Driver
	at org.springframework.beans.factory.support.SimpleInstantiationStrategy.instantiate(SimpleInstantiationStrategy.java:177)
	at org.springframework.beans.factory.support.ConstructorResolver.instantiate(ConstructorResolver.java:644)
	... 119 common frames omitted
Caused by: java.lang.RuntimeException: 找不到数据库驱动类: org.h2.Driver
	at com.bgpay.bgai.datasource.DataSourceConfig.validateDriver(DataSourceConfig.java:109)
	at com.bgpay.bgai.datasource.DataSourceConfig.masterDataSource(DataSourceConfig.java:55)
	at com.bgpay.bgai.datasource.DataSourceConfig$$SpringCGLIB$$0.CGLIB$masterDataSource$2(<generated>)
	at com.bgpay.bgai.datasource.DataSourceConfig$$SpringCGLIB$$FastClass$$1.invoke(<generated>)
	at org.springframework.cglib.proxy.MethodProxy.invokeSuper(MethodProxy.java:258)
	at org.springframework.context.annotation.ConfigurationClassEnhancer$BeanMethodInterceptor.intercept(ConfigurationClassEnhancer.java:331)
	at com.bgpay.bgai.datasource.DataSourceConfig$$SpringCGLIB$$0.masterDataSource(<generated>)
	at java.base/jdk.internal.reflect.DirectMethodHandleAccessor.invoke(DirectMethodHandleAccessor.java:103)
	at java.base/java.lang.reflect.Method.invoke(Method.java:580)
	at org.springframework.beans.factory.support.SimpleInstantiationStrategy.instantiate(SimpleInstantiationStrategy.java:140)
	... 120 common frames omitted
Caused by: java.lang.ClassNotFoundException: org.h2.Driver
	at java.base/jdk.internal.loader.BuiltinClassLoader.loadClass(BuiltinClassLoader.java:641)
	at java.base/jdk.internal.loader.ClassLoaders$AppClassLoader.loadClass(ClassLoaders.java:188)
	at java.base/java.lang.ClassLoader.loadClass(ClassLoader.java:526)
	at java.base/java.lang.Class.forName0(Native Method)
	at java.base/java.lang.Class.forName(Class.java:421)
	at java.base/java.lang.Class.forName(Class.java:412)
	at com.bgpay.bgai.datasource.DataSourceConfig.validateDriver(DataSourceConfig.java:106)
	... 129 common frames omitted
2025-07-08 12:05:58.234 [main] [traceId:] [userId:] DEBUG org.springframework.test.context.cache - Spring test ApplicationContext cache statistics: [DefaultContextCache@5df9d890 size = 0, maxSize = 32, parentContextCount = 0, hitCount = 0, missCount = 1, failureCount = 1]
2025-07-08 12:05:58.234 [main] [traceId:] [userId:] WARN  o.springframework.test.context.TestContextManager - Caught exception while allowing TestExecutionListener [org.springframework.test.context.support.DependencyInjectionTestExecutionListener] to prepare test instance [com.bgpay.bgai.controller.MinimalTestCase@8a98f38]
java.lang.IllegalStateException: Failed to load ApplicationContext for [ReactiveWebMergedContextConfiguration@28debadc testClass = com.bgpay.bgai.controller.MinimalTestCase, locations = [], classes = [com.bgpay.bgai.BgaiApplication, com.bgpay.bgai.config.WebClientMockConfiguration], contextInitializerClasses = [], activeProfiles = ["test"], propertySourceDescriptors = [PropertySourceDescriptor[locations=[classpath:application-test.yml], ignoreResourceNotFound=false, name=null, propertySourceFactory=null, encoding=null]], propertySourceProperties = ["org.springframework.boot.test.autoconfigure.web.reactive.WebFluxTestContextBootstrapper=true"], contextCustomizers = [[ImportsContextCustomizer@6f4327ab key = [org.springframework.boot.autoconfigure.security.reactive.ReactiveSecurityAutoConfiguration, org.springframework.boot.autoconfigure.security.reactive.ReactiveUserDetailsServiceAutoConfiguration, org.springframework.boot.autoconfigure.cache.CacheAutoConfiguration, org.springframework.boot.autoconfigure.validation.ValidationAutoConfiguration, org.springframework.boot.autoconfigure.web.reactive.error.ErrorWebFluxAutoConfiguration, org.springframework.boot.autoconfigure.context.MessageSourceAutoConfiguration, org.springframework.boot.autoconfigure.jackson.JacksonAutoConfiguration, org.springframework.boot.autoconfigure.security.oauth2.resource.reactive.ReactiveOAuth2ResourceServerAutoConfiguration, org.springframework.boot.test.autoconfigure.web.reactive.WebTestClientAutoConfiguration, org.springframework.boot.autoconfigure.thymeleaf.ThymeleafAutoConfiguration, org.springframework.boot.autoconfigure.gson.GsonAutoConfiguration, org.springframework.boot.autoconfigure.jsonb.JsonbAutoConfiguration, org.springframework.boot.autoconfigure.freemarker.FreeMarkerAutoConfiguration, org.springframework.boot.autoconfigure.web.reactive.WebFluxAutoConfiguration, org.springframework.boot.autoconfigure.security.oauth2.client.reactive.ReactiveOAuth2ClientAutoConfiguration, org.springframework.boot.autoconfigure.http.codec.CodecsAutoConfiguration, org.springframework.boot.autoconfigure.mustache.MustacheAutoConfiguration]], org.springframework.boot.test.context.filter.ExcludeFilterContextCustomizer@77bd7fe7, org.springframework.boot.test.json.DuplicateJsonObjectContextCustomizerFactory$DuplicateJsonObjectContextCustomizer@71870da7, org.springframework.boot.test.mock.mockito.MockitoContextCustomizer@0, org.springframework.boot.test.autoconfigure.OverrideAutoConfigurationContextCustomizerFactory$DisableAutoConfigurationContextCustomizer@25a73de1, org.springframework.boot.test.autoconfigure.actuate.observability.ObservabilityContextCustomizerFactory$DisableObservabilityContextCustomizer@1f, org.springframework.boot.test.autoconfigure.filter.TypeExcludeFiltersContextCustomizer@c561b816, org.springframework.boot.test.autoconfigure.properties.PropertyMappingContextCustomizer@c5060db6, org.springframework.boot.test.autoconfigure.web.servlet.WebDriverContextCustomizer@4390f46e, org.springframework.boot.test.context.SpringBootTestAnnotation@771a14f4], contextLoader = org.springframework.boot.test.context.SpringBootContextLoader, parent = null]
	at org.springframework.test.context.cache.DefaultCacheAwareContextLoaderDelegate.loadContext(DefaultCacheAwareContextLoaderDelegate.java:180)
	at org.springframework.test.context.support.DefaultTestContext.getApplicationContext(DefaultTestContext.java:130)
	at org.springframework.test.context.support.DependencyInjectionTestExecutionListener.injectDependencies(DependencyInjectionTestExecutionListener.java:142)
	at org.springframework.test.context.support.DependencyInjectionTestExecutionListener.prepareTestInstance(DependencyInjectionTestExecutionListener.java:98)
	at org.springframework.test.context.TestContextManager.prepareTestInstance(TestContextManager.java:260)
	at org.springframework.test.context.testng.AbstractTestNGSpringContextTests.springTestContextPrepareTestInstance(AbstractTestNGSpringContextTests.java:119)
	at java.base/jdk.internal.reflect.DirectMethodHandleAccessor.invoke(DirectMethodHandleAccessor.java:103)
	at java.base/java.lang.reflect.Method.invoke(Method.java:580)
	at org.testng.internal.MethodInvocationHelper.invokeMethod(MethodInvocationHelper.java:134)
	at org.testng.internal.MethodInvocationHelper.invokeMethodConsideringTimeout(MethodInvocationHelper.java:63)
	at org.testng.internal.ConfigInvoker.invokeConfigurationMethod(ConfigInvoker.java:348)
	at org.testng.internal.ConfigInvoker.invokeConfigurations(ConfigInvoker.java:302)
	at org.testng.internal.TestMethodWorker.invokeBeforeClassMethods(TestMethodWorker.java:176)
	at org.testng.internal.TestMethodWorker.run(TestMethodWorker.java:122)
	at java.base/java.util.ArrayList.forEach(ArrayList.java:1596)
	at org.testng.TestRunner.privateRun(TestRunner.java:766)
	at org.testng.TestRunner.run(TestRunner.java:587)
	at org.testng.SuiteRunner.runTest(SuiteRunner.java:384)
	at org.testng.SuiteRunner.runSequentially(SuiteRunner.java:378)
	at org.testng.SuiteRunner.privateRun(SuiteRunner.java:337)
	at org.testng.SuiteRunner.run(SuiteRunner.java:286)
	at org.testng.SuiteRunnerWorker.runSuite(SuiteRunnerWorker.java:53)
	at org.testng.SuiteRunnerWorker.run(SuiteRunnerWorker.java:96)
	at org.testng.TestNG.runSuitesSequentially(TestNG.java:1187)
	at org.testng.TestNG.runSuitesLocally(TestNG.java:1109)
	at org.testng.TestNG.runSuites(TestNG.java:1039)
	at org.testng.TestNG.run(TestNG.java:1007)
	at com.intellij.rt.testng.IDEARemoteTestNG.run(IDEARemoteTestNG.java:65)
	at com.intellij.rt.testng.RemoteTestNGStarter.main(RemoteTestNGStarter.java:105)
Caused by: org.springframework.beans.factory.UnsatisfiedDependencyException: Error creating bean with name 'apiKeyController' defined in file [E:\project\bgai\target\classes\com\bgpay\bgai\controller\ApiKeyController.class]: Unsatisfied dependency expressed through constructor parameter 0: Error creating bean with name 'apiKeyServiceImpl' defined in file [E:\project\bgai\target\classes\com\bgpay\bgai\service\impl\ApiKeyServiceImpl.class]: Unsatisfied dependency expressed through constructor parameter 0: Error creating bean with name 'apiClientMapper' defined in file [E:\project\bgai\target\classes\com\bgpay\bgai\mapper\ApiClientMapper.class]: Unsatisfied dependency expressed through bean property 'sqlSessionFactory': Error creating bean with name 'sqlSessionFactory' defined in class path resource [com/bgpay/bgai/datasource/MyBatisPlusConfig.class]: Unsatisfied dependency expressed through method 'sqlSessionFactory' parameter 0: Error creating bean with name 'dynamicDataSource' defined in class path resource [com/bgpay/bgai/datasource/DataSourceConfig.class]: Unsatisfied dependency expressed through method 'dynamicDataSource' parameter 0: Error creating bean with name 'masterDataSource' defined in class path resource [com/bgpay/bgai/datasource/DataSourceConfig.class]: Failed to instantiate [javax.sql.DataSource]: Factory method 'masterDataSource' threw exception with message: 找不到数据库驱动类: org.h2.Driver
	at org.springframework.beans.factory.support.ConstructorResolver.createArgumentArray(ConstructorResolver.java:795)
	at org.springframework.beans.factory.support.ConstructorResolver.autowireConstructor(ConstructorResolver.java:237)
	at org.springframework.beans.factory.support.AbstractAutowireCapableBeanFactory.autowireConstructor(AbstractAutowireCapableBeanFactory.java:1355)
	at org.springframework.beans.factory.support.AbstractAutowireCapableBeanFactory.createBeanInstance(AbstractAutowireCapableBeanFactory.java:1192)
	at org.springframework.beans.factory.support.AbstractAutowireCapableBeanFactory.doCreateBean(AbstractAutowireCapableBeanFactory.java:562)
	at org.springframework.beans.factory.support.AbstractAutowireCapableBeanFactory.createBean(AbstractAutowireCapableBeanFactory.java:522)
	at org.springframework.beans.factory.support.AbstractBeanFactory.lambda$doGetBean$0(AbstractBeanFactory.java:326)
	at org.springframework.beans.factory.support.DefaultSingletonBeanRegistry.getSingleton(DefaultSingletonBeanRegistry.java:234)
	at org.springframework.beans.factory.support.AbstractBeanFactory.doGetBean(AbstractBeanFactory.java:324)
	at org.springframework.beans.factory.support.AbstractBeanFactory.getBean(AbstractBeanFactory.java:200)
	at org.springframework.beans.factory.support.DefaultListableBeanFactory.preInstantiateSingletons(DefaultListableBeanFactory.java:975)
	at org.springframework.context.support.AbstractApplicationContext.finishBeanFactoryInitialization(AbstractApplicationContext.java:962)
	at org.springframework.context.support.AbstractApplicationContext.refresh(AbstractApplicationContext.java:624)
	at org.springframework.boot.SpringApplication.refresh(SpringApplication.java:754)
	at org.springframework.boot.SpringApplication.refreshContext(SpringApplication.java:456)
	at org.springframework.boot.SpringApplication.run(SpringApplication.java:334)
	at org.springframework.boot.test.context.SpringBootContextLoader.lambda$loadContext$3(SpringBootContextLoader.java:137)
	at org.springframework.util.function.ThrowingSupplier.get(ThrowingSupplier.java:58)
	at org.springframework.util.function.ThrowingSupplier.get(ThrowingSupplier.java:46)
	at org.springframework.boot.SpringApplication.withHook(SpringApplication.java:1454)
	at org.springframework.boot.test.context.SpringBootContextLoader$ContextLoaderHook.run(SpringBootContextLoader.java:553)
	at org.springframework.boot.test.context.SpringBootContextLoader.loadContext(SpringBootContextLoader.java:137)
	at org.springframework.boot.test.context.SpringBootContextLoader.loadContext(SpringBootContextLoader.java:108)
	at org.springframework.test.context.cache.DefaultCacheAwareContextLoaderDelegate.loadContextInternal(DefaultCacheAwareContextLoaderDelegate.java:225)
	at org.springframework.test.context.cache.DefaultCacheAwareContextLoaderDelegate.loadContext(DefaultCacheAwareContextLoaderDelegate.java:152)
	... 28 common frames omitted
Caused by: org.springframework.beans.factory.UnsatisfiedDependencyException: Error creating bean with name 'apiKeyServiceImpl' defined in file [E:\project\bgai\target\classes\com\bgpay\bgai\service\impl\ApiKeyServiceImpl.class]: Unsatisfied dependency expressed through constructor parameter 0: Error creating bean with name 'apiClientMapper' defined in file [E:\project\bgai\target\classes\com\bgpay\bgai\mapper\ApiClientMapper.class]: Unsatisfied dependency expressed through bean property 'sqlSessionFactory': Error creating bean with name 'sqlSessionFactory' defined in class path resource [com/bgpay/bgai/datasource/MyBatisPlusConfig.class]: Unsatisfied dependency expressed through method 'sqlSessionFactory' parameter 0: Error creating bean with name 'dynamicDataSource' defined in class path resource [com/bgpay/bgai/datasource/DataSourceConfig.class]: Unsatisfied dependency expressed through method 'dynamicDataSource' parameter 0: Error creating bean with name 'masterDataSource' defined in class path resource [com/bgpay/bgai/datasource/DataSourceConfig.class]: Failed to instantiate [javax.sql.DataSource]: Factory method 'masterDataSource' threw exception with message: 找不到数据库驱动类: org.h2.Driver
	at org.springframework.beans.factory.support.ConstructorResolver.createArgumentArray(ConstructorResolver.java:795)
	at org.springframework.beans.factory.support.ConstructorResolver.autowireConstructor(ConstructorResolver.java:237)
	at org.springframework.beans.factory.support.AbstractAutowireCapableBeanFactory.autowireConstructor(AbstractAutowireCapableBeanFactory.java:1355)
	at org.springframework.beans.factory.support.AbstractAutowireCapableBeanFactory.createBeanInstance(AbstractAutowireCapableBeanFactory.java:1192)
	at org.springframework.beans.factory.support.AbstractAutowireCapableBeanFactory.doCreateBean(AbstractAutowireCapableBeanFactory.java:562)
	at org.springframework.beans.factory.support.AbstractAutowireCapableBeanFactory.createBean(AbstractAutowireCapableBeanFactory.java:522)
	at org.springframework.beans.factory.support.AbstractBeanFactory.lambda$doGetBean$0(AbstractBeanFactory.java:326)
	at org.springframework.beans.factory.support.DefaultSingletonBeanRegistry.getSingleton(DefaultSingletonBeanRegistry.java:234)
	at org.springframework.beans.factory.support.AbstractBeanFactory.doGetBean(AbstractBeanFactory.java:324)
	at org.springframework.beans.factory.support.AbstractBeanFactory.getBean(AbstractBeanFactory.java:200)
	at org.springframework.beans.factory.config.DependencyDescriptor.resolveCandidate(DependencyDescriptor.java:254)
	at org.springframework.beans.factory.support.DefaultListableBeanFactory.doResolveDependency(DefaultListableBeanFactory.java:1443)
	at org.springframework.beans.factory.support.DefaultListableBeanFactory.resolveDependency(DefaultListableBeanFactory.java:1353)
	at org.springframework.beans.factory.support.ConstructorResolver.resolveAutowiredArgument(ConstructorResolver.java:904)
	at org.springframework.beans.factory.support.ConstructorResolver.createArgumentArray(ConstructorResolver.java:782)
	... 52 common frames omitted
Caused by: org.springframework.beans.factory.UnsatisfiedDependencyException: Error creating bean with name 'apiClientMapper' defined in file [E:\project\bgai\target\classes\com\bgpay\bgai\mapper\ApiClientMapper.class]: Unsatisfied dependency expressed through bean property 'sqlSessionFactory': Error creating bean with name 'sqlSessionFactory' defined in class path resource [com/bgpay/bgai/datasource/MyBatisPlusConfig.class]: Unsatisfied dependency expressed through method 'sqlSessionFactory' parameter 0: Error creating bean with name 'dynamicDataSource' defined in class path resource [com/bgpay/bgai/datasource/DataSourceConfig.class]: Unsatisfied dependency expressed through method 'dynamicDataSource' parameter 0: Error creating bean with name 'masterDataSource' defined in class path resource [com/bgpay/bgai/datasource/DataSourceConfig.class]: Failed to instantiate [javax.sql.DataSource]: Factory method 'masterDataSource' threw exception with message: 找不到数据库驱动类: org.h2.Driver
	at org.springframework.beans.factory.support.AbstractAutowireCapableBeanFactory.autowireByType(AbstractAutowireCapableBeanFactory.java:1516)
	at org.springframework.beans.factory.support.AbstractAutowireCapableBeanFactory.populateBean(AbstractAutowireCapableBeanFactory.java:1410)
	at org.springframework.beans.factory.support.AbstractAutowireCapableBeanFactory.doCreateBean(AbstractAutowireCapableBeanFactory.java:599)
	at org.springframework.beans.factory.support.AbstractAutowireCapableBeanFactory.createBean(AbstractAutowireCapableBeanFactory.java:522)
	at org.springframework.beans.factory.support.AbstractBeanFactory.lambda$doGetBean$0(AbstractBeanFactory.java:326)
	at org.springframework.beans.factory.support.DefaultSingletonBeanRegistry.getSingleton(DefaultSingletonBeanRegistry.java:234)
	at org.springframework.beans.factory.support.AbstractBeanFactory.doGetBean(AbstractBeanFactory.java:324)
	at org.springframework.beans.factory.support.AbstractBeanFactory.getBean(AbstractBeanFactory.java:200)
	at org.springframework.beans.factory.config.DependencyDescriptor.resolveCandidate(DependencyDescriptor.java:254)
	at org.springframework.beans.factory.support.DefaultListableBeanFactory.doResolveDependency(DefaultListableBeanFactory.java:1443)
	at org.springframework.beans.factory.support.DefaultListableBeanFactory.resolveDependency(DefaultListableBeanFactory.java:1353)
	at org.springframework.beans.factory.support.ConstructorResolver.resolveAutowiredArgument(ConstructorResolver.java:904)
	at org.springframework.beans.factory.support.ConstructorResolver.createArgumentArray(ConstructorResolver.java:782)
	... 66 common frames omitted
Caused by: org.springframework.beans.factory.UnsatisfiedDependencyException: Error creating bean with name 'sqlSessionFactory' defined in class path resource [com/bgpay/bgai/datasource/MyBatisPlusConfig.class]: Unsatisfied dependency expressed through method 'sqlSessionFactory' parameter 0: Error creating bean with name 'dynamicDataSource' defined in class path resource [com/bgpay/bgai/datasource/DataSourceConfig.class]: Unsatisfied dependency expressed through method 'dynamicDataSource' parameter 0: Error creating bean with name 'masterDataSource' defined in class path resource [com/bgpay/bgai/datasource/DataSourceConfig.class]: Failed to instantiate [javax.sql.DataSource]: Factory method 'masterDataSource' threw exception with message: 找不到数据库驱动类: org.h2.Driver
	at org.springframework.beans.factory.support.ConstructorResolver.createArgumentArray(ConstructorResolver.java:795)
	at org.springframework.beans.factory.support.ConstructorResolver.instantiateUsingFactoryMethod(ConstructorResolver.java:542)
	at org.springframework.beans.factory.support.AbstractAutowireCapableBeanFactory.instantiateUsingFactoryMethod(AbstractAutowireCapableBeanFactory.java:1335)
	at org.springframework.beans.factory.support.AbstractAutowireCapableBeanFactory.createBeanInstance(AbstractAutowireCapableBeanFactory.java:1165)
	at org.springframework.beans.factory.support.AbstractAutowireCapableBeanFactory.doCreateBean(AbstractAutowireCapableBeanFactory.java:562)
	at org.springframework.beans.factory.support.AbstractAutowireCapableBeanFactory.createBean(AbstractAutowireCapableBeanFactory.java:522)
	at org.springframework.beans.factory.support.AbstractBeanFactory.lambda$doGetBean$0(AbstractBeanFactory.java:326)
	at org.springframework.beans.factory.support.DefaultSingletonBeanRegistry.getSingleton(DefaultSingletonBeanRegistry.java:234)
	at org.springframework.beans.factory.support.AbstractBeanFactory.doGetBean(AbstractBeanFactory.java:324)
	at org.springframework.beans.factory.support.AbstractBeanFactory.getBean(AbstractBeanFactory.java:200)
	at org.springframework.beans.factory.config.DependencyDescriptor.resolveCandidate(DependencyDescriptor.java:254)
	at org.springframework.beans.factory.support.DefaultListableBeanFactory.doResolveDependency(DefaultListableBeanFactory.java:1443)
	at org.springframework.beans.factory.support.DefaultListableBeanFactory.resolveDependency(DefaultListableBeanFactory.java:1353)
	at org.springframework.beans.factory.support.AbstractAutowireCapableBeanFactory.autowireByType(AbstractAutowireCapableBeanFactory.java:1501)
	... 78 common frames omitted
Caused by: org.springframework.beans.factory.UnsatisfiedDependencyException: Error creating bean with name 'dynamicDataSource' defined in class path resource [com/bgpay/bgai/datasource/DataSourceConfig.class]: Unsatisfied dependency expressed through method 'dynamicDataSource' parameter 0: Error creating bean with name 'masterDataSource' defined in class path resource [com/bgpay/bgai/datasource/DataSourceConfig.class]: Failed to instantiate [javax.sql.DataSource]: Factory method 'masterDataSource' threw exception with message: 找不到数据库驱动类: org.h2.Driver
	at org.springframework.beans.factory.support.ConstructorResolver.createArgumentArray(ConstructorResolver.java:795)
	at org.springframework.beans.factory.support.ConstructorResolver.instantiateUsingFactoryMethod(ConstructorResolver.java:542)
	at org.springframework.beans.factory.support.AbstractAutowireCapableBeanFactory.instantiateUsingFactoryMethod(AbstractAutowireCapableBeanFactory.java:1335)
	at org.springframework.beans.factory.support.AbstractAutowireCapableBeanFactory.createBeanInstance(AbstractAutowireCapableBeanFactory.java:1165)
	at org.springframework.beans.factory.support.AbstractAutowireCapableBeanFactory.doCreateBean(AbstractAutowireCapableBeanFactory.java:562)
	at org.springframework.beans.factory.support.AbstractAutowireCapableBeanFactory.createBean(AbstractAutowireCapableBeanFactory.java:522)
	at org.springframework.beans.factory.support.AbstractBeanFactory.lambda$doGetBean$0(AbstractBeanFactory.java:326)
	at org.springframework.beans.factory.support.DefaultSingletonBeanRegistry.getSingleton(DefaultSingletonBeanRegistry.java:234)
	at org.springframework.beans.factory.support.AbstractBeanFactory.doGetBean(AbstractBeanFactory.java:324)
	at org.springframework.beans.factory.support.AbstractBeanFactory.getBean(AbstractBeanFactory.java:200)
	at org.springframework.beans.factory.config.DependencyDescriptor.resolveCandidate(DependencyDescriptor.java:254)
	at org.springframework.beans.factory.support.DefaultListableBeanFactory.doResolveDependency(DefaultListableBeanFactory.java:1443)
	at org.springframework.beans.factory.support.DefaultListableBeanFactory.resolveDependency(DefaultListableBeanFactory.java:1353)
	at org.springframework.beans.factory.support.ConstructorResolver.resolveAutowiredArgument(ConstructorResolver.java:904)
	at org.springframework.beans.factory.support.ConstructorResolver.createArgumentArray(ConstructorResolver.java:782)
	... 91 common frames omitted
Caused by: org.springframework.beans.factory.BeanCreationException: Error creating bean with name 'masterDataSource' defined in class path resource [com/bgpay/bgai/datasource/DataSourceConfig.class]: Failed to instantiate [javax.sql.DataSource]: Factory method 'masterDataSource' threw exception with message: 找不到数据库驱动类: org.h2.Driver
	at org.springframework.beans.factory.support.ConstructorResolver.instantiate(ConstructorResolver.java:648)
	at org.springframework.beans.factory.support.ConstructorResolver.instantiateUsingFactoryMethod(ConstructorResolver.java:485)
	at org.springframework.beans.factory.support.AbstractAutowireCapableBeanFactory.instantiateUsingFactoryMethod(AbstractAutowireCapableBeanFactory.java:1335)
	at org.springframework.beans.factory.support.AbstractAutowireCapableBeanFactory.createBeanInstance(AbstractAutowireCapableBeanFactory.java:1165)
	at org.springframework.beans.factory.support.AbstractAutowireCapableBeanFactory.doCreateBean(AbstractAutowireCapableBeanFactory.java:562)
	at org.springframework.beans.factory.support.AbstractAutowireCapableBeanFactory.createBean(AbstractAutowireCapableBeanFactory.java:522)
	at org.springframework.beans.factory.support.AbstractBeanFactory.lambda$doGetBean$0(AbstractBeanFactory.java:326)
	at org.springframework.beans.factory.support.DefaultSingletonBeanRegistry.getSingleton(DefaultSingletonBeanRegistry.java:234)
	at org.springframework.beans.factory.support.AbstractBeanFactory.doGetBean(AbstractBeanFactory.java:324)
	at org.springframework.beans.factory.support.AbstractBeanFactory.getBean(AbstractBeanFactory.java:200)
	at org.springframework.beans.factory.config.DependencyDescriptor.resolveCandidate(DependencyDescriptor.java:254)
	at org.springframework.beans.factory.support.DefaultListableBeanFactory.doResolveDependency(DefaultListableBeanFactory.java:1443)
	at org.springframework.beans.factory.support.DefaultListableBeanFactory.resolveDependency(DefaultListableBeanFactory.java:1353)
	at org.springframework.beans.factory.support.ConstructorResolver.resolveAutowiredArgument(ConstructorResolver.java:904)
	at org.springframework.beans.factory.support.ConstructorResolver.createArgumentArray(ConstructorResolver.java:782)
	... 105 common frames omitted
Caused by: org.springframework.beans.BeanInstantiationException: Failed to instantiate [javax.sql.DataSource]: Factory method 'masterDataSource' threw exception with message: 找不到数据库驱动类: org.h2.Driver
	at org.springframework.beans.factory.support.SimpleInstantiationStrategy.instantiate(SimpleInstantiationStrategy.java:177)
	at org.springframework.beans.factory.support.ConstructorResolver.instantiate(ConstructorResolver.java:644)
	... 119 common frames omitted
Caused by: java.lang.RuntimeException: 找不到数据库驱动类: org.h2.Driver
	at com.bgpay.bgai.datasource.DataSourceConfig.validateDriver(DataSourceConfig.java:109)
	at com.bgpay.bgai.datasource.DataSourceConfig.masterDataSource(DataSourceConfig.java:55)
	at com.bgpay.bgai.datasource.DataSourceConfig$$SpringCGLIB$$0.CGLIB$masterDataSource$2(<generated>)
	at com.bgpay.bgai.datasource.DataSourceConfig$$SpringCGLIB$$FastClass$$1.invoke(<generated>)
	at org.springframework.cglib.proxy.MethodProxy.invokeSuper(MethodProxy.java:258)
	at org.springframework.context.annotation.ConfigurationClassEnhancer$BeanMethodInterceptor.intercept(ConfigurationClassEnhancer.java:331)
	at com.bgpay.bgai.datasource.DataSourceConfig$$SpringCGLIB$$0.masterDataSource(<generated>)
	at java.base/jdk.internal.reflect.DirectMethodHandleAccessor.invoke(DirectMethodHandleAccessor.java:103)
	at java.base/java.lang.reflect.Method.invoke(Method.java:580)
	at org.springframework.beans.factory.support.SimpleInstantiationStrategy.instantiate(SimpleInstantiationStrategy.java:140)
	... 120 common frames omitted
Caused by: java.lang.ClassNotFoundException: org.h2.Driver
	at java.base/jdk.internal.loader.BuiltinClassLoader.loadClass(BuiltinClassLoader.java:641)
	at java.base/jdk.internal.loader.ClassLoaders$AppClassLoader.loadClass(ClassLoaders.java:188)
	at java.base/java.lang.ClassLoader.loadClass(ClassLoader.java:526)
	at java.base/java.lang.Class.forName0(Native Method)
	at java.base/java.lang.Class.forName(Class.java:421)
	at java.base/java.lang.Class.forName(Class.java:412)
	at com.bgpay.bgai.datasource.DataSourceConfig.validateDriver(DataSourceConfig.java:106)
	... 129 common frames omitted
2025-07-08 12:05:58.469 [main] [traceId:] [userId:] DEBUG o.s.t.c.s.DirtiesContextBeforeModesTestExecutionListener - Before test method: class [MinimalTestCase], method [testContextLoads], class annotated with @DirtiesContext [false] with mode [null], method annotated with @DirtiesContext [false] with mode [null]
2025-07-08 12:05:58.473 [main] [traceId:] [userId:] DEBUG org.springframework.test.context.cache - Spring test ApplicationContext cache statistics: [DefaultContextCache@5df9d890 size = 0, maxSize = 32, parentContextCount = 0, hitCount = 0, missCount = 2, failureCount = 1]
2025-07-08 12:05:58.475 [main] [traceId:] [userId:] WARN  o.springframework.test.context.TestContextManager - Caught exception while invoking 'beforeTestMethod' callback on TestExecutionListener [org.springframework.boot.test.mock.mockito.ResetMocksTestExecutionListener] for test method [public void com.bgpay.bgai.controller.MinimalTestCase.testContextLoads()] and test instance [com.bgpay.bgai.controller.MinimalTestCase@8a98f38]
java.lang.IllegalStateException: ApplicationContext failure threshold (1) exceeded: skipping repeated attempt to load context for [ReactiveWebMergedContextConfiguration@28debadc testClass = com.bgpay.bgai.controller.MinimalTestCase, locations = [], classes = [com.bgpay.bgai.BgaiApplication, com.bgpay.bgai.config.WebClientMockConfiguration], contextInitializerClasses = [], activeProfiles = ["test"], propertySourceDescriptors = [PropertySourceDescriptor[locations=[classpath:application-test.yml], ignoreResourceNotFound=false, name=null, propertySourceFactory=null, encoding=null]], propertySourceProperties = ["org.springframework.boot.test.autoconfigure.web.reactive.WebFluxTestContextBootstrapper=true"], contextCustomizers = [[ImportsContextCustomizer@6f4327ab key = [org.springframework.boot.autoconfigure.security.reactive.ReactiveSecurityAutoConfiguration, org.springframework.boot.autoconfigure.security.reactive.ReactiveUserDetailsServiceAutoConfiguration, org.springframework.boot.autoconfigure.cache.CacheAutoConfiguration, org.springframework.boot.autoconfigure.validation.ValidationAutoConfiguration, org.springframework.boot.autoconfigure.web.reactive.error.ErrorWebFluxAutoConfiguration, org.springframework.boot.autoconfigure.context.MessageSourceAutoConfiguration, org.springframework.boot.autoconfigure.jackson.JacksonAutoConfiguration, org.springframework.boot.autoconfigure.security.oauth2.resource.reactive.ReactiveOAuth2ResourceServerAutoConfiguration, org.springframework.boot.test.autoconfigure.web.reactive.WebTestClientAutoConfiguration, org.springframework.boot.autoconfigure.thymeleaf.ThymeleafAutoConfiguration, org.springframework.boot.autoconfigure.gson.GsonAutoConfiguration, org.springframework.boot.autoconfigure.jsonb.JsonbAutoConfiguration, org.springframework.boot.autoconfigure.freemarker.FreeMarkerAutoConfiguration, org.springframework.boot.autoconfigure.web.reactive.WebFluxAutoConfiguration, org.springframework.boot.autoconfigure.security.oauth2.client.reactive.ReactiveOAuth2ClientAutoConfiguration, org.springframework.boot.autoconfigure.http.codec.CodecsAutoConfiguration, org.springframework.boot.autoconfigure.mustache.MustacheAutoConfiguration]], org.springframework.boot.test.context.filter.ExcludeFilterContextCustomizer@77bd7fe7, org.springframework.boot.test.json.DuplicateJsonObjectContextCustomizerFactory$DuplicateJsonObjectContextCustomizer@71870da7, org.springframework.boot.test.mock.mockito.MockitoContextCustomizer@0, org.springframework.boot.test.autoconfigure.OverrideAutoConfigurationContextCustomizerFactory$DisableAutoConfigurationContextCustomizer@25a73de1, org.springframework.boot.test.autoconfigure.actuate.observability.ObservabilityContextCustomizerFactory$DisableObservabilityContextCustomizer@1f, org.springframework.boot.test.autoconfigure.filter.TypeExcludeFiltersContextCustomizer@c561b816, org.springframework.boot.test.autoconfigure.properties.PropertyMappingContextCustomizer@c5060db6, org.springframework.boot.test.autoconfigure.web.servlet.WebDriverContextCustomizer@4390f46e, org.springframework.boot.test.context.SpringBootTestAnnotation@771a14f4], contextLoader = org.springframework.boot.test.context.SpringBootContextLoader, parent = null]
	at org.springframework.test.context.cache.DefaultCacheAwareContextLoaderDelegate.loadContext(DefaultCacheAwareContextLoaderDelegate.java:145)
	at org.springframework.test.context.support.DefaultTestContext.getApplicationContext(DefaultTestContext.java:130)
	at org.springframework.boot.test.mock.mockito.ResetMocksTestExecutionListener.beforeTestMethod(ResetMocksTestExecutionListener.java:60)
	at org.springframework.test.context.TestContextManager.beforeTestMethod(TestContextManager.java:320)
	at org.springframework.test.context.testng.AbstractTestNGSpringContextTests.springTestContextBeforeTestMethod(AbstractTestNGSpringContextTests.java:131)
	at java.base/jdk.internal.reflect.DirectMethodHandleAccessor.invoke(DirectMethodHandleAccessor.java:103)
	at java.base/java.lang.reflect.Method.invoke(Method.java:580)
	at org.testng.internal.MethodInvocationHelper.invokeMethod(MethodInvocationHelper.java:134)
	at org.testng.internal.MethodInvocationHelper.invokeMethodConsideringTimeout(MethodInvocationHelper.java:63)
	at org.testng.internal.ConfigInvoker.invokeConfigurationMethod(ConfigInvoker.java:348)
	at org.testng.internal.ConfigInvoker.invokeConfigurations(ConfigInvoker.java:302)
	at org.testng.internal.TestInvoker.runConfigMethods(TestInvoker.java:695)
	at org.testng.internal.TestInvoker.invokeMethod(TestInvoker.java:523)
	at org.testng.internal.TestInvoker.invokeTestMethod(TestInvoker.java:173)
	at org.testng.internal.MethodRunner.runInSequence(MethodRunner.java:46)
	at org.testng.internal.TestInvoker$MethodInvocationAgent.invoke(TestInvoker.java:816)
	at org.testng.internal.TestInvoker.invokeTestMethods(TestInvoker.java:146)
	at org.testng.internal.TestMethodWorker.invokeTestMethods(TestMethodWorker.java:146)
	at org.testng.internal.TestMethodWorker.run(TestMethodWorker.java:128)
	at java.base/java.util.ArrayList.forEach(ArrayList.java:1596)
	at org.testng.TestRunner.privateRun(TestRunner.java:766)
	at org.testng.TestRunner.run(TestRunner.java:587)
	at org.testng.SuiteRunner.runTest(SuiteRunner.java:384)
	at org.testng.SuiteRunner.runSequentially(SuiteRunner.java:378)
	at org.testng.SuiteRunner.privateRun(SuiteRunner.java:337)
	at org.testng.SuiteRunner.run(SuiteRunner.java:286)
	at org.testng.SuiteRunnerWorker.runSuite(SuiteRunnerWorker.java:53)
	at org.testng.SuiteRunnerWorker.run(SuiteRunnerWorker.java:96)
	at org.testng.TestNG.runSuitesSequentially(TestNG.java:1187)
	at org.testng.TestNG.runSuitesLocally(TestNG.java:1109)
	at org.testng.TestNG.runSuites(TestNG.java:1039)
	at org.testng.TestNG.run(TestNG.java:1007)
	at com.intellij.rt.testng.IDEARemoteTestNG.run(IDEARemoteTestNG.java:65)
	at com.intellij.rt.testng.RemoteTestNGStarter.main(RemoteTestNGStarter.java:105)
2025-07-08 12:05:58.512 [main] [traceId:] [userId:] DEBUG org.springframework.test.context.cache - Spring test ApplicationContext cache statistics: [DefaultContextCache@5df9d890 size = 0, maxSize = 32, parentContextCount = 0, hitCount = 0, missCount = 3, failureCount = 1]
2025-07-08 12:05:58.513 [main] [traceId:] [userId:] WARN  o.springframework.test.context.TestContextManager - Caught exception while invoking 'afterTestMethod' callback on TestExecutionListener [org.springframework.boot.test.autoconfigure.web.servlet.WebDriverTestExecutionListener] for test method [public void com.bgpay.bgai.controller.MinimalTestCase.testContextLoads()] and test instance [com.bgpay.bgai.controller.MinimalTestCase@8a98f38]
java.lang.IllegalStateException: ApplicationContext failure threshold (1) exceeded: skipping repeated attempt to load context for [ReactiveWebMergedContextConfiguration@28debadc testClass = com.bgpay.bgai.controller.MinimalTestCase, locations = [], classes = [com.bgpay.bgai.BgaiApplication, com.bgpay.bgai.config.WebClientMockConfiguration], contextInitializerClasses = [], activeProfiles = ["test"], propertySourceDescriptors = [PropertySourceDescriptor[locations=[classpath:application-test.yml], ignoreResourceNotFound=false, name=null, propertySourceFactory=null, encoding=null]], propertySourceProperties = ["org.springframework.boot.test.autoconfigure.web.reactive.WebFluxTestContextBootstrapper=true"], contextCustomizers = [[ImportsContextCustomizer@6f4327ab key = [org.springframework.boot.autoconfigure.security.reactive.ReactiveSecurityAutoConfiguration, org.springframework.boot.autoconfigure.security.reactive.ReactiveUserDetailsServiceAutoConfiguration, org.springframework.boot.autoconfigure.cache.CacheAutoConfiguration, org.springframework.boot.autoconfigure.validation.ValidationAutoConfiguration, org.springframework.boot.autoconfigure.web.reactive.error.ErrorWebFluxAutoConfiguration, org.springframework.boot.autoconfigure.context.MessageSourceAutoConfiguration, org.springframework.boot.autoconfigure.jackson.JacksonAutoConfiguration, org.springframework.boot.autoconfigure.security.oauth2.resource.reactive.ReactiveOAuth2ResourceServerAutoConfiguration, org.springframework.boot.test.autoconfigure.web.reactive.WebTestClientAutoConfiguration, org.springframework.boot.autoconfigure.thymeleaf.ThymeleafAutoConfiguration, org.springframework.boot.autoconfigure.gson.GsonAutoConfiguration, org.springframework.boot.autoconfigure.jsonb.JsonbAutoConfiguration, org.springframework.boot.autoconfigure.freemarker.FreeMarkerAutoConfiguration, org.springframework.boot.autoconfigure.web.reactive.WebFluxAutoConfiguration, org.springframework.boot.autoconfigure.security.oauth2.client.reactive.ReactiveOAuth2ClientAutoConfiguration, org.springframework.boot.autoconfigure.http.codec.CodecsAutoConfiguration, org.springframework.boot.autoconfigure.mustache.MustacheAutoConfiguration]], org.springframework.boot.test.context.filter.ExcludeFilterContextCustomizer@77bd7fe7, org.springframework.boot.test.json.DuplicateJsonObjectContextCustomizerFactory$DuplicateJsonObjectContextCustomizer@71870da7, org.springframework.boot.test.mock.mockito.MockitoContextCustomizer@0, org.springframework.boot.test.autoconfigure.OverrideAutoConfigurationContextCustomizerFactory$DisableAutoConfigurationContextCustomizer@25a73de1, org.springframework.boot.test.autoconfigure.actuate.observability.ObservabilityContextCustomizerFactory$DisableObservabilityContextCustomizer@1f, org.springframework.boot.test.autoconfigure.filter.TypeExcludeFiltersContextCustomizer@c561b816, org.springframework.boot.test.autoconfigure.properties.PropertyMappingContextCustomizer@c5060db6, org.springframework.boot.test.autoconfigure.web.servlet.WebDriverContextCustomizer@4390f46e, org.springframework.boot.test.context.SpringBootTestAnnotation@771a14f4], contextLoader = org.springframework.boot.test.context.SpringBootContextLoader, parent = null]
	at org.springframework.test.context.cache.DefaultCacheAwareContextLoaderDelegate.loadContext(DefaultCacheAwareContextLoaderDelegate.java:145)
	at org.springframework.test.context.support.DefaultTestContext.getApplicationContext(DefaultTestContext.java:130)
	at org.springframework.boot.test.autoconfigure.web.servlet.WebDriverTestExecutionListener.afterTestMethod(WebDriverTestExecutionListener.java:42)
	at org.springframework.test.context.TestContextManager.afterTestMethod(TestContextManager.java:487)
	at org.springframework.test.context.testng.AbstractTestNGSpringContextTests.springTestContextAfterTestMethod(AbstractTestNGSpringContextTests.java:183)
	at java.base/jdk.internal.reflect.DirectMethodHandleAccessor.invoke(DirectMethodHandleAccessor.java:103)
	at java.base/java.lang.reflect.Method.invoke(Method.java:580)
	at org.testng.internal.MethodInvocationHelper.invokeMethod(MethodInvocationHelper.java:134)
	at org.testng.internal.MethodInvocationHelper.invokeMethodConsideringTimeout(MethodInvocationHelper.java:63)
	at org.testng.internal.ConfigInvoker.invokeConfigurationMethod(ConfigInvoker.java:348)
	at org.testng.internal.ConfigInvoker.invokeConfigurations(ConfigInvoker.java:302)
	at org.testng.internal.TestInvoker.runConfigMethods(TestInvoker.java:695)
	at org.testng.internal.TestInvoker.runAfterGroupsConfigurations(TestInvoker.java:671)
	at org.testng.internal.TestInvoker.invokeMethod(TestInvoker.java:543)
	at org.testng.internal.TestInvoker.invokeTestMethod(TestInvoker.java:173)
	at org.testng.internal.MethodRunner.runInSequence(MethodRunner.java:46)
	at org.testng.internal.TestInvoker$MethodInvocationAgent.invoke(TestInvoker.java:816)
	at org.testng.internal.TestInvoker.invokeTestMethods(TestInvoker.java:146)
	at org.testng.internal.TestMethodWorker.invokeTestMethods(TestMethodWorker.java:146)
	at org.testng.internal.TestMethodWorker.run(TestMethodWorker.java:128)
	at java.base/java.util.ArrayList.forEach(ArrayList.java:1596)
	at org.testng.TestRunner.privateRun(TestRunner.java:766)
	at org.testng.TestRunner.run(TestRunner.java:587)
	at org.testng.SuiteRunner.runTest(SuiteRunner.java:384)
	at org.testng.SuiteRunner.runSequentially(SuiteRunner.java:378)
	at org.testng.SuiteRunner.privateRun(SuiteRunner.java:337)
	at org.testng.SuiteRunner.run(SuiteRunner.java:286)
	at org.testng.SuiteRunnerWorker.runSuite(SuiteRunnerWorker.java:53)
	at org.testng.SuiteRunnerWorker.run(SuiteRunnerWorker.java:96)
	at org.testng.TestNG.runSuitesSequentially(TestNG.java:1187)
	at org.testng.TestNG.runSuitesLocally(TestNG.java:1109)
	at org.testng.TestNG.runSuites(TestNG.java:1039)
	at org.testng.TestNG.run(TestNG.java:1007)
	at com.intellij.rt.testng.IDEARemoteTestNG.run(IDEARemoteTestNG.java:65)
	at com.intellij.rt.testng.RemoteTestNGStarter.main(RemoteTestNGStarter.java:105)
2025-07-08 12:05:58.514 [main] [traceId:] [userId:] DEBUG org.springframework.test.context.cache - Spring test ApplicationContext cache statistics: [DefaultContextCache@5df9d890 size = 0, maxSize = 32, parentContextCount = 0, hitCount = 0, missCount = 4, failureCount = 1]
2025-07-08 12:05:58.514 [main] [traceId:] [userId:] WARN  o.springframework.test.context.TestContextManager - Caught exception while invoking 'afterTestMethod' callback on TestExecutionListener [org.springframework.boot.test.autoconfigure.web.servlet.MockMvcPrintOnlyOnFailureTestExecutionListener] for test method [public void com.bgpay.bgai.controller.MinimalTestCase.testContextLoads()] and test instance [com.bgpay.bgai.controller.MinimalTestCase@8a98f38]
java.lang.IllegalStateException: ApplicationContext failure threshold (1) exceeded: skipping repeated attempt to load context for [ReactiveWebMergedContextConfiguration@28debadc testClass = com.bgpay.bgai.controller.MinimalTestCase, locations = [], classes = [com.bgpay.bgai.BgaiApplication, com.bgpay.bgai.config.WebClientMockConfiguration], contextInitializerClasses = [], activeProfiles = ["test"], propertySourceDescriptors = [PropertySourceDescriptor[locations=[classpath:application-test.yml], ignoreResourceNotFound=false, name=null, propertySourceFactory=null, encoding=null]], propertySourceProperties = ["org.springframework.boot.test.autoconfigure.web.reactive.WebFluxTestContextBootstrapper=true"], contextCustomizers = [[ImportsContextCustomizer@6f4327ab key = [org.springframework.boot.autoconfigure.security.reactive.ReactiveSecurityAutoConfiguration, org.springframework.boot.autoconfigure.security.reactive.ReactiveUserDetailsServiceAutoConfiguration, org.springframework.boot.autoconfigure.cache.CacheAutoConfiguration, org.springframework.boot.autoconfigure.validation.ValidationAutoConfiguration, org.springframework.boot.autoconfigure.web.reactive.error.ErrorWebFluxAutoConfiguration, org.springframework.boot.autoconfigure.context.MessageSourceAutoConfiguration, org.springframework.boot.autoconfigure.jackson.JacksonAutoConfiguration, org.springframework.boot.autoconfigure.security.oauth2.resource.reactive.ReactiveOAuth2ResourceServerAutoConfiguration, org.springframework.boot.test.autoconfigure.web.reactive.WebTestClientAutoConfiguration, org.springframework.boot.autoconfigure.thymeleaf.ThymeleafAutoConfiguration, org.springframework.boot.autoconfigure.gson.GsonAutoConfiguration, org.springframework.boot.autoconfigure.jsonb.JsonbAutoConfiguration, org.springframework.boot.autoconfigure.freemarker.FreeMarkerAutoConfiguration, org.springframework.boot.autoconfigure.web.reactive.WebFluxAutoConfiguration, org.springframework.boot.autoconfigure.security.oauth2.client.reactive.ReactiveOAuth2ClientAutoConfiguration, org.springframework.boot.autoconfigure.http.codec.CodecsAutoConfiguration, org.springframework.boot.autoconfigure.mustache.MustacheAutoConfiguration]], org.springframework.boot.test.context.filter.ExcludeFilterContextCustomizer@77bd7fe7, org.springframework.boot.test.json.DuplicateJsonObjectContextCustomizerFactory$DuplicateJsonObjectContextCustomizer@71870da7, org.springframework.boot.test.mock.mockito.MockitoContextCustomizer@0, org.springframework.boot.test.autoconfigure.OverrideAutoConfigurationContextCustomizerFactory$DisableAutoConfigurationContextCustomizer@25a73de1, org.springframework.boot.test.autoconfigure.actuate.observability.ObservabilityContextCustomizerFactory$DisableObservabilityContextCustomizer@1f, org.springframework.boot.test.autoconfigure.filter.TypeExcludeFiltersContextCustomizer@c561b816, org.springframework.boot.test.autoconfigure.properties.PropertyMappingContextCustomizer@c5060db6, org.springframework.boot.test.autoconfigure.web.servlet.WebDriverContextCustomizer@4390f46e, org.springframework.boot.test.context.SpringBootTestAnnotation@771a14f4], contextLoader = org.springframework.boot.test.context.SpringBootContextLoader, parent = null]
	at org.springframework.test.context.cache.DefaultCacheAwareContextLoaderDelegate.loadContext(DefaultCacheAwareContextLoaderDelegate.java:145)
	at org.springframework.test.context.support.DefaultTestContext.getApplicationContext(DefaultTestContext.java:130)
	at org.springframework.boot.test.autoconfigure.web.servlet.MockMvcPrintOnlyOnFailureTestExecutionListener.afterTestMethod(MockMvcPrintOnlyOnFailureTestExecutionListener.java:39)
	at org.springframework.test.context.TestContextManager.afterTestMethod(TestContextManager.java:487)
	at org.springframework.test.context.testng.AbstractTestNGSpringContextTests.springTestContextAfterTestMethod(AbstractTestNGSpringContextTests.java:183)
	at java.base/jdk.internal.reflect.DirectMethodHandleAccessor.invoke(DirectMethodHandleAccessor.java:103)
	at java.base/java.lang.reflect.Method.invoke(Method.java:580)
	at org.testng.internal.MethodInvocationHelper.invokeMethod(MethodInvocationHelper.java:134)
	at org.testng.internal.MethodInvocationHelper.invokeMethodConsideringTimeout(MethodInvocationHelper.java:63)
	at org.testng.internal.ConfigInvoker.invokeConfigurationMethod(ConfigInvoker.java:348)
	at org.testng.internal.ConfigInvoker.invokeConfigurations(ConfigInvoker.java:302)
	at org.testng.internal.TestInvoker.runConfigMethods(TestInvoker.java:695)
	at org.testng.internal.TestInvoker.runAfterGroupsConfigurations(TestInvoker.java:671)
	at org.testng.internal.TestInvoker.invokeMethod(TestInvoker.java:543)
	at org.testng.internal.TestInvoker.invokeTestMethod(TestInvoker.java:173)
	at org.testng.internal.MethodRunner.runInSequence(MethodRunner.java:46)
	at org.testng.internal.TestInvoker$MethodInvocationAgent.invoke(TestInvoker.java:816)
	at org.testng.internal.TestInvoker.invokeTestMethods(TestInvoker.java:146)
	at org.testng.internal.TestMethodWorker.invokeTestMethods(TestMethodWorker.java:146)
	at org.testng.internal.TestMethodWorker.run(TestMethodWorker.java:128)
	at java.base/java.util.ArrayList.forEach(ArrayList.java:1596)
	at org.testng.TestRunner.privateRun(TestRunner.java:766)
	at org.testng.TestRunner.run(TestRunner.java:587)
	at org.testng.SuiteRunner.runTest(SuiteRunner.java:384)
	at org.testng.SuiteRunner.runSequentially(SuiteRunner.java:378)
	at org.testng.SuiteRunner.privateRun(SuiteRunner.java:337)
	at org.testng.SuiteRunner.run(SuiteRunner.java:286)
	at org.testng.SuiteRunnerWorker.runSuite(SuiteRunnerWorker.java:53)
	at org.testng.SuiteRunnerWorker.run(SuiteRunnerWorker.java:96)
	at org.testng.TestNG.runSuitesSequentially(TestNG.java:1187)
	at org.testng.TestNG.runSuitesLocally(TestNG.java:1109)
	at org.testng.TestNG.runSuites(TestNG.java:1039)
	at org.testng.TestNG.run(TestNG.java:1007)
	at com.intellij.rt.testng.IDEARemoteTestNG.run(IDEARemoteTestNG.java:65)
	at com.intellij.rt.testng.RemoteTestNGStarter.main(RemoteTestNGStarter.java:105)
2025-07-08 12:05:58.514 [main] [traceId:] [userId:] DEBUG org.springframework.test.context.cache - Spring test ApplicationContext cache statistics: [DefaultContextCache@5df9d890 size = 0, maxSize = 32, parentContextCount = 0, hitCount = 0, missCount = 5, failureCount = 1]
2025-07-08 12:05:58.515 [main] [traceId:] [userId:] WARN  o.springframework.test.context.TestContextManager - Caught exception while invoking 'afterTestMethod' callback on TestExecutionListener [org.springframework.boot.test.autoconfigure.web.client.MockRestServiceServerResetTestExecutionListener] for test method [public void com.bgpay.bgai.controller.MinimalTestCase.testContextLoads()] and test instance [com.bgpay.bgai.controller.MinimalTestCase@8a98f38]
java.lang.IllegalStateException: ApplicationContext failure threshold (1) exceeded: skipping repeated attempt to load context for [ReactiveWebMergedContextConfiguration@28debadc testClass = com.bgpay.bgai.controller.MinimalTestCase, locations = [], classes = [com.bgpay.bgai.BgaiApplication, com.bgpay.bgai.config.WebClientMockConfiguration], contextInitializerClasses = [], activeProfiles = ["test"], propertySourceDescriptors = [PropertySourceDescriptor[locations=[classpath:application-test.yml], ignoreResourceNotFound=false, name=null, propertySourceFactory=null, encoding=null]], propertySourceProperties = ["org.springframework.boot.test.autoconfigure.web.reactive.WebFluxTestContextBootstrapper=true"], contextCustomizers = [[ImportsContextCustomizer@6f4327ab key = [org.springframework.boot.autoconfigure.security.reactive.ReactiveSecurityAutoConfiguration, org.springframework.boot.autoconfigure.security.reactive.ReactiveUserDetailsServiceAutoConfiguration, org.springframework.boot.autoconfigure.cache.CacheAutoConfiguration, org.springframework.boot.autoconfigure.validation.ValidationAutoConfiguration, org.springframework.boot.autoconfigure.web.reactive.error.ErrorWebFluxAutoConfiguration, org.springframework.boot.autoconfigure.context.MessageSourceAutoConfiguration, org.springframework.boot.autoconfigure.jackson.JacksonAutoConfiguration, org.springframework.boot.autoconfigure.security.oauth2.resource.reactive.ReactiveOAuth2ResourceServerAutoConfiguration, org.springframework.boot.test.autoconfigure.web.reactive.WebTestClientAutoConfiguration, org.springframework.boot.autoconfigure.thymeleaf.ThymeleafAutoConfiguration, org.springframework.boot.autoconfigure.gson.GsonAutoConfiguration, org.springframework.boot.autoconfigure.jsonb.JsonbAutoConfiguration, org.springframework.boot.autoconfigure.freemarker.FreeMarkerAutoConfiguration, org.springframework.boot.autoconfigure.web.reactive.WebFluxAutoConfiguration, org.springframework.boot.autoconfigure.security.oauth2.client.reactive.ReactiveOAuth2ClientAutoConfiguration, org.springframework.boot.autoconfigure.http.codec.CodecsAutoConfiguration, org.springframework.boot.autoconfigure.mustache.MustacheAutoConfiguration]], org.springframework.boot.test.context.filter.ExcludeFilterContextCustomizer@77bd7fe7, org.springframework.boot.test.json.DuplicateJsonObjectContextCustomizerFactory$DuplicateJsonObjectContextCustomizer@71870da7, org.springframework.boot.test.mock.mockito.MockitoContextCustomizer@0, org.springframework.boot.test.autoconfigure.OverrideAutoConfigurationContextCustomizerFactory$DisableAutoConfigurationContextCustomizer@25a73de1, org.springframework.boot.test.autoconfigure.actuate.observability.ObservabilityContextCustomizerFactory$DisableObservabilityContextCustomizer@1f, org.springframework.boot.test.autoconfigure.filter.TypeExcludeFiltersContextCustomizer@c561b816, org.springframework.boot.test.autoconfigure.properties.PropertyMappingContextCustomizer@c5060db6, org.springframework.boot.test.autoconfigure.web.servlet.WebDriverContextCustomizer@4390f46e, org.springframework.boot.test.context.SpringBootTestAnnotation@771a14f4], contextLoader = org.springframework.boot.test.context.SpringBootContextLoader, parent = null]
	at org.springframework.test.context.cache.DefaultCacheAwareContextLoaderDelegate.loadContext(DefaultCacheAwareContextLoaderDelegate.java:145)
	at org.springframework.test.context.support.DefaultTestContext.getApplicationContext(DefaultTestContext.java:130)
	at org.springframework.boot.test.autoconfigure.web.client.MockRestServiceServerResetTestExecutionListener.afterTestMethod(MockRestServiceServerResetTestExecutionListener.java:40)
	at org.springframework.test.context.TestContextManager.afterTestMethod(TestContextManager.java:487)
	at org.springframework.test.context.testng.AbstractTestNGSpringContextTests.springTestContextAfterTestMethod(AbstractTestNGSpringContextTests.java:183)
	at java.base/jdk.internal.reflect.DirectMethodHandleAccessor.invoke(DirectMethodHandleAccessor.java:103)
	at java.base/java.lang.reflect.Method.invoke(Method.java:580)
	at org.testng.internal.MethodInvocationHelper.invokeMethod(MethodInvocationHelper.java:134)
	at org.testng.internal.MethodInvocationHelper.invokeMethodConsideringTimeout(MethodInvocationHelper.java:63)
	at org.testng.internal.ConfigInvoker.invokeConfigurationMethod(ConfigInvoker.java:348)
	at org.testng.internal.ConfigInvoker.invokeConfigurations(ConfigInvoker.java:302)
	at org.testng.internal.TestInvoker.runConfigMethods(TestInvoker.java:695)
	at org.testng.internal.TestInvoker.runAfterGroupsConfigurations(TestInvoker.java:671)
	at org.testng.internal.TestInvoker.invokeMethod(TestInvoker.java:543)
	at org.testng.internal.TestInvoker.invokeTestMethod(TestInvoker.java:173)
	at org.testng.internal.MethodRunner.runInSequence(MethodRunner.java:46)
	at org.testng.internal.TestInvoker$MethodInvocationAgent.invoke(TestInvoker.java:816)
	at org.testng.internal.TestInvoker.invokeTestMethods(TestInvoker.java:146)
	at org.testng.internal.TestMethodWorker.invokeTestMethods(TestMethodWorker.java:146)
	at org.testng.internal.TestMethodWorker.run(TestMethodWorker.java:128)
	at java.base/java.util.ArrayList.forEach(ArrayList.java:1596)
	at org.testng.TestRunner.privateRun(TestRunner.java:766)
	at org.testng.TestRunner.run(TestRunner.java:587)
	at org.testng.SuiteRunner.runTest(SuiteRunner.java:384)
	at org.testng.SuiteRunner.runSequentially(SuiteRunner.java:378)
	at org.testng.SuiteRunner.privateRun(SuiteRunner.java:337)
	at org.testng.SuiteRunner.run(SuiteRunner.java:286)
	at org.testng.SuiteRunnerWorker.runSuite(SuiteRunnerWorker.java:53)
	at org.testng.SuiteRunnerWorker.run(SuiteRunnerWorker.java:96)
	at org.testng.TestNG.runSuitesSequentially(TestNG.java:1187)
	at org.testng.TestNG.runSuitesLocally(TestNG.java:1109)
	at org.testng.TestNG.runSuites(TestNG.java:1039)
	at org.testng.TestNG.run(TestNG.java:1007)
	at com.intellij.rt.testng.IDEARemoteTestNG.run(IDEARemoteTestNG.java:65)
	at com.intellij.rt.testng.RemoteTestNGStarter.main(RemoteTestNGStarter.java:105)
2025-07-08 12:05:58.515 [main] [traceId:] [userId:] DEBUG org.springframework.test.context.cache - Spring test ApplicationContext cache statistics: [DefaultContextCache@5df9d890 size = 0, maxSize = 32, parentContextCount = 0, hitCount = 0, missCount = 6, failureCount = 1]
2025-07-08 12:05:58.515 [main] [traceId:] [userId:] WARN  o.springframework.test.context.TestContextManager - Caught exception while invoking 'afterTestMethod' callback on TestExecutionListener [org.springframework.boot.test.mock.mockito.ResetMocksTestExecutionListener] for test method [public void com.bgpay.bgai.controller.MinimalTestCase.testContextLoads()] and test instance [com.bgpay.bgai.controller.MinimalTestCase@8a98f38]
java.lang.IllegalStateException: ApplicationContext failure threshold (1) exceeded: skipping repeated attempt to load context for [ReactiveWebMergedContextConfiguration@28debadc testClass = com.bgpay.bgai.controller.MinimalTestCase, locations = [], classes = [com.bgpay.bgai.BgaiApplication, com.bgpay.bgai.config.WebClientMockConfiguration], contextInitializerClasses = [], activeProfiles = ["test"], propertySourceDescriptors = [PropertySourceDescriptor[locations=[classpath:application-test.yml], ignoreResourceNotFound=false, name=null, propertySourceFactory=null, encoding=null]], propertySourceProperties = ["org.springframework.boot.test.autoconfigure.web.reactive.WebFluxTestContextBootstrapper=true"], contextCustomizers = [[ImportsContextCustomizer@6f4327ab key = [org.springframework.boot.autoconfigure.security.reactive.ReactiveSecurityAutoConfiguration, org.springframework.boot.autoconfigure.security.reactive.ReactiveUserDetailsServiceAutoConfiguration, org.springframework.boot.autoconfigure.cache.CacheAutoConfiguration, org.springframework.boot.autoconfigure.validation.ValidationAutoConfiguration, org.springframework.boot.autoconfigure.web.reactive.error.ErrorWebFluxAutoConfiguration, org.springframework.boot.autoconfigure.context.MessageSourceAutoConfiguration, org.springframework.boot.autoconfigure.jackson.JacksonAutoConfiguration, org.springframework.boot.autoconfigure.security.oauth2.resource.reactive.ReactiveOAuth2ResourceServerAutoConfiguration, org.springframework.boot.test.autoconfigure.web.reactive.WebTestClientAutoConfiguration, org.springframework.boot.autoconfigure.thymeleaf.ThymeleafAutoConfiguration, org.springframework.boot.autoconfigure.gson.GsonAutoConfiguration, org.springframework.boot.autoconfigure.jsonb.JsonbAutoConfiguration, org.springframework.boot.autoconfigure.freemarker.FreeMarkerAutoConfiguration, org.springframework.boot.autoconfigure.web.reactive.WebFluxAutoConfiguration, org.springframework.boot.autoconfigure.security.oauth2.client.reactive.ReactiveOAuth2ClientAutoConfiguration, org.springframework.boot.autoconfigure.http.codec.CodecsAutoConfiguration, org.springframework.boot.autoconfigure.mustache.MustacheAutoConfiguration]], org.springframework.boot.test.context.filter.ExcludeFilterContextCustomizer@77bd7fe7, org.springframework.boot.test.json.DuplicateJsonObjectContextCustomizerFactory$DuplicateJsonObjectContextCustomizer@71870da7, org.springframework.boot.test.mock.mockito.MockitoContextCustomizer@0, org.springframework.boot.test.autoconfigure.OverrideAutoConfigurationContextCustomizerFactory$DisableAutoConfigurationContextCustomizer@25a73de1, org.springframework.boot.test.autoconfigure.actuate.observability.ObservabilityContextCustomizerFactory$DisableObservabilityContextCustomizer@1f, org.springframework.boot.test.autoconfigure.filter.TypeExcludeFiltersContextCustomizer@c561b816, org.springframework.boot.test.autoconfigure.properties.PropertyMappingContextCustomizer@c5060db6, org.springframework.boot.test.autoconfigure.web.servlet.WebDriverContextCustomizer@4390f46e, org.springframework.boot.test.context.SpringBootTestAnnotation@771a14f4], contextLoader = org.springframework.boot.test.context.SpringBootContextLoader, parent = null]
	at org.springframework.test.context.cache.DefaultCacheAwareContextLoaderDelegate.loadContext(DefaultCacheAwareContextLoaderDelegate.java:145)
	at org.springframework.test.context.support.DefaultTestContext.getApplicationContext(DefaultTestContext.java:130)
	at org.springframework.boot.test.mock.mockito.ResetMocksTestExecutionListener.afterTestMethod(ResetMocksTestExecutionListener.java:67)
	at org.springframework.test.context.TestContextManager.afterTestMethod(TestContextManager.java:487)
	at org.springframework.test.context.testng.AbstractTestNGSpringContextTests.springTestContextAfterTestMethod(AbstractTestNGSpringContextTests.java:183)
	at java.base/jdk.internal.reflect.DirectMethodHandleAccessor.invoke(DirectMethodHandleAccessor.java:103)
	at java.base/java.lang.reflect.Method.invoke(Method.java:580)
	at org.testng.internal.MethodInvocationHelper.invokeMethod(MethodInvocationHelper.java:134)
	at org.testng.internal.MethodInvocationHelper.invokeMethodConsideringTimeout(MethodInvocationHelper.java:63)
	at org.testng.internal.ConfigInvoker.invokeConfigurationMethod(ConfigInvoker.java:348)
	at org.testng.internal.ConfigInvoker.invokeConfigurations(ConfigInvoker.java:302)
	at org.testng.internal.TestInvoker.runConfigMethods(TestInvoker.java:695)
	at org.testng.internal.TestInvoker.runAfterGroupsConfigurations(TestInvoker.java:671)
	at org.testng.internal.TestInvoker.invokeMethod(TestInvoker.java:543)
	at org.testng.internal.TestInvoker.invokeTestMethod(TestInvoker.java:173)
	at org.testng.internal.MethodRunner.runInSequence(MethodRunner.java:46)
	at org.testng.internal.TestInvoker$MethodInvocationAgent.invoke(TestInvoker.java:816)
	at org.testng.internal.TestInvoker.invokeTestMethods(TestInvoker.java:146)
	at org.testng.internal.TestMethodWorker.invokeTestMethods(TestMethodWorker.java:146)
	at org.testng.internal.TestMethodWorker.run(TestMethodWorker.java:128)
	at java.base/java.util.ArrayList.forEach(ArrayList.java:1596)
	at org.testng.TestRunner.privateRun(TestRunner.java:766)
	at org.testng.TestRunner.run(TestRunner.java:587)
	at org.testng.SuiteRunner.runTest(SuiteRunner.java:384)
	at org.testng.SuiteRunner.runSequentially(SuiteRunner.java:378)
	at org.testng.SuiteRunner.privateRun(SuiteRunner.java:337)
	at org.testng.SuiteRunner.run(SuiteRunner.java:286)
	at org.testng.SuiteRunnerWorker.runSuite(SuiteRunnerWorker.java:53)
	at org.testng.SuiteRunnerWorker.run(SuiteRunnerWorker.java:96)
	at org.testng.TestNG.runSuitesSequentially(TestNG.java:1187)
	at org.testng.TestNG.runSuitesLocally(TestNG.java:1109)
	at org.testng.TestNG.runSuites(TestNG.java:1039)
	at org.testng.TestNG.run(TestNG.java:1007)
	at com.intellij.rt.testng.IDEARemoteTestNG.run(IDEARemoteTestNG.java:65)
	at com.intellij.rt.testng.RemoteTestNGStarter.main(RemoteTestNGStarter.java:105)
2025-07-08 12:05:58.517 [main] [traceId:] [userId:] DEBUG o.s.t.c.s.DirtiesContextTestExecutionListener - After test method: class [MinimalTestCase], method [testContextLoads], class annotated with @DirtiesContext [false] with mode [null], method annotated with @DirtiesContext [false] with mode [null]
2025-07-08 12:05:58.533 [main] [traceId:] [userId:] DEBUG o.s.t.c.s.DirtiesContextTestExecutionListener - After test class: class [MinimalTestCase], class annotated with @DirtiesContext [false] with mode [null]
2025-07-08 12:05:58.546 [Thread-9] [traceId:] [userId:] WARN  com.alibaba.nacos.common.notify.NotifyCenter - [NotifyCenter] Start destroying Publisher
2025-07-08 12:05:58.546 [Thread-2] [traceId:] [userId:] WARN  c.alibaba.nacos.common.http.HttpClientBeanHolder - [HttpClientBeanHolder] Start destroying common HttpClient
2025-07-08 12:05:58.547 [Thread-9] [traceId:] [userId:] WARN  com.alibaba.nacos.common.notify.NotifyCenter - [NotifyCenter] Destruction of the end
2025-07-08 12:05:58.547 [Thread-2] [traceId:] [userId:] WARN  c.alibaba.nacos.common.http.HttpClientBeanHolder - [HttpClientBeanHolder] Destruction of the end
2025-07-08 12:08:58.017 [main] [traceId:] [userId:] WARN  com.alibaba.nacos.client.logging.NacosLogging - Load Logback Configuration of Nacos fail, message: Could not initialize Logback Nacos logging from classpath:nacos-logback.xml
2025-07-08 12:08:58.083 [main] [traceId:] [userId:] WARN  com.alibaba.nacos.client.logging.NacosLogging - Load Logback Configuration of Nacos fail, message: Could not initialize Logback Nacos logging from classpath:nacos-logback.xml
2025-07-08 12:08:58.288 [main] [traceId:] [userId:] WARN  com.alibaba.nacos.client.logging.NacosLogging - Load Logback Configuration of Nacos fail, message: Could not initialize Logback Nacos logging from classpath:nacos-logback.xml
2025-07-08 12:08:58.290 [main] [traceId:] [userId:] INFO  com.alibaba.nacos.client.utils.ParamUtil - [settings] [req-serv] nacos-server port:8848
2025-07-08 12:08:58.290 [main] [traceId:] [userId:] INFO  com.alibaba.nacos.client.utils.ParamUtil - [settings] [http-client] connect timeout:1000
2025-07-08 12:08:58.291 [main] [traceId:] [userId:] INFO  com.alibaba.nacos.client.utils.ParamUtil - PER_TASK_CONFIG_SIZE: 3000.0
2025-07-08 12:08:58.321 [main] [traceId:] [userId:] INFO  c.a.n.p.auth.spi.client.ClientAuthPluginManager - [ClientAuthPluginManager] Load ClientAuthService com.alibaba.nacos.client.auth.impl.NacosClientAuthServiceImpl success.
2025-07-08 12:08:58.321 [main] [traceId:] [userId:] INFO  c.a.n.p.auth.spi.client.ClientAuthPluginManager - [ClientAuthPluginManager] Load ClientAuthService com.alibaba.nacos.client.auth.ram.RamClientAuthServiceImpl success.
2025-07-08 12:08:58.325 [main] [traceId:] [userId:] INFO  c.a.n.client.auth.ram.identify.CredentialWatcher - null No credential found
2025-07-08 12:08:58.492 [main] [traceId:] [userId:] WARN  com.alibaba.nacos.client.logging.NacosLogging - Load Logback Configuration of Nacos fail, message: Could not initialize Logback Nacos logging from classpath:nacos-logback.xml
2025-07-08 12:08:59.401 [main] [traceId:] [userId:] WARN  c.a.cloud.nacos.client.NacosPropertySourceBuilder - Ignore the empty nacos configuration and get it based on dataId[common-dev.yaml] & group[DEFAULT_GROUP]
2025-07-08 12:08:59.415 [main] [traceId:] [userId:] WARN  c.a.cloud.nacos.client.NacosPropertySourceBuilder - Ignore the empty nacos configuration and get it based on dataId[bgtech-ai] & group[DEFAULT_GROUP]
2025-07-08 12:08:59.427 [main] [traceId:] [userId:] WARN  c.a.cloud.nacos.client.NacosPropertySourceBuilder - Ignore the empty nacos configuration and get it based on dataId[bgtech-ai.yaml] & group[DEFAULT_GROUP]
2025-07-08 12:08:59.440 [main] [traceId:] [userId:] WARN  c.a.cloud.nacos.client.NacosPropertySourceBuilder - Ignore the empty nacos configuration and get it based on dataId[bgtech-ai-test.yaml] & group[DEFAULT_GROUP]
2025-07-08 12:08:59.441 [main] [traceId:] [userId:] INFO  o.s.c.b.c.PropertySourceBootstrapConfiguration - Located property source: [BootstrapPropertySource {name='bootstrapProperties-bgtech-ai-test.yaml,DEFAULT_GROUP'}, BootstrapPropertySource {name='bootstrapProperties-bgtech-ai.yaml,DEFAULT_GROUP'}, BootstrapPropertySource {name='bootstrapProperties-bgtech-ai,DEFAULT_GROUP'}, BootstrapPropertySource {name='bootstrapProperties-common-dev.yaml,DEFAULT_GROUP'}]
2025-07-08 12:08:59.487 [main] [traceId:] [userId:] WARN  o.s.b.t.j.DuplicateJsonObjectContextCustomizerFactory$DuplicateJsonObjectContextCustomizer - 

Found multiple occurrences of org.json.JSONObject on the class path:

	jar:file:/C:/Users/Administrator/.m2/repository/com/vaadin/external/google/android-json/0.0.20131108.vaadin1/android-json-0.0.20131108.vaadin1.jar!/org/json/JSONObject.class
	jar:file:/C:/Users/Administrator/.m2/repository/org/json/json/20220320/json-20220320.jar!/org/json/JSONObject.class

You may wish to exclude one of them to ensure predictable runtime behavior

2025-07-08 12:08:59.493 [main] [traceId:] [userId:] WARN  com.alibaba.nacos.client.logging.NacosLogging - Load Logback Configuration of Nacos fail, message: Could not initialize Logback Nacos logging from classpath:nacos-logback.xml
2025-07-08 12:08:59.495 [main] [traceId:] [userId:] INFO  com.bgpay.bgai.controller.YamlDataDrivenApiTest - The following 2 profiles are active: "dev", "test"
2025-07-08 12:09:01.325 [main] [traceId:] [userId:] WARN  org.mybatis.spring.mapper.ClassPathMapperScanner - Skipping MapperFactoryBean with name 'fileTypeMapper' and 'com.bgpay.bgai.mapper.FileTypeMapper' mapperInterface. Bean already defined with the same name!
2025-07-08 12:09:01.325 [main] [traceId:] [userId:] WARN  org.mybatis.spring.mapper.ClassPathMapperScanner - Skipping MapperFactoryBean with name 'usageRecordMapper' and 'com.bgpay.bgai.mapper.UsageRecordMapper' mapperInterface. Bean already defined with the same name!
2025-07-08 12:09:04.421 [main] [traceId:] [userId:] INFO  com.bgpay.bgai.config.SeataDisableConfiguration - SeataDisableConfiguration已加载，Seata在测试环境中被禁用
2025-07-08 12:09:04.422 [main] [traceId:] [userId:] INFO  com.bgpay.bgai.config.SeataDisableConfiguration - 设置系统属性: seata.enabled=false, saga.enabled=false
2025-07-08 12:09:04.553 [main] [traceId:] [userId:] INFO  c.bgpay.bgai.config.NacosRouteDefinitionRepository - 初始化Nacos路由定义存储库
2025-07-08 12:09:04.709 [main] [traceId:] [userId:] WARN  c.bgpay.bgai.config.NacosRouteDefinitionRepository - Nacos中未找到路由定义配置
2025-07-08 12:09:04.726 [main] [traceId:] [userId:] INFO  c.bgpay.bgai.service.impl.DynamicRouteServiceImpl - 初始化动态路由服务
2025-07-08 12:09:04.908 [main] [traceId:] [userId:] WARN  c.bgpay.bgai.service.impl.DynamicRouteServiceImpl - Nacos中没有找到路由配置，使用默认配置
2025-07-08 12:09:04.909 [main] [traceId:] [userId:] INFO  c.bgpay.bgai.service.impl.DynamicRouteServiceImpl - 注册Nacos配置监听器成功
2025-07-08 12:09:04.913 [main] [traceId:] [userId:] INFO  com.bgpay.bgai.config.NacosRouteConfigListener - 初始化Nacos路由配置监听器
2025-07-08 12:09:05.107 [main] [traceId:] [userId:] WARN  com.bgpay.bgai.config.NacosRouteConfigListener - Nacos中未找到路由配置数据
2025-07-08 12:09:05.421 [main] [traceId:] [userId:] WARN  o.s.w.context.support.GenericWebApplicationContext - Exception encountered during context initialization - cancelling refresh attempt: org.springframework.beans.factory.UnsatisfiedDependencyException: Error creating bean with name 'feignDemoController' defined in file [E:\project\bgai\target\classes\com\bgpay\bgai\controller\FeignDemoController.class]: Unsatisfied dependency expressed through constructor parameter 0: No qualifying bean of type 'com.bgpay.bgai.feign.UserServiceClient' available: more than one 'primary' bean found among candidates: [mockUserServiceClient, com.bgpay.bgai.feign.UserServiceClient]
2025-07-08 12:09:05.422 [main] [traceId:] [userId:] INFO  c.bgpay.bgai.service.impl.DynamicRouteServiceImpl - 动态路由服务关闭，执行清理操作
2025-07-08 12:09:05.430 [main] [traceId:] [userId:] INFO  o.s.b.a.logging.ConditionEvaluationReportLogger - 

Error starting ApplicationContext. To display the condition evaluation report re-run your application with 'debug' enabled.
2025-07-08 12:09:05.463 [main] [traceId:] [userId:] ERROR org.springframework.boot.SpringApplication - Application run failed
org.springframework.beans.factory.UnsatisfiedDependencyException: Error creating bean with name 'feignDemoController' defined in file [E:\project\bgai\target\classes\com\bgpay\bgai\controller\FeignDemoController.class]: Unsatisfied dependency expressed through constructor parameter 0: No qualifying bean of type 'com.bgpay.bgai.feign.UserServiceClient' available: more than one 'primary' bean found among candidates: [mockUserServiceClient, com.bgpay.bgai.feign.UserServiceClient]
	at org.springframework.beans.factory.support.ConstructorResolver.createArgumentArray(ConstructorResolver.java:795)
	at org.springframework.beans.factory.support.ConstructorResolver.autowireConstructor(ConstructorResolver.java:237)
	at org.springframework.beans.factory.support.AbstractAutowireCapableBeanFactory.autowireConstructor(AbstractAutowireCapableBeanFactory.java:1355)
	at org.springframework.beans.factory.support.AbstractAutowireCapableBeanFactory.createBeanInstance(AbstractAutowireCapableBeanFactory.java:1192)
	at org.springframework.beans.factory.support.AbstractAutowireCapableBeanFactory.doCreateBean(AbstractAutowireCapableBeanFactory.java:562)
	at org.springframework.beans.factory.support.AbstractAutowireCapableBeanFactory.createBean(AbstractAutowireCapableBeanFactory.java:522)
	at org.springframework.beans.factory.support.AbstractBeanFactory.lambda$doGetBean$0(AbstractBeanFactory.java:326)
	at org.springframework.beans.factory.support.DefaultSingletonBeanRegistry.getSingleton(DefaultSingletonBeanRegistry.java:234)
	at org.springframework.beans.factory.support.AbstractBeanFactory.doGetBean(AbstractBeanFactory.java:324)
	at org.springframework.beans.factory.support.AbstractBeanFactory.getBean(AbstractBeanFactory.java:200)
	at org.springframework.beans.factory.support.DefaultListableBeanFactory.preInstantiateSingletons(DefaultListableBeanFactory.java:975)
	at org.springframework.context.support.AbstractApplicationContext.finishBeanFactoryInitialization(AbstractApplicationContext.java:962)
	at org.springframework.context.support.AbstractApplicationContext.refresh(AbstractApplicationContext.java:624)
	at org.springframework.boot.SpringApplication.refresh(SpringApplication.java:754)
	at org.springframework.boot.SpringApplication.refreshContext(SpringApplication.java:456)
	at org.springframework.boot.SpringApplication.run(SpringApplication.java:334)
	at org.springframework.boot.test.context.SpringBootContextLoader.lambda$loadContext$3(SpringBootContextLoader.java:137)
	at org.springframework.util.function.ThrowingSupplier.get(ThrowingSupplier.java:58)
	at org.springframework.util.function.ThrowingSupplier.get(ThrowingSupplier.java:46)
	at org.springframework.boot.SpringApplication.withHook(SpringApplication.java:1454)
	at org.springframework.boot.test.context.SpringBootContextLoader$ContextLoaderHook.run(SpringBootContextLoader.java:553)
	at org.springframework.boot.test.context.SpringBootContextLoader.loadContext(SpringBootContextLoader.java:137)
	at org.springframework.boot.test.context.SpringBootContextLoader.loadContext(SpringBootContextLoader.java:108)
	at org.springframework.test.context.cache.DefaultCacheAwareContextLoaderDelegate.loadContextInternal(DefaultCacheAwareContextLoaderDelegate.java:225)
	at org.springframework.test.context.cache.DefaultCacheAwareContextLoaderDelegate.loadContext(DefaultCacheAwareContextLoaderDelegate.java:152)
	at org.springframework.test.context.support.DefaultTestContext.getApplicationContext(DefaultTestContext.java:130)
	at org.springframework.boot.test.mock.mockito.MockitoTestExecutionListener.postProcessFields(MockitoTestExecutionListener.java:122)
	at org.springframework.boot.test.mock.mockito.MockitoTestExecutionListener.injectFields(MockitoTestExecutionListener.java:106)
	at org.springframework.boot.test.mock.mockito.MockitoTestExecutionListener.prepareTestInstance(MockitoTestExecutionListener.java:63)
	at org.springframework.test.context.TestContextManager.prepareTestInstance(TestContextManager.java:260)
	at org.springframework.test.context.testng.AbstractTestNGSpringContextTests.springTestContextPrepareTestInstance(AbstractTestNGSpringContextTests.java:119)
	at java.base/jdk.internal.reflect.DirectMethodHandleAccessor.invoke(DirectMethodHandleAccessor.java:103)
	at java.base/java.lang.reflect.Method.invoke(Method.java:580)
	at org.testng.internal.MethodInvocationHelper.invokeMethod(MethodInvocationHelper.java:134)
	at org.testng.internal.MethodInvocationHelper.invokeMethodConsideringTimeout(MethodInvocationHelper.java:63)
	at org.testng.internal.ConfigInvoker.invokeConfigurationMethod(ConfigInvoker.java:348)
	at org.testng.internal.ConfigInvoker.invokeConfigurations(ConfigInvoker.java:302)
	at org.testng.internal.TestMethodWorker.invokeBeforeClassMethods(TestMethodWorker.java:176)
	at org.testng.internal.TestMethodWorker.run(TestMethodWorker.java:122)
	at java.base/java.util.ArrayList.forEach(ArrayList.java:1596)
	at org.testng.TestRunner.privateRun(TestRunner.java:766)
	at org.testng.TestRunner.run(TestRunner.java:587)
	at org.testng.SuiteRunner.runTest(SuiteRunner.java:384)
	at org.testng.SuiteRunner.runSequentially(SuiteRunner.java:378)
	at org.testng.SuiteRunner.privateRun(SuiteRunner.java:337)
	at org.testng.SuiteRunner.run(SuiteRunner.java:286)
	at org.testng.SuiteRunnerWorker.runSuite(SuiteRunnerWorker.java:53)
	at org.testng.SuiteRunnerWorker.run(SuiteRunnerWorker.java:96)
	at org.testng.TestNG.runSuitesSequentially(TestNG.java:1187)
	at org.testng.TestNG.runSuitesLocally(TestNG.java:1109)
	at org.testng.TestNG.runSuites(TestNG.java:1039)
	at org.testng.TestNG.run(TestNG.java:1007)
	at com.intellij.rt.testng.IDEARemoteTestNG.run(IDEARemoteTestNG.java:65)
	at com.intellij.rt.testng.RemoteTestNGStarter.main(RemoteTestNGStarter.java:105)
Caused by: org.springframework.beans.factory.NoUniqueBeanDefinitionException: No qualifying bean of type 'com.bgpay.bgai.feign.UserServiceClient' available: more than one 'primary' bean found among candidates: [mockUserServiceClient, com.bgpay.bgai.feign.UserServiceClient]
	at org.springframework.beans.factory.support.DefaultListableBeanFactory.determinePrimaryCandidate(DefaultListableBeanFactory.java:1755)
	at org.springframework.beans.factory.support.DefaultListableBeanFactory.determineAutowireCandidate(DefaultListableBeanFactory.java:1715)
	at org.springframework.beans.factory.support.DefaultListableBeanFactory.doResolveDependency(DefaultListableBeanFactory.java:1416)
	at org.springframework.beans.factory.support.DefaultListableBeanFactory.resolveDependency(DefaultListableBeanFactory.java:1353)
	at org.springframework.beans.factory.support.ConstructorResolver.resolveAutowiredArgument(ConstructorResolver.java:904)
	at org.springframework.beans.factory.support.ConstructorResolver.createArgumentArray(ConstructorResolver.java:782)
	... 53 common frames omitted
2025-07-08 12:09:05.483 [main] [traceId:] [userId:] DEBUG org.springframework.test.context.cache - Spring test ApplicationContext cache statistics: [DefaultContextCache@1a2b5f27 size = 0, maxSize = 32, parentContextCount = 0, hitCount = 0, missCount = 1, failureCount = 1]
2025-07-08 12:09:05.483 [main] [traceId:] [userId:] WARN  o.springframework.test.context.TestContextManager - Caught exception while allowing TestExecutionListener [org.springframework.boot.test.mock.mockito.MockitoTestExecutionListener] to prepare test instance [com.bgpay.bgai.controller.YamlDataDrivenApiTest@31ceba99]
java.lang.IllegalStateException: Failed to load ApplicationContext for [WebMergedContextConfiguration@71a8a354 testClass = com.bgpay.bgai.controller.YamlDataDrivenApiTest, locations = [], classes = [com.bgpay.bgai.BgaiApplication], contextInitializerClasses = [], activeProfiles = ["test"], propertySourceDescriptors = [PropertySourceDescriptor[locations=[], ignoreResourceNotFound=false, name=null, propertySourceFactory=null, encoding=null]], propertySourceProperties = ["spring.main.allow-bean-definition-overriding=true", "seata.enabled=false", "saga.enabled=false", "seata.saga.state-machine.auto-register=false", "spring.cloud.loadbalancer.enabled=false", "spring.cloud.discovery.enabled=false", "spring.cloud.config.enabled=false", "spring.cloud.consul.enabled=false", "spring.cloud.gateway.enabled=false", "spring.cloud.circuitbreaker.enabled=false", "spring.main.web-application-type=servlet", "spring.validation.is-method-validation-bean-post-processor-enabled=false", "rocketmq.messageConsumer.enabled=false", "rocketmq.producer.enable=false", "rocketmq.name-server=8.133.246.113:9876", "rocketmq.producer.group=test-group", "spring.data.elasticsearch.repositories.enabled=false", "spring.elasticsearch.enabled=false", "spring.webflux.base-path=/api", "spring.autoconfigure.exclude=org.springframework.boot.autoconfigure.web.reactive.function.client.WebClientAutoConfiguration", "org.springframework.boot.test.autoconfigure.web.servlet.WebMvcTestContextBootstrapper=true"], contextCustomizers = [[ImportsContextCustomizer@5d186b14 key = [org.springframework.boot.autoconfigure.task.TaskExecutionAutoConfiguration, org.springframework.boot.autoconfigure.context.MessageSourceAutoConfiguration, org.springframework.boot.autoconfigure.hateoas.HypermediaAutoConfiguration, com.bgpay.bgai.config.ElasticsearchAutoConfigurationDisabler, org.springframework.boot.test.autoconfigure.web.servlet.MockMvcAutoConfiguration, com.bgpay.bgai.config.FileTypeServiceMockConfig, com.bgpay.bgai.config.RedisAutoConfigurationDisabler, com.bgpay.bgai.config.WebClientBeanExclusionConfig, org.springframework.boot.autoconfigure.security.oauth2.client.servlet.OAuth2ClientAutoConfiguration, com.bgpay.bgai.config.WebClientTestConfig, com.bgpay.bgai.config.RocketMQMockConfig, com.bgpay.bgai.config.UnifiedEnvironmentConfig, org.springframework.boot.test.autoconfigure.web.servlet.MockMvcWebDriverAutoConfiguration, com.bgpay.bgai.config.WebClientTestOverrideConfig, com.bgpay.bgai.config.ElasticsearchMockConfig, com.bgpay.bgai.config.WebClientBuilderUnifier, org.springframework.boot.autoconfigure.jsonb.JsonbAutoConfiguration, com.bgpay.bgai.config.MockMvcTestConfig, com.bgpay.bgai.config.ChatWebFilterMockConfig, com.bgpay.bgai.config.WebMvcAutoConfigurationDisabler, org.springframework.boot.autoconfigure.security.servlet.UserDetailsServiceAutoConfiguration, org.springframework.boot.autoconfigure.security.oauth2.resource.servlet.OAuth2ResourceServerAutoConfiguration, org.springframework.boot.autoconfigure.groovy.template.GroovyTemplateAutoConfiguration, com.bgpay.bgai.config.DeepSeekWebClientMockConfig, org.springframework.boot.autoconfigure.mustache.MustacheAutoConfiguration, com.bgpay.bgai.config.ExcludeMainWebClientConfig, com.bgpay.bgai.config.DataSourceAutoConfigurationDisabler, com.bgpay.bgai.config.ReactiveWebMockConfig, org.springframework.boot.autoconfigure.cache.CacheAutoConfiguration, org.springframework.boot.autoconfigure.web.servlet.HttpEncodingAutoConfiguration, com.bgpay.bgai.config.EnhancedChatControllerMockConfig, org.springframework.boot.autoconfigure.data.web.SpringDataWebAutoConfiguration, org.springframework.boot.autoconfigure.jackson.JacksonAutoConfiguration, org.springframework.boot.test.autoconfigure.web.reactive.WebTestClientAutoConfiguration, org.springframework.boot.autoconfigure.web.servlet.error.ErrorMvcAutoConfiguration, org.springframework.boot.autoconfigure.security.servlet.SecurityFilterAutoConfiguration, org.springframework.boot.autoconfigure.http.HttpMessageConvertersAutoConfiguration, com.bgpay.bgai.config.ChatRecordRepositoryMockConfig, com.bgpay.bgai.config.WebClientAutoConfigurationExcluder, com.bgpay.bgai.config.WebClientConfigMock, org.springframework.boot.test.autoconfigure.web.servlet.MockMvcSecurityConfiguration, com.bgpay.bgai.config.CacheWarmerMockConfig, org.springframework.boot.test.autoconfigure.web.servlet.MockMvcWebClientAutoConfiguration, org.springframework.boot.autoconfigure.thymeleaf.ThymeleafAutoConfiguration, com.bgpay.bgai.config.TestPropertySourceConfig, org.springframework.boot.autoconfigure.gson.GsonAutoConfiguration, org.springframework.boot.autoconfigure.freemarker.FreeMarkerAutoConfiguration, org.springframework.boot.autoconfigure.web.servlet.WebMvcAutoConfiguration, com.bgpay.bgai.config.WebClientConfigOverrideConfig, com.bgpay.bgai.config.FeignAutoConfigurationDisabler]], org.springframework.boot.test.context.filter.ExcludeFilterContextCustomizer@7c4fc2bf, org.springframework.boot.test.json.DuplicateJsonObjectContextCustomizerFactory$DuplicateJsonObjectContextCustomizer@46866946, org.springframework.boot.test.mock.mockito.MockitoContextCustomizer@71385aac, org.springframework.boot.test.autoconfigure.OverrideAutoConfigurationContextCustomizerFactory$DisableAutoConfigurationContextCustomizer@151db587, org.springframework.boot.test.autoconfigure.actuate.observability.ObservabilityContextCustomizerFactory$DisableObservabilityContextCustomizer@1f, org.springframework.boot.test.autoconfigure.filter.TypeExcludeFiltersContextCustomizer@65756da5, org.springframework.boot.test.autoconfigure.properties.PropertyMappingContextCustomizer@dcbce87, org.springframework.boot.test.autoconfigure.web.servlet.WebDriverContextCustomizer@5ff2e84b, org.springframework.boot.test.context.SpringBootTestAnnotation@25770f88], resourceBasePath = "src/main/webapp", contextLoader = org.springframework.boot.test.context.SpringBootContextLoader, parent = null]
	at org.springframework.test.context.cache.DefaultCacheAwareContextLoaderDelegate.loadContext(DefaultCacheAwareContextLoaderDelegate.java:180)
	at org.springframework.test.context.support.DefaultTestContext.getApplicationContext(DefaultTestContext.java:130)
	at org.springframework.boot.test.mock.mockito.MockitoTestExecutionListener.postProcessFields(MockitoTestExecutionListener.java:122)
	at org.springframework.boot.test.mock.mockito.MockitoTestExecutionListener.injectFields(MockitoTestExecutionListener.java:106)
	at org.springframework.boot.test.mock.mockito.MockitoTestExecutionListener.prepareTestInstance(MockitoTestExecutionListener.java:63)
	at org.springframework.test.context.TestContextManager.prepareTestInstance(TestContextManager.java:260)
	at org.springframework.test.context.testng.AbstractTestNGSpringContextTests.springTestContextPrepareTestInstance(AbstractTestNGSpringContextTests.java:119)
	at java.base/jdk.internal.reflect.DirectMethodHandleAccessor.invoke(DirectMethodHandleAccessor.java:103)
	at java.base/java.lang.reflect.Method.invoke(Method.java:580)
	at org.testng.internal.MethodInvocationHelper.invokeMethod(MethodInvocationHelper.java:134)
	at org.testng.internal.MethodInvocationHelper.invokeMethodConsideringTimeout(MethodInvocationHelper.java:63)
	at org.testng.internal.ConfigInvoker.invokeConfigurationMethod(ConfigInvoker.java:348)
	at org.testng.internal.ConfigInvoker.invokeConfigurations(ConfigInvoker.java:302)
	at org.testng.internal.TestMethodWorker.invokeBeforeClassMethods(TestMethodWorker.java:176)
	at org.testng.internal.TestMethodWorker.run(TestMethodWorker.java:122)
	at java.base/java.util.ArrayList.forEach(ArrayList.java:1596)
	at org.testng.TestRunner.privateRun(TestRunner.java:766)
	at org.testng.TestRunner.run(TestRunner.java:587)
	at org.testng.SuiteRunner.runTest(SuiteRunner.java:384)
	at org.testng.SuiteRunner.runSequentially(SuiteRunner.java:378)
	at org.testng.SuiteRunner.privateRun(SuiteRunner.java:337)
	at org.testng.SuiteRunner.run(SuiteRunner.java:286)
	at org.testng.SuiteRunnerWorker.runSuite(SuiteRunnerWorker.java:53)
	at org.testng.SuiteRunnerWorker.run(SuiteRunnerWorker.java:96)
	at org.testng.TestNG.runSuitesSequentially(TestNG.java:1187)
	at org.testng.TestNG.runSuitesLocally(TestNG.java:1109)
	at org.testng.TestNG.runSuites(TestNG.java:1039)
	at org.testng.TestNG.run(TestNG.java:1007)
	at com.intellij.rt.testng.IDEARemoteTestNG.run(IDEARemoteTestNG.java:65)
	at com.intellij.rt.testng.RemoteTestNGStarter.main(RemoteTestNGStarter.java:105)
Caused by: org.springframework.beans.factory.UnsatisfiedDependencyException: Error creating bean with name 'feignDemoController' defined in file [E:\project\bgai\target\classes\com\bgpay\bgai\controller\FeignDemoController.class]: Unsatisfied dependency expressed through constructor parameter 0: No qualifying bean of type 'com.bgpay.bgai.feign.UserServiceClient' available: more than one 'primary' bean found among candidates: [mockUserServiceClient, com.bgpay.bgai.feign.UserServiceClient]
	at org.springframework.beans.factory.support.ConstructorResolver.createArgumentArray(ConstructorResolver.java:795)
	at org.springframework.beans.factory.support.ConstructorResolver.autowireConstructor(ConstructorResolver.java:237)
	at org.springframework.beans.factory.support.AbstractAutowireCapableBeanFactory.autowireConstructor(AbstractAutowireCapableBeanFactory.java:1355)
	at org.springframework.beans.factory.support.AbstractAutowireCapableBeanFactory.createBeanInstance(AbstractAutowireCapableBeanFactory.java:1192)
	at org.springframework.beans.factory.support.AbstractAutowireCapableBeanFactory.doCreateBean(AbstractAutowireCapableBeanFactory.java:562)
	at org.springframework.beans.factory.support.AbstractAutowireCapableBeanFactory.createBean(AbstractAutowireCapableBeanFactory.java:522)
	at org.springframework.beans.factory.support.AbstractBeanFactory.lambda$doGetBean$0(AbstractBeanFactory.java:326)
	at org.springframework.beans.factory.support.DefaultSingletonBeanRegistry.getSingleton(DefaultSingletonBeanRegistry.java:234)
	at org.springframework.beans.factory.support.AbstractBeanFactory.doGetBean(AbstractBeanFactory.java:324)
	at org.springframework.beans.factory.support.AbstractBeanFactory.getBean(AbstractBeanFactory.java:200)
	at org.springframework.beans.factory.support.DefaultListableBeanFactory.preInstantiateSingletons(DefaultListableBeanFactory.java:975)
	at org.springframework.context.support.AbstractApplicationContext.finishBeanFactoryInitialization(AbstractApplicationContext.java:962)
	at org.springframework.context.support.AbstractApplicationContext.refresh(AbstractApplicationContext.java:624)
	at org.springframework.boot.SpringApplication.refresh(SpringApplication.java:754)
	at org.springframework.boot.SpringApplication.refreshContext(SpringApplication.java:456)
	at org.springframework.boot.SpringApplication.run(SpringApplication.java:334)
	at org.springframework.boot.test.context.SpringBootContextLoader.lambda$loadContext$3(SpringBootContextLoader.java:137)
	at org.springframework.util.function.ThrowingSupplier.get(ThrowingSupplier.java:58)
	at org.springframework.util.function.ThrowingSupplier.get(ThrowingSupplier.java:46)
	at org.springframework.boot.SpringApplication.withHook(SpringApplication.java:1454)
	at org.springframework.boot.test.context.SpringBootContextLoader$ContextLoaderHook.run(SpringBootContextLoader.java:553)
	at org.springframework.boot.test.context.SpringBootContextLoader.loadContext(SpringBootContextLoader.java:137)
	at org.springframework.boot.test.context.SpringBootContextLoader.loadContext(SpringBootContextLoader.java:108)
	at org.springframework.test.context.cache.DefaultCacheAwareContextLoaderDelegate.loadContextInternal(DefaultCacheAwareContextLoaderDelegate.java:225)
	at org.springframework.test.context.cache.DefaultCacheAwareContextLoaderDelegate.loadContext(DefaultCacheAwareContextLoaderDelegate.java:152)
	... 29 common frames omitted
Caused by: org.springframework.beans.factory.NoUniqueBeanDefinitionException: No qualifying bean of type 'com.bgpay.bgai.feign.UserServiceClient' available: more than one 'primary' bean found among candidates: [mockUserServiceClient, com.bgpay.bgai.feign.UserServiceClient]
	at org.springframework.beans.factory.support.DefaultListableBeanFactory.determinePrimaryCandidate(DefaultListableBeanFactory.java:1755)
	at org.springframework.beans.factory.support.DefaultListableBeanFactory.determineAutowireCandidate(DefaultListableBeanFactory.java:1715)
	at org.springframework.beans.factory.support.DefaultListableBeanFactory.doResolveDependency(DefaultListableBeanFactory.java:1416)
	at org.springframework.beans.factory.support.DefaultListableBeanFactory.resolveDependency(DefaultListableBeanFactory.java:1353)
	at org.springframework.beans.factory.support.ConstructorResolver.resolveAutowiredArgument(ConstructorResolver.java:904)
	at org.springframework.beans.factory.support.ConstructorResolver.createArgumentArray(ConstructorResolver.java:782)
	... 53 common frames omitted
2025-07-08 12:09:05.650 [main] [traceId:] [userId:] INFO  com.bgpay.bgai.base.YamlDataProvider - 从YAML文件加载测试数据: src/test/resources/test-data/YamlDataDrivenApiTest/testLogin.yml
2025-07-08 12:09:05.651 [main] [traceId:] [userId:] WARN  com.bgpay.bgai.base.YamlDataProvider - YAML文件不存在: src/test/resources/test-data/YamlDataDrivenApiTest/testLogin.yml
2025-07-08 12:09:05.665 [main] [traceId:] [userId:] DEBUG o.s.t.c.s.DirtiesContextTestExecutionListener - After test class: class [YamlDataDrivenApiTest], class annotated with @DirtiesContext [false] with mode [null]
2025-07-08 12:09:05.694 [Thread-9] [traceId:] [userId:] WARN  com.alibaba.nacos.common.notify.NotifyCenter - [NotifyCenter] Start destroying Publisher
2025-07-08 12:09:05.694 [Thread-9] [traceId:] [userId:] WARN  com.alibaba.nacos.common.notify.NotifyCenter - [NotifyCenter] Destruction of the end
2025-07-08 12:09:05.695 [Thread-2] [traceId:] [userId:] WARN  c.alibaba.nacos.common.http.HttpClientBeanHolder - [HttpClientBeanHolder] Start destroying common HttpClient
2025-07-08 12:17:20.028 [main] [traceId:] [userId:] WARN  com.alibaba.nacos.client.logging.NacosLogging - Load Logback Configuration of Nacos fail, message: Could not initialize Logback Nacos logging from classpath:nacos-logback.xml
2025-07-08 12:17:20.089 [main] [traceId:] [userId:] WARN  com.alibaba.nacos.client.logging.NacosLogging - Load Logback Configuration of Nacos fail, message: Could not initialize Logback Nacos logging from classpath:nacos-logback.xml
2025-07-08 12:17:20.323 [main] [traceId:] [userId:] WARN  com.alibaba.nacos.client.logging.NacosLogging - Load Logback Configuration of Nacos fail, message: Could not initialize Logback Nacos logging from classpath:nacos-logback.xml
2025-07-08 12:17:20.326 [main] [traceId:] [userId:] INFO  com.alibaba.nacos.client.utils.ParamUtil - [settings] [req-serv] nacos-server port:8848
2025-07-08 12:17:20.326 [main] [traceId:] [userId:] INFO  com.alibaba.nacos.client.utils.ParamUtil - [settings] [http-client] connect timeout:1000
2025-07-08 12:17:20.328 [main] [traceId:] [userId:] INFO  com.alibaba.nacos.client.utils.ParamUtil - PER_TASK_CONFIG_SIZE: 3000.0
2025-07-08 12:17:20.372 [main] [traceId:] [userId:] INFO  c.a.n.p.auth.spi.client.ClientAuthPluginManager - [ClientAuthPluginManager] Load ClientAuthService com.alibaba.nacos.client.auth.impl.NacosClientAuthServiceImpl success.
2025-07-08 12:17:20.372 [main] [traceId:] [userId:] INFO  c.a.n.p.auth.spi.client.ClientAuthPluginManager - [ClientAuthPluginManager] Load ClientAuthService com.alibaba.nacos.client.auth.ram.RamClientAuthServiceImpl success.
2025-07-08 12:17:20.378 [main] [traceId:] [userId:] INFO  c.a.n.client.auth.ram.identify.CredentialWatcher - null No credential found
2025-07-08 12:17:20.609 [main] [traceId:] [userId:] WARN  com.alibaba.nacos.client.logging.NacosLogging - Load Logback Configuration of Nacos fail, message: Could not initialize Logback Nacos logging from classpath:nacos-logback.xml
2025-07-08 12:17:21.430 [main] [traceId:] [userId:] WARN  c.a.cloud.nacos.client.NacosPropertySourceBuilder - Ignore the empty nacos configuration and get it based on dataId[common-dev.yaml] & group[DEFAULT_GROUP]
2025-07-08 12:17:21.539 [main] [traceId:] [userId:] WARN  c.a.cloud.nacos.client.NacosPropertySourceBuilder - Ignore the empty nacos configuration and get it based on dataId[bgtech-ai] & group[DEFAULT_GROUP]
2025-07-08 12:17:21.550 [main] [traceId:] [userId:] WARN  c.a.cloud.nacos.client.NacosPropertySourceBuilder - Ignore the empty nacos configuration and get it based on dataId[bgtech-ai.yaml] & group[DEFAULT_GROUP]
2025-07-08 12:17:21.560 [main] [traceId:] [userId:] WARN  c.a.cloud.nacos.client.NacosPropertySourceBuilder - Ignore the empty nacos configuration and get it based on dataId[bgtech-ai-test.yaml] & group[DEFAULT_GROUP]
2025-07-08 12:17:21.561 [main] [traceId:] [userId:] INFO  o.s.c.b.c.PropertySourceBootstrapConfiguration - Located property source: [BootstrapPropertySource {name='bootstrapProperties-bgtech-ai-test.yaml,DEFAULT_GROUP'}, BootstrapPropertySource {name='bootstrapProperties-bgtech-ai.yaml,DEFAULT_GROUP'}, BootstrapPropertySource {name='bootstrapProperties-bgtech-ai,DEFAULT_GROUP'}, BootstrapPropertySource {name='bootstrapProperties-common-dev.yaml,DEFAULT_GROUP'}]
2025-07-08 12:17:21.597 [main] [traceId:] [userId:] WARN  o.s.b.t.j.DuplicateJsonObjectContextCustomizerFactory$DuplicateJsonObjectContextCustomizer - 

Found multiple occurrences of org.json.JSONObject on the class path:

	jar:file:/C:/Users/Administrator/.m2/repository/com/vaadin/external/google/android-json/0.0.20131108.vaadin1/android-json-0.0.20131108.vaadin1.jar!/org/json/JSONObject.class
	jar:file:/C:/Users/Administrator/.m2/repository/org/json/json/20220320/json-20220320.jar!/org/json/JSONObject.class

You may wish to exclude one of them to ensure predictable runtime behavior

2025-07-08 12:17:21.602 [main] [traceId:] [userId:] WARN  com.alibaba.nacos.client.logging.NacosLogging - Load Logback Configuration of Nacos fail, message: Could not initialize Logback Nacos logging from classpath:nacos-logback.xml
2025-07-08 12:17:21.603 [main] [traceId:] [userId:] INFO  com.bgpay.bgai.controller.YamlDataDrivenApiTest - The following 2 profiles are active: "dev", "test"
2025-07-08 12:17:23.507 [main] [traceId:] [userId:] WARN  org.mybatis.spring.mapper.ClassPathMapperScanner - Skipping MapperFactoryBean with name 'fileTypeMapper' and 'com.bgpay.bgai.mapper.FileTypeMapper' mapperInterface. Bean already defined with the same name!
2025-07-08 12:17:23.507 [main] [traceId:] [userId:] WARN  org.mybatis.spring.mapper.ClassPathMapperScanner - Skipping MapperFactoryBean with name 'usageRecordMapper' and 'com.bgpay.bgai.mapper.UsageRecordMapper' mapperInterface. Bean already defined with the same name!
2025-07-08 12:17:26.456 [main] [traceId:] [userId:] INFO  com.bgpay.bgai.config.SeataDisableConfiguration - SeataDisableConfiguration已加载，Seata在测试环境中被禁用
2025-07-08 12:17:26.456 [main] [traceId:] [userId:] INFO  com.bgpay.bgai.config.SeataDisableConfiguration - 设置系统属性: seata.enabled=false, saga.enabled=false
2025-07-08 12:17:26.600 [main] [traceId:] [userId:] INFO  c.bgpay.bgai.config.NacosRouteDefinitionRepository - 初始化Nacos路由定义存储库
2025-07-08 12:17:26.779 [main] [traceId:] [userId:] WARN  c.bgpay.bgai.config.NacosRouteDefinitionRepository - Nacos中未找到路由定义配置
2025-07-08 12:17:26.802 [main] [traceId:] [userId:] INFO  c.bgpay.bgai.service.impl.DynamicRouteServiceImpl - 初始化动态路由服务
2025-07-08 12:17:26.980 [main] [traceId:] [userId:] WARN  c.bgpay.bgai.service.impl.DynamicRouteServiceImpl - Nacos中没有找到路由配置，使用默认配置
2025-07-08 12:17:26.981 [main] [traceId:] [userId:] INFO  c.bgpay.bgai.service.impl.DynamicRouteServiceImpl - 注册Nacos配置监听器成功
2025-07-08 12:17:26.988 [main] [traceId:] [userId:] INFO  com.bgpay.bgai.config.NacosRouteConfigListener - 初始化Nacos路由配置监听器
2025-07-08 12:17:27.186 [main] [traceId:] [userId:] WARN  com.bgpay.bgai.config.NacosRouteConfigListener - Nacos中未找到路由配置数据
2025-07-08 12:17:27.683 [main] [traceId:] [userId:] INFO  com.bgpay.bgai.controller.FeignDemoController - FeignDemoController initialized with UserServiceClient and LocalUserServiceClient
2025-07-08 12:17:29.240 [main] [traceId:] [userId:] INFO  io.seata.config.ConfigurationFactory - load Configuration from :Spring Configuration
2025-07-08 12:17:29.251 [main] [traceId:] [userId:] INFO  io.seata.config.ConfigurationFactory - load Configuration from :Spring Configuration
2025-07-08 12:17:29.258 [main] [traceId:] [userId:] INFO  io.seata.rm.datasource.AsyncWorker - Async Commit Buffer Limit: 10000
2025-07-08 12:17:29.259 [main] [traceId:] [userId:] INFO  io.seata.rm.datasource.xa.ResourceManagerXA - ResourceManagerXA init ...
2025-07-08 12:17:30.048 [main] [traceId:] [userId:] INFO  com.bgpay.bgai.seata.SagaStateMachineConfig - 加载到2个Saga状态机定义文件
2025-07-08 12:17:30.272 [main] [traceId:] [userId:] INFO  com.bgpay.bgai.saga.CustomSagaJsonParser - 开始解析状态机定义: bgai-saga-transaction
2025-07-08 12:17:30.273 [main] [traceId:] [userId:] INFO  com.bgpay.bgai.saga.CustomSagaJsonParser - 状态机 [bgai-saga-transaction] 原始版本: 0.0.5, 动态生成的新版本: 250708.121730.a820
2025-07-08 12:17:30.273 [main] [traceId:] [userId:] INFO  com.bgpay.bgai.saga.CustomSagaJsonParser - 状态机定义解析成功: bgai-saga-transaction, 已更新版本号: 250708.121730.a820
2025-07-08 12:17:30.273 [main] [traceId:] [userId:] INFO  com.bgpay.bgai.seata.SagaStateMachineConfig - 成功加载状态机定义: /E:/project/bgai/target/classes/statelang/bgai-saga-transaction.json
2025-07-08 12:17:30.279 [main] [traceId:] [userId:] INFO  com.bgpay.bgai.saga.CustomSagaJsonParser - 开始解析状态机定义: ChatCompletionSaga
2025-07-08 12:17:30.279 [main] [traceId:] [userId:] INFO  com.bgpay.bgai.saga.CustomSagaJsonParser - 状态机 [ChatCompletionSaga] 原始版本: 0.0.5, 动态生成的新版本: 250708.121730.cedf
2025-07-08 12:17:30.279 [main] [traceId:] [userId:] INFO  com.bgpay.bgai.saga.CustomSagaJsonParser - 状态机定义解析成功: ChatCompletionSaga, 已更新版本号: 250708.121730.cedf
2025-07-08 12:17:30.279 [main] [traceId:] [userId:] INFO  com.bgpay.bgai.seata.SagaStateMachineConfig - 成功加载状态机定义: /E:/project/bgai/target/classes/statelang/chat_completion_saga.json
2025-07-08 12:17:30.280 [main] [traceId:] [userId:] INFO  com.bgpay.bgai.seata.SagaStateMachineConfig - 已设置saga.state-machine.auto-register=false，防止状态机重复注册
2025-07-08 12:17:30.445 [main] [traceId:] [userId:] INFO  com.bgpay.bgai.config.RestTemplateConfig - Creating RestTemplate bean using SimpleClientHttpRequestFactory
2025-07-08 12:17:35.928 [main] [traceId:] [userId:] WARN  o.s.w.context.support.GenericWebApplicationContext - Exception encountered during context initialization - cancelling refresh attempt: org.springframework.beans.factory.UnsatisfiedDependencyException: Error creating bean with name 'usageStatisticsController' defined in file [E:\project\bgai\target\classes\com\bgpay\bgai\controller\UsageStatisticsController.class]: Unsatisfied dependency expressed through constructor parameter 0: Error creating bean with name 'usageRecordServiceImpl' defined in file [E:\project\bgai\target\classes\com\bgpay\bgai\service\impl\UsageRecordServiceImpl.class]: Unsatisfied dependency expressed through constructor parameter 2: Error creating bean with name 'priceCacheServiceImpl' defined in file [E:\project\bgai\target\classes\com\bgpay\bgai\service\impl\PriceCacheServiceImpl.class]: Unsatisfied dependency expressed through constructor parameter 4: Error creating bean with name 'redissonClient' defined in class path resource [com/bgpay/bgai/cache/RedissonConfig.class]: Failed to instantiate [org.redisson.api.RedissonClient]: Factory method 'redissonClient' threw exception with message: Redis url should start with redis:// or rediss:// (for SSL connection)
2025-07-08 12:17:35.942 [main] [traceId:] [userId:] INFO  c.bgpay.bgai.service.impl.DynamicRouteServiceImpl - 动态路由服务关闭，执行清理操作
2025-07-08 12:17:35.947 [main] [traceId:] [userId:] INFO  o.s.b.a.logging.ConditionEvaluationReportLogger - 

Error starting ApplicationContext. To display the condition evaluation report re-run your application with 'debug' enabled.
2025-07-08 12:17:35.975 [main] [traceId:] [userId:] ERROR org.springframework.boot.SpringApplication - Application run failed
org.springframework.beans.factory.UnsatisfiedDependencyException: Error creating bean with name 'usageStatisticsController' defined in file [E:\project\bgai\target\classes\com\bgpay\bgai\controller\UsageStatisticsController.class]: Unsatisfied dependency expressed through constructor parameter 0: Error creating bean with name 'usageRecordServiceImpl' defined in file [E:\project\bgai\target\classes\com\bgpay\bgai\service\impl\UsageRecordServiceImpl.class]: Unsatisfied dependency expressed through constructor parameter 2: Error creating bean with name 'priceCacheServiceImpl' defined in file [E:\project\bgai\target\classes\com\bgpay\bgai\service\impl\PriceCacheServiceImpl.class]: Unsatisfied dependency expressed through constructor parameter 4: Error creating bean with name 'redissonClient' defined in class path resource [com/bgpay/bgai/cache/RedissonConfig.class]: Failed to instantiate [org.redisson.api.RedissonClient]: Factory method 'redissonClient' threw exception with message: Redis url should start with redis:// or rediss:// (for SSL connection)
	at org.springframework.beans.factory.support.ConstructorResolver.createArgumentArray(ConstructorResolver.java:795)
	at org.springframework.beans.factory.support.ConstructorResolver.autowireConstructor(ConstructorResolver.java:237)
	at org.springframework.beans.factory.support.AbstractAutowireCapableBeanFactory.autowireConstructor(AbstractAutowireCapableBeanFactory.java:1355)
	at org.springframework.beans.factory.support.AbstractAutowireCapableBeanFactory.createBeanInstance(AbstractAutowireCapableBeanFactory.java:1192)
	at org.springframework.beans.factory.support.AbstractAutowireCapableBeanFactory.doCreateBean(AbstractAutowireCapableBeanFactory.java:562)
	at org.springframework.beans.factory.support.AbstractAutowireCapableBeanFactory.createBean(AbstractAutowireCapableBeanFactory.java:522)
	at org.springframework.beans.factory.support.AbstractBeanFactory.lambda$doGetBean$0(AbstractBeanFactory.java:326)
	at org.springframework.beans.factory.support.DefaultSingletonBeanRegistry.getSingleton(DefaultSingletonBeanRegistry.java:234)
	at org.springframework.beans.factory.support.AbstractBeanFactory.doGetBean(AbstractBeanFactory.java:324)
	at org.springframework.beans.factory.support.AbstractBeanFactory.getBean(AbstractBeanFactory.java:200)
	at org.springframework.beans.factory.support.DefaultListableBeanFactory.preInstantiateSingletons(DefaultListableBeanFactory.java:975)
	at org.springframework.context.support.AbstractApplicationContext.finishBeanFactoryInitialization(AbstractApplicationContext.java:962)
	at org.springframework.context.support.AbstractApplicationContext.refresh(AbstractApplicationContext.java:624)
	at org.springframework.boot.SpringApplication.refresh(SpringApplication.java:754)
	at org.springframework.boot.SpringApplication.refreshContext(SpringApplication.java:456)
	at org.springframework.boot.SpringApplication.run(SpringApplication.java:334)
	at org.springframework.boot.test.context.SpringBootContextLoader.lambda$loadContext$3(SpringBootContextLoader.java:137)
	at org.springframework.util.function.ThrowingSupplier.get(ThrowingSupplier.java:58)
	at org.springframework.util.function.ThrowingSupplier.get(ThrowingSupplier.java:46)
	at org.springframework.boot.SpringApplication.withHook(SpringApplication.java:1454)
	at org.springframework.boot.test.context.SpringBootContextLoader$ContextLoaderHook.run(SpringBootContextLoader.java:553)
	at org.springframework.boot.test.context.SpringBootContextLoader.loadContext(SpringBootContextLoader.java:137)
	at org.springframework.boot.test.context.SpringBootContextLoader.loadContext(SpringBootContextLoader.java:108)
	at org.springframework.test.context.cache.DefaultCacheAwareContextLoaderDelegate.loadContextInternal(DefaultCacheAwareContextLoaderDelegate.java:225)
	at org.springframework.test.context.cache.DefaultCacheAwareContextLoaderDelegate.loadContext(DefaultCacheAwareContextLoaderDelegate.java:152)
	at org.springframework.test.context.support.DefaultTestContext.getApplicationContext(DefaultTestContext.java:130)
	at org.springframework.boot.test.mock.mockito.MockitoTestExecutionListener.postProcessFields(MockitoTestExecutionListener.java:122)
	at org.springframework.boot.test.mock.mockito.MockitoTestExecutionListener.injectFields(MockitoTestExecutionListener.java:106)
	at org.springframework.boot.test.mock.mockito.MockitoTestExecutionListener.prepareTestInstance(MockitoTestExecutionListener.java:63)
	at org.springframework.test.context.TestContextManager.prepareTestInstance(TestContextManager.java:260)
	at org.springframework.test.context.testng.AbstractTestNGSpringContextTests.springTestContextPrepareTestInstance(AbstractTestNGSpringContextTests.java:119)
	at java.base/jdk.internal.reflect.DirectMethodHandleAccessor.invoke(DirectMethodHandleAccessor.java:103)
	at java.base/java.lang.reflect.Method.invoke(Method.java:580)
	at org.testng.internal.MethodInvocationHelper.invokeMethod(MethodInvocationHelper.java:134)
	at org.testng.internal.MethodInvocationHelper.invokeMethodConsideringTimeout(MethodInvocationHelper.java:63)
	at org.testng.internal.ConfigInvoker.invokeConfigurationMethod(ConfigInvoker.java:348)
	at org.testng.internal.ConfigInvoker.invokeConfigurations(ConfigInvoker.java:302)
	at org.testng.internal.TestMethodWorker.invokeBeforeClassMethods(TestMethodWorker.java:176)
	at org.testng.internal.TestMethodWorker.run(TestMethodWorker.java:122)
	at java.base/java.util.ArrayList.forEach(ArrayList.java:1596)
	at org.testng.TestRunner.privateRun(TestRunner.java:766)
	at org.testng.TestRunner.run(TestRunner.java:587)
	at org.testng.SuiteRunner.runTest(SuiteRunner.java:384)
	at org.testng.SuiteRunner.runSequentially(SuiteRunner.java:378)
	at org.testng.SuiteRunner.privateRun(SuiteRunner.java:337)
	at org.testng.SuiteRunner.run(SuiteRunner.java:286)
	at org.testng.SuiteRunnerWorker.runSuite(SuiteRunnerWorker.java:53)
	at org.testng.SuiteRunnerWorker.run(SuiteRunnerWorker.java:96)
	at org.testng.TestNG.runSuitesSequentially(TestNG.java:1187)
	at org.testng.TestNG.runSuitesLocally(TestNG.java:1109)
	at org.testng.TestNG.runSuites(TestNG.java:1039)
	at org.testng.TestNG.run(TestNG.java:1007)
	at com.intellij.rt.testng.IDEARemoteTestNG.run(IDEARemoteTestNG.java:65)
	at com.intellij.rt.testng.RemoteTestNGStarter.main(RemoteTestNGStarter.java:105)
Caused by: org.springframework.beans.factory.UnsatisfiedDependencyException: Error creating bean with name 'usageRecordServiceImpl' defined in file [E:\project\bgai\target\classes\com\bgpay\bgai\service\impl\UsageRecordServiceImpl.class]: Unsatisfied dependency expressed through constructor parameter 2: Error creating bean with name 'priceCacheServiceImpl' defined in file [E:\project\bgai\target\classes\com\bgpay\bgai\service\impl\PriceCacheServiceImpl.class]: Unsatisfied dependency expressed through constructor parameter 4: Error creating bean with name 'redissonClient' defined in class path resource [com/bgpay/bgai/cache/RedissonConfig.class]: Failed to instantiate [org.redisson.api.RedissonClient]: Factory method 'redissonClient' threw exception with message: Redis url should start with redis:// or rediss:// (for SSL connection)
	at org.springframework.beans.factory.support.ConstructorResolver.createArgumentArray(ConstructorResolver.java:795)
	at org.springframework.beans.factory.support.ConstructorResolver.autowireConstructor(ConstructorResolver.java:237)
	at org.springframework.beans.factory.support.AbstractAutowireCapableBeanFactory.autowireConstructor(AbstractAutowireCapableBeanFactory.java:1355)
	at org.springframework.beans.factory.support.AbstractAutowireCapableBeanFactory.createBeanInstance(AbstractAutowireCapableBeanFactory.java:1192)
	at org.springframework.beans.factory.support.AbstractAutowireCapableBeanFactory.doCreateBean(AbstractAutowireCapableBeanFactory.java:562)
	at org.springframework.beans.factory.support.AbstractAutowireCapableBeanFactory.createBean(AbstractAutowireCapableBeanFactory.java:522)
	at org.springframework.beans.factory.support.AbstractBeanFactory.lambda$doGetBean$0(AbstractBeanFactory.java:326)
	at org.springframework.beans.factory.support.DefaultSingletonBeanRegistry.getSingleton(DefaultSingletonBeanRegistry.java:234)
	at org.springframework.beans.factory.support.AbstractBeanFactory.doGetBean(AbstractBeanFactory.java:324)
	at org.springframework.beans.factory.support.AbstractBeanFactory.getBean(AbstractBeanFactory.java:200)
	at org.springframework.beans.factory.config.DependencyDescriptor.resolveCandidate(DependencyDescriptor.java:254)
	at org.springframework.beans.factory.support.DefaultListableBeanFactory.doResolveDependency(DefaultListableBeanFactory.java:1443)
	at org.springframework.beans.factory.support.DefaultListableBeanFactory.resolveDependency(DefaultListableBeanFactory.java:1353)
	at org.springframework.beans.factory.support.ConstructorResolver.resolveAutowiredArgument(ConstructorResolver.java:904)
	at org.springframework.beans.factory.support.ConstructorResolver.createArgumentArray(ConstructorResolver.java:782)
	... 53 common frames omitted
Caused by: org.springframework.beans.factory.UnsatisfiedDependencyException: Error creating bean with name 'priceCacheServiceImpl' defined in file [E:\project\bgai\target\classes\com\bgpay\bgai\service\impl\PriceCacheServiceImpl.class]: Unsatisfied dependency expressed through constructor parameter 4: Error creating bean with name 'redissonClient' defined in class path resource [com/bgpay/bgai/cache/RedissonConfig.class]: Failed to instantiate [org.redisson.api.RedissonClient]: Factory method 'redissonClient' threw exception with message: Redis url should start with redis:// or rediss:// (for SSL connection)
	at org.springframework.beans.factory.support.ConstructorResolver.createArgumentArray(ConstructorResolver.java:795)
	at org.springframework.beans.factory.support.ConstructorResolver.autowireConstructor(ConstructorResolver.java:237)
	at org.springframework.beans.factory.support.AbstractAutowireCapableBeanFactory.autowireConstructor(AbstractAutowireCapableBeanFactory.java:1355)
	at org.springframework.beans.factory.support.AbstractAutowireCapableBeanFactory.createBeanInstance(AbstractAutowireCapableBeanFactory.java:1192)
	at org.springframework.beans.factory.support.AbstractAutowireCapableBeanFactory.doCreateBean(AbstractAutowireCapableBeanFactory.java:562)
	at org.springframework.beans.factory.support.AbstractAutowireCapableBeanFactory.createBean(AbstractAutowireCapableBeanFactory.java:522)
	at org.springframework.beans.factory.support.AbstractBeanFactory.lambda$doGetBean$0(AbstractBeanFactory.java:326)
	at org.springframework.beans.factory.support.DefaultSingletonBeanRegistry.getSingleton(DefaultSingletonBeanRegistry.java:234)
	at org.springframework.beans.factory.support.AbstractBeanFactory.doGetBean(AbstractBeanFactory.java:324)
	at org.springframework.beans.factory.support.AbstractBeanFactory.getBean(AbstractBeanFactory.java:200)
	at org.springframework.beans.factory.config.DependencyDescriptor.resolveCandidate(DependencyDescriptor.java:254)
	at org.springframework.beans.factory.support.DefaultListableBeanFactory.doResolveDependency(DefaultListableBeanFactory.java:1443)
	at org.springframework.beans.factory.support.DefaultListableBeanFactory.resolveDependency(DefaultListableBeanFactory.java:1353)
	at org.springframework.beans.factory.support.ConstructorResolver.resolveAutowiredArgument(ConstructorResolver.java:904)
	at org.springframework.beans.factory.support.ConstructorResolver.createArgumentArray(ConstructorResolver.java:782)
	... 67 common frames omitted
Caused by: org.springframework.beans.factory.BeanCreationException: Error creating bean with name 'redissonClient' defined in class path resource [com/bgpay/bgai/cache/RedissonConfig.class]: Failed to instantiate [org.redisson.api.RedissonClient]: Factory method 'redissonClient' threw exception with message: Redis url should start with redis:// or rediss:// (for SSL connection)
	at org.springframework.beans.factory.support.ConstructorResolver.instantiate(ConstructorResolver.java:648)
	at org.springframework.beans.factory.support.ConstructorResolver.instantiateUsingFactoryMethod(ConstructorResolver.java:485)
	at org.springframework.beans.factory.support.AbstractAutowireCapableBeanFactory.instantiateUsingFactoryMethod(AbstractAutowireCapableBeanFactory.java:1335)
	at org.springframework.beans.factory.support.AbstractAutowireCapableBeanFactory.createBeanInstance(AbstractAutowireCapableBeanFactory.java:1165)
	at org.springframework.beans.factory.support.AbstractAutowireCapableBeanFactory.doCreateBean(AbstractAutowireCapableBeanFactory.java:562)
	at org.springframework.beans.factory.support.AbstractAutowireCapableBeanFactory.createBean(AbstractAutowireCapableBeanFactory.java:522)
	at org.springframework.beans.factory.support.AbstractBeanFactory.lambda$doGetBean$0(AbstractBeanFactory.java:326)
	at org.springframework.beans.factory.support.DefaultSingletonBeanRegistry.getSingleton(DefaultSingletonBeanRegistry.java:234)
	at org.springframework.beans.factory.support.AbstractBeanFactory.doGetBean(AbstractBeanFactory.java:324)
	at org.springframework.beans.factory.support.AbstractBeanFactory.getBean(AbstractBeanFactory.java:200)
	at org.springframework.beans.factory.config.DependencyDescriptor.resolveCandidate(DependencyDescriptor.java:254)
	at org.springframework.beans.factory.support.DefaultListableBeanFactory.doResolveDependency(DefaultListableBeanFactory.java:1443)
	at org.springframework.beans.factory.support.DefaultListableBeanFactory.resolveDependency(DefaultListableBeanFactory.java:1353)
	at org.springframework.beans.factory.support.ConstructorResolver.resolveAutowiredArgument(ConstructorResolver.java:904)
	at org.springframework.beans.factory.support.ConstructorResolver.createArgumentArray(ConstructorResolver.java:782)
	... 81 common frames omitted
Caused by: org.springframework.beans.BeanInstantiationException: Failed to instantiate [org.redisson.api.RedissonClient]: Factory method 'redissonClient' threw exception with message: Redis url should start with redis:// or rediss:// (for SSL connection)
	at org.springframework.beans.factory.support.SimpleInstantiationStrategy.instantiate(SimpleInstantiationStrategy.java:177)
	at org.springframework.beans.factory.support.ConstructorResolver.instantiate(ConstructorResolver.java:644)
	... 95 common frames omitted
Caused by: java.lang.IllegalArgumentException: Redis url should start with redis:// or rediss:// (for SSL connection)
	at org.redisson.misc.RedisURI.<init>(RedisURI.java:46)
	at org.redisson.connection.MasterSlaveConnectionManager.doConnect(MasterSlaveConnectionManager.java:217)
	at org.redisson.connection.MasterSlaveConnectionManager.connect(MasterSlaveConnectionManager.java:193)
	at org.redisson.config.ConfigSupport.createConnectionManager(ConfigSupport.java:221)
	at org.redisson.Redisson.<init>(Redisson.java:69)
	at org.redisson.Redisson.create(Redisson.java:114)
	at com.bgpay.bgai.cache.RedissonConfig.redissonClient(RedissonConfig.java:45)
	at com.bgpay.bgai.cache.RedissonConfig$$SpringCGLIB$$0.CGLIB$redissonClient$0(<generated>)
	at com.bgpay.bgai.cache.RedissonConfig$$SpringCGLIB$$FastClass$$1.invoke(<generated>)
	at org.springframework.cglib.proxy.MethodProxy.invokeSuper(MethodProxy.java:258)
	at org.springframework.context.annotation.ConfigurationClassEnhancer$BeanMethodInterceptor.intercept(ConfigurationClassEnhancer.java:331)
	at com.bgpay.bgai.cache.RedissonConfig$$SpringCGLIB$$0.redissonClient(<generated>)
	at java.base/jdk.internal.reflect.DirectMethodHandleAccessor.invoke(DirectMethodHandleAccessor.java:103)
	at java.base/java.lang.reflect.Method.invoke(Method.java:580)
	at org.springframework.beans.factory.support.SimpleInstantiationStrategy.instantiate(SimpleInstantiationStrategy.java:140)
	... 96 common frames omitted
2025-07-08 12:17:35.994 [main] [traceId:] [userId:] DEBUG org.springframework.test.context.cache - Spring test ApplicationContext cache statistics: [DefaultContextCache@acfadee size = 0, maxSize = 32, parentContextCount = 0, hitCount = 0, missCount = 1, failureCount = 1]
2025-07-08 12:17:35.994 [main] [traceId:] [userId:] WARN  o.springframework.test.context.TestContextManager - Caught exception while allowing TestExecutionListener [org.springframework.boot.test.mock.mockito.MockitoTestExecutionListener] to prepare test instance [com.bgpay.bgai.controller.YamlDataDrivenApiTest@6ff6efdc]
java.lang.IllegalStateException: Failed to load ApplicationContext for [WebMergedContextConfiguration@7516aa4 testClass = com.bgpay.bgai.controller.YamlDataDrivenApiTest, locations = [], classes = [com.bgpay.bgai.BgaiApplication], contextInitializerClasses = [], activeProfiles = ["test"], propertySourceDescriptors = [PropertySourceDescriptor[locations=[], ignoreResourceNotFound=false, name=null, propertySourceFactory=null, encoding=null]], propertySourceProperties = ["spring.main.allow-bean-definition-overriding=true", "seata.enabled=false", "saga.enabled=false", "seata.saga.state-machine.auto-register=false", "spring.cloud.loadbalancer.enabled=false", "spring.cloud.discovery.enabled=false", "spring.cloud.config.enabled=false", "spring.cloud.consul.enabled=false", "spring.cloud.gateway.enabled=false", "spring.cloud.circuitbreaker.enabled=false", "spring.main.web-application-type=servlet", "spring.validation.is-method-validation-bean-post-processor-enabled=false", "rocketmq.messageConsumer.enabled=false", "rocketmq.producer.enable=false", "rocketmq.name-server=8.133.246.113:9876", "rocketmq.producer.group=test-group", "spring.data.elasticsearch.repositories.enabled=false", "spring.elasticsearch.enabled=false", "spring.webflux.base-path=/api", "spring.autoconfigure.exclude=org.springframework.boot.autoconfigure.web.reactive.function.client.WebClientAutoConfiguration", "org.springframework.boot.test.autoconfigure.web.servlet.WebMvcTestContextBootstrapper=true"], contextCustomizers = [[ImportsContextCustomizer@733ced51 key = [org.springframework.boot.autoconfigure.task.TaskExecutionAutoConfiguration, org.springframework.boot.autoconfigure.context.MessageSourceAutoConfiguration, org.springframework.boot.autoconfigure.hateoas.HypermediaAutoConfiguration, com.bgpay.bgai.config.ElasticsearchAutoConfigurationDisabler, org.springframework.boot.test.autoconfigure.web.servlet.MockMvcAutoConfiguration, com.bgpay.bgai.config.FileTypeServiceMockConfig, com.bgpay.bgai.config.RedisAutoConfigurationDisabler, com.bgpay.bgai.config.WebClientBeanExclusionConfig, org.springframework.boot.autoconfigure.security.oauth2.client.servlet.OAuth2ClientAutoConfiguration, com.bgpay.bgai.config.WebClientTestConfig, com.bgpay.bgai.config.RocketMQMockConfig, com.bgpay.bgai.config.UnifiedEnvironmentConfig, org.springframework.boot.test.autoconfigure.web.servlet.MockMvcWebDriverAutoConfiguration, com.bgpay.bgai.config.WebClientTestOverrideConfig, com.bgpay.bgai.config.ElasticsearchMockConfig, com.bgpay.bgai.config.WebClientBuilderUnifier, org.springframework.boot.autoconfigure.jsonb.JsonbAutoConfiguration, com.bgpay.bgai.config.MockMvcTestConfig, com.bgpay.bgai.config.ChatWebFilterMockConfig, com.bgpay.bgai.config.WebMvcAutoConfigurationDisabler, org.springframework.boot.autoconfigure.security.servlet.UserDetailsServiceAutoConfiguration, org.springframework.boot.autoconfigure.security.oauth2.resource.servlet.OAuth2ResourceServerAutoConfiguration, org.springframework.boot.autoconfigure.groovy.template.GroovyTemplateAutoConfiguration, com.bgpay.bgai.config.DeepSeekWebClientMockConfig, org.springframework.boot.autoconfigure.mustache.MustacheAutoConfiguration, com.bgpay.bgai.config.ExcludeMainWebClientConfig, com.bgpay.bgai.config.DataSourceAutoConfigurationDisabler, com.bgpay.bgai.config.ReactiveWebMockConfig, org.springframework.boot.autoconfigure.cache.CacheAutoConfiguration, org.springframework.boot.autoconfigure.web.servlet.HttpEncodingAutoConfiguration, com.bgpay.bgai.config.EnhancedChatControllerMockConfig, org.springframework.boot.autoconfigure.data.web.SpringDataWebAutoConfiguration, org.springframework.boot.autoconfigure.jackson.JacksonAutoConfiguration, org.springframework.boot.test.autoconfigure.web.reactive.WebTestClientAutoConfiguration, org.springframework.boot.autoconfigure.web.servlet.error.ErrorMvcAutoConfiguration, org.springframework.boot.autoconfigure.security.servlet.SecurityFilterAutoConfiguration, org.springframework.boot.autoconfigure.http.HttpMessageConvertersAutoConfiguration, com.bgpay.bgai.config.ChatRecordRepositoryMockConfig, com.bgpay.bgai.config.WebClientAutoConfigurationExcluder, com.bgpay.bgai.config.WebClientConfigMock, org.springframework.boot.test.autoconfigure.web.servlet.MockMvcSecurityConfiguration, com.bgpay.bgai.config.CacheWarmerMockConfig, org.springframework.boot.test.autoconfigure.web.servlet.MockMvcWebClientAutoConfiguration, org.springframework.boot.autoconfigure.thymeleaf.ThymeleafAutoConfiguration, com.bgpay.bgai.config.TestPropertySourceConfig, org.springframework.boot.autoconfigure.gson.GsonAutoConfiguration, org.springframework.boot.autoconfigure.freemarker.FreeMarkerAutoConfiguration, org.springframework.boot.autoconfigure.web.servlet.WebMvcAutoConfiguration, com.bgpay.bgai.config.WebClientConfigOverrideConfig, com.bgpay.bgai.config.FeignAutoConfigurationDisabler]], org.springframework.boot.test.context.filter.ExcludeFilterContextCustomizer@46866946, org.springframework.boot.test.json.DuplicateJsonObjectContextCustomizerFactory$DuplicateJsonObjectContextCustomizer@369c9bb, org.springframework.boot.test.mock.mockito.MockitoContextCustomizer@fc358044, org.springframework.boot.test.autoconfigure.OverrideAutoConfigurationContextCustomizerFactory$DisableAutoConfigurationContextCustomizer@2125ad3, org.springframework.boot.test.autoconfigure.actuate.observability.ObservabilityContextCustomizerFactory$DisableObservabilityContextCustomizer@1f, org.springframework.boot.test.autoconfigure.filter.TypeExcludeFiltersContextCustomizer@c192a2e7, org.springframework.boot.test.autoconfigure.properties.PropertyMappingContextCustomizer@4a766cc8, org.springframework.boot.test.autoconfigure.web.servlet.WebDriverContextCustomizer@2dddc1b9, org.springframework.boot.test.context.SpringBootTestAnnotation@c0568e9a], resourceBasePath = "src/main/webapp", contextLoader = org.springframework.boot.test.context.SpringBootContextLoader, parent = null]
	at org.springframework.test.context.cache.DefaultCacheAwareContextLoaderDelegate.loadContext(DefaultCacheAwareContextLoaderDelegate.java:180)
	at org.springframework.test.context.support.DefaultTestContext.getApplicationContext(DefaultTestContext.java:130)
	at org.springframework.boot.test.mock.mockito.MockitoTestExecutionListener.postProcessFields(MockitoTestExecutionListener.java:122)
	at org.springframework.boot.test.mock.mockito.MockitoTestExecutionListener.injectFields(MockitoTestExecutionListener.java:106)
	at org.springframework.boot.test.mock.mockito.MockitoTestExecutionListener.prepareTestInstance(MockitoTestExecutionListener.java:63)
	at org.springframework.test.context.TestContextManager.prepareTestInstance(TestContextManager.java:260)
	at org.springframework.test.context.testng.AbstractTestNGSpringContextTests.springTestContextPrepareTestInstance(AbstractTestNGSpringContextTests.java:119)
	at java.base/jdk.internal.reflect.DirectMethodHandleAccessor.invoke(DirectMethodHandleAccessor.java:103)
	at java.base/java.lang.reflect.Method.invoke(Method.java:580)
	at org.testng.internal.MethodInvocationHelper.invokeMethod(MethodInvocationHelper.java:134)
	at org.testng.internal.MethodInvocationHelper.invokeMethodConsideringTimeout(MethodInvocationHelper.java:63)
	at org.testng.internal.ConfigInvoker.invokeConfigurationMethod(ConfigInvoker.java:348)
	at org.testng.internal.ConfigInvoker.invokeConfigurations(ConfigInvoker.java:302)
	at org.testng.internal.TestMethodWorker.invokeBeforeClassMethods(TestMethodWorker.java:176)
	at org.testng.internal.TestMethodWorker.run(TestMethodWorker.java:122)
	at java.base/java.util.ArrayList.forEach(ArrayList.java:1596)
	at org.testng.TestRunner.privateRun(TestRunner.java:766)
	at org.testng.TestRunner.run(TestRunner.java:587)
	at org.testng.SuiteRunner.runTest(SuiteRunner.java:384)
	at org.testng.SuiteRunner.runSequentially(SuiteRunner.java:378)
	at org.testng.SuiteRunner.privateRun(SuiteRunner.java:337)
	at org.testng.SuiteRunner.run(SuiteRunner.java:286)
	at org.testng.SuiteRunnerWorker.runSuite(SuiteRunnerWorker.java:53)
	at org.testng.SuiteRunnerWorker.run(SuiteRunnerWorker.java:96)
	at org.testng.TestNG.runSuitesSequentially(TestNG.java:1187)
	at org.testng.TestNG.runSuitesLocally(TestNG.java:1109)
	at org.testng.TestNG.runSuites(TestNG.java:1039)
	at org.testng.TestNG.run(TestNG.java:1007)
	at com.intellij.rt.testng.IDEARemoteTestNG.run(IDEARemoteTestNG.java:65)
	at com.intellij.rt.testng.RemoteTestNGStarter.main(RemoteTestNGStarter.java:105)
Caused by: org.springframework.beans.factory.UnsatisfiedDependencyException: Error creating bean with name 'usageStatisticsController' defined in file [E:\project\bgai\target\classes\com\bgpay\bgai\controller\UsageStatisticsController.class]: Unsatisfied dependency expressed through constructor parameter 0: Error creating bean with name 'usageRecordServiceImpl' defined in file [E:\project\bgai\target\classes\com\bgpay\bgai\service\impl\UsageRecordServiceImpl.class]: Unsatisfied dependency expressed through constructor parameter 2: Error creating bean with name 'priceCacheServiceImpl' defined in file [E:\project\bgai\target\classes\com\bgpay\bgai\service\impl\PriceCacheServiceImpl.class]: Unsatisfied dependency expressed through constructor parameter 4: Error creating bean with name 'redissonClient' defined in class path resource [com/bgpay/bgai/cache/RedissonConfig.class]: Failed to instantiate [org.redisson.api.RedissonClient]: Factory method 'redissonClient' threw exception with message: Redis url should start with redis:// or rediss:// (for SSL connection)
	at org.springframework.beans.factory.support.ConstructorResolver.createArgumentArray(ConstructorResolver.java:795)
	at org.springframework.beans.factory.support.ConstructorResolver.autowireConstructor(ConstructorResolver.java:237)
	at org.springframework.beans.factory.support.AbstractAutowireCapableBeanFactory.autowireConstructor(AbstractAutowireCapableBeanFactory.java:1355)
	at org.springframework.beans.factory.support.AbstractAutowireCapableBeanFactory.createBeanInstance(AbstractAutowireCapableBeanFactory.java:1192)
	at org.springframework.beans.factory.support.AbstractAutowireCapableBeanFactory.doCreateBean(AbstractAutowireCapableBeanFactory.java:562)
	at org.springframework.beans.factory.support.AbstractAutowireCapableBeanFactory.createBean(AbstractAutowireCapableBeanFactory.java:522)
	at org.springframework.beans.factory.support.AbstractBeanFactory.lambda$doGetBean$0(AbstractBeanFactory.java:326)
	at org.springframework.beans.factory.support.DefaultSingletonBeanRegistry.getSingleton(DefaultSingletonBeanRegistry.java:234)
	at org.springframework.beans.factory.support.AbstractBeanFactory.doGetBean(AbstractBeanFactory.java:324)
	at org.springframework.beans.factory.support.AbstractBeanFactory.getBean(AbstractBeanFactory.java:200)
	at org.springframework.beans.factory.support.DefaultListableBeanFactory.preInstantiateSingletons(DefaultListableBeanFactory.java:975)
	at org.springframework.context.support.AbstractApplicationContext.finishBeanFactoryInitialization(AbstractApplicationContext.java:962)
	at org.springframework.context.support.AbstractApplicationContext.refresh(AbstractApplicationContext.java:624)
	at org.springframework.boot.SpringApplication.refresh(SpringApplication.java:754)
	at org.springframework.boot.SpringApplication.refreshContext(SpringApplication.java:456)
	at org.springframework.boot.SpringApplication.run(SpringApplication.java:334)
	at org.springframework.boot.test.context.SpringBootContextLoader.lambda$loadContext$3(SpringBootContextLoader.java:137)
	at org.springframework.util.function.ThrowingSupplier.get(ThrowingSupplier.java:58)
	at org.springframework.util.function.ThrowingSupplier.get(ThrowingSupplier.java:46)
	at org.springframework.boot.SpringApplication.withHook(SpringApplication.java:1454)
	at org.springframework.boot.test.context.SpringBootContextLoader$ContextLoaderHook.run(SpringBootContextLoader.java:553)
	at org.springframework.boot.test.context.SpringBootContextLoader.loadContext(SpringBootContextLoader.java:137)
	at org.springframework.boot.test.context.SpringBootContextLoader.loadContext(SpringBootContextLoader.java:108)
	at org.springframework.test.context.cache.DefaultCacheAwareContextLoaderDelegate.loadContextInternal(DefaultCacheAwareContextLoaderDelegate.java:225)
	at org.springframework.test.context.cache.DefaultCacheAwareContextLoaderDelegate.loadContext(DefaultCacheAwareContextLoaderDelegate.java:152)
	... 29 common frames omitted
Caused by: org.springframework.beans.factory.UnsatisfiedDependencyException: Error creating bean with name 'usageRecordServiceImpl' defined in file [E:\project\bgai\target\classes\com\bgpay\bgai\service\impl\UsageRecordServiceImpl.class]: Unsatisfied dependency expressed through constructor parameter 2: Error creating bean with name 'priceCacheServiceImpl' defined in file [E:\project\bgai\target\classes\com\bgpay\bgai\service\impl\PriceCacheServiceImpl.class]: Unsatisfied dependency expressed through constructor parameter 4: Error creating bean with name 'redissonClient' defined in class path resource [com/bgpay/bgai/cache/RedissonConfig.class]: Failed to instantiate [org.redisson.api.RedissonClient]: Factory method 'redissonClient' threw exception with message: Redis url should start with redis:// or rediss:// (for SSL connection)
	at org.springframework.beans.factory.support.ConstructorResolver.createArgumentArray(ConstructorResolver.java:795)
	at org.springframework.beans.factory.support.ConstructorResolver.autowireConstructor(ConstructorResolver.java:237)
	at org.springframework.beans.factory.support.AbstractAutowireCapableBeanFactory.autowireConstructor(AbstractAutowireCapableBeanFactory.java:1355)
	at org.springframework.beans.factory.support.AbstractAutowireCapableBeanFactory.createBeanInstance(AbstractAutowireCapableBeanFactory.java:1192)
	at org.springframework.beans.factory.support.AbstractAutowireCapableBeanFactory.doCreateBean(AbstractAutowireCapableBeanFactory.java:562)
	at org.springframework.beans.factory.support.AbstractAutowireCapableBeanFactory.createBean(AbstractAutowireCapableBeanFactory.java:522)
	at org.springframework.beans.factory.support.AbstractBeanFactory.lambda$doGetBean$0(AbstractBeanFactory.java:326)
	at org.springframework.beans.factory.support.DefaultSingletonBeanRegistry.getSingleton(DefaultSingletonBeanRegistry.java:234)
	at org.springframework.beans.factory.support.AbstractBeanFactory.doGetBean(AbstractBeanFactory.java:324)
	at org.springframework.beans.factory.support.AbstractBeanFactory.getBean(AbstractBeanFactory.java:200)
	at org.springframework.beans.factory.config.DependencyDescriptor.resolveCandidate(DependencyDescriptor.java:254)
	at org.springframework.beans.factory.support.DefaultListableBeanFactory.doResolveDependency(DefaultListableBeanFactory.java:1443)
	at org.springframework.beans.factory.support.DefaultListableBeanFactory.resolveDependency(DefaultListableBeanFactory.java:1353)
	at org.springframework.beans.factory.support.ConstructorResolver.resolveAutowiredArgument(ConstructorResolver.java:904)
	at org.springframework.beans.factory.support.ConstructorResolver.createArgumentArray(ConstructorResolver.java:782)
	... 53 common frames omitted
Caused by: org.springframework.beans.factory.UnsatisfiedDependencyException: Error creating bean with name 'priceCacheServiceImpl' defined in file [E:\project\bgai\target\classes\com\bgpay\bgai\service\impl\PriceCacheServiceImpl.class]: Unsatisfied dependency expressed through constructor parameter 4: Error creating bean with name 'redissonClient' defined in class path resource [com/bgpay/bgai/cache/RedissonConfig.class]: Failed to instantiate [org.redisson.api.RedissonClient]: Factory method 'redissonClient' threw exception with message: Redis url should start with redis:// or rediss:// (for SSL connection)
	at org.springframework.beans.factory.support.ConstructorResolver.createArgumentArray(ConstructorResolver.java:795)
	at org.springframework.beans.factory.support.ConstructorResolver.autowireConstructor(ConstructorResolver.java:237)
	at org.springframework.beans.factory.support.AbstractAutowireCapableBeanFactory.autowireConstructor(AbstractAutowireCapableBeanFactory.java:1355)
	at org.springframework.beans.factory.support.AbstractAutowireCapableBeanFactory.createBeanInstance(AbstractAutowireCapableBeanFactory.java:1192)
	at org.springframework.beans.factory.support.AbstractAutowireCapableBeanFactory.doCreateBean(AbstractAutowireCapableBeanFactory.java:562)
	at org.springframework.beans.factory.support.AbstractAutowireCapableBeanFactory.createBean(AbstractAutowireCapableBeanFactory.java:522)
	at org.springframework.beans.factory.support.AbstractBeanFactory.lambda$doGetBean$0(AbstractBeanFactory.java:326)
	at org.springframework.beans.factory.support.DefaultSingletonBeanRegistry.getSingleton(DefaultSingletonBeanRegistry.java:234)
	at org.springframework.beans.factory.support.AbstractBeanFactory.doGetBean(AbstractBeanFactory.java:324)
	at org.springframework.beans.factory.support.AbstractBeanFactory.getBean(AbstractBeanFactory.java:200)
	at org.springframework.beans.factory.config.DependencyDescriptor.resolveCandidate(DependencyDescriptor.java:254)
	at org.springframework.beans.factory.support.DefaultListableBeanFactory.doResolveDependency(DefaultListableBeanFactory.java:1443)
	at org.springframework.beans.factory.support.DefaultListableBeanFactory.resolveDependency(DefaultListableBeanFactory.java:1353)
	at org.springframework.beans.factory.support.ConstructorResolver.resolveAutowiredArgument(ConstructorResolver.java:904)
	at org.springframework.beans.factory.support.ConstructorResolver.createArgumentArray(ConstructorResolver.java:782)
	... 67 common frames omitted
Caused by: org.springframework.beans.factory.BeanCreationException: Error creating bean with name 'redissonClient' defined in class path resource [com/bgpay/bgai/cache/RedissonConfig.class]: Failed to instantiate [org.redisson.api.RedissonClient]: Factory method 'redissonClient' threw exception with message: Redis url should start with redis:// or rediss:// (for SSL connection)
	at org.springframework.beans.factory.support.ConstructorResolver.instantiate(ConstructorResolver.java:648)
	at org.springframework.beans.factory.support.ConstructorResolver.instantiateUsingFactoryMethod(ConstructorResolver.java:485)
	at org.springframework.beans.factory.support.AbstractAutowireCapableBeanFactory.instantiateUsingFactoryMethod(AbstractAutowireCapableBeanFactory.java:1335)
	at org.springframework.beans.factory.support.AbstractAutowireCapableBeanFactory.createBeanInstance(AbstractAutowireCapableBeanFactory.java:1165)
	at org.springframework.beans.factory.support.AbstractAutowireCapableBeanFactory.doCreateBean(AbstractAutowireCapableBeanFactory.java:562)
	at org.springframework.beans.factory.support.AbstractAutowireCapableBeanFactory.createBean(AbstractAutowireCapableBeanFactory.java:522)
	at org.springframework.beans.factory.support.AbstractBeanFactory.lambda$doGetBean$0(AbstractBeanFactory.java:326)
	at org.springframework.beans.factory.support.DefaultSingletonBeanRegistry.getSingleton(DefaultSingletonBeanRegistry.java:234)
	at org.springframework.beans.factory.support.AbstractBeanFactory.doGetBean(AbstractBeanFactory.java:324)
	at org.springframework.beans.factory.support.AbstractBeanFactory.getBean(AbstractBeanFactory.java:200)
	at org.springframework.beans.factory.config.DependencyDescriptor.resolveCandidate(DependencyDescriptor.java:254)
	at org.springframework.beans.factory.support.DefaultListableBeanFactory.doResolveDependency(DefaultListableBeanFactory.java:1443)
	at org.springframework.beans.factory.support.DefaultListableBeanFactory.resolveDependency(DefaultListableBeanFactory.java:1353)
	at org.springframework.beans.factory.support.ConstructorResolver.resolveAutowiredArgument(ConstructorResolver.java:904)
	at org.springframework.beans.factory.support.ConstructorResolver.createArgumentArray(ConstructorResolver.java:782)
	... 81 common frames omitted
Caused by: org.springframework.beans.BeanInstantiationException: Failed to instantiate [org.redisson.api.RedissonClient]: Factory method 'redissonClient' threw exception with message: Redis url should start with redis:// or rediss:// (for SSL connection)
	at org.springframework.beans.factory.support.SimpleInstantiationStrategy.instantiate(SimpleInstantiationStrategy.java:177)
	at org.springframework.beans.factory.support.ConstructorResolver.instantiate(ConstructorResolver.java:644)
	... 95 common frames omitted
Caused by: java.lang.IllegalArgumentException: Redis url should start with redis:// or rediss:// (for SSL connection)
	at org.redisson.misc.RedisURI.<init>(RedisURI.java:46)
	at org.redisson.connection.MasterSlaveConnectionManager.doConnect(MasterSlaveConnectionManager.java:217)
	at org.redisson.connection.MasterSlaveConnectionManager.connect(MasterSlaveConnectionManager.java:193)
	at org.redisson.config.ConfigSupport.createConnectionManager(ConfigSupport.java:221)
	at org.redisson.Redisson.<init>(Redisson.java:69)
	at org.redisson.Redisson.create(Redisson.java:114)
	at com.bgpay.bgai.cache.RedissonConfig.redissonClient(RedissonConfig.java:45)
	at com.bgpay.bgai.cache.RedissonConfig$$SpringCGLIB$$0.CGLIB$redissonClient$0(<generated>)
	at com.bgpay.bgai.cache.RedissonConfig$$SpringCGLIB$$FastClass$$1.invoke(<generated>)
	at org.springframework.cglib.proxy.MethodProxy.invokeSuper(MethodProxy.java:258)
	at org.springframework.context.annotation.ConfigurationClassEnhancer$BeanMethodInterceptor.intercept(ConfigurationClassEnhancer.java:331)
	at com.bgpay.bgai.cache.RedissonConfig$$SpringCGLIB$$0.redissonClient(<generated>)
	at java.base/jdk.internal.reflect.DirectMethodHandleAccessor.invoke(DirectMethodHandleAccessor.java:103)
	at java.base/java.lang.reflect.Method.invoke(Method.java:580)
	at org.springframework.beans.factory.support.SimpleInstantiationStrategy.instantiate(SimpleInstantiationStrategy.java:140)
	... 96 common frames omitted
2025-07-08 12:17:36.149 [main] [traceId:] [userId:] INFO  com.bgpay.bgai.base.YamlDataProvider - 从YAML文件加载测试数据: src/test/resources/test-data/YamlDataDrivenApiTest/testLogin.yml
2025-07-08 12:17:36.150 [main] [traceId:] [userId:] WARN  com.bgpay.bgai.base.YamlDataProvider - YAML文件不存在: src/test/resources/test-data/YamlDataDrivenApiTest/testLogin.yml
2025-07-08 12:17:36.163 [main] [traceId:] [userId:] DEBUG o.s.t.c.s.DirtiesContextTestExecutionListener - After test class: class [YamlDataDrivenApiTest], class annotated with @DirtiesContext [false] with mode [null]
2025-07-08 12:17:36.191 [Thread-9] [traceId:] [userId:] WARN  com.alibaba.nacos.common.notify.NotifyCenter - [NotifyCenter] Start destroying Publisher
2025-07-08 12:17:36.191 [Thread-2] [traceId:] [userId:] WARN  c.alibaba.nacos.common.http.HttpClientBeanHolder - [HttpClientBeanHolder] Start destroying common HttpClient
2025-07-08 12:17:36.191 [Thread-9] [traceId:] [userId:] WARN  com.alibaba.nacos.common.notify.NotifyCenter - [NotifyCenter] Destruction of the end
2025-07-08 12:17:36.192 [Thread-2] [traceId:] [userId:] WARN  c.alibaba.nacos.common.http.HttpClientBeanHolder - [HttpClientBeanHolder] Destruction of the end
2025-07-08 19:36:42.038 [main] [traceId:] [userId:] WARN  com.alibaba.nacos.client.logging.NacosLogging - Load Logback Configuration of Nacos fail, message: Could not initialize Logback Nacos logging from classpath:nacos-logback.xml
2025-07-08 19:36:42.108 [main] [traceId:] [userId:] WARN  com.alibaba.nacos.client.logging.NacosLogging - Load Logback Configuration of Nacos fail, message: Could not initialize Logback Nacos logging from classpath:nacos-logback.xml
2025-07-08 19:36:42.341 [main] [traceId:] [userId:] WARN  com.alibaba.nacos.client.logging.NacosLogging - Load Logback Configuration of Nacos fail, message: Could not initialize Logback Nacos logging from classpath:nacos-logback.xml
2025-07-08 19:36:42.343 [main] [traceId:] [userId:] INFO  com.alibaba.nacos.client.utils.ParamUtil - [settings] [req-serv] nacos-server port:8848
2025-07-08 19:36:42.344 [main] [traceId:] [userId:] INFO  com.alibaba.nacos.client.utils.ParamUtil - [settings] [http-client] connect timeout:1000
2025-07-08 19:36:42.345 [main] [traceId:] [userId:] INFO  com.alibaba.nacos.client.utils.ParamUtil - PER_TASK_CONFIG_SIZE: 3000.0
2025-07-08 19:36:42.399 [main] [traceId:] [userId:] INFO  c.a.n.p.auth.spi.client.ClientAuthPluginManager - [ClientAuthPluginManager] Load ClientAuthService com.alibaba.nacos.client.auth.impl.NacosClientAuthServiceImpl success.
2025-07-08 19:36:42.400 [main] [traceId:] [userId:] INFO  c.a.n.p.auth.spi.client.ClientAuthPluginManager - [ClientAuthPluginManager] Load ClientAuthService com.alibaba.nacos.client.auth.ram.RamClientAuthServiceImpl success.
2025-07-08 19:36:42.405 [main] [traceId:] [userId:] INFO  c.a.n.client.auth.ram.identify.CredentialWatcher - null No credential found
2025-07-08 19:36:42.622 [main] [traceId:] [userId:] WARN  com.alibaba.nacos.client.logging.NacosLogging - Load Logback Configuration of Nacos fail, message: Could not initialize Logback Nacos logging from classpath:nacos-logback.xml
2025-07-08 19:36:43.582 [main] [traceId:] [userId:] WARN  c.a.cloud.nacos.client.NacosPropertySourceBuilder - Ignore the empty nacos configuration and get it based on dataId[common-dev.yaml] & group[DEFAULT_GROUP]
2025-07-08 19:36:43.602 [main] [traceId:] [userId:] WARN  c.a.cloud.nacos.client.NacosPropertySourceBuilder - Ignore the empty nacos configuration and get it based on dataId[bgtech-ai] & group[DEFAULT_GROUP]
2025-07-08 19:36:43.616 [main] [traceId:] [userId:] WARN  c.a.cloud.nacos.client.NacosPropertySourceBuilder - Ignore the empty nacos configuration and get it based on dataId[bgtech-ai.yaml] & group[DEFAULT_GROUP]
2025-07-08 19:36:43.628 [main] [traceId:] [userId:] WARN  c.a.cloud.nacos.client.NacosPropertySourceBuilder - Ignore the empty nacos configuration and get it based on dataId[bgtech-ai-test.yaml] & group[DEFAULT_GROUP]
2025-07-08 19:36:43.629 [main] [traceId:] [userId:] INFO  o.s.c.b.c.PropertySourceBootstrapConfiguration - Located property source: [BootstrapPropertySource {name='bootstrapProperties-bgtech-ai-test.yaml,DEFAULT_GROUP'}, BootstrapPropertySource {name='bootstrapProperties-bgtech-ai.yaml,DEFAULT_GROUP'}, BootstrapPropertySource {name='bootstrapProperties-bgtech-ai,DEFAULT_GROUP'}, BootstrapPropertySource {name='bootstrapProperties-common-dev.yaml,DEFAULT_GROUP'}]
2025-07-08 19:36:43.674 [main] [traceId:] [userId:] WARN  o.s.b.t.j.DuplicateJsonObjectContextCustomizerFactory$DuplicateJsonObjectContextCustomizer - 

Found multiple occurrences of org.json.JSONObject on the class path:

	jar:file:/C:/Users/Administrator/.m2/repository/com/vaadin/external/google/android-json/0.0.20131108.vaadin1/android-json-0.0.20131108.vaadin1.jar!/org/json/JSONObject.class
	jar:file:/C:/Users/Administrator/.m2/repository/org/json/json/20220320/json-20220320.jar!/org/json/JSONObject.class

You may wish to exclude one of them to ensure predictable runtime behavior

2025-07-08 19:36:43.679 [main] [traceId:] [userId:] WARN  com.alibaba.nacos.client.logging.NacosLogging - Load Logback Configuration of Nacos fail, message: Could not initialize Logback Nacos logging from classpath:nacos-logback.xml
2025-07-08 19:36:43.681 [main] [traceId:] [userId:] INFO  com.bgpay.bgai.controller.YamlDataDrivenApiTest - The following 2 profiles are active: "dev", "test"
2025-07-08 19:36:45.715 [main] [traceId:] [userId:] WARN  org.mybatis.spring.mapper.ClassPathMapperScanner - Skipping MapperFactoryBean with name 'fileTypeMapper' and 'com.bgpay.bgai.mapper.FileTypeMapper' mapperInterface. Bean already defined with the same name!
2025-07-08 19:36:45.715 [main] [traceId:] [userId:] WARN  org.mybatis.spring.mapper.ClassPathMapperScanner - Skipping MapperFactoryBean with name 'usageRecordMapper' and 'com.bgpay.bgai.mapper.UsageRecordMapper' mapperInterface. Bean already defined with the same name!
2025-07-08 19:36:48.866 [main] [traceId:] [userId:] INFO  com.bgpay.bgai.config.SeataDisableConfiguration - SeataDisableConfiguration已加载，Seata在测试环境中被禁用
2025-07-08 19:36:48.867 [main] [traceId:] [userId:] INFO  com.bgpay.bgai.config.SeataDisableConfiguration - 设置系统属性: seata.enabled=false, saga.enabled=false
2025-07-08 19:36:48.997 [main] [traceId:] [userId:] INFO  c.bgpay.bgai.config.NacosRouteDefinitionRepository - 初始化Nacos路由定义存储库
2025-07-08 19:36:49.156 [main] [traceId:] [userId:] WARN  c.bgpay.bgai.config.NacosRouteDefinitionRepository - Nacos中未找到路由定义配置
2025-07-08 19:36:49.178 [main] [traceId:] [userId:] INFO  c.bgpay.bgai.service.impl.DynamicRouteServiceImpl - 初始化动态路由服务
2025-07-08 19:36:49.362 [main] [traceId:] [userId:] WARN  c.bgpay.bgai.service.impl.DynamicRouteServiceImpl - Nacos中没有找到路由配置，使用默认配置
2025-07-08 19:36:49.363 [main] [traceId:] [userId:] INFO  c.bgpay.bgai.service.impl.DynamicRouteServiceImpl - 注册Nacos配置监听器成功
2025-07-08 19:36:49.370 [main] [traceId:] [userId:] INFO  com.bgpay.bgai.config.NacosRouteConfigListener - 初始化Nacos路由配置监听器
2025-07-08 19:36:49.558 [main] [traceId:] [userId:] WARN  com.bgpay.bgai.config.NacosRouteConfigListener - Nacos中未找到路由配置数据
2025-07-08 19:36:50.018 [main] [traceId:] [userId:] INFO  com.bgpay.bgai.controller.FeignDemoController - FeignDemoController initialized with UserServiceClient and LocalUserServiceClient
2025-07-08 19:36:51.391 [main] [traceId:] [userId:] INFO  io.seata.config.ConfigurationFactory - load Configuration from :Spring Configuration
2025-07-08 19:36:51.402 [main] [traceId:] [userId:] INFO  io.seata.config.ConfigurationFactory - load Configuration from :Spring Configuration
2025-07-08 19:36:51.409 [main] [traceId:] [userId:] INFO  io.seata.rm.datasource.AsyncWorker - Async Commit Buffer Limit: 10000
2025-07-08 19:36:51.410 [main] [traceId:] [userId:] INFO  io.seata.rm.datasource.xa.ResourceManagerXA - ResourceManagerXA init ...
2025-07-08 19:36:52.137 [main] [traceId:] [userId:] INFO  com.bgpay.bgai.seata.SagaStateMachineConfig - 加载到2个Saga状态机定义文件
2025-07-08 19:36:52.309 [main] [traceId:] [userId:] INFO  com.bgpay.bgai.saga.CustomSagaJsonParser - 开始解析状态机定义: bgai-saga-transaction
2025-07-08 19:36:52.309 [main] [traceId:] [userId:] INFO  com.bgpay.bgai.saga.CustomSagaJsonParser - 状态机 [bgai-saga-transaction] 原始版本: 0.0.5, 动态生成的新版本: 250708.193652.1d0c
2025-07-08 19:36:52.309 [main] [traceId:] [userId:] INFO  com.bgpay.bgai.saga.CustomSagaJsonParser - 状态机定义解析成功: bgai-saga-transaction, 已更新版本号: 250708.193652.1d0c
2025-07-08 19:36:52.310 [main] [traceId:] [userId:] INFO  com.bgpay.bgai.seata.SagaStateMachineConfig - 成功加载状态机定义: /E:/project/bgai/target/classes/statelang/bgai-saga-transaction.json
2025-07-08 19:36:52.314 [main] [traceId:] [userId:] INFO  com.bgpay.bgai.saga.CustomSagaJsonParser - 开始解析状态机定义: ChatCompletionSaga
2025-07-08 19:36:52.314 [main] [traceId:] [userId:] INFO  com.bgpay.bgai.saga.CustomSagaJsonParser - 状态机 [ChatCompletionSaga] 原始版本: 0.0.5, 动态生成的新版本: 250708.193652.b1c1
2025-07-08 19:36:52.314 [main] [traceId:] [userId:] INFO  com.bgpay.bgai.saga.CustomSagaJsonParser - 状态机定义解析成功: ChatCompletionSaga, 已更新版本号: 250708.193652.b1c1
2025-07-08 19:36:52.314 [main] [traceId:] [userId:] INFO  com.bgpay.bgai.seata.SagaStateMachineConfig - 成功加载状态机定义: /E:/project/bgai/target/classes/statelang/chat_completion_saga.json
2025-07-08 19:36:52.315 [main] [traceId:] [userId:] INFO  com.bgpay.bgai.seata.SagaStateMachineConfig - 已设置saga.state-machine.auto-register=false，防止状态机重复注册
2025-07-08 19:36:52.511 [main] [traceId:] [userId:] INFO  com.bgpay.bgai.config.RestTemplateConfig - Creating RestTemplate bean using SimpleClientHttpRequestFactory
2025-07-08 19:36:57.900 [main] [traceId:] [userId:] WARN  o.s.w.context.support.GenericWebApplicationContext - Exception encountered during context initialization - cancelling refresh attempt: org.springframework.beans.factory.UnsatisfiedDependencyException: Error creating bean with name 'usageStatisticsController' defined in file [E:\project\bgai\target\classes\com\bgpay\bgai\controller\UsageStatisticsController.class]: Unsatisfied dependency expressed through constructor parameter 0: Error creating bean with name 'usageRecordServiceImpl' defined in file [E:\project\bgai\target\classes\com\bgpay\bgai\service\impl\UsageRecordServiceImpl.class]: Unsatisfied dependency expressed through constructor parameter 2: Error creating bean with name 'priceCacheServiceImpl' defined in file [E:\project\bgai\target\classes\com\bgpay\bgai\service\impl\PriceCacheServiceImpl.class]: Unsatisfied dependency expressed through constructor parameter 4: Error creating bean with name 'redissonClient' defined in class path resource [com/bgpay/bgai/cache/RedissonConfig.class]: Failed to instantiate [org.redisson.api.RedissonClient]: Factory method 'redissonClient' threw exception with message: Redis url should start with redis:// or rediss:// (for SSL connection)
2025-07-08 19:36:57.912 [main] [traceId:] [userId:] INFO  c.bgpay.bgai.service.impl.DynamicRouteServiceImpl - 动态路由服务关闭，执行清理操作
2025-07-08 19:36:57.917 [main] [traceId:] [userId:] INFO  o.s.b.a.logging.ConditionEvaluationReportLogger - 

Error starting ApplicationContext. To display the condition evaluation report re-run your application with 'debug' enabled.
2025-07-08 19:36:57.940 [main] [traceId:] [userId:] ERROR org.springframework.boot.SpringApplication - Application run failed
org.springframework.beans.factory.UnsatisfiedDependencyException: Error creating bean with name 'usageStatisticsController' defined in file [E:\project\bgai\target\classes\com\bgpay\bgai\controller\UsageStatisticsController.class]: Unsatisfied dependency expressed through constructor parameter 0: Error creating bean with name 'usageRecordServiceImpl' defined in file [E:\project\bgai\target\classes\com\bgpay\bgai\service\impl\UsageRecordServiceImpl.class]: Unsatisfied dependency expressed through constructor parameter 2: Error creating bean with name 'priceCacheServiceImpl' defined in file [E:\project\bgai\target\classes\com\bgpay\bgai\service\impl\PriceCacheServiceImpl.class]: Unsatisfied dependency expressed through constructor parameter 4: Error creating bean with name 'redissonClient' defined in class path resource [com/bgpay/bgai/cache/RedissonConfig.class]: Failed to instantiate [org.redisson.api.RedissonClient]: Factory method 'redissonClient' threw exception with message: Redis url should start with redis:// or rediss:// (for SSL connection)
	at org.springframework.beans.factory.support.ConstructorResolver.createArgumentArray(ConstructorResolver.java:795)
	at org.springframework.beans.factory.support.ConstructorResolver.autowireConstructor(ConstructorResolver.java:237)
	at org.springframework.beans.factory.support.AbstractAutowireCapableBeanFactory.autowireConstructor(AbstractAutowireCapableBeanFactory.java:1355)
	at org.springframework.beans.factory.support.AbstractAutowireCapableBeanFactory.createBeanInstance(AbstractAutowireCapableBeanFactory.java:1192)
	at org.springframework.beans.factory.support.AbstractAutowireCapableBeanFactory.doCreateBean(AbstractAutowireCapableBeanFactory.java:562)
	at org.springframework.beans.factory.support.AbstractAutowireCapableBeanFactory.createBean(AbstractAutowireCapableBeanFactory.java:522)
	at org.springframework.beans.factory.support.AbstractBeanFactory.lambda$doGetBean$0(AbstractBeanFactory.java:326)
	at org.springframework.beans.factory.support.DefaultSingletonBeanRegistry.getSingleton(DefaultSingletonBeanRegistry.java:234)
	at org.springframework.beans.factory.support.AbstractBeanFactory.doGetBean(AbstractBeanFactory.java:324)
	at org.springframework.beans.factory.support.AbstractBeanFactory.getBean(AbstractBeanFactory.java:200)
	at org.springframework.beans.factory.support.DefaultListableBeanFactory.preInstantiateSingletons(DefaultListableBeanFactory.java:975)
	at org.springframework.context.support.AbstractApplicationContext.finishBeanFactoryInitialization(AbstractApplicationContext.java:962)
	at org.springframework.context.support.AbstractApplicationContext.refresh(AbstractApplicationContext.java:624)
	at org.springframework.boot.SpringApplication.refresh(SpringApplication.java:754)
	at org.springframework.boot.SpringApplication.refreshContext(SpringApplication.java:456)
	at org.springframework.boot.SpringApplication.run(SpringApplication.java:334)
	at org.springframework.boot.test.context.SpringBootContextLoader.lambda$loadContext$3(SpringBootContextLoader.java:137)
	at org.springframework.util.function.ThrowingSupplier.get(ThrowingSupplier.java:58)
	at org.springframework.util.function.ThrowingSupplier.get(ThrowingSupplier.java:46)
	at org.springframework.boot.SpringApplication.withHook(SpringApplication.java:1454)
	at org.springframework.boot.test.context.SpringBootContextLoader$ContextLoaderHook.run(SpringBootContextLoader.java:553)
	at org.springframework.boot.test.context.SpringBootContextLoader.loadContext(SpringBootContextLoader.java:137)
	at org.springframework.boot.test.context.SpringBootContextLoader.loadContext(SpringBootContextLoader.java:108)
	at org.springframework.test.context.cache.DefaultCacheAwareContextLoaderDelegate.loadContextInternal(DefaultCacheAwareContextLoaderDelegate.java:225)
	at org.springframework.test.context.cache.DefaultCacheAwareContextLoaderDelegate.loadContext(DefaultCacheAwareContextLoaderDelegate.java:152)
	at org.springframework.test.context.support.DefaultTestContext.getApplicationContext(DefaultTestContext.java:130)
	at org.springframework.boot.test.mock.mockito.MockitoTestExecutionListener.postProcessFields(MockitoTestExecutionListener.java:122)
	at org.springframework.boot.test.mock.mockito.MockitoTestExecutionListener.injectFields(MockitoTestExecutionListener.java:106)
	at org.springframework.boot.test.mock.mockito.MockitoTestExecutionListener.prepareTestInstance(MockitoTestExecutionListener.java:63)
	at org.springframework.test.context.TestContextManager.prepareTestInstance(TestContextManager.java:260)
	at org.springframework.test.context.testng.AbstractTestNGSpringContextTests.springTestContextPrepareTestInstance(AbstractTestNGSpringContextTests.java:119)
	at java.base/jdk.internal.reflect.DirectMethodHandleAccessor.invoke(DirectMethodHandleAccessor.java:103)
	at java.base/java.lang.reflect.Method.invoke(Method.java:580)
	at org.testng.internal.MethodInvocationHelper.invokeMethod(MethodInvocationHelper.java:134)
	at org.testng.internal.MethodInvocationHelper.invokeMethodConsideringTimeout(MethodInvocationHelper.java:63)
	at org.testng.internal.ConfigInvoker.invokeConfigurationMethod(ConfigInvoker.java:348)
	at org.testng.internal.ConfigInvoker.invokeConfigurations(ConfigInvoker.java:302)
	at org.testng.internal.TestMethodWorker.invokeBeforeClassMethods(TestMethodWorker.java:176)
	at org.testng.internal.TestMethodWorker.run(TestMethodWorker.java:122)
	at java.base/java.util.ArrayList.forEach(ArrayList.java:1596)
	at org.testng.TestRunner.privateRun(TestRunner.java:766)
	at org.testng.TestRunner.run(TestRunner.java:587)
	at org.testng.SuiteRunner.runTest(SuiteRunner.java:384)
	at org.testng.SuiteRunner.runSequentially(SuiteRunner.java:378)
	at org.testng.SuiteRunner.privateRun(SuiteRunner.java:337)
	at org.testng.SuiteRunner.run(SuiteRunner.java:286)
	at org.testng.SuiteRunnerWorker.runSuite(SuiteRunnerWorker.java:53)
	at org.testng.SuiteRunnerWorker.run(SuiteRunnerWorker.java:96)
	at org.testng.TestNG.runSuitesSequentially(TestNG.java:1187)
	at org.testng.TestNG.runSuitesLocally(TestNG.java:1109)
	at org.testng.TestNG.runSuites(TestNG.java:1039)
	at org.testng.TestNG.run(TestNG.java:1007)
	at com.intellij.rt.testng.IDEARemoteTestNG.run(IDEARemoteTestNG.java:65)
	at com.intellij.rt.testng.RemoteTestNGStarter.main(RemoteTestNGStarter.java:105)
Caused by: org.springframework.beans.factory.UnsatisfiedDependencyException: Error creating bean with name 'usageRecordServiceImpl' defined in file [E:\project\bgai\target\classes\com\bgpay\bgai\service\impl\UsageRecordServiceImpl.class]: Unsatisfied dependency expressed through constructor parameter 2: Error creating bean with name 'priceCacheServiceImpl' defined in file [E:\project\bgai\target\classes\com\bgpay\bgai\service\impl\PriceCacheServiceImpl.class]: Unsatisfied dependency expressed through constructor parameter 4: Error creating bean with name 'redissonClient' defined in class path resource [com/bgpay/bgai/cache/RedissonConfig.class]: Failed to instantiate [org.redisson.api.RedissonClient]: Factory method 'redissonClient' threw exception with message: Redis url should start with redis:// or rediss:// (for SSL connection)
	at org.springframework.beans.factory.support.ConstructorResolver.createArgumentArray(ConstructorResolver.java:795)
	at org.springframework.beans.factory.support.ConstructorResolver.autowireConstructor(ConstructorResolver.java:237)
	at org.springframework.beans.factory.support.AbstractAutowireCapableBeanFactory.autowireConstructor(AbstractAutowireCapableBeanFactory.java:1355)
	at org.springframework.beans.factory.support.AbstractAutowireCapableBeanFactory.createBeanInstance(AbstractAutowireCapableBeanFactory.java:1192)
	at org.springframework.beans.factory.support.AbstractAutowireCapableBeanFactory.doCreateBean(AbstractAutowireCapableBeanFactory.java:562)
	at org.springframework.beans.factory.support.AbstractAutowireCapableBeanFactory.createBean(AbstractAutowireCapableBeanFactory.java:522)
	at org.springframework.beans.factory.support.AbstractBeanFactory.lambda$doGetBean$0(AbstractBeanFactory.java:326)
	at org.springframework.beans.factory.support.DefaultSingletonBeanRegistry.getSingleton(DefaultSingletonBeanRegistry.java:234)
	at org.springframework.beans.factory.support.AbstractBeanFactory.doGetBean(AbstractBeanFactory.java:324)
	at org.springframework.beans.factory.support.AbstractBeanFactory.getBean(AbstractBeanFactory.java:200)
	at org.springframework.beans.factory.config.DependencyDescriptor.resolveCandidate(DependencyDescriptor.java:254)
	at org.springframework.beans.factory.support.DefaultListableBeanFactory.doResolveDependency(DefaultListableBeanFactory.java:1443)
	at org.springframework.beans.factory.support.DefaultListableBeanFactory.resolveDependency(DefaultListableBeanFactory.java:1353)
	at org.springframework.beans.factory.support.ConstructorResolver.resolveAutowiredArgument(ConstructorResolver.java:904)
	at org.springframework.beans.factory.support.ConstructorResolver.createArgumentArray(ConstructorResolver.java:782)
	... 53 common frames omitted
Caused by: org.springframework.beans.factory.UnsatisfiedDependencyException: Error creating bean with name 'priceCacheServiceImpl' defined in file [E:\project\bgai\target\classes\com\bgpay\bgai\service\impl\PriceCacheServiceImpl.class]: Unsatisfied dependency expressed through constructor parameter 4: Error creating bean with name 'redissonClient' defined in class path resource [com/bgpay/bgai/cache/RedissonConfig.class]: Failed to instantiate [org.redisson.api.RedissonClient]: Factory method 'redissonClient' threw exception with message: Redis url should start with redis:// or rediss:// (for SSL connection)
	at org.springframework.beans.factory.support.ConstructorResolver.createArgumentArray(ConstructorResolver.java:795)
	at org.springframework.beans.factory.support.ConstructorResolver.autowireConstructor(ConstructorResolver.java:237)
	at org.springframework.beans.factory.support.AbstractAutowireCapableBeanFactory.autowireConstructor(AbstractAutowireCapableBeanFactory.java:1355)
	at org.springframework.beans.factory.support.AbstractAutowireCapableBeanFactory.createBeanInstance(AbstractAutowireCapableBeanFactory.java:1192)
	at org.springframework.beans.factory.support.AbstractAutowireCapableBeanFactory.doCreateBean(AbstractAutowireCapableBeanFactory.java:562)
	at org.springframework.beans.factory.support.AbstractAutowireCapableBeanFactory.createBean(AbstractAutowireCapableBeanFactory.java:522)
	at org.springframework.beans.factory.support.AbstractBeanFactory.lambda$doGetBean$0(AbstractBeanFactory.java:326)
	at org.springframework.beans.factory.support.DefaultSingletonBeanRegistry.getSingleton(DefaultSingletonBeanRegistry.java:234)
	at org.springframework.beans.factory.support.AbstractBeanFactory.doGetBean(AbstractBeanFactory.java:324)
	at org.springframework.beans.factory.support.AbstractBeanFactory.getBean(AbstractBeanFactory.java:200)
	at org.springframework.beans.factory.config.DependencyDescriptor.resolveCandidate(DependencyDescriptor.java:254)
	at org.springframework.beans.factory.support.DefaultListableBeanFactory.doResolveDependency(DefaultListableBeanFactory.java:1443)
	at org.springframework.beans.factory.support.DefaultListableBeanFactory.resolveDependency(DefaultListableBeanFactory.java:1353)
	at org.springframework.beans.factory.support.ConstructorResolver.resolveAutowiredArgument(ConstructorResolver.java:904)
	at org.springframework.beans.factory.support.ConstructorResolver.createArgumentArray(ConstructorResolver.java:782)
	... 67 common frames omitted
Caused by: org.springframework.beans.factory.BeanCreationException: Error creating bean with name 'redissonClient' defined in class path resource [com/bgpay/bgai/cache/RedissonConfig.class]: Failed to instantiate [org.redisson.api.RedissonClient]: Factory method 'redissonClient' threw exception with message: Redis url should start with redis:// or rediss:// (for SSL connection)
	at org.springframework.beans.factory.support.ConstructorResolver.instantiate(ConstructorResolver.java:648)
	at org.springframework.beans.factory.support.ConstructorResolver.instantiateUsingFactoryMethod(ConstructorResolver.java:485)
	at org.springframework.beans.factory.support.AbstractAutowireCapableBeanFactory.instantiateUsingFactoryMethod(AbstractAutowireCapableBeanFactory.java:1335)
	at org.springframework.beans.factory.support.AbstractAutowireCapableBeanFactory.createBeanInstance(AbstractAutowireCapableBeanFactory.java:1165)
	at org.springframework.beans.factory.support.AbstractAutowireCapableBeanFactory.doCreateBean(AbstractAutowireCapableBeanFactory.java:562)
	at org.springframework.beans.factory.support.AbstractAutowireCapableBeanFactory.createBean(AbstractAutowireCapableBeanFactory.java:522)
	at org.springframework.beans.factory.support.AbstractBeanFactory.lambda$doGetBean$0(AbstractBeanFactory.java:326)
	at org.springframework.beans.factory.support.DefaultSingletonBeanRegistry.getSingleton(DefaultSingletonBeanRegistry.java:234)
	at org.springframework.beans.factory.support.AbstractBeanFactory.doGetBean(AbstractBeanFactory.java:324)
	at org.springframework.beans.factory.support.AbstractBeanFactory.getBean(AbstractBeanFactory.java:200)
	at org.springframework.beans.factory.config.DependencyDescriptor.resolveCandidate(DependencyDescriptor.java:254)
	at org.springframework.beans.factory.support.DefaultListableBeanFactory.doResolveDependency(DefaultListableBeanFactory.java:1443)
	at org.springframework.beans.factory.support.DefaultListableBeanFactory.resolveDependency(DefaultListableBeanFactory.java:1353)
	at org.springframework.beans.factory.support.ConstructorResolver.resolveAutowiredArgument(ConstructorResolver.java:904)
	at org.springframework.beans.factory.support.ConstructorResolver.createArgumentArray(ConstructorResolver.java:782)
	... 81 common frames omitted
Caused by: org.springframework.beans.BeanInstantiationException: Failed to instantiate [org.redisson.api.RedissonClient]: Factory method 'redissonClient' threw exception with message: Redis url should start with redis:// or rediss:// (for SSL connection)
	at org.springframework.beans.factory.support.SimpleInstantiationStrategy.instantiate(SimpleInstantiationStrategy.java:177)
	at org.springframework.beans.factory.support.ConstructorResolver.instantiate(ConstructorResolver.java:644)
	... 95 common frames omitted
Caused by: java.lang.IllegalArgumentException: Redis url should start with redis:// or rediss:// (for SSL connection)
	at org.redisson.misc.RedisURI.<init>(RedisURI.java:46)
	at org.redisson.connection.MasterSlaveConnectionManager.doConnect(MasterSlaveConnectionManager.java:217)
	at org.redisson.connection.MasterSlaveConnectionManager.connect(MasterSlaveConnectionManager.java:193)
	at org.redisson.config.ConfigSupport.createConnectionManager(ConfigSupport.java:221)
	at org.redisson.Redisson.<init>(Redisson.java:69)
	at org.redisson.Redisson.create(Redisson.java:114)
	at com.bgpay.bgai.cache.RedissonConfig.redissonClient(RedissonConfig.java:45)
	at com.bgpay.bgai.cache.RedissonConfig$$SpringCGLIB$$0.CGLIB$redissonClient$0(<generated>)
	at com.bgpay.bgai.cache.RedissonConfig$$SpringCGLIB$$FastClass$$1.invoke(<generated>)
	at org.springframework.cglib.proxy.MethodProxy.invokeSuper(MethodProxy.java:258)
	at org.springframework.context.annotation.ConfigurationClassEnhancer$BeanMethodInterceptor.intercept(ConfigurationClassEnhancer.java:331)
	at com.bgpay.bgai.cache.RedissonConfig$$SpringCGLIB$$0.redissonClient(<generated>)
	at java.base/jdk.internal.reflect.DirectMethodHandleAccessor.invoke(DirectMethodHandleAccessor.java:103)
	at java.base/java.lang.reflect.Method.invoke(Method.java:580)
	at org.springframework.beans.factory.support.SimpleInstantiationStrategy.instantiate(SimpleInstantiationStrategy.java:140)
	... 96 common frames omitted
2025-07-08 19:36:57.954 [main] [traceId:] [userId:] DEBUG org.springframework.test.context.cache - Spring test ApplicationContext cache statistics: [DefaultContextCache@59ad6503 size = 0, maxSize = 32, parentContextCount = 0, hitCount = 0, missCount = 1, failureCount = 1]
2025-07-08 19:36:57.954 [main] [traceId:] [userId:] WARN  o.springframework.test.context.TestContextManager - Caught exception while allowing TestExecutionListener [org.springframework.boot.test.mock.mockito.MockitoTestExecutionListener] to prepare test instance [com.bgpay.bgai.controller.YamlDataDrivenApiTest@2b289ac9]
java.lang.IllegalStateException: Failed to load ApplicationContext for [WebMergedContextConfiguration@40d96dd4 testClass = com.bgpay.bgai.controller.YamlDataDrivenApiTest, locations = [], classes = [com.bgpay.bgai.BgaiApplication], contextInitializerClasses = [], activeProfiles = ["test"], propertySourceDescriptors = [PropertySourceDescriptor[locations=[], ignoreResourceNotFound=false, name=null, propertySourceFactory=null, encoding=null]], propertySourceProperties = ["spring.main.allow-bean-definition-overriding=true", "seata.enabled=false", "saga.enabled=false", "seata.saga.state-machine.auto-register=false", "spring.cloud.loadbalancer.enabled=false", "spring.cloud.discovery.enabled=false", "spring.cloud.config.enabled=false", "spring.cloud.consul.enabled=false", "spring.cloud.gateway.enabled=false", "spring.cloud.circuitbreaker.enabled=false", "spring.main.web-application-type=servlet", "spring.validation.is-method-validation-bean-post-processor-enabled=false", "rocketmq.messageConsumer.enabled=false", "rocketmq.producer.enable=false", "rocketmq.name-server=8.133.246.113:9876", "rocketmq.producer.group=test-group", "spring.data.elasticsearch.repositories.enabled=false", "spring.elasticsearch.enabled=false", "spring.webflux.base-path=/api", "spring.autoconfigure.exclude=org.springframework.boot.autoconfigure.web.reactive.function.client.WebClientAutoConfiguration", "org.springframework.boot.test.autoconfigure.web.servlet.WebMvcTestContextBootstrapper=true"], contextCustomizers = [[ImportsContextCustomizer@55e1ac0f key = [org.springframework.boot.autoconfigure.task.TaskExecutionAutoConfiguration, org.springframework.boot.autoconfigure.context.MessageSourceAutoConfiguration, org.springframework.boot.autoconfigure.hateoas.HypermediaAutoConfiguration, com.bgpay.bgai.config.ElasticsearchAutoConfigurationDisabler, org.springframework.boot.test.autoconfigure.web.servlet.MockMvcAutoConfiguration, com.bgpay.bgai.config.FileTypeServiceMockConfig, com.bgpay.bgai.config.RedisAutoConfigurationDisabler, com.bgpay.bgai.config.WebClientBeanExclusionConfig, org.springframework.boot.autoconfigure.security.oauth2.client.servlet.OAuth2ClientAutoConfiguration, com.bgpay.bgai.config.WebClientTestConfig, com.bgpay.bgai.config.RocketMQMockConfig, com.bgpay.bgai.config.UnifiedEnvironmentConfig, org.springframework.boot.test.autoconfigure.web.servlet.MockMvcWebDriverAutoConfiguration, com.bgpay.bgai.config.WebClientTestOverrideConfig, com.bgpay.bgai.config.ElasticsearchMockConfig, com.bgpay.bgai.config.WebClientBuilderUnifier, org.springframework.boot.autoconfigure.jsonb.JsonbAutoConfiguration, com.bgpay.bgai.config.MockMvcTestConfig, com.bgpay.bgai.config.ChatWebFilterMockConfig, com.bgpay.bgai.config.WebMvcAutoConfigurationDisabler, org.springframework.boot.autoconfigure.security.servlet.UserDetailsServiceAutoConfiguration, org.springframework.boot.autoconfigure.security.oauth2.resource.servlet.OAuth2ResourceServerAutoConfiguration, org.springframework.boot.autoconfigure.groovy.template.GroovyTemplateAutoConfiguration, com.bgpay.bgai.config.DeepSeekWebClientMockConfig, org.springframework.boot.autoconfigure.mustache.MustacheAutoConfiguration, com.bgpay.bgai.config.ExcludeMainWebClientConfig, com.bgpay.bgai.config.DataSourceAutoConfigurationDisabler, com.bgpay.bgai.config.ReactiveWebMockConfig, org.springframework.boot.autoconfigure.cache.CacheAutoConfiguration, org.springframework.boot.autoconfigure.web.servlet.HttpEncodingAutoConfiguration, com.bgpay.bgai.config.EnhancedChatControllerMockConfig, org.springframework.boot.autoconfigure.data.web.SpringDataWebAutoConfiguration, org.springframework.boot.autoconfigure.jackson.JacksonAutoConfiguration, org.springframework.boot.test.autoconfigure.web.reactive.WebTestClientAutoConfiguration, org.springframework.boot.autoconfigure.web.servlet.error.ErrorMvcAutoConfiguration, org.springframework.boot.autoconfigure.security.servlet.SecurityFilterAutoConfiguration, org.springframework.boot.autoconfigure.http.HttpMessageConvertersAutoConfiguration, com.bgpay.bgai.config.ChatRecordRepositoryMockConfig, com.bgpay.bgai.config.WebClientAutoConfigurationExcluder, com.bgpay.bgai.config.WebClientConfigMock, org.springframework.boot.test.autoconfigure.web.servlet.MockMvcSecurityConfiguration, com.bgpay.bgai.config.CacheWarmerMockConfig, org.springframework.boot.test.autoconfigure.web.servlet.MockMvcWebClientAutoConfiguration, org.springframework.boot.autoconfigure.thymeleaf.ThymeleafAutoConfiguration, com.bgpay.bgai.config.TestPropertySourceConfig, org.springframework.boot.autoconfigure.gson.GsonAutoConfiguration, org.springframework.boot.autoconfigure.freemarker.FreeMarkerAutoConfiguration, org.springframework.boot.autoconfigure.web.servlet.WebMvcAutoConfiguration, com.bgpay.bgai.config.WebClientConfigOverrideConfig, com.bgpay.bgai.config.FeignAutoConfigurationDisabler]], org.springframework.boot.test.context.filter.ExcludeFilterContextCustomizer@44de0113, org.springframework.boot.test.json.DuplicateJsonObjectContextCustomizerFactory$DuplicateJsonObjectContextCustomizer@76d05cc9, org.springframework.boot.test.mock.mockito.MockitoContextCustomizer@90460288, org.springframework.boot.test.autoconfigure.OverrideAutoConfigurationContextCustomizerFactory$DisableAutoConfigurationContextCustomizer@7a5b769b, org.springframework.boot.test.autoconfigure.actuate.observability.ObservabilityContextCustomizerFactory$DisableObservabilityContextCustomizer@1f, org.springframework.boot.test.autoconfigure.filter.TypeExcludeFiltersContextCustomizer@944f3eb, org.springframework.boot.test.autoconfigure.properties.PropertyMappingContextCustomizer@dd2b0552, org.springframework.boot.test.autoconfigure.web.servlet.WebDriverContextCustomizer@65a5d4f9, org.springframework.boot.test.context.SpringBootTestAnnotation@6fd81133], resourceBasePath = "src/main/webapp", contextLoader = org.springframework.boot.test.context.SpringBootContextLoader, parent = null]
	at org.springframework.test.context.cache.DefaultCacheAwareContextLoaderDelegate.loadContext(DefaultCacheAwareContextLoaderDelegate.java:180)
	at org.springframework.test.context.support.DefaultTestContext.getApplicationContext(DefaultTestContext.java:130)
	at org.springframework.boot.test.mock.mockito.MockitoTestExecutionListener.postProcessFields(MockitoTestExecutionListener.java:122)
	at org.springframework.boot.test.mock.mockito.MockitoTestExecutionListener.injectFields(MockitoTestExecutionListener.java:106)
	at org.springframework.boot.test.mock.mockito.MockitoTestExecutionListener.prepareTestInstance(MockitoTestExecutionListener.java:63)
	at org.springframework.test.context.TestContextManager.prepareTestInstance(TestContextManager.java:260)
	at org.springframework.test.context.testng.AbstractTestNGSpringContextTests.springTestContextPrepareTestInstance(AbstractTestNGSpringContextTests.java:119)
	at java.base/jdk.internal.reflect.DirectMethodHandleAccessor.invoke(DirectMethodHandleAccessor.java:103)
	at java.base/java.lang.reflect.Method.invoke(Method.java:580)
	at org.testng.internal.MethodInvocationHelper.invokeMethod(MethodInvocationHelper.java:134)
	at org.testng.internal.MethodInvocationHelper.invokeMethodConsideringTimeout(MethodInvocationHelper.java:63)
	at org.testng.internal.ConfigInvoker.invokeConfigurationMethod(ConfigInvoker.java:348)
	at org.testng.internal.ConfigInvoker.invokeConfigurations(ConfigInvoker.java:302)
	at org.testng.internal.TestMethodWorker.invokeBeforeClassMethods(TestMethodWorker.java:176)
	at org.testng.internal.TestMethodWorker.run(TestMethodWorker.java:122)
	at java.base/java.util.ArrayList.forEach(ArrayList.java:1596)
	at org.testng.TestRunner.privateRun(TestRunner.java:766)
	at org.testng.TestRunner.run(TestRunner.java:587)
	at org.testng.SuiteRunner.runTest(SuiteRunner.java:384)
	at org.testng.SuiteRunner.runSequentially(SuiteRunner.java:378)
	at org.testng.SuiteRunner.privateRun(SuiteRunner.java:337)
	at org.testng.SuiteRunner.run(SuiteRunner.java:286)
	at org.testng.SuiteRunnerWorker.runSuite(SuiteRunnerWorker.java:53)
	at org.testng.SuiteRunnerWorker.run(SuiteRunnerWorker.java:96)
	at org.testng.TestNG.runSuitesSequentially(TestNG.java:1187)
	at org.testng.TestNG.runSuitesLocally(TestNG.java:1109)
	at org.testng.TestNG.runSuites(TestNG.java:1039)
	at org.testng.TestNG.run(TestNG.java:1007)
	at com.intellij.rt.testng.IDEARemoteTestNG.run(IDEARemoteTestNG.java:65)
	at com.intellij.rt.testng.RemoteTestNGStarter.main(RemoteTestNGStarter.java:105)
Caused by: org.springframework.beans.factory.UnsatisfiedDependencyException: Error creating bean with name 'usageStatisticsController' defined in file [E:\project\bgai\target\classes\com\bgpay\bgai\controller\UsageStatisticsController.class]: Unsatisfied dependency expressed through constructor parameter 0: Error creating bean with name 'usageRecordServiceImpl' defined in file [E:\project\bgai\target\classes\com\bgpay\bgai\service\impl\UsageRecordServiceImpl.class]: Unsatisfied dependency expressed through constructor parameter 2: Error creating bean with name 'priceCacheServiceImpl' defined in file [E:\project\bgai\target\classes\com\bgpay\bgai\service\impl\PriceCacheServiceImpl.class]: Unsatisfied dependency expressed through constructor parameter 4: Error creating bean with name 'redissonClient' defined in class path resource [com/bgpay/bgai/cache/RedissonConfig.class]: Failed to instantiate [org.redisson.api.RedissonClient]: Factory method 'redissonClient' threw exception with message: Redis url should start with redis:// or rediss:// (for SSL connection)
	at org.springframework.beans.factory.support.ConstructorResolver.createArgumentArray(ConstructorResolver.java:795)
	at org.springframework.beans.factory.support.ConstructorResolver.autowireConstructor(ConstructorResolver.java:237)
	at org.springframework.beans.factory.support.AbstractAutowireCapableBeanFactory.autowireConstructor(AbstractAutowireCapableBeanFactory.java:1355)
	at org.springframework.beans.factory.support.AbstractAutowireCapableBeanFactory.createBeanInstance(AbstractAutowireCapableBeanFactory.java:1192)
	at org.springframework.beans.factory.support.AbstractAutowireCapableBeanFactory.doCreateBean(AbstractAutowireCapableBeanFactory.java:562)
	at org.springframework.beans.factory.support.AbstractAutowireCapableBeanFactory.createBean(AbstractAutowireCapableBeanFactory.java:522)
	at org.springframework.beans.factory.support.AbstractBeanFactory.lambda$doGetBean$0(AbstractBeanFactory.java:326)
	at org.springframework.beans.factory.support.DefaultSingletonBeanRegistry.getSingleton(DefaultSingletonBeanRegistry.java:234)
	at org.springframework.beans.factory.support.AbstractBeanFactory.doGetBean(AbstractBeanFactory.java:324)
	at org.springframework.beans.factory.support.AbstractBeanFactory.getBean(AbstractBeanFactory.java:200)
	at org.springframework.beans.factory.support.DefaultListableBeanFactory.preInstantiateSingletons(DefaultListableBeanFactory.java:975)
	at org.springframework.context.support.AbstractApplicationContext.finishBeanFactoryInitialization(AbstractApplicationContext.java:962)
	at org.springframework.context.support.AbstractApplicationContext.refresh(AbstractApplicationContext.java:624)
	at org.springframework.boot.SpringApplication.refresh(SpringApplication.java:754)
	at org.springframework.boot.SpringApplication.refreshContext(SpringApplication.java:456)
	at org.springframework.boot.SpringApplication.run(SpringApplication.java:334)
	at org.springframework.boot.test.context.SpringBootContextLoader.lambda$loadContext$3(SpringBootContextLoader.java:137)
	at org.springframework.util.function.ThrowingSupplier.get(ThrowingSupplier.java:58)
	at org.springframework.util.function.ThrowingSupplier.get(ThrowingSupplier.java:46)
	at org.springframework.boot.SpringApplication.withHook(SpringApplication.java:1454)
	at org.springframework.boot.test.context.SpringBootContextLoader$ContextLoaderHook.run(SpringBootContextLoader.java:553)
	at org.springframework.boot.test.context.SpringBootContextLoader.loadContext(SpringBootContextLoader.java:137)
	at org.springframework.boot.test.context.SpringBootContextLoader.loadContext(SpringBootContextLoader.java:108)
	at org.springframework.test.context.cache.DefaultCacheAwareContextLoaderDelegate.loadContextInternal(DefaultCacheAwareContextLoaderDelegate.java:225)
	at org.springframework.test.context.cache.DefaultCacheAwareContextLoaderDelegate.loadContext(DefaultCacheAwareContextLoaderDelegate.java:152)
	... 29 common frames omitted
Caused by: org.springframework.beans.factory.UnsatisfiedDependencyException: Error creating bean with name 'usageRecordServiceImpl' defined in file [E:\project\bgai\target\classes\com\bgpay\bgai\service\impl\UsageRecordServiceImpl.class]: Unsatisfied dependency expressed through constructor parameter 2: Error creating bean with name 'priceCacheServiceImpl' defined in file [E:\project\bgai\target\classes\com\bgpay\bgai\service\impl\PriceCacheServiceImpl.class]: Unsatisfied dependency expressed through constructor parameter 4: Error creating bean with name 'redissonClient' defined in class path resource [com/bgpay/bgai/cache/RedissonConfig.class]: Failed to instantiate [org.redisson.api.RedissonClient]: Factory method 'redissonClient' threw exception with message: Redis url should start with redis:// or rediss:// (for SSL connection)
	at org.springframework.beans.factory.support.ConstructorResolver.createArgumentArray(ConstructorResolver.java:795)
	at org.springframework.beans.factory.support.ConstructorResolver.autowireConstructor(ConstructorResolver.java:237)
	at org.springframework.beans.factory.support.AbstractAutowireCapableBeanFactory.autowireConstructor(AbstractAutowireCapableBeanFactory.java:1355)
	at org.springframework.beans.factory.support.AbstractAutowireCapableBeanFactory.createBeanInstance(AbstractAutowireCapableBeanFactory.java:1192)
	at org.springframework.beans.factory.support.AbstractAutowireCapableBeanFactory.doCreateBean(AbstractAutowireCapableBeanFactory.java:562)
	at org.springframework.beans.factory.support.AbstractAutowireCapableBeanFactory.createBean(AbstractAutowireCapableBeanFactory.java:522)
	at org.springframework.beans.factory.support.AbstractBeanFactory.lambda$doGetBean$0(AbstractBeanFactory.java:326)
	at org.springframework.beans.factory.support.DefaultSingletonBeanRegistry.getSingleton(DefaultSingletonBeanRegistry.java:234)
	at org.springframework.beans.factory.support.AbstractBeanFactory.doGetBean(AbstractBeanFactory.java:324)
	at org.springframework.beans.factory.support.AbstractBeanFactory.getBean(AbstractBeanFactory.java:200)
	at org.springframework.beans.factory.config.DependencyDescriptor.resolveCandidate(DependencyDescriptor.java:254)
	at org.springframework.beans.factory.support.DefaultListableBeanFactory.doResolveDependency(DefaultListableBeanFactory.java:1443)
	at org.springframework.beans.factory.support.DefaultListableBeanFactory.resolveDependency(DefaultListableBeanFactory.java:1353)
	at org.springframework.beans.factory.support.ConstructorResolver.resolveAutowiredArgument(ConstructorResolver.java:904)
	at org.springframework.beans.factory.support.ConstructorResolver.createArgumentArray(ConstructorResolver.java:782)
	... 53 common frames omitted
Caused by: org.springframework.beans.factory.UnsatisfiedDependencyException: Error creating bean with name 'priceCacheServiceImpl' defined in file [E:\project\bgai\target\classes\com\bgpay\bgai\service\impl\PriceCacheServiceImpl.class]: Unsatisfied dependency expressed through constructor parameter 4: Error creating bean with name 'redissonClient' defined in class path resource [com/bgpay/bgai/cache/RedissonConfig.class]: Failed to instantiate [org.redisson.api.RedissonClient]: Factory method 'redissonClient' threw exception with message: Redis url should start with redis:// or rediss:// (for SSL connection)
	at org.springframework.beans.factory.support.ConstructorResolver.createArgumentArray(ConstructorResolver.java:795)
	at org.springframework.beans.factory.support.ConstructorResolver.autowireConstructor(ConstructorResolver.java:237)
	at org.springframework.beans.factory.support.AbstractAutowireCapableBeanFactory.autowireConstructor(AbstractAutowireCapableBeanFactory.java:1355)
	at org.springframework.beans.factory.support.AbstractAutowireCapableBeanFactory.createBeanInstance(AbstractAutowireCapableBeanFactory.java:1192)
	at org.springframework.beans.factory.support.AbstractAutowireCapableBeanFactory.doCreateBean(AbstractAutowireCapableBeanFactory.java:562)
	at org.springframework.beans.factory.support.AbstractAutowireCapableBeanFactory.createBean(AbstractAutowireCapableBeanFactory.java:522)
	at org.springframework.beans.factory.support.AbstractBeanFactory.lambda$doGetBean$0(AbstractBeanFactory.java:326)
	at org.springframework.beans.factory.support.DefaultSingletonBeanRegistry.getSingleton(DefaultSingletonBeanRegistry.java:234)
	at org.springframework.beans.factory.support.AbstractBeanFactory.doGetBean(AbstractBeanFactory.java:324)
	at org.springframework.beans.factory.support.AbstractBeanFactory.getBean(AbstractBeanFactory.java:200)
	at org.springframework.beans.factory.config.DependencyDescriptor.resolveCandidate(DependencyDescriptor.java:254)
	at org.springframework.beans.factory.support.DefaultListableBeanFactory.doResolveDependency(DefaultListableBeanFactory.java:1443)
	at org.springframework.beans.factory.support.DefaultListableBeanFactory.resolveDependency(DefaultListableBeanFactory.java:1353)
	at org.springframework.beans.factory.support.ConstructorResolver.resolveAutowiredArgument(ConstructorResolver.java:904)
	at org.springframework.beans.factory.support.ConstructorResolver.createArgumentArray(ConstructorResolver.java:782)
	... 67 common frames omitted
Caused by: org.springframework.beans.factory.BeanCreationException: Error creating bean with name 'redissonClient' defined in class path resource [com/bgpay/bgai/cache/RedissonConfig.class]: Failed to instantiate [org.redisson.api.RedissonClient]: Factory method 'redissonClient' threw exception with message: Redis url should start with redis:// or rediss:// (for SSL connection)
	at org.springframework.beans.factory.support.ConstructorResolver.instantiate(ConstructorResolver.java:648)
	at org.springframework.beans.factory.support.ConstructorResolver.instantiateUsingFactoryMethod(ConstructorResolver.java:485)
	at org.springframework.beans.factory.support.AbstractAutowireCapableBeanFactory.instantiateUsingFactoryMethod(AbstractAutowireCapableBeanFactory.java:1335)
	at org.springframework.beans.factory.support.AbstractAutowireCapableBeanFactory.createBeanInstance(AbstractAutowireCapableBeanFactory.java:1165)
	at org.springframework.beans.factory.support.AbstractAutowireCapableBeanFactory.doCreateBean(AbstractAutowireCapableBeanFactory.java:562)
	at org.springframework.beans.factory.support.AbstractAutowireCapableBeanFactory.createBean(AbstractAutowireCapableBeanFactory.java:522)
	at org.springframework.beans.factory.support.AbstractBeanFactory.lambda$doGetBean$0(AbstractBeanFactory.java:326)
	at org.springframework.beans.factory.support.DefaultSingletonBeanRegistry.getSingleton(DefaultSingletonBeanRegistry.java:234)
	at org.springframework.beans.factory.support.AbstractBeanFactory.doGetBean(AbstractBeanFactory.java:324)
	at org.springframework.beans.factory.support.AbstractBeanFactory.getBean(AbstractBeanFactory.java:200)
	at org.springframework.beans.factory.config.DependencyDescriptor.resolveCandidate(DependencyDescriptor.java:254)
	at org.springframework.beans.factory.support.DefaultListableBeanFactory.doResolveDependency(DefaultListableBeanFactory.java:1443)
	at org.springframework.beans.factory.support.DefaultListableBeanFactory.resolveDependency(DefaultListableBeanFactory.java:1353)
	at org.springframework.beans.factory.support.ConstructorResolver.resolveAutowiredArgument(ConstructorResolver.java:904)
	at org.springframework.beans.factory.support.ConstructorResolver.createArgumentArray(ConstructorResolver.java:782)
	... 81 common frames omitted
Caused by: org.springframework.beans.BeanInstantiationException: Failed to instantiate [org.redisson.api.RedissonClient]: Factory method 'redissonClient' threw exception with message: Redis url should start with redis:// or rediss:// (for SSL connection)
	at org.springframework.beans.factory.support.SimpleInstantiationStrategy.instantiate(SimpleInstantiationStrategy.java:177)
	at org.springframework.beans.factory.support.ConstructorResolver.instantiate(ConstructorResolver.java:644)
	... 95 common frames omitted
Caused by: java.lang.IllegalArgumentException: Redis url should start with redis:// or rediss:// (for SSL connection)
	at org.redisson.misc.RedisURI.<init>(RedisURI.java:46)
	at org.redisson.connection.MasterSlaveConnectionManager.doConnect(MasterSlaveConnectionManager.java:217)
	at org.redisson.connection.MasterSlaveConnectionManager.connect(MasterSlaveConnectionManager.java:193)
	at org.redisson.config.ConfigSupport.createConnectionManager(ConfigSupport.java:221)
	at org.redisson.Redisson.<init>(Redisson.java:69)
	at org.redisson.Redisson.create(Redisson.java:114)
	at com.bgpay.bgai.cache.RedissonConfig.redissonClient(RedissonConfig.java:45)
	at com.bgpay.bgai.cache.RedissonConfig$$SpringCGLIB$$0.CGLIB$redissonClient$0(<generated>)
	at com.bgpay.bgai.cache.RedissonConfig$$SpringCGLIB$$FastClass$$1.invoke(<generated>)
	at org.springframework.cglib.proxy.MethodProxy.invokeSuper(MethodProxy.java:258)
	at org.springframework.context.annotation.ConfigurationClassEnhancer$BeanMethodInterceptor.intercept(ConfigurationClassEnhancer.java:331)
	at com.bgpay.bgai.cache.RedissonConfig$$SpringCGLIB$$0.redissonClient(<generated>)
	at java.base/jdk.internal.reflect.DirectMethodHandleAccessor.invoke(DirectMethodHandleAccessor.java:103)
	at java.base/java.lang.reflect.Method.invoke(Method.java:580)
	at org.springframework.beans.factory.support.SimpleInstantiationStrategy.instantiate(SimpleInstantiationStrategy.java:140)
	... 96 common frames omitted
2025-07-08 19:36:58.150 [main] [traceId:] [userId:] INFO  com.bgpay.bgai.base.YamlDataProvider - 从YAML文件加载测试数据: src/test/resources/test-data/YamlDataDrivenApiTest/testLogin.yml
2025-07-08 19:36:58.151 [main] [traceId:] [userId:] WARN  com.bgpay.bgai.base.YamlDataProvider - YAML文件不存在: src/test/resources/test-data/YamlDataDrivenApiTest/testLogin.yml
2025-07-08 19:36:58.162 [main] [traceId:] [userId:] DEBUG o.s.t.c.s.DirtiesContextTestExecutionListener - After test class: class [YamlDataDrivenApiTest], class annotated with @DirtiesContext [false] with mode [null]
2025-07-08 19:36:58.187 [Thread-9] [traceId:] [userId:] WARN  com.alibaba.nacos.common.notify.NotifyCenter - [NotifyCenter] Start destroying Publisher
2025-07-08 19:36:58.187 [Thread-2] [traceId:] [userId:] WARN  c.alibaba.nacos.common.http.HttpClientBeanHolder - [HttpClientBeanHolder] Start destroying common HttpClient
2025-07-08 19:36:58.188 [Thread-9] [traceId:] [userId:] WARN  com.alibaba.nacos.common.notify.NotifyCenter - [NotifyCenter] Destruction of the end
2025-07-08 19:36:58.188 [Thread-2] [traceId:] [userId:] WARN  c.alibaba.nacos.common.http.HttpClientBeanHolder - [HttpClientBeanHolder] Destruction of the end
2025-07-08 19:37:51.757 [main] [traceId:] [userId:] WARN  com.alibaba.nacos.client.logging.NacosLogging - Load Logback Configuration of Nacos fail, message: Could not initialize Logback Nacos logging from classpath:nacos-logback.xml
2025-07-08 19:37:51.822 [main] [traceId:] [userId:] WARN  com.alibaba.nacos.client.logging.NacosLogging - Load Logback Configuration of Nacos fail, message: Could not initialize Logback Nacos logging from classpath:nacos-logback.xml
2025-07-08 19:37:52.048 [main] [traceId:] [userId:] WARN  com.alibaba.nacos.client.logging.NacosLogging - Load Logback Configuration of Nacos fail, message: Could not initialize Logback Nacos logging from classpath:nacos-logback.xml
2025-07-08 19:37:52.050 [main] [traceId:] [userId:] INFO  com.alibaba.nacos.client.utils.ParamUtil - [settings] [req-serv] nacos-server port:8848
2025-07-08 19:37:52.051 [main] [traceId:] [userId:] INFO  com.alibaba.nacos.client.utils.ParamUtil - [settings] [http-client] connect timeout:1000
2025-07-08 19:37:52.052 [main] [traceId:] [userId:] INFO  com.alibaba.nacos.client.utils.ParamUtil - PER_TASK_CONFIG_SIZE: 3000.0
2025-07-08 19:37:52.095 [main] [traceId:] [userId:] INFO  c.a.n.p.auth.spi.client.ClientAuthPluginManager - [ClientAuthPluginManager] Load ClientAuthService com.alibaba.nacos.client.auth.impl.NacosClientAuthServiceImpl success.
2025-07-08 19:37:52.095 [main] [traceId:] [userId:] INFO  c.a.n.p.auth.spi.client.ClientAuthPluginManager - [ClientAuthPluginManager] Load ClientAuthService com.alibaba.nacos.client.auth.ram.RamClientAuthServiceImpl success.
2025-07-08 19:37:52.099 [main] [traceId:] [userId:] INFO  c.a.n.client.auth.ram.identify.CredentialWatcher - null No credential found
2025-07-08 19:37:52.279 [main] [traceId:] [userId:] WARN  com.alibaba.nacos.client.logging.NacosLogging - Load Logback Configuration of Nacos fail, message: Could not initialize Logback Nacos logging from classpath:nacos-logback.xml
2025-07-08 19:37:53.151 [main] [traceId:] [userId:] WARN  c.a.cloud.nacos.client.NacosPropertySourceBuilder - Ignore the empty nacos configuration and get it based on dataId[common-dev.yaml] & group[DEFAULT_GROUP]
2025-07-08 19:37:53.165 [main] [traceId:] [userId:] WARN  c.a.cloud.nacos.client.NacosPropertySourceBuilder - Ignore the empty nacos configuration and get it based on dataId[bgtech-ai] & group[DEFAULT_GROUP]
2025-07-08 19:37:53.180 [main] [traceId:] [userId:] WARN  c.a.cloud.nacos.client.NacosPropertySourceBuilder - Ignore the empty nacos configuration and get it based on dataId[bgtech-ai.yaml] & group[DEFAULT_GROUP]
2025-07-08 19:37:53.193 [main] [traceId:] [userId:] WARN  c.a.cloud.nacos.client.NacosPropertySourceBuilder - Ignore the empty nacos configuration and get it based on dataId[bgtech-ai-test.yaml] & group[DEFAULT_GROUP]
2025-07-08 19:37:53.194 [main] [traceId:] [userId:] INFO  o.s.c.b.c.PropertySourceBootstrapConfiguration - Located property source: [BootstrapPropertySource {name='bootstrapProperties-bgtech-ai-test.yaml,DEFAULT_GROUP'}, BootstrapPropertySource {name='bootstrapProperties-bgtech-ai.yaml,DEFAULT_GROUP'}, BootstrapPropertySource {name='bootstrapProperties-bgtech-ai,DEFAULT_GROUP'}, BootstrapPropertySource {name='bootstrapProperties-common-dev.yaml,DEFAULT_GROUP'}]
2025-07-08 19:37:53.237 [main] [traceId:] [userId:] WARN  o.s.b.t.j.DuplicateJsonObjectContextCustomizerFactory$DuplicateJsonObjectContextCustomizer - 

Found multiple occurrences of org.json.JSONObject on the class path:

	jar:file:/C:/Users/Administrator/.m2/repository/com/vaadin/external/google/android-json/0.0.20131108.vaadin1/android-json-0.0.20131108.vaadin1.jar!/org/json/JSONObject.class
	jar:file:/C:/Users/Administrator/.m2/repository/org/json/json/20220320/json-20220320.jar!/org/json/JSONObject.class

You may wish to exclude one of them to ensure predictable runtime behavior

2025-07-08 19:37:53.241 [main] [traceId:] [userId:] WARN  com.alibaba.nacos.client.logging.NacosLogging - Load Logback Configuration of Nacos fail, message: Could not initialize Logback Nacos logging from classpath:nacos-logback.xml
2025-07-08 19:37:53.242 [main] [traceId:] [userId:] INFO  com.bgpay.bgai.controller.YamlDataDrivenApiTest - The following 2 profiles are active: "dev", "test"
2025-07-08 19:37:55.358 [main] [traceId:] [userId:] WARN  org.mybatis.spring.mapper.ClassPathMapperScanner - Skipping MapperFactoryBean with name 'fileTypeMapper' and 'com.bgpay.bgai.mapper.FileTypeMapper' mapperInterface. Bean already defined with the same name!
2025-07-08 19:37:55.358 [main] [traceId:] [userId:] WARN  org.mybatis.spring.mapper.ClassPathMapperScanner - Skipping MapperFactoryBean with name 'usageRecordMapper' and 'com.bgpay.bgai.mapper.UsageRecordMapper' mapperInterface. Bean already defined with the same name!
2025-07-08 19:37:58.300 [main] [traceId:] [userId:] INFO  com.bgpay.bgai.config.SeataDisableConfiguration - SeataDisableConfiguration已加载，Seata在测试环境中被禁用
2025-07-08 19:37:58.301 [main] [traceId:] [userId:] INFO  com.bgpay.bgai.config.SeataDisableConfiguration - 设置系统属性: seata.enabled=false, saga.enabled=false
2025-07-08 19:37:58.460 [main] [traceId:] [userId:] INFO  c.bgpay.bgai.config.NacosRouteDefinitionRepository - 初始化Nacos路由定义存储库
2025-07-08 19:37:58.626 [main] [traceId:] [userId:] WARN  c.bgpay.bgai.config.NacosRouteDefinitionRepository - Nacos中未找到路由定义配置
2025-07-08 19:37:58.651 [main] [traceId:] [userId:] INFO  c.bgpay.bgai.service.impl.DynamicRouteServiceImpl - 初始化动态路由服务
2025-07-08 19:37:58.826 [main] [traceId:] [userId:] WARN  c.bgpay.bgai.service.impl.DynamicRouteServiceImpl - Nacos中没有找到路由配置，使用默认配置
2025-07-08 19:37:58.826 [main] [traceId:] [userId:] INFO  c.bgpay.bgai.service.impl.DynamicRouteServiceImpl - 注册Nacos配置监听器成功
2025-07-08 19:37:58.831 [main] [traceId:] [userId:] INFO  com.bgpay.bgai.config.NacosRouteConfigListener - 初始化Nacos路由配置监听器
2025-07-08 19:37:59.025 [main] [traceId:] [userId:] WARN  com.bgpay.bgai.config.NacosRouteConfigListener - Nacos中未找到路由配置数据
2025-07-08 19:37:59.478 [main] [traceId:] [userId:] INFO  com.bgpay.bgai.controller.FeignDemoController - FeignDemoController initialized with UserServiceClient and LocalUserServiceClient
2025-07-08 19:38:00.868 [main] [traceId:] [userId:] INFO  io.seata.config.ConfigurationFactory - load Configuration from :Spring Configuration
2025-07-08 19:38:00.879 [main] [traceId:] [userId:] INFO  io.seata.config.ConfigurationFactory - load Configuration from :Spring Configuration
2025-07-08 19:38:00.885 [main] [traceId:] [userId:] INFO  io.seata.rm.datasource.AsyncWorker - Async Commit Buffer Limit: 10000
2025-07-08 19:38:00.886 [main] [traceId:] [userId:] INFO  io.seata.rm.datasource.xa.ResourceManagerXA - ResourceManagerXA init ...
2025-07-08 19:38:01.666 [main] [traceId:] [userId:] INFO  com.bgpay.bgai.seata.SagaStateMachineConfig - 加载到2个Saga状态机定义文件
2025-07-08 19:38:01.833 [main] [traceId:] [userId:] INFO  com.bgpay.bgai.saga.CustomSagaJsonParser - 开始解析状态机定义: bgai-saga-transaction
2025-07-08 19:38:01.833 [main] [traceId:] [userId:] INFO  com.bgpay.bgai.saga.CustomSagaJsonParser - 状态机 [bgai-saga-transaction] 原始版本: 0.0.5, 动态生成的新版本: 250708.193801.67a7
2025-07-08 19:38:01.833 [main] [traceId:] [userId:] INFO  com.bgpay.bgai.saga.CustomSagaJsonParser - 状态机定义解析成功: bgai-saga-transaction, 已更新版本号: 250708.193801.67a7
2025-07-08 19:38:01.833 [main] [traceId:] [userId:] INFO  com.bgpay.bgai.seata.SagaStateMachineConfig - 成功加载状态机定义: /E:/project/bgai/target/classes/statelang/bgai-saga-transaction.json
2025-07-08 19:38:01.838 [main] [traceId:] [userId:] INFO  com.bgpay.bgai.saga.CustomSagaJsonParser - 开始解析状态机定义: ChatCompletionSaga
2025-07-08 19:38:01.838 [main] [traceId:] [userId:] INFO  com.bgpay.bgai.saga.CustomSagaJsonParser - 状态机 [ChatCompletionSaga] 原始版本: 0.0.5, 动态生成的新版本: 250708.193801.cef3
2025-07-08 19:38:01.838 [main] [traceId:] [userId:] INFO  com.bgpay.bgai.saga.CustomSagaJsonParser - 状态机定义解析成功: ChatCompletionSaga, 已更新版本号: 250708.193801.cef3
2025-07-08 19:38:01.838 [main] [traceId:] [userId:] INFO  com.bgpay.bgai.seata.SagaStateMachineConfig - 成功加载状态机定义: /E:/project/bgai/target/classes/statelang/chat_completion_saga.json
2025-07-08 19:38:01.838 [main] [traceId:] [userId:] INFO  com.bgpay.bgai.seata.SagaStateMachineConfig - 已设置saga.state-machine.auto-register=false，防止状态机重复注册
2025-07-08 19:38:02.021 [main] [traceId:] [userId:] INFO  com.bgpay.bgai.config.RestTemplateConfig - Creating RestTemplate bean using SimpleClientHttpRequestFactory
2025-07-08 19:38:07.632 [main] [traceId:] [userId:] WARN  o.s.w.context.support.GenericWebApplicationContext - Exception encountered during context initialization - cancelling refresh attempt: org.springframework.beans.factory.UnsatisfiedDependencyException: Error creating bean with name 'usageStatisticsController' defined in file [E:\project\bgai\target\classes\com\bgpay\bgai\controller\UsageStatisticsController.class]: Unsatisfied dependency expressed through constructor parameter 0: Error creating bean with name 'usageRecordServiceImpl' defined in file [E:\project\bgai\target\classes\com\bgpay\bgai\service\impl\UsageRecordServiceImpl.class]: Unsatisfied dependency expressed through constructor parameter 2: Error creating bean with name 'priceCacheServiceImpl' defined in file [E:\project\bgai\target\classes\com\bgpay\bgai\service\impl\PriceCacheServiceImpl.class]: Unsatisfied dependency expressed through constructor parameter 4: Error creating bean with name 'redissonClient' defined in class path resource [com/bgpay/bgai/cache/RedissonConfig.class]: Failed to instantiate [org.redisson.api.RedissonClient]: Factory method 'redissonClient' threw exception with message: Redis url should start with redis:// or rediss:// (for SSL connection)
2025-07-08 19:38:07.646 [main] [traceId:] [userId:] INFO  c.bgpay.bgai.service.impl.DynamicRouteServiceImpl - 动态路由服务关闭，执行清理操作
2025-07-08 19:38:07.649 [main] [traceId:] [userId:] INFO  o.s.b.a.logging.ConditionEvaluationReportLogger - 

Error starting ApplicationContext. To display the condition evaluation report re-run your application with 'debug' enabled.
2025-07-08 19:38:07.673 [main] [traceId:] [userId:] ERROR org.springframework.boot.SpringApplication - Application run failed
org.springframework.beans.factory.UnsatisfiedDependencyException: Error creating bean with name 'usageStatisticsController' defined in file [E:\project\bgai\target\classes\com\bgpay\bgai\controller\UsageStatisticsController.class]: Unsatisfied dependency expressed through constructor parameter 0: Error creating bean with name 'usageRecordServiceImpl' defined in file [E:\project\bgai\target\classes\com\bgpay\bgai\service\impl\UsageRecordServiceImpl.class]: Unsatisfied dependency expressed through constructor parameter 2: Error creating bean with name 'priceCacheServiceImpl' defined in file [E:\project\bgai\target\classes\com\bgpay\bgai\service\impl\PriceCacheServiceImpl.class]: Unsatisfied dependency expressed through constructor parameter 4: Error creating bean with name 'redissonClient' defined in class path resource [com/bgpay/bgai/cache/RedissonConfig.class]: Failed to instantiate [org.redisson.api.RedissonClient]: Factory method 'redissonClient' threw exception with message: Redis url should start with redis:// or rediss:// (for SSL connection)
	at org.springframework.beans.factory.support.ConstructorResolver.createArgumentArray(ConstructorResolver.java:795)
	at org.springframework.beans.factory.support.ConstructorResolver.autowireConstructor(ConstructorResolver.java:237)
	at org.springframework.beans.factory.support.AbstractAutowireCapableBeanFactory.autowireConstructor(AbstractAutowireCapableBeanFactory.java:1355)
	at org.springframework.beans.factory.support.AbstractAutowireCapableBeanFactory.createBeanInstance(AbstractAutowireCapableBeanFactory.java:1192)
	at org.springframework.beans.factory.support.AbstractAutowireCapableBeanFactory.doCreateBean(AbstractAutowireCapableBeanFactory.java:562)
	at org.springframework.beans.factory.support.AbstractAutowireCapableBeanFactory.createBean(AbstractAutowireCapableBeanFactory.java:522)
	at org.springframework.beans.factory.support.AbstractBeanFactory.lambda$doGetBean$0(AbstractBeanFactory.java:326)
	at org.springframework.beans.factory.support.DefaultSingletonBeanRegistry.getSingleton(DefaultSingletonBeanRegistry.java:234)
	at org.springframework.beans.factory.support.AbstractBeanFactory.doGetBean(AbstractBeanFactory.java:324)
	at org.springframework.beans.factory.support.AbstractBeanFactory.getBean(AbstractBeanFactory.java:200)
	at org.springframework.beans.factory.support.DefaultListableBeanFactory.preInstantiateSingletons(DefaultListableBeanFactory.java:975)
	at org.springframework.context.support.AbstractApplicationContext.finishBeanFactoryInitialization(AbstractApplicationContext.java:962)
	at org.springframework.context.support.AbstractApplicationContext.refresh(AbstractApplicationContext.java:624)
	at org.springframework.boot.SpringApplication.refresh(SpringApplication.java:754)
	at org.springframework.boot.SpringApplication.refreshContext(SpringApplication.java:456)
	at org.springframework.boot.SpringApplication.run(SpringApplication.java:334)
	at org.springframework.boot.test.context.SpringBootContextLoader.lambda$loadContext$3(SpringBootContextLoader.java:137)
	at org.springframework.util.function.ThrowingSupplier.get(ThrowingSupplier.java:58)
	at org.springframework.util.function.ThrowingSupplier.get(ThrowingSupplier.java:46)
	at org.springframework.boot.SpringApplication.withHook(SpringApplication.java:1454)
	at org.springframework.boot.test.context.SpringBootContextLoader$ContextLoaderHook.run(SpringBootContextLoader.java:553)
	at org.springframework.boot.test.context.SpringBootContextLoader.loadContext(SpringBootContextLoader.java:137)
	at org.springframework.boot.test.context.SpringBootContextLoader.loadContext(SpringBootContextLoader.java:108)
	at org.springframework.test.context.cache.DefaultCacheAwareContextLoaderDelegate.loadContextInternal(DefaultCacheAwareContextLoaderDelegate.java:225)
	at org.springframework.test.context.cache.DefaultCacheAwareContextLoaderDelegate.loadContext(DefaultCacheAwareContextLoaderDelegate.java:152)
	at org.springframework.test.context.support.DefaultTestContext.getApplicationContext(DefaultTestContext.java:130)
	at org.springframework.boot.test.mock.mockito.MockitoTestExecutionListener.postProcessFields(MockitoTestExecutionListener.java:122)
	at org.springframework.boot.test.mock.mockito.MockitoTestExecutionListener.injectFields(MockitoTestExecutionListener.java:106)
	at org.springframework.boot.test.mock.mockito.MockitoTestExecutionListener.prepareTestInstance(MockitoTestExecutionListener.java:63)
	at org.springframework.test.context.TestContextManager.prepareTestInstance(TestContextManager.java:260)
	at org.springframework.test.context.testng.AbstractTestNGSpringContextTests.springTestContextPrepareTestInstance(AbstractTestNGSpringContextTests.java:119)
	at java.base/jdk.internal.reflect.DirectMethodHandleAccessor.invoke(DirectMethodHandleAccessor.java:103)
	at java.base/java.lang.reflect.Method.invoke(Method.java:580)
	at org.testng.internal.MethodInvocationHelper.invokeMethod(MethodInvocationHelper.java:134)
	at org.testng.internal.MethodInvocationHelper.invokeMethodConsideringTimeout(MethodInvocationHelper.java:63)
	at org.testng.internal.ConfigInvoker.invokeConfigurationMethod(ConfigInvoker.java:348)
	at org.testng.internal.ConfigInvoker.invokeConfigurations(ConfigInvoker.java:302)
	at org.testng.internal.TestMethodWorker.invokeBeforeClassMethods(TestMethodWorker.java:176)
	at org.testng.internal.TestMethodWorker.run(TestMethodWorker.java:122)
	at java.base/java.util.ArrayList.forEach(ArrayList.java:1596)
	at org.testng.TestRunner.privateRun(TestRunner.java:766)
	at org.testng.TestRunner.run(TestRunner.java:587)
	at org.testng.SuiteRunner.runTest(SuiteRunner.java:384)
	at org.testng.SuiteRunner.runSequentially(SuiteRunner.java:378)
	at org.testng.SuiteRunner.privateRun(SuiteRunner.java:337)
	at org.testng.SuiteRunner.run(SuiteRunner.java:286)
	at org.testng.SuiteRunnerWorker.runSuite(SuiteRunnerWorker.java:53)
	at org.testng.SuiteRunnerWorker.run(SuiteRunnerWorker.java:96)
	at org.testng.TestNG.runSuitesSequentially(TestNG.java:1187)
	at org.testng.TestNG.runSuitesLocally(TestNG.java:1109)
	at org.testng.TestNG.runSuites(TestNG.java:1039)
	at org.testng.TestNG.run(TestNG.java:1007)
	at com.intellij.rt.testng.IDEARemoteTestNG.run(IDEARemoteTestNG.java:65)
	at com.intellij.rt.testng.RemoteTestNGStarter.main(RemoteTestNGStarter.java:105)
Caused by: org.springframework.beans.factory.UnsatisfiedDependencyException: Error creating bean with name 'usageRecordServiceImpl' defined in file [E:\project\bgai\target\classes\com\bgpay\bgai\service\impl\UsageRecordServiceImpl.class]: Unsatisfied dependency expressed through constructor parameter 2: Error creating bean with name 'priceCacheServiceImpl' defined in file [E:\project\bgai\target\classes\com\bgpay\bgai\service\impl\PriceCacheServiceImpl.class]: Unsatisfied dependency expressed through constructor parameter 4: Error creating bean with name 'redissonClient' defined in class path resource [com/bgpay/bgai/cache/RedissonConfig.class]: Failed to instantiate [org.redisson.api.RedissonClient]: Factory method 'redissonClient' threw exception with message: Redis url should start with redis:// or rediss:// (for SSL connection)
	at org.springframework.beans.factory.support.ConstructorResolver.createArgumentArray(ConstructorResolver.java:795)
	at org.springframework.beans.factory.support.ConstructorResolver.autowireConstructor(ConstructorResolver.java:237)
	at org.springframework.beans.factory.support.AbstractAutowireCapableBeanFactory.autowireConstructor(AbstractAutowireCapableBeanFactory.java:1355)
	at org.springframework.beans.factory.support.AbstractAutowireCapableBeanFactory.createBeanInstance(AbstractAutowireCapableBeanFactory.java:1192)
	at org.springframework.beans.factory.support.AbstractAutowireCapableBeanFactory.doCreateBean(AbstractAutowireCapableBeanFactory.java:562)
	at org.springframework.beans.factory.support.AbstractAutowireCapableBeanFactory.createBean(AbstractAutowireCapableBeanFactory.java:522)
	at org.springframework.beans.factory.support.AbstractBeanFactory.lambda$doGetBean$0(AbstractBeanFactory.java:326)
	at org.springframework.beans.factory.support.DefaultSingletonBeanRegistry.getSingleton(DefaultSingletonBeanRegistry.java:234)
	at org.springframework.beans.factory.support.AbstractBeanFactory.doGetBean(AbstractBeanFactory.java:324)
	at org.springframework.beans.factory.support.AbstractBeanFactory.getBean(AbstractBeanFactory.java:200)
	at org.springframework.beans.factory.config.DependencyDescriptor.resolveCandidate(DependencyDescriptor.java:254)
	at org.springframework.beans.factory.support.DefaultListableBeanFactory.doResolveDependency(DefaultListableBeanFactory.java:1443)
	at org.springframework.beans.factory.support.DefaultListableBeanFactory.resolveDependency(DefaultListableBeanFactory.java:1353)
	at org.springframework.beans.factory.support.ConstructorResolver.resolveAutowiredArgument(ConstructorResolver.java:904)
	at org.springframework.beans.factory.support.ConstructorResolver.createArgumentArray(ConstructorResolver.java:782)
	... 53 common frames omitted
Caused by: org.springframework.beans.factory.UnsatisfiedDependencyException: Error creating bean with name 'priceCacheServiceImpl' defined in file [E:\project\bgai\target\classes\com\bgpay\bgai\service\impl\PriceCacheServiceImpl.class]: Unsatisfied dependency expressed through constructor parameter 4: Error creating bean with name 'redissonClient' defined in class path resource [com/bgpay/bgai/cache/RedissonConfig.class]: Failed to instantiate [org.redisson.api.RedissonClient]: Factory method 'redissonClient' threw exception with message: Redis url should start with redis:// or rediss:// (for SSL connection)
	at org.springframework.beans.factory.support.ConstructorResolver.createArgumentArray(ConstructorResolver.java:795)
	at org.springframework.beans.factory.support.ConstructorResolver.autowireConstructor(ConstructorResolver.java:237)
	at org.springframework.beans.factory.support.AbstractAutowireCapableBeanFactory.autowireConstructor(AbstractAutowireCapableBeanFactory.java:1355)
	at org.springframework.beans.factory.support.AbstractAutowireCapableBeanFactory.createBeanInstance(AbstractAutowireCapableBeanFactory.java:1192)
	at org.springframework.beans.factory.support.AbstractAutowireCapableBeanFactory.doCreateBean(AbstractAutowireCapableBeanFactory.java:562)
	at org.springframework.beans.factory.support.AbstractAutowireCapableBeanFactory.createBean(AbstractAutowireCapableBeanFactory.java:522)
	at org.springframework.beans.factory.support.AbstractBeanFactory.lambda$doGetBean$0(AbstractBeanFactory.java:326)
	at org.springframework.beans.factory.support.DefaultSingletonBeanRegistry.getSingleton(DefaultSingletonBeanRegistry.java:234)
	at org.springframework.beans.factory.support.AbstractBeanFactory.doGetBean(AbstractBeanFactory.java:324)
	at org.springframework.beans.factory.support.AbstractBeanFactory.getBean(AbstractBeanFactory.java:200)
	at org.springframework.beans.factory.config.DependencyDescriptor.resolveCandidate(DependencyDescriptor.java:254)
	at org.springframework.beans.factory.support.DefaultListableBeanFactory.doResolveDependency(DefaultListableBeanFactory.java:1443)
	at org.springframework.beans.factory.support.DefaultListableBeanFactory.resolveDependency(DefaultListableBeanFactory.java:1353)
	at org.springframework.beans.factory.support.ConstructorResolver.resolveAutowiredArgument(ConstructorResolver.java:904)
	at org.springframework.beans.factory.support.ConstructorResolver.createArgumentArray(ConstructorResolver.java:782)
	... 67 common frames omitted
Caused by: org.springframework.beans.factory.BeanCreationException: Error creating bean with name 'redissonClient' defined in class path resource [com/bgpay/bgai/cache/RedissonConfig.class]: Failed to instantiate [org.redisson.api.RedissonClient]: Factory method 'redissonClient' threw exception with message: Redis url should start with redis:// or rediss:// (for SSL connection)
	at org.springframework.beans.factory.support.ConstructorResolver.instantiate(ConstructorResolver.java:648)
	at org.springframework.beans.factory.support.ConstructorResolver.instantiateUsingFactoryMethod(ConstructorResolver.java:485)
	at org.springframework.beans.factory.support.AbstractAutowireCapableBeanFactory.instantiateUsingFactoryMethod(AbstractAutowireCapableBeanFactory.java:1335)
	at org.springframework.beans.factory.support.AbstractAutowireCapableBeanFactory.createBeanInstance(AbstractAutowireCapableBeanFactory.java:1165)
	at org.springframework.beans.factory.support.AbstractAutowireCapableBeanFactory.doCreateBean(AbstractAutowireCapableBeanFactory.java:562)
	at org.springframework.beans.factory.support.AbstractAutowireCapableBeanFactory.createBean(AbstractAutowireCapableBeanFactory.java:522)
	at org.springframework.beans.factory.support.AbstractBeanFactory.lambda$doGetBean$0(AbstractBeanFactory.java:326)
	at org.springframework.beans.factory.support.DefaultSingletonBeanRegistry.getSingleton(DefaultSingletonBeanRegistry.java:234)
	at org.springframework.beans.factory.support.AbstractBeanFactory.doGetBean(AbstractBeanFactory.java:324)
	at org.springframework.beans.factory.support.AbstractBeanFactory.getBean(AbstractBeanFactory.java:200)
	at org.springframework.beans.factory.config.DependencyDescriptor.resolveCandidate(DependencyDescriptor.java:254)
	at org.springframework.beans.factory.support.DefaultListableBeanFactory.doResolveDependency(DefaultListableBeanFactory.java:1443)
	at org.springframework.beans.factory.support.DefaultListableBeanFactory.resolveDependency(DefaultListableBeanFactory.java:1353)
	at org.springframework.beans.factory.support.ConstructorResolver.resolveAutowiredArgument(ConstructorResolver.java:904)
	at org.springframework.beans.factory.support.ConstructorResolver.createArgumentArray(ConstructorResolver.java:782)
	... 81 common frames omitted
Caused by: org.springframework.beans.BeanInstantiationException: Failed to instantiate [org.redisson.api.RedissonClient]: Factory method 'redissonClient' threw exception with message: Redis url should start with redis:// or rediss:// (for SSL connection)
	at org.springframework.beans.factory.support.SimpleInstantiationStrategy.instantiate(SimpleInstantiationStrategy.java:177)
	at org.springframework.beans.factory.support.ConstructorResolver.instantiate(ConstructorResolver.java:644)
	... 95 common frames omitted
Caused by: java.lang.IllegalArgumentException: Redis url should start with redis:// or rediss:// (for SSL connection)
	at org.redisson.misc.RedisURI.<init>(RedisURI.java:46)
	at org.redisson.connection.MasterSlaveConnectionManager.doConnect(MasterSlaveConnectionManager.java:217)
	at org.redisson.connection.MasterSlaveConnectionManager.connect(MasterSlaveConnectionManager.java:193)
	at org.redisson.config.ConfigSupport.createConnectionManager(ConfigSupport.java:221)
	at org.redisson.Redisson.<init>(Redisson.java:69)
	at org.redisson.Redisson.create(Redisson.java:114)
	at com.bgpay.bgai.cache.RedissonConfig.redissonClient(RedissonConfig.java:45)
	at com.bgpay.bgai.cache.RedissonConfig$$SpringCGLIB$$0.CGLIB$redissonClient$0(<generated>)
	at com.bgpay.bgai.cache.RedissonConfig$$SpringCGLIB$$FastClass$$1.invoke(<generated>)
	at org.springframework.cglib.proxy.MethodProxy.invokeSuper(MethodProxy.java:258)
	at org.springframework.context.annotation.ConfigurationClassEnhancer$BeanMethodInterceptor.intercept(ConfigurationClassEnhancer.java:331)
	at com.bgpay.bgai.cache.RedissonConfig$$SpringCGLIB$$0.redissonClient(<generated>)
	at java.base/jdk.internal.reflect.DirectMethodHandleAccessor.invoke(DirectMethodHandleAccessor.java:103)
	at java.base/java.lang.reflect.Method.invoke(Method.java:580)
	at org.springframework.beans.factory.support.SimpleInstantiationStrategy.instantiate(SimpleInstantiationStrategy.java:140)
	... 96 common frames omitted
2025-07-08 19:38:07.690 [main] [traceId:] [userId:] DEBUG org.springframework.test.context.cache - Spring test ApplicationContext cache statistics: [DefaultContextCache@25ee509f size = 0, maxSize = 32, parentContextCount = 0, hitCount = 0, missCount = 1, failureCount = 1]
2025-07-08 19:38:07.690 [main] [traceId:] [userId:] WARN  o.springframework.test.context.TestContextManager - Caught exception while allowing TestExecutionListener [org.springframework.boot.test.mock.mockito.MockitoTestExecutionListener] to prepare test instance [com.bgpay.bgai.controller.YamlDataDrivenApiTest@31ceba99]
java.lang.IllegalStateException: Failed to load ApplicationContext for [WebMergedContextConfiguration@7ee44e51 testClass = com.bgpay.bgai.controller.YamlDataDrivenApiTest, locations = [], classes = [com.bgpay.bgai.BgaiApplication], contextInitializerClasses = [], activeProfiles = ["test"], propertySourceDescriptors = [PropertySourceDescriptor[locations=[], ignoreResourceNotFound=false, name=null, propertySourceFactory=null, encoding=null]], propertySourceProperties = ["spring.main.allow-bean-definition-overriding=true", "seata.enabled=false", "saga.enabled=false", "seata.saga.state-machine.auto-register=false", "spring.cloud.loadbalancer.enabled=false", "spring.cloud.discovery.enabled=false", "spring.cloud.config.enabled=false", "spring.cloud.consul.enabled=false", "spring.cloud.gateway.enabled=false", "spring.cloud.circuitbreaker.enabled=false", "spring.main.web-application-type=servlet", "spring.validation.is-method-validation-bean-post-processor-enabled=false", "rocketmq.messageConsumer.enabled=false", "rocketmq.producer.enable=false", "rocketmq.name-server=8.133.246.113:9876", "rocketmq.producer.group=test-group", "spring.data.elasticsearch.repositories.enabled=false", "spring.elasticsearch.enabled=false", "spring.webflux.base-path=/api", "spring.autoconfigure.exclude=org.springframework.boot.autoconfigure.web.reactive.function.client.WebClientAutoConfiguration", "org.springframework.boot.test.autoconfigure.web.servlet.WebMvcTestContextBootstrapper=true"], contextCustomizers = [[ImportsContextCustomizer@7ba947fe key = [org.springframework.boot.autoconfigure.task.TaskExecutionAutoConfiguration, org.springframework.boot.autoconfigure.context.MessageSourceAutoConfiguration, org.springframework.boot.autoconfigure.hateoas.HypermediaAutoConfiguration, com.bgpay.bgai.config.ElasticsearchAutoConfigurationDisabler, org.springframework.boot.test.autoconfigure.web.servlet.MockMvcAutoConfiguration, com.bgpay.bgai.config.FileTypeServiceMockConfig, com.bgpay.bgai.config.RedisAutoConfigurationDisabler, com.bgpay.bgai.config.WebClientBeanExclusionConfig, org.springframework.boot.autoconfigure.security.oauth2.client.servlet.OAuth2ClientAutoConfiguration, com.bgpay.bgai.config.WebClientTestConfig, com.bgpay.bgai.config.RocketMQMockConfig, com.bgpay.bgai.config.UnifiedEnvironmentConfig, org.springframework.boot.test.autoconfigure.web.servlet.MockMvcWebDriverAutoConfiguration, com.bgpay.bgai.config.WebClientTestOverrideConfig, com.bgpay.bgai.config.ElasticsearchMockConfig, com.bgpay.bgai.config.WebClientBuilderUnifier, org.springframework.boot.autoconfigure.jsonb.JsonbAutoConfiguration, com.bgpay.bgai.config.MockMvcTestConfig, com.bgpay.bgai.config.ChatWebFilterMockConfig, com.bgpay.bgai.config.WebMvcAutoConfigurationDisabler, org.springframework.boot.autoconfigure.security.servlet.UserDetailsServiceAutoConfiguration, org.springframework.boot.autoconfigure.security.oauth2.resource.servlet.OAuth2ResourceServerAutoConfiguration, org.springframework.boot.autoconfigure.groovy.template.GroovyTemplateAutoConfiguration, com.bgpay.bgai.config.DeepSeekWebClientMockConfig, org.springframework.boot.autoconfigure.mustache.MustacheAutoConfiguration, com.bgpay.bgai.config.ExcludeMainWebClientConfig, com.bgpay.bgai.config.DataSourceAutoConfigurationDisabler, com.bgpay.bgai.config.ReactiveWebMockConfig, org.springframework.boot.autoconfigure.cache.CacheAutoConfiguration, org.springframework.boot.autoconfigure.web.servlet.HttpEncodingAutoConfiguration, com.bgpay.bgai.config.EnhancedChatControllerMockConfig, org.springframework.boot.autoconfigure.data.web.SpringDataWebAutoConfiguration, org.springframework.boot.autoconfigure.jackson.JacksonAutoConfiguration, org.springframework.boot.test.autoconfigure.web.reactive.WebTestClientAutoConfiguration, org.springframework.boot.autoconfigure.web.servlet.error.ErrorMvcAutoConfiguration, org.springframework.boot.autoconfigure.security.servlet.SecurityFilterAutoConfiguration, org.springframework.boot.autoconfigure.http.HttpMessageConvertersAutoConfiguration, com.bgpay.bgai.config.ChatRecordRepositoryMockConfig, com.bgpay.bgai.config.WebClientAutoConfigurationExcluder, com.bgpay.bgai.config.WebClientConfigMock, org.springframework.boot.test.autoconfigure.web.servlet.MockMvcSecurityConfiguration, com.bgpay.bgai.config.CacheWarmerMockConfig, org.springframework.boot.test.autoconfigure.web.servlet.MockMvcWebClientAutoConfiguration, org.springframework.boot.autoconfigure.thymeleaf.ThymeleafAutoConfiguration, com.bgpay.bgai.config.TestPropertySourceConfig, org.springframework.boot.autoconfigure.gson.GsonAutoConfiguration, org.springframework.boot.autoconfigure.freemarker.FreeMarkerAutoConfiguration, org.springframework.boot.autoconfigure.web.servlet.WebMvcAutoConfiguration, com.bgpay.bgai.config.WebClientConfigOverrideConfig, com.bgpay.bgai.config.FeignAutoConfigurationDisabler]], org.springframework.boot.test.context.filter.ExcludeFilterContextCustomizer@7c4fc2bf, org.springframework.boot.test.json.DuplicateJsonObjectContextCustomizerFactory$DuplicateJsonObjectContextCustomizer@46866946, org.springframework.boot.test.mock.mockito.MockitoContextCustomizer@71385aac, org.springframework.boot.test.autoconfigure.OverrideAutoConfigurationContextCustomizerFactory$DisableAutoConfigurationContextCustomizer@151db587, org.springframework.boot.test.autoconfigure.actuate.observability.ObservabilityContextCustomizerFactory$DisableObservabilityContextCustomizer@1f, org.springframework.boot.test.autoconfigure.filter.TypeExcludeFiltersContextCustomizer@65756da5, org.springframework.boot.test.autoconfigure.properties.PropertyMappingContextCustomizer@dcbce87, org.springframework.boot.test.autoconfigure.web.servlet.WebDriverContextCustomizer@5ff2e84b, org.springframework.boot.test.context.SpringBootTestAnnotation@25770f88], resourceBasePath = "src/main/webapp", contextLoader = org.springframework.boot.test.context.SpringBootContextLoader, parent = null]
	at org.springframework.test.context.cache.DefaultCacheAwareContextLoaderDelegate.loadContext(DefaultCacheAwareContextLoaderDelegate.java:180)
	at org.springframework.test.context.support.DefaultTestContext.getApplicationContext(DefaultTestContext.java:130)
	at org.springframework.boot.test.mock.mockito.MockitoTestExecutionListener.postProcessFields(MockitoTestExecutionListener.java:122)
	at org.springframework.boot.test.mock.mockito.MockitoTestExecutionListener.injectFields(MockitoTestExecutionListener.java:106)
	at org.springframework.boot.test.mock.mockito.MockitoTestExecutionListener.prepareTestInstance(MockitoTestExecutionListener.java:63)
	at org.springframework.test.context.TestContextManager.prepareTestInstance(TestContextManager.java:260)
	at org.springframework.test.context.testng.AbstractTestNGSpringContextTests.springTestContextPrepareTestInstance(AbstractTestNGSpringContextTests.java:119)
	at java.base/jdk.internal.reflect.DirectMethodHandleAccessor.invoke(DirectMethodHandleAccessor.java:103)
	at java.base/java.lang.reflect.Method.invoke(Method.java:580)
	at org.testng.internal.MethodInvocationHelper.invokeMethod(MethodInvocationHelper.java:134)
	at org.testng.internal.MethodInvocationHelper.invokeMethodConsideringTimeout(MethodInvocationHelper.java:63)
	at org.testng.internal.ConfigInvoker.invokeConfigurationMethod(ConfigInvoker.java:348)
	at org.testng.internal.ConfigInvoker.invokeConfigurations(ConfigInvoker.java:302)
	at org.testng.internal.TestMethodWorker.invokeBeforeClassMethods(TestMethodWorker.java:176)
	at org.testng.internal.TestMethodWorker.run(TestMethodWorker.java:122)
	at java.base/java.util.ArrayList.forEach(ArrayList.java:1596)
	at org.testng.TestRunner.privateRun(TestRunner.java:766)
	at org.testng.TestRunner.run(TestRunner.java:587)
	at org.testng.SuiteRunner.runTest(SuiteRunner.java:384)
	at org.testng.SuiteRunner.runSequentially(SuiteRunner.java:378)
	at org.testng.SuiteRunner.privateRun(SuiteRunner.java:337)
	at org.testng.SuiteRunner.run(SuiteRunner.java:286)
	at org.testng.SuiteRunnerWorker.runSuite(SuiteRunnerWorker.java:53)
	at org.testng.SuiteRunnerWorker.run(SuiteRunnerWorker.java:96)
	at org.testng.TestNG.runSuitesSequentially(TestNG.java:1187)
	at org.testng.TestNG.runSuitesLocally(TestNG.java:1109)
	at org.testng.TestNG.runSuites(TestNG.java:1039)
	at org.testng.TestNG.run(TestNG.java:1007)
	at com.intellij.rt.testng.IDEARemoteTestNG.run(IDEARemoteTestNG.java:65)
	at com.intellij.rt.testng.RemoteTestNGStarter.main(RemoteTestNGStarter.java:105)
Caused by: org.springframework.beans.factory.UnsatisfiedDependencyException: Error creating bean with name 'usageStatisticsController' defined in file [E:\project\bgai\target\classes\com\bgpay\bgai\controller\UsageStatisticsController.class]: Unsatisfied dependency expressed through constructor parameter 0: Error creating bean with name 'usageRecordServiceImpl' defined in file [E:\project\bgai\target\classes\com\bgpay\bgai\service\impl\UsageRecordServiceImpl.class]: Unsatisfied dependency expressed through constructor parameter 2: Error creating bean with name 'priceCacheServiceImpl' defined in file [E:\project\bgai\target\classes\com\bgpay\bgai\service\impl\PriceCacheServiceImpl.class]: Unsatisfied dependency expressed through constructor parameter 4: Error creating bean with name 'redissonClient' defined in class path resource [com/bgpay/bgai/cache/RedissonConfig.class]: Failed to instantiate [org.redisson.api.RedissonClient]: Factory method 'redissonClient' threw exception with message: Redis url should start with redis:// or rediss:// (for SSL connection)
	at org.springframework.beans.factory.support.ConstructorResolver.createArgumentArray(ConstructorResolver.java:795)
	at org.springframework.beans.factory.support.ConstructorResolver.autowireConstructor(ConstructorResolver.java:237)
	at org.springframework.beans.factory.support.AbstractAutowireCapableBeanFactory.autowireConstructor(AbstractAutowireCapableBeanFactory.java:1355)
	at org.springframework.beans.factory.support.AbstractAutowireCapableBeanFactory.createBeanInstance(AbstractAutowireCapableBeanFactory.java:1192)
	at org.springframework.beans.factory.support.AbstractAutowireCapableBeanFactory.doCreateBean(AbstractAutowireCapableBeanFactory.java:562)
	at org.springframework.beans.factory.support.AbstractAutowireCapableBeanFactory.createBean(AbstractAutowireCapableBeanFactory.java:522)
	at org.springframework.beans.factory.support.AbstractBeanFactory.lambda$doGetBean$0(AbstractBeanFactory.java:326)
	at org.springframework.beans.factory.support.DefaultSingletonBeanRegistry.getSingleton(DefaultSingletonBeanRegistry.java:234)
	at org.springframework.beans.factory.support.AbstractBeanFactory.doGetBean(AbstractBeanFactory.java:324)
	at org.springframework.beans.factory.support.AbstractBeanFactory.getBean(AbstractBeanFactory.java:200)
	at org.springframework.beans.factory.support.DefaultListableBeanFactory.preInstantiateSingletons(DefaultListableBeanFactory.java:975)
	at org.springframework.context.support.AbstractApplicationContext.finishBeanFactoryInitialization(AbstractApplicationContext.java:962)
	at org.springframework.context.support.AbstractApplicationContext.refresh(AbstractApplicationContext.java:624)
	at org.springframework.boot.SpringApplication.refresh(SpringApplication.java:754)
	at org.springframework.boot.SpringApplication.refreshContext(SpringApplication.java:456)
	at org.springframework.boot.SpringApplication.run(SpringApplication.java:334)
	at org.springframework.boot.test.context.SpringBootContextLoader.lambda$loadContext$3(SpringBootContextLoader.java:137)
	at org.springframework.util.function.ThrowingSupplier.get(ThrowingSupplier.java:58)
	at org.springframework.util.function.ThrowingSupplier.get(ThrowingSupplier.java:46)
	at org.springframework.boot.SpringApplication.withHook(SpringApplication.java:1454)
	at org.springframework.boot.test.context.SpringBootContextLoader$ContextLoaderHook.run(SpringBootContextLoader.java:553)
	at org.springframework.boot.test.context.SpringBootContextLoader.loadContext(SpringBootContextLoader.java:137)
	at org.springframework.boot.test.context.SpringBootContextLoader.loadContext(SpringBootContextLoader.java:108)
	at org.springframework.test.context.cache.DefaultCacheAwareContextLoaderDelegate.loadContextInternal(DefaultCacheAwareContextLoaderDelegate.java:225)
	at org.springframework.test.context.cache.DefaultCacheAwareContextLoaderDelegate.loadContext(DefaultCacheAwareContextLoaderDelegate.java:152)
	... 29 common frames omitted
Caused by: org.springframework.beans.factory.UnsatisfiedDependencyException: Error creating bean with name 'usageRecordServiceImpl' defined in file [E:\project\bgai\target\classes\com\bgpay\bgai\service\impl\UsageRecordServiceImpl.class]: Unsatisfied dependency expressed through constructor parameter 2: Error creating bean with name 'priceCacheServiceImpl' defined in file [E:\project\bgai\target\classes\com\bgpay\bgai\service\impl\PriceCacheServiceImpl.class]: Unsatisfied dependency expressed through constructor parameter 4: Error creating bean with name 'redissonClient' defined in class path resource [com/bgpay/bgai/cache/RedissonConfig.class]: Failed to instantiate [org.redisson.api.RedissonClient]: Factory method 'redissonClient' threw exception with message: Redis url should start with redis:// or rediss:// (for SSL connection)
	at org.springframework.beans.factory.support.ConstructorResolver.createArgumentArray(ConstructorResolver.java:795)
	at org.springframework.beans.factory.support.ConstructorResolver.autowireConstructor(ConstructorResolver.java:237)
	at org.springframework.beans.factory.support.AbstractAutowireCapableBeanFactory.autowireConstructor(AbstractAutowireCapableBeanFactory.java:1355)
	at org.springframework.beans.factory.support.AbstractAutowireCapableBeanFactory.createBeanInstance(AbstractAutowireCapableBeanFactory.java:1192)
	at org.springframework.beans.factory.support.AbstractAutowireCapableBeanFactory.doCreateBean(AbstractAutowireCapableBeanFactory.java:562)
	at org.springframework.beans.factory.support.AbstractAutowireCapableBeanFactory.createBean(AbstractAutowireCapableBeanFactory.java:522)
	at org.springframework.beans.factory.support.AbstractBeanFactory.lambda$doGetBean$0(AbstractBeanFactory.java:326)
	at org.springframework.beans.factory.support.DefaultSingletonBeanRegistry.getSingleton(DefaultSingletonBeanRegistry.java:234)
	at org.springframework.beans.factory.support.AbstractBeanFactory.doGetBean(AbstractBeanFactory.java:324)
	at org.springframework.beans.factory.support.AbstractBeanFactory.getBean(AbstractBeanFactory.java:200)
	at org.springframework.beans.factory.config.DependencyDescriptor.resolveCandidate(DependencyDescriptor.java:254)
	at org.springframework.beans.factory.support.DefaultListableBeanFactory.doResolveDependency(DefaultListableBeanFactory.java:1443)
	at org.springframework.beans.factory.support.DefaultListableBeanFactory.resolveDependency(DefaultListableBeanFactory.java:1353)
	at org.springframework.beans.factory.support.ConstructorResolver.resolveAutowiredArgument(ConstructorResolver.java:904)
	at org.springframework.beans.factory.support.ConstructorResolver.createArgumentArray(ConstructorResolver.java:782)
	... 53 common frames omitted
Caused by: org.springframework.beans.factory.UnsatisfiedDependencyException: Error creating bean with name 'priceCacheServiceImpl' defined in file [E:\project\bgai\target\classes\com\bgpay\bgai\service\impl\PriceCacheServiceImpl.class]: Unsatisfied dependency expressed through constructor parameter 4: Error creating bean with name 'redissonClient' defined in class path resource [com/bgpay/bgai/cache/RedissonConfig.class]: Failed to instantiate [org.redisson.api.RedissonClient]: Factory method 'redissonClient' threw exception with message: Redis url should start with redis:// or rediss:// (for SSL connection)
	at org.springframework.beans.factory.support.ConstructorResolver.createArgumentArray(ConstructorResolver.java:795)
	at org.springframework.beans.factory.support.ConstructorResolver.autowireConstructor(ConstructorResolver.java:237)
	at org.springframework.beans.factory.support.AbstractAutowireCapableBeanFactory.autowireConstructor(AbstractAutowireCapableBeanFactory.java:1355)
	at org.springframework.beans.factory.support.AbstractAutowireCapableBeanFactory.createBeanInstance(AbstractAutowireCapableBeanFactory.java:1192)
	at org.springframework.beans.factory.support.AbstractAutowireCapableBeanFactory.doCreateBean(AbstractAutowireCapableBeanFactory.java:562)
	at org.springframework.beans.factory.support.AbstractAutowireCapableBeanFactory.createBean(AbstractAutowireCapableBeanFactory.java:522)
	at org.springframework.beans.factory.support.AbstractBeanFactory.lambda$doGetBean$0(AbstractBeanFactory.java:326)
	at org.springframework.beans.factory.support.DefaultSingletonBeanRegistry.getSingleton(DefaultSingletonBeanRegistry.java:234)
	at org.springframework.beans.factory.support.AbstractBeanFactory.doGetBean(AbstractBeanFactory.java:324)
	at org.springframework.beans.factory.support.AbstractBeanFactory.getBean(AbstractBeanFactory.java:200)
	at org.springframework.beans.factory.config.DependencyDescriptor.resolveCandidate(DependencyDescriptor.java:254)
	at org.springframework.beans.factory.support.DefaultListableBeanFactory.doResolveDependency(DefaultListableBeanFactory.java:1443)
	at org.springframework.beans.factory.support.DefaultListableBeanFactory.resolveDependency(DefaultListableBeanFactory.java:1353)
	at org.springframework.beans.factory.support.ConstructorResolver.resolveAutowiredArgument(ConstructorResolver.java:904)
	at org.springframework.beans.factory.support.ConstructorResolver.createArgumentArray(ConstructorResolver.java:782)
	... 67 common frames omitted
Caused by: org.springframework.beans.factory.BeanCreationException: Error creating bean with name 'redissonClient' defined in class path resource [com/bgpay/bgai/cache/RedissonConfig.class]: Failed to instantiate [org.redisson.api.RedissonClient]: Factory method 'redissonClient' threw exception with message: Redis url should start with redis:// or rediss:// (for SSL connection)
	at org.springframework.beans.factory.support.ConstructorResolver.instantiate(ConstructorResolver.java:648)
	at org.springframework.beans.factory.support.ConstructorResolver.instantiateUsingFactoryMethod(ConstructorResolver.java:485)
	at org.springframework.beans.factory.support.AbstractAutowireCapableBeanFactory.instantiateUsingFactoryMethod(AbstractAutowireCapableBeanFactory.java:1335)
	at org.springframework.beans.factory.support.AbstractAutowireCapableBeanFactory.createBeanInstance(AbstractAutowireCapableBeanFactory.java:1165)
	at org.springframework.beans.factory.support.AbstractAutowireCapableBeanFactory.doCreateBean(AbstractAutowireCapableBeanFactory.java:562)
	at org.springframework.beans.factory.support.AbstractAutowireCapableBeanFactory.createBean(AbstractAutowireCapableBeanFactory.java:522)
	at org.springframework.beans.factory.support.AbstractBeanFactory.lambda$doGetBean$0(AbstractBeanFactory.java:326)
	at org.springframework.beans.factory.support.DefaultSingletonBeanRegistry.getSingleton(DefaultSingletonBeanRegistry.java:234)
	at org.springframework.beans.factory.support.AbstractBeanFactory.doGetBean(AbstractBeanFactory.java:324)
	at org.springframework.beans.factory.support.AbstractBeanFactory.getBean(AbstractBeanFactory.java:200)
	at org.springframework.beans.factory.config.DependencyDescriptor.resolveCandidate(DependencyDescriptor.java:254)
	at org.springframework.beans.factory.support.DefaultListableBeanFactory.doResolveDependency(DefaultListableBeanFactory.java:1443)
	at org.springframework.beans.factory.support.DefaultListableBeanFactory.resolveDependency(DefaultListableBeanFactory.java:1353)
	at org.springframework.beans.factory.support.ConstructorResolver.resolveAutowiredArgument(ConstructorResolver.java:904)
	at org.springframework.beans.factory.support.ConstructorResolver.createArgumentArray(ConstructorResolver.java:782)
	... 81 common frames omitted
Caused by: org.springframework.beans.BeanInstantiationException: Failed to instantiate [org.redisson.api.RedissonClient]: Factory method 'redissonClient' threw exception with message: Redis url should start with redis:// or rediss:// (for SSL connection)
	at org.springframework.beans.factory.support.SimpleInstantiationStrategy.instantiate(SimpleInstantiationStrategy.java:177)
	at org.springframework.beans.factory.support.ConstructorResolver.instantiate(ConstructorResolver.java:644)
	... 95 common frames omitted
Caused by: java.lang.IllegalArgumentException: Redis url should start with redis:// or rediss:// (for SSL connection)
	at org.redisson.misc.RedisURI.<init>(RedisURI.java:46)
	at org.redisson.connection.MasterSlaveConnectionManager.doConnect(MasterSlaveConnectionManager.java:217)
	at org.redisson.connection.MasterSlaveConnectionManager.connect(MasterSlaveConnectionManager.java:193)
	at org.redisson.config.ConfigSupport.createConnectionManager(ConfigSupport.java:221)
	at org.redisson.Redisson.<init>(Redisson.java:69)
	at org.redisson.Redisson.create(Redisson.java:114)
	at com.bgpay.bgai.cache.RedissonConfig.redissonClient(RedissonConfig.java:45)
	at com.bgpay.bgai.cache.RedissonConfig$$SpringCGLIB$$0.CGLIB$redissonClient$0(<generated>)
	at com.bgpay.bgai.cache.RedissonConfig$$SpringCGLIB$$FastClass$$1.invoke(<generated>)
	at org.springframework.cglib.proxy.MethodProxy.invokeSuper(MethodProxy.java:258)
	at org.springframework.context.annotation.ConfigurationClassEnhancer$BeanMethodInterceptor.intercept(ConfigurationClassEnhancer.java:331)
	at com.bgpay.bgai.cache.RedissonConfig$$SpringCGLIB$$0.redissonClient(<generated>)
	at java.base/jdk.internal.reflect.DirectMethodHandleAccessor.invoke(DirectMethodHandleAccessor.java:103)
	at java.base/java.lang.reflect.Method.invoke(Method.java:580)
	at org.springframework.beans.factory.support.SimpleInstantiationStrategy.instantiate(SimpleInstantiationStrategy.java:140)
	... 96 common frames omitted
2025-07-08 19:38:07.831 [main] [traceId:] [userId:] INFO  com.bgpay.bgai.base.YamlDataProvider - 从YAML文件加载测试数据: src/test/resources/test-data/YamlDataDrivenApiTest/testLogin.yml
2025-07-08 19:38:07.831 [main] [traceId:] [userId:] WARN  com.bgpay.bgai.base.YamlDataProvider - YAML文件不存在: src/test/resources/test-data/YamlDataDrivenApiTest/testLogin.yml
2025-07-08 19:38:07.841 [main] [traceId:] [userId:] DEBUG o.s.t.c.s.DirtiesContextTestExecutionListener - After test class: class [YamlDataDrivenApiTest], class annotated with @DirtiesContext [false] with mode [null]
2025-07-08 19:38:07.864 [Thread-9] [traceId:] [userId:] WARN  com.alibaba.nacos.common.notify.NotifyCenter - [NotifyCenter] Start destroying Publisher
2025-07-08 19:38:07.864 [Thread-2] [traceId:] [userId:] WARN  c.alibaba.nacos.common.http.HttpClientBeanHolder - [HttpClientBeanHolder] Start destroying common HttpClient
2025-07-08 19:38:07.864 [Thread-9] [traceId:] [userId:] WARN  com.alibaba.nacos.common.notify.NotifyCenter - [NotifyCenter] Destruction of the end
2025-07-08 19:38:07.865 [Thread-2] [traceId:] [userId:] WARN  c.alibaba.nacos.common.http.HttpClientBeanHolder - [HttpClientBeanHolder] Destruction of the end
2025-07-08 19:52:30.884 [main] [traceId:] [userId:] WARN  com.alibaba.nacos.client.logging.NacosLogging - Load Logback Configuration of Nacos fail, message: Could not initialize Logback Nacos logging from classpath:nacos-logback.xml
2025-07-08 19:52:30.942 [main] [traceId:] [userId:] WARN  com.alibaba.nacos.client.logging.NacosLogging - Load Logback Configuration of Nacos fail, message: Could not initialize Logback Nacos logging from classpath:nacos-logback.xml
2025-07-08 19:52:31.145 [main] [traceId:] [userId:] WARN  com.alibaba.nacos.client.logging.NacosLogging - Load Logback Configuration of Nacos fail, message: Could not initialize Logback Nacos logging from classpath:nacos-logback.xml
2025-07-08 19:52:31.147 [main] [traceId:] [userId:] INFO  com.alibaba.nacos.client.utils.ParamUtil - [settings] [req-serv] nacos-server port:8848
2025-07-08 19:52:31.147 [main] [traceId:] [userId:] INFO  com.alibaba.nacos.client.utils.ParamUtil - [settings] [http-client] connect timeout:1000
2025-07-08 19:52:31.149 [main] [traceId:] [userId:] INFO  com.alibaba.nacos.client.utils.ParamUtil - PER_TASK_CONFIG_SIZE: 3000.0
2025-07-08 19:52:31.195 [main] [traceId:] [userId:] INFO  c.a.n.p.auth.spi.client.ClientAuthPluginManager - [ClientAuthPluginManager] Load ClientAuthService com.alibaba.nacos.client.auth.impl.NacosClientAuthServiceImpl success.
2025-07-08 19:52:31.195 [main] [traceId:] [userId:] INFO  c.a.n.p.auth.spi.client.ClientAuthPluginManager - [ClientAuthPluginManager] Load ClientAuthService com.alibaba.nacos.client.auth.ram.RamClientAuthServiceImpl success.
2025-07-08 19:52:31.199 [main] [traceId:] [userId:] INFO  c.a.n.client.auth.ram.identify.CredentialWatcher - null No credential found
2025-07-08 19:52:31.446 [main] [traceId:] [userId:] WARN  com.alibaba.nacos.client.logging.NacosLogging - Load Logback Configuration of Nacos fail, message: Could not initialize Logback Nacos logging from classpath:nacos-logback.xml
2025-07-08 19:52:32.406 [main] [traceId:] [userId:] WARN  c.a.cloud.nacos.client.NacosPropertySourceBuilder - Ignore the empty nacos configuration and get it based on dataId[common-dev.yaml] & group[DEFAULT_GROUP]
2025-07-08 19:52:32.421 [main] [traceId:] [userId:] WARN  c.a.cloud.nacos.client.NacosPropertySourceBuilder - Ignore the empty nacos configuration and get it based on dataId[bgtech-ai] & group[DEFAULT_GROUP]
2025-07-08 19:52:32.433 [main] [traceId:] [userId:] WARN  c.a.cloud.nacos.client.NacosPropertySourceBuilder - Ignore the empty nacos configuration and get it based on dataId[bgtech-ai.yaml] & group[DEFAULT_GROUP]
2025-07-08 19:52:32.445 [main] [traceId:] [userId:] WARN  c.a.cloud.nacos.client.NacosPropertySourceBuilder - Ignore the empty nacos configuration and get it based on dataId[bgtech-ai-test.yaml] & group[DEFAULT_GROUP]
2025-07-08 19:52:32.446 [main] [traceId:] [userId:] INFO  o.s.c.b.c.PropertySourceBootstrapConfiguration - Located property source: [BootstrapPropertySource {name='bootstrapProperties-bgtech-ai-test.yaml,DEFAULT_GROUP'}, BootstrapPropertySource {name='bootstrapProperties-bgtech-ai.yaml,DEFAULT_GROUP'}, BootstrapPropertySource {name='bootstrapProperties-bgtech-ai,DEFAULT_GROUP'}, BootstrapPropertySource {name='bootstrapProperties-common-dev.yaml,DEFAULT_GROUP'}]
2025-07-08 19:52:32.489 [main] [traceId:] [userId:] WARN  o.s.b.t.j.DuplicateJsonObjectContextCustomizerFactory$DuplicateJsonObjectContextCustomizer - 

Found multiple occurrences of org.json.JSONObject on the class path:

	jar:file:/C:/Users/Administrator/.m2/repository/com/vaadin/external/google/android-json/0.0.20131108.vaadin1/android-json-0.0.20131108.vaadin1.jar!/org/json/JSONObject.class
	jar:file:/C:/Users/Administrator/.m2/repository/org/json/json/20220320/json-20220320.jar!/org/json/JSONObject.class

You may wish to exclude one of them to ensure predictable runtime behavior

2025-07-08 19:52:32.493 [main] [traceId:] [userId:] WARN  com.alibaba.nacos.client.logging.NacosLogging - Load Logback Configuration of Nacos fail, message: Could not initialize Logback Nacos logging from classpath:nacos-logback.xml
2025-07-08 19:52:32.494 [main] [traceId:] [userId:] INFO  com.bgpay.bgai.controller.YamlDataDrivenApiTest - The following 2 profiles are active: "dev", "test"
2025-07-08 19:52:33.056 [main] [traceId:] [userId:] WARN  o.s.w.context.support.GenericWebApplicationContext - Exception encountered during context initialization - cancelling refresh attempt: org.springframework.beans.factory.parsing.BeanDefinitionParsingException: Configuration problem: @Configuration class 'RedisMockConfig' contains overloaded @Bean methods with name 'redisTemplate'. Use unique method names for separate bean definitions (with individual conditions etc) or switch '@Configuration.enforceUniqueMethods' to 'false'.
Offending resource: class path resource [com/bgpay/bgai/config/RedisMockConfig.class]
2025-07-08 19:52:33.062 [main] [traceId:] [userId:] INFO  o.s.b.a.logging.ConditionEvaluationReportLogger - 

Error starting ApplicationContext. To display the condition evaluation report re-run your application with 'debug' enabled.
2025-07-08 19:52:33.084 [main] [traceId:] [userId:] ERROR org.springframework.boot.SpringApplication - Application run failed
org.springframework.beans.factory.parsing.BeanDefinitionParsingException: Configuration problem: @Configuration class 'RedisMockConfig' contains overloaded @Bean methods with name 'redisTemplate'. Use unique method names for separate bean definitions (with individual conditions etc) or switch '@Configuration.enforceUniqueMethods' to 'false'.
Offending resource: class path resource [com/bgpay/bgai/config/RedisMockConfig.class]
	at org.springframework.beans.factory.parsing.FailFastProblemReporter.error(FailFastProblemReporter.java:72)
	at org.springframework.context.annotation.ConfigurationClass.validate(ConfigurationClass.java:230)
	at org.springframework.context.annotation.ConfigurationClassParser.validate(ConfigurationClassParser.java:206)
	at org.springframework.context.annotation.ConfigurationClassPostProcessor.processConfigBeanDefinitions(ConfigurationClassPostProcessor.java:417)
	at org.springframework.context.annotation.ConfigurationClassPostProcessor.postProcessBeanDefinitionRegistry(ConfigurationClassPostProcessor.java:289)
	at org.springframework.context.support.PostProcessorRegistrationDelegate.invokeBeanDefinitionRegistryPostProcessors(PostProcessorRegistrationDelegate.java:349)
	at org.springframework.context.support.PostProcessorRegistrationDelegate.invokeBeanFactoryPostProcessors(PostProcessorRegistrationDelegate.java:118)
	at org.springframework.context.support.AbstractApplicationContext.invokeBeanFactoryPostProcessors(AbstractApplicationContext.java:788)
	at org.springframework.context.support.AbstractApplicationContext.refresh(AbstractApplicationContext.java:606)
	at org.springframework.boot.SpringApplication.refresh(SpringApplication.java:754)
	at org.springframework.boot.SpringApplication.refreshContext(SpringApplication.java:456)
	at org.springframework.boot.SpringApplication.run(SpringApplication.java:334)
	at org.springframework.boot.test.context.SpringBootContextLoader.lambda$loadContext$3(SpringBootContextLoader.java:137)
	at org.springframework.util.function.ThrowingSupplier.get(ThrowingSupplier.java:58)
	at org.springframework.util.function.ThrowingSupplier.get(ThrowingSupplier.java:46)
	at org.springframework.boot.SpringApplication.withHook(SpringApplication.java:1454)
	at org.springframework.boot.test.context.SpringBootContextLoader$ContextLoaderHook.run(SpringBootContextLoader.java:553)
	at org.springframework.boot.test.context.SpringBootContextLoader.loadContext(SpringBootContextLoader.java:137)
	at org.springframework.boot.test.context.SpringBootContextLoader.loadContext(SpringBootContextLoader.java:108)
	at org.springframework.test.context.cache.DefaultCacheAwareContextLoaderDelegate.loadContextInternal(DefaultCacheAwareContextLoaderDelegate.java:225)
	at org.springframework.test.context.cache.DefaultCacheAwareContextLoaderDelegate.loadContext(DefaultCacheAwareContextLoaderDelegate.java:152)
	at org.springframework.test.context.support.DefaultTestContext.getApplicationContext(DefaultTestContext.java:130)
	at org.springframework.boot.test.mock.mockito.MockitoTestExecutionListener.postProcessFields(MockitoTestExecutionListener.java:122)
	at org.springframework.boot.test.mock.mockito.MockitoTestExecutionListener.injectFields(MockitoTestExecutionListener.java:106)
	at org.springframework.boot.test.mock.mockito.MockitoTestExecutionListener.prepareTestInstance(MockitoTestExecutionListener.java:63)
	at org.springframework.test.context.TestContextManager.prepareTestInstance(TestContextManager.java:260)
	at org.springframework.test.context.testng.AbstractTestNGSpringContextTests.springTestContextPrepareTestInstance(AbstractTestNGSpringContextTests.java:119)
	at java.base/jdk.internal.reflect.DirectMethodHandleAccessor.invoke(DirectMethodHandleAccessor.java:103)
	at java.base/java.lang.reflect.Method.invoke(Method.java:580)
	at org.testng.internal.MethodInvocationHelper.invokeMethod(MethodInvocationHelper.java:134)
	at org.testng.internal.MethodInvocationHelper.invokeMethodConsideringTimeout(MethodInvocationHelper.java:63)
	at org.testng.internal.ConfigInvoker.invokeConfigurationMethod(ConfigInvoker.java:348)
	at org.testng.internal.ConfigInvoker.invokeConfigurations(ConfigInvoker.java:302)
	at org.testng.internal.TestMethodWorker.invokeBeforeClassMethods(TestMethodWorker.java:176)
	at org.testng.internal.TestMethodWorker.run(TestMethodWorker.java:122)
	at java.base/java.util.ArrayList.forEach(ArrayList.java:1596)
	at org.testng.TestRunner.privateRun(TestRunner.java:766)
	at org.testng.TestRunner.run(TestRunner.java:587)
	at org.testng.SuiteRunner.runTest(SuiteRunner.java:384)
	at org.testng.SuiteRunner.runSequentially(SuiteRunner.java:378)
	at org.testng.SuiteRunner.privateRun(SuiteRunner.java:337)
	at org.testng.SuiteRunner.run(SuiteRunner.java:286)
	at org.testng.SuiteRunnerWorker.runSuite(SuiteRunnerWorker.java:53)
	at org.testng.SuiteRunnerWorker.run(SuiteRunnerWorker.java:96)
	at org.testng.TestNG.runSuitesSequentially(TestNG.java:1187)
	at org.testng.TestNG.runSuitesLocally(TestNG.java:1109)
	at org.testng.TestNG.runSuites(TestNG.java:1039)
	at org.testng.TestNG.run(TestNG.java:1007)
	at com.intellij.rt.testng.IDEARemoteTestNG.run(IDEARemoteTestNG.java:65)
	at com.intellij.rt.testng.RemoteTestNGStarter.main(RemoteTestNGStarter.java:105)
2025-07-08 19:52:33.261 [main] [traceId:] [userId:] DEBUG org.springframework.test.context.cache - Spring test ApplicationContext cache statistics: [DefaultContextCache@65f36591 size = 0, maxSize = 32, parentContextCount = 0, hitCount = 0, missCount = 1, failureCount = 1]
2025-07-08 19:52:33.262 [main] [traceId:] [userId:] WARN  o.springframework.test.context.TestContextManager - Caught exception while allowing TestExecutionListener [org.springframework.boot.test.mock.mockito.MockitoTestExecutionListener] to prepare test instance [com.bgpay.bgai.controller.YamlDataDrivenApiTest@43e1692f]
java.lang.IllegalStateException: Failed to load ApplicationContext for [WebMergedContextConfiguration@6094ad4 testClass = com.bgpay.bgai.controller.YamlDataDrivenApiTest, locations = [], classes = [com.bgpay.bgai.BgaiApplication], contextInitializerClasses = [], activeProfiles = ["test"], propertySourceDescriptors = [PropertySourceDescriptor[locations=[], ignoreResourceNotFound=false, name=null, propertySourceFactory=null, encoding=null]], propertySourceProperties = ["spring.main.allow-bean-definition-overriding=true", "seata.enabled=false", "saga.enabled=false", "seata.saga.state-machine.auto-register=false", "spring.cloud.loadbalancer.enabled=false", "spring.cloud.discovery.enabled=false", "spring.cloud.config.enabled=false", "spring.cloud.consul.enabled=false", "spring.cloud.gateway.enabled=false", "spring.cloud.circuitbreaker.enabled=false", "spring.main.web-application-type=servlet", "spring.validation.is-method-validation-bean-post-processor-enabled=false", "rocketmq.messageConsumer.enabled=false", "rocketmq.producer.enable=false", "rocketmq.name-server=8.133.246.113:9876", "rocketmq.producer.group=test-group", "spring.data.elasticsearch.repositories.enabled=false", "spring.elasticsearch.enabled=false", "spring.webflux.base-path=/api", "spring.autoconfigure.exclude=org.springframework.boot.autoconfigure.web.reactive.function.client.WebClientAutoConfiguration", "org.springframework.boot.test.autoconfigure.web.servlet.WebMvcTestContextBootstrapper=true"], contextCustomizers = [[ImportsContextCustomizer@3b3a3a92 key = [org.springframework.boot.autoconfigure.task.TaskExecutionAutoConfiguration, org.springframework.boot.autoconfigure.context.MessageSourceAutoConfiguration, org.springframework.boot.autoconfigure.hateoas.HypermediaAutoConfiguration, com.bgpay.bgai.config.ElasticsearchAutoConfigurationDisabler, org.springframework.boot.test.autoconfigure.web.servlet.MockMvcAutoConfiguration, com.bgpay.bgai.config.FileTypeServiceMockConfig, com.bgpay.bgai.config.RedisAutoConfigurationDisabler, com.bgpay.bgai.config.WebClientBeanExclusionConfig, org.springframework.boot.autoconfigure.security.oauth2.client.servlet.OAuth2ClientAutoConfiguration, com.bgpay.bgai.config.WebClientTestConfig, com.bgpay.bgai.config.RocketMQMockConfig, com.bgpay.bgai.config.UnifiedEnvironmentConfig, org.springframework.boot.test.autoconfigure.web.servlet.MockMvcWebDriverAutoConfiguration, com.bgpay.bgai.config.WebClientTestOverrideConfig, com.bgpay.bgai.config.ElasticsearchMockConfig, com.bgpay.bgai.config.WebClientBuilderUnifier, org.springframework.boot.autoconfigure.jsonb.JsonbAutoConfiguration, com.bgpay.bgai.config.MockMvcTestConfig, com.bgpay.bgai.config.ChatWebFilterMockConfig, com.bgpay.bgai.config.WebMvcAutoConfigurationDisabler, org.springframework.boot.autoconfigure.security.servlet.UserDetailsServiceAutoConfiguration, org.springframework.boot.autoconfigure.security.oauth2.resource.servlet.OAuth2ResourceServerAutoConfiguration, org.springframework.boot.autoconfigure.groovy.template.GroovyTemplateAutoConfiguration, com.bgpay.bgai.config.DeepSeekWebClientMockConfig, org.springframework.boot.autoconfigure.mustache.MustacheAutoConfiguration, com.bgpay.bgai.config.ExcludeMainWebClientConfig, com.bgpay.bgai.config.DataSourceAutoConfigurationDisabler, com.bgpay.bgai.config.ReactiveWebMockConfig, org.springframework.boot.autoconfigure.cache.CacheAutoConfiguration, org.springframework.boot.autoconfigure.web.servlet.HttpEncodingAutoConfiguration, com.bgpay.bgai.config.EnhancedChatControllerMockConfig, org.springframework.boot.autoconfigure.data.web.SpringDataWebAutoConfiguration, org.springframework.boot.autoconfigure.jackson.JacksonAutoConfiguration, org.springframework.boot.test.autoconfigure.web.reactive.WebTestClientAutoConfiguration, org.springframework.boot.autoconfigure.web.servlet.error.ErrorMvcAutoConfiguration, org.springframework.boot.autoconfigure.security.servlet.SecurityFilterAutoConfiguration, org.springframework.boot.autoconfigure.http.HttpMessageConvertersAutoConfiguration, com.bgpay.bgai.config.ChatRecordRepositoryMockConfig, com.bgpay.bgai.config.WebClientAutoConfigurationExcluder, com.bgpay.bgai.config.WebClientConfigMock, org.springframework.boot.test.autoconfigure.web.servlet.MockMvcSecurityConfiguration, com.bgpay.bgai.config.CacheWarmerMockConfig, org.springframework.boot.test.autoconfigure.web.servlet.MockMvcWebClientAutoConfiguration, org.springframework.boot.autoconfigure.thymeleaf.ThymeleafAutoConfiguration, com.bgpay.bgai.config.TestPropertySourceConfig, org.springframework.boot.autoconfigure.gson.GsonAutoConfiguration, org.springframework.boot.autoconfigure.freemarker.FreeMarkerAutoConfiguration, org.springframework.boot.autoconfigure.web.servlet.WebMvcAutoConfiguration, com.bgpay.bgai.config.WebClientConfigOverrideConfig, com.bgpay.bgai.config.FeignAutoConfigurationDisabler]], org.springframework.boot.test.context.filter.ExcludeFilterContextCustomizer@35088e87, org.springframework.boot.test.json.DuplicateJsonObjectContextCustomizerFactory$DuplicateJsonObjectContextCustomizer@3eee3e2b, org.springframework.boot.test.mock.mockito.MockitoContextCustomizer@9c3fbd14, org.springframework.boot.test.autoconfigure.OverrideAutoConfigurationContextCustomizerFactory$DisableAutoConfigurationContextCustomizer@3b05a99b, org.springframework.boot.test.autoconfigure.actuate.observability.ObservabilityContextCustomizerFactory$DisableObservabilityContextCustomizer@1f, org.springframework.boot.test.autoconfigure.filter.TypeExcludeFiltersContextCustomizer@cab777bd, org.springframework.boot.test.autoconfigure.properties.PropertyMappingContextCustomizer@fd35c3be, org.springframework.boot.test.autoconfigure.web.servlet.WebDriverContextCustomizer@6de0f580, org.springframework.boot.test.context.SpringBootTestAnnotation@451b3742], resourceBasePath = "src/main/webapp", contextLoader = org.springframework.boot.test.context.SpringBootContextLoader, parent = null]
	at org.springframework.test.context.cache.DefaultCacheAwareContextLoaderDelegate.loadContext(DefaultCacheAwareContextLoaderDelegate.java:180)
	at org.springframework.test.context.support.DefaultTestContext.getApplicationContext(DefaultTestContext.java:130)
	at org.springframework.boot.test.mock.mockito.MockitoTestExecutionListener.postProcessFields(MockitoTestExecutionListener.java:122)
	at org.springframework.boot.test.mock.mockito.MockitoTestExecutionListener.injectFields(MockitoTestExecutionListener.java:106)
	at org.springframework.boot.test.mock.mockito.MockitoTestExecutionListener.prepareTestInstance(MockitoTestExecutionListener.java:63)
	at org.springframework.test.context.TestContextManager.prepareTestInstance(TestContextManager.java:260)
	at org.springframework.test.context.testng.AbstractTestNGSpringContextTests.springTestContextPrepareTestInstance(AbstractTestNGSpringContextTests.java:119)
	at java.base/jdk.internal.reflect.DirectMethodHandleAccessor.invoke(DirectMethodHandleAccessor.java:103)
	at java.base/java.lang.reflect.Method.invoke(Method.java:580)
	at org.testng.internal.MethodInvocationHelper.invokeMethod(MethodInvocationHelper.java:134)
	at org.testng.internal.MethodInvocationHelper.invokeMethodConsideringTimeout(MethodInvocationHelper.java:63)
	at org.testng.internal.ConfigInvoker.invokeConfigurationMethod(ConfigInvoker.java:348)
	at org.testng.internal.ConfigInvoker.invokeConfigurations(ConfigInvoker.java:302)
	at org.testng.internal.TestMethodWorker.invokeBeforeClassMethods(TestMethodWorker.java:176)
	at org.testng.internal.TestMethodWorker.run(TestMethodWorker.java:122)
	at java.base/java.util.ArrayList.forEach(ArrayList.java:1596)
	at org.testng.TestRunner.privateRun(TestRunner.java:766)
	at org.testng.TestRunner.run(TestRunner.java:587)
	at org.testng.SuiteRunner.runTest(SuiteRunner.java:384)
	at org.testng.SuiteRunner.runSequentially(SuiteRunner.java:378)
	at org.testng.SuiteRunner.privateRun(SuiteRunner.java:337)
	at org.testng.SuiteRunner.run(SuiteRunner.java:286)
	at org.testng.SuiteRunnerWorker.runSuite(SuiteRunnerWorker.java:53)
	at org.testng.SuiteRunnerWorker.run(SuiteRunnerWorker.java:96)
	at org.testng.TestNG.runSuitesSequentially(TestNG.java:1187)
	at org.testng.TestNG.runSuitesLocally(TestNG.java:1109)
	at org.testng.TestNG.runSuites(TestNG.java:1039)
	at org.testng.TestNG.run(TestNG.java:1007)
	at com.intellij.rt.testng.IDEARemoteTestNG.run(IDEARemoteTestNG.java:65)
	at com.intellij.rt.testng.RemoteTestNGStarter.main(RemoteTestNGStarter.java:105)
Caused by: org.springframework.beans.factory.parsing.BeanDefinitionParsingException: Configuration problem: @Configuration class 'RedisMockConfig' contains overloaded @Bean methods with name 'redisTemplate'. Use unique method names for separate bean definitions (with individual conditions etc) or switch '@Configuration.enforceUniqueMethods' to 'false'.
Offending resource: class path resource [com/bgpay/bgai/config/RedisMockConfig.class]
	at org.springframework.beans.factory.parsing.FailFastProblemReporter.error(FailFastProblemReporter.java:72)
	at org.springframework.context.annotation.ConfigurationClass.validate(ConfigurationClass.java:230)
	at org.springframework.context.annotation.ConfigurationClassParser.validate(ConfigurationClassParser.java:206)
	at org.springframework.context.annotation.ConfigurationClassPostProcessor.processConfigBeanDefinitions(ConfigurationClassPostProcessor.java:417)
	at org.springframework.context.annotation.ConfigurationClassPostProcessor.postProcessBeanDefinitionRegistry(ConfigurationClassPostProcessor.java:289)
	at org.springframework.context.support.PostProcessorRegistrationDelegate.invokeBeanDefinitionRegistryPostProcessors(PostProcessorRegistrationDelegate.java:349)
	at org.springframework.context.support.PostProcessorRegistrationDelegate.invokeBeanFactoryPostProcessors(PostProcessorRegistrationDelegate.java:118)
	at org.springframework.context.support.AbstractApplicationContext.invokeBeanFactoryPostProcessors(AbstractApplicationContext.java:788)
	at org.springframework.context.support.AbstractApplicationContext.refresh(AbstractApplicationContext.java:606)
	at org.springframework.boot.SpringApplication.refresh(SpringApplication.java:754)
	at org.springframework.boot.SpringApplication.refreshContext(SpringApplication.java:456)
	at org.springframework.boot.SpringApplication.run(SpringApplication.java:334)
	at org.springframework.boot.test.context.SpringBootContextLoader.lambda$loadContext$3(SpringBootContextLoader.java:137)
	at org.springframework.util.function.ThrowingSupplier.get(ThrowingSupplier.java:58)
	at org.springframework.util.function.ThrowingSupplier.get(ThrowingSupplier.java:46)
	at org.springframework.boot.SpringApplication.withHook(SpringApplication.java:1454)
	at org.springframework.boot.test.context.SpringBootContextLoader$ContextLoaderHook.run(SpringBootContextLoader.java:553)
	at org.springframework.boot.test.context.SpringBootContextLoader.loadContext(SpringBootContextLoader.java:137)
	at org.springframework.boot.test.context.SpringBootContextLoader.loadContext(SpringBootContextLoader.java:108)
	at org.springframework.test.context.cache.DefaultCacheAwareContextLoaderDelegate.loadContextInternal(DefaultCacheAwareContextLoaderDelegate.java:225)
	at org.springframework.test.context.cache.DefaultCacheAwareContextLoaderDelegate.loadContext(DefaultCacheAwareContextLoaderDelegate.java:152)
	... 29 common frames omitted
2025-07-08 19:52:33.380 [main] [traceId:] [userId:] INFO  com.bgpay.bgai.base.YamlDataProvider - 从YAML文件加载测试数据: src/test/resources/test-data/YamlDataDrivenApiTest/testLogin.yml
2025-07-08 19:52:33.381 [main] [traceId:] [userId:] WARN  com.bgpay.bgai.base.YamlDataProvider - YAML文件不存在: src/test/resources/test-data/YamlDataDrivenApiTest/testLogin.yml
2025-07-08 19:52:33.387 [main] [traceId:] [userId:] DEBUG o.s.t.c.s.DirtiesContextTestExecutionListener - After test class: class [YamlDataDrivenApiTest], class annotated with @DirtiesContext [false] with mode [null]
2025-07-08 19:52:33.403 [Thread-2] [traceId:] [userId:] WARN  c.alibaba.nacos.common.http.HttpClientBeanHolder - [HttpClientBeanHolder] Start destroying common HttpClient
2025-07-08 19:52:33.403 [Thread-9] [traceId:] [userId:] WARN  com.alibaba.nacos.common.notify.NotifyCenter - [NotifyCenter] Start destroying Publisher
2025-07-08 19:52:33.403 [Thread-9] [traceId:] [userId:] WARN  com.alibaba.nacos.common.notify.NotifyCenter - [NotifyCenter] Destruction of the end
