2025-06-07 16:21:02.823 [main] WARN  com.alibaba.nacos.client.logging.NacosLogging - Load Logback Configuration of Nacos fail, message: Could not initialize Logback Nacos logging from classpath:nacos-logback.xml
2025-06-07 16:21:02.889 [main] WARN  com.alibaba.nacos.client.logging.NacosLogging - Load Logback Configuration of Nacos fail, message: Could not initialize Logback Nacos logging from classpath:nacos-logback.xml
2025-06-07 16:21:03.138 [main] WARN  com.alibaba.nacos.client.logging.NacosLogging - Load Logback Configuration of Nacos fail, message: Could not initialize Logback Nacos logging from classpath:nacos-logback.xml
2025-06-07 16:21:03.141 [main] INFO  com.alibaba.nacos.client.utils.ParamUtil - [settings] [req-serv] nacos-server port:8848
2025-06-07 16:21:03.141 [main] INFO  com.alibaba.nacos.client.utils.ParamUtil - [settings] [http-client] connect timeout:1000
2025-06-07 16:21:03.143 [main] INFO  com.alibaba.nacos.client.utils.ParamUtil - PER_TASK_CONFIG_SIZE: 3000.0
2025-06-07 16:21:03.178 [main] INFO  c.a.n.p.auth.spi.client.ClientAuthPluginManager - [ClientAuthPluginManager] Load ClientAuthService com.alibaba.nacos.client.auth.impl.NacosClientAuthServiceImpl success.
2025-06-07 16:21:03.179 [main] INFO  c.a.n.p.auth.spi.client.ClientAuthPluginManager - [ClientAuthPluginManager] Load ClientAuthService com.alibaba.nacos.client.auth.ram.RamClientAuthServiceImpl success.
2025-06-07 16:21:03.184 [main] INFO  c.a.n.client.auth.ram.identify.CredentialWatcher - null No credential found
2025-06-07 16:21:04.334 [main] WARN  com.alibaba.nacos.client.logging.NacosLogging - Load Logback Configuration of Nacos fail, message: Could not initialize Logback Nacos logging from classpath:nacos-logback.xml
2025-06-07 16:21:04.357 [main] INFO  c.a.n.client.config.impl.LocalConfigInfoProcessor - LOCAL_SNAPSHOT_PATH:C:\Users\Administrator\nacos\config
2025-06-07 16:21:04.361 [main] INFO  com.alibaba.nacos.common.remote.client - [RpcClientFactory] create a new rpc client of a6104488-f482-4e84-914d-0b7696aa4281_config-0
2025-06-07 16:21:04.380 [main] INFO  com.alibaba.nacos.common.remote.client - [a6104488-f482-4e84-914d-0b7696aa4281_config-0] Register server push request handler:com.alibaba.nacos.client.config.impl.ClientWorker$ConfigRpcTransportClient$$Lambda/0x0000023381401758
2025-06-07 16:21:04.380 [main] INFO  com.alibaba.nacos.common.remote.client - [a6104488-f482-4e84-914d-0b7696aa4281_config-0] Register server push request handler:com.alibaba.nacos.client.config.impl.ClientWorker$ConfigRpcTransportClient$$Lambda/0x0000023381401b68
2025-06-07 16:21:04.381 [main] INFO  com.alibaba.nacos.common.remote.client - [a6104488-f482-4e84-914d-0b7696aa4281_config-0] Registry connection listener to current client:com.alibaba.nacos.client.config.impl.ClientWorker$ConfigRpcTransportClient$1
2025-06-07 16:21:04.381 [main] INFO  com.alibaba.nacos.common.remote.client - [a6104488-f482-4e84-914d-0b7696aa4281_config-0] RpcClient init, ServerListFactory = com.alibaba.nacos.client.config.impl.ClientWorker$ConfigRpcTransportClient$2
2025-06-07 16:21:04.388 [main] INFO  com.alibaba.nacos.common.remote.client - [a6104488-f482-4e84-914d-0b7696aa4281_config-0] Try to connect to server on start up, server: {serverIp = '8.133.246.113', server main port = 8848}
2025-06-07 16:21:04.422 [main] INFO  c.a.nacos.common.remote.client.grpc.GrpcClient - grpc client connection server:8.133.246.113 ip,serverPort:9848,grpcTslConfig:{"sslProvider":"OPENSSL","enableTls":false,"mutualAuthEnable":false,"trustAll":false}
2025-06-07 16:21:05.179 [main] INFO  com.alibaba.nacos.common.remote.client - [a6104488-f482-4e84-914d-0b7696aa4281_config-0] Success to connect to server [8.133.246.113:8848] on start up, connectionId = 1749284464789_139.227.195.166_39827
2025-06-07 16:21:05.182 [com.alibaba.nacos.client.remote.worker] INFO  com.alibaba.nacos.common.remote.client - [a6104488-f482-4e84-914d-0b7696aa4281_config-0] Notify connected event to listeners.
2025-06-07 16:21:05.182 [com.alibaba.nacos.client.remote.worker] INFO  com.alibaba.nacos.client.config.impl.ClientWorker - [a6104488-f482-4e84-914d-0b7696aa4281_config-0] Connected,notify listen context...
2025-06-07 16:21:05.183 [main] INFO  com.alibaba.nacos.common.remote.client - [a6104488-f482-4e84-914d-0b7696aa4281_config-0] Register server push request handler:com.alibaba.nacos.common.remote.client.RpcClient$ConnectResetRequestHandler
2025-06-07 16:21:05.184 [main] INFO  com.alibaba.nacos.common.remote.client - [a6104488-f482-4e84-914d-0b7696aa4281_config-0] Register server push request handler:com.alibaba.nacos.common.remote.client.RpcClient$$Lambda/0x0000023381555120
2025-06-07 16:21:05.243 [main] INFO  com.alibaba.nacos.client.config.impl.Limiter - limitTime:5.0
2025-06-07 16:21:05.274 [main] WARN  c.a.cloud.nacos.client.NacosPropertySourceBuilder - Ignore the empty nacos configuration and get it based on dataId[common-dev.yaml] & group[DEFAULT_GROUP]
2025-06-07 16:21:05.288 [main] WARN  c.a.cloud.nacos.client.NacosPropertySourceBuilder - Ignore the empty nacos configuration and get it based on dataId[bgtech-ai] & group[DEFAULT_GROUP]
2025-06-07 16:21:05.301 [main] WARN  c.a.cloud.nacos.client.NacosPropertySourceBuilder - Ignore the empty nacos configuration and get it based on dataId[bgtech-ai.yaml] & group[DEFAULT_GROUP]
2025-06-07 16:21:05.317 [main] INFO  com.alibaba.nacos.client.config.utils.JvmUtil - isMultiInstance:false
2025-06-07 16:21:05.349 [main] INFO  o.s.c.b.c.PropertySourceBootstrapConfiguration - Located property source: [BootstrapPropertySource {name='bootstrapProperties-bgtech-ai-dev.yaml,DEFAULT_GROUP'}, BootstrapPropertySource {name='bootstrapProperties-bgtech-ai.yaml,DEFAULT_GROUP'}, BootstrapPropertySource {name='bootstrapProperties-bgtech-ai,DEFAULT_GROUP'}, BootstrapPropertySource {name='bootstrapProperties-common-dev.yaml,DEFAULT_GROUP'}]
2025-06-07 16:26:44.829 [main] WARN  com.alibaba.nacos.client.logging.NacosLogging - Load Logback Configuration of Nacos fail, message: Could not initialize Logback Nacos logging from classpath:nacos-logback.xml
2025-06-07 16:26:44.884 [main] WARN  com.alibaba.nacos.client.logging.NacosLogging - Load Logback Configuration of Nacos fail, message: Could not initialize Logback Nacos logging from classpath:nacos-logback.xml
2025-06-07 16:26:45.143 [main] WARN  com.alibaba.nacos.client.logging.NacosLogging - Load Logback Configuration of Nacos fail, message: Could not initialize Logback Nacos logging from classpath:nacos-logback.xml
2025-06-07 16:26:45.146 [main] INFO  com.alibaba.nacos.client.utils.ParamUtil - [settings] [req-serv] nacos-server port:8848
2025-06-07 16:26:45.146 [main] INFO  com.alibaba.nacos.client.utils.ParamUtil - [settings] [http-client] connect timeout:1000
2025-06-07 16:26:45.148 [main] INFO  com.alibaba.nacos.client.utils.ParamUtil - PER_TASK_CONFIG_SIZE: 3000.0
2025-06-07 16:26:45.182 [main] INFO  c.a.n.p.auth.spi.client.ClientAuthPluginManager - [ClientAuthPluginManager] Load ClientAuthService com.alibaba.nacos.client.auth.impl.NacosClientAuthServiceImpl success.
2025-06-07 16:26:45.182 [main] INFO  c.a.n.p.auth.spi.client.ClientAuthPluginManager - [ClientAuthPluginManager] Load ClientAuthService com.alibaba.nacos.client.auth.ram.RamClientAuthServiceImpl success.
2025-06-07 16:26:45.186 [main] INFO  c.a.n.client.auth.ram.identify.CredentialWatcher - null No credential found
2025-06-07 16:26:46.389 [main] WARN  com.alibaba.nacos.client.logging.NacosLogging - Load Logback Configuration of Nacos fail, message: Could not initialize Logback Nacos logging from classpath:nacos-logback.xml
2025-06-07 16:26:46.411 [main] INFO  c.a.n.client.config.impl.LocalConfigInfoProcessor - LOCAL_SNAPSHOT_PATH:C:\Users\Administrator\nacos\config
2025-06-07 16:26:46.415 [main] INFO  com.alibaba.nacos.common.remote.client - [RpcClientFactory] create a new rpc client of 7dc520aa-5ee8-42fb-95bd-03c0d4df4164_config-0
2025-06-07 16:26:46.438 [main] INFO  com.alibaba.nacos.common.remote.client - [7dc520aa-5ee8-42fb-95bd-03c0d4df4164_config-0] Register server push request handler:com.alibaba.nacos.client.config.impl.ClientWorker$ConfigRpcTransportClient$$Lambda/0x000001f222402b40
2025-06-07 16:26:46.438 [main] INFO  com.alibaba.nacos.common.remote.client - [7dc520aa-5ee8-42fb-95bd-03c0d4df4164_config-0] Register server push request handler:com.alibaba.nacos.client.config.impl.ClientWorker$ConfigRpcTransportClient$$Lambda/0x000001f222402f50
2025-06-07 16:26:46.439 [main] INFO  com.alibaba.nacos.common.remote.client - [7dc520aa-5ee8-42fb-95bd-03c0d4df4164_config-0] Registry connection listener to current client:com.alibaba.nacos.client.config.impl.ClientWorker$ConfigRpcTransportClient$1
2025-06-07 16:26:46.439 [main] INFO  com.alibaba.nacos.common.remote.client - [7dc520aa-5ee8-42fb-95bd-03c0d4df4164_config-0] RpcClient init, ServerListFactory = com.alibaba.nacos.client.config.impl.ClientWorker$ConfigRpcTransportClient$2
2025-06-07 16:26:46.447 [main] INFO  com.alibaba.nacos.common.remote.client - [7dc520aa-5ee8-42fb-95bd-03c0d4df4164_config-0] Try to connect to server on start up, server: {serverIp = '8.133.246.113', server main port = 8848}
2025-06-07 16:26:46.481 [main] INFO  c.a.nacos.common.remote.client.grpc.GrpcClient - grpc client connection server:8.133.246.113 ip,serverPort:9848,grpcTslConfig:{"sslProvider":"OPENSSL","enableTls":false,"mutualAuthEnable":false,"trustAll":false}
2025-06-07 16:26:47.271 [main] INFO  com.alibaba.nacos.common.remote.client - [7dc520aa-5ee8-42fb-95bd-03c0d4df4164_config-0] Success to connect to server [8.133.246.113:8848] on start up, connectionId = 1749284806885_139.227.195.166_39085
2025-06-07 16:26:47.272 [com.alibaba.nacos.client.remote.worker] INFO  com.alibaba.nacos.common.remote.client - [7dc520aa-5ee8-42fb-95bd-03c0d4df4164_config-0] Notify connected event to listeners.
2025-06-07 16:26:47.272 [main] INFO  com.alibaba.nacos.common.remote.client - [7dc520aa-5ee8-42fb-95bd-03c0d4df4164_config-0] Register server push request handler:com.alibaba.nacos.common.remote.client.RpcClient$ConnectResetRequestHandler
2025-06-07 16:26:47.272 [com.alibaba.nacos.client.remote.worker] INFO  com.alibaba.nacos.client.config.impl.ClientWorker - [7dc520aa-5ee8-42fb-95bd-03c0d4df4164_config-0] Connected,notify listen context...
2025-06-07 16:26:47.273 [main] INFO  com.alibaba.nacos.common.remote.client - [7dc520aa-5ee8-42fb-95bd-03c0d4df4164_config-0] Register server push request handler:com.alibaba.nacos.common.remote.client.RpcClient$$Lambda/0x000001f222556918
2025-06-07 16:26:47.333 [main] INFO  com.alibaba.nacos.client.config.impl.Limiter - limitTime:5.0
2025-06-07 16:26:47.366 [main] WARN  c.a.cloud.nacos.client.NacosPropertySourceBuilder - Ignore the empty nacos configuration and get it based on dataId[common-dev.yaml] & group[DEFAULT_GROUP]
2025-06-07 16:26:47.381 [main] WARN  c.a.cloud.nacos.client.NacosPropertySourceBuilder - Ignore the empty nacos configuration and get it based on dataId[bgtech-ai] & group[DEFAULT_GROUP]
2025-06-07 16:26:47.393 [main] WARN  c.a.cloud.nacos.client.NacosPropertySourceBuilder - Ignore the empty nacos configuration and get it based on dataId[bgtech-ai.yaml] & group[DEFAULT_GROUP]
2025-06-07 16:26:47.408 [main] INFO  com.alibaba.nacos.client.config.utils.JvmUtil - isMultiInstance:false
2025-06-07 16:26:47.424 [main] INFO  o.s.c.b.c.PropertySourceBootstrapConfiguration - Located property source: [BootstrapPropertySource {name='bootstrapProperties-bgtech-ai-dev.yaml,DEFAULT_GROUP'}, BootstrapPropertySource {name='bootstrapProperties-bgtech-ai.yaml,DEFAULT_GROUP'}, BootstrapPropertySource {name='bootstrapProperties-bgtech-ai,DEFAULT_GROUP'}, BootstrapPropertySource {name='bootstrapProperties-common-dev.yaml,DEFAULT_GROUP'}]
2025-06-07 16:33:07.938 [main] WARN  com.alibaba.nacos.client.logging.NacosLogging - Load Logback Configuration of Nacos fail, message: Could not initialize Logback Nacos logging from classpath:nacos-logback.xml
2025-06-07 16:33:08.000 [main] WARN  com.alibaba.nacos.client.logging.NacosLogging - Load Logback Configuration of Nacos fail, message: Could not initialize Logback Nacos logging from classpath:nacos-logback.xml
2025-06-07 16:33:08.254 [main] WARN  com.alibaba.nacos.client.logging.NacosLogging - Load Logback Configuration of Nacos fail, message: Could not initialize Logback Nacos logging from classpath:nacos-logback.xml
2025-06-07 16:33:08.256 [main] INFO  com.alibaba.nacos.client.utils.ParamUtil - [settings] [req-serv] nacos-server port:8848
2025-06-07 16:33:08.256 [main] INFO  com.alibaba.nacos.client.utils.ParamUtil - [settings] [http-client] connect timeout:1000
2025-06-07 16:33:08.257 [main] INFO  com.alibaba.nacos.client.utils.ParamUtil - PER_TASK_CONFIG_SIZE: 3000.0
2025-06-07 16:33:08.286 [main] INFO  c.a.n.p.auth.spi.client.ClientAuthPluginManager - [ClientAuthPluginManager] Load ClientAuthService com.alibaba.nacos.client.auth.impl.NacosClientAuthServiceImpl success.
2025-06-07 16:33:08.286 [main] INFO  c.a.n.p.auth.spi.client.ClientAuthPluginManager - [ClientAuthPluginManager] Load ClientAuthService com.alibaba.nacos.client.auth.ram.RamClientAuthServiceImpl success.
2025-06-07 16:33:08.289 [main] INFO  c.a.n.client.auth.ram.identify.CredentialWatcher - null No credential found
2025-06-07 16:33:09.435 [main] WARN  com.alibaba.nacos.client.logging.NacosLogging - Load Logback Configuration of Nacos fail, message: Could not initialize Logback Nacos logging from classpath:nacos-logback.xml
2025-06-07 16:33:09.458 [main] INFO  c.a.n.client.config.impl.LocalConfigInfoProcessor - LOCAL_SNAPSHOT_PATH:C:\Users\Administrator\nacos\config
2025-06-07 16:33:09.462 [main] INFO  com.alibaba.nacos.common.remote.client - [RpcClientFactory] create a new rpc client of a84cee46-6d4a-494d-9a9c-3a56ed15f702_config-0
2025-06-07 16:33:09.481 [main] INFO  com.alibaba.nacos.common.remote.client - [a84cee46-6d4a-494d-9a9c-3a56ed15f702_config-0] Register server push request handler:com.alibaba.nacos.client.config.impl.ClientWorker$ConfigRpcTransportClient$$Lambda/0x000001d6a64028f0
2025-06-07 16:33:09.481 [main] INFO  com.alibaba.nacos.common.remote.client - [a84cee46-6d4a-494d-9a9c-3a56ed15f702_config-0] Register server push request handler:com.alibaba.nacos.client.config.impl.ClientWorker$ConfigRpcTransportClient$$Lambda/0x000001d6a6402d00
2025-06-07 16:33:09.482 [main] INFO  com.alibaba.nacos.common.remote.client - [a84cee46-6d4a-494d-9a9c-3a56ed15f702_config-0] Registry connection listener to current client:com.alibaba.nacos.client.config.impl.ClientWorker$ConfigRpcTransportClient$1
2025-06-07 16:33:09.482 [main] INFO  com.alibaba.nacos.common.remote.client - [a84cee46-6d4a-494d-9a9c-3a56ed15f702_config-0] RpcClient init, ServerListFactory = com.alibaba.nacos.client.config.impl.ClientWorker$ConfigRpcTransportClient$2
2025-06-07 16:33:09.489 [main] INFO  com.alibaba.nacos.common.remote.client - [a84cee46-6d4a-494d-9a9c-3a56ed15f702_config-0] Try to connect to server on start up, server: {serverIp = '8.133.246.113', server main port = 8848}
2025-06-07 16:33:09.521 [main] INFO  c.a.nacos.common.remote.client.grpc.GrpcClient - grpc client connection server:8.133.246.113 ip,serverPort:9848,grpcTslConfig:{"sslProvider":"OPENSSL","enableTls":false,"mutualAuthEnable":false,"trustAll":false}
2025-06-07 16:33:10.262 [main] INFO  com.alibaba.nacos.common.remote.client - [a84cee46-6d4a-494d-9a9c-3a56ed15f702_config-0] Success to connect to server [8.133.246.113:8848] on start up, connectionId = 1749285189865_139.227.195.166_38252
2025-06-07 16:33:10.263 [com.alibaba.nacos.client.remote.worker] INFO  com.alibaba.nacos.common.remote.client - [a84cee46-6d4a-494d-9a9c-3a56ed15f702_config-0] Notify connected event to listeners.
2025-06-07 16:33:10.264 [com.alibaba.nacos.client.remote.worker] INFO  com.alibaba.nacos.client.config.impl.ClientWorker - [a84cee46-6d4a-494d-9a9c-3a56ed15f702_config-0] Connected,notify listen context...
2025-06-07 16:33:10.264 [main] INFO  com.alibaba.nacos.common.remote.client - [a84cee46-6d4a-494d-9a9c-3a56ed15f702_config-0] Register server push request handler:com.alibaba.nacos.common.remote.client.RpcClient$ConnectResetRequestHandler
2025-06-07 16:33:10.265 [main] INFO  com.alibaba.nacos.common.remote.client - [a84cee46-6d4a-494d-9a9c-3a56ed15f702_config-0] Register server push request handler:com.alibaba.nacos.common.remote.client.RpcClient$$Lambda/0x000001d6a6555a70
2025-06-07 16:33:10.328 [main] INFO  com.alibaba.nacos.client.config.impl.Limiter - limitTime:5.0
2025-06-07 16:33:10.355 [main] WARN  c.a.cloud.nacos.client.NacosPropertySourceBuilder - Ignore the empty nacos configuration and get it based on dataId[common-dev.yaml] & group[DEFAULT_GROUP]
2025-06-07 16:33:10.370 [main] WARN  c.a.cloud.nacos.client.NacosPropertySourceBuilder - Ignore the empty nacos configuration and get it based on dataId[bgtech-ai] & group[DEFAULT_GROUP]
2025-06-07 16:33:10.382 [main] WARN  c.a.cloud.nacos.client.NacosPropertySourceBuilder - Ignore the empty nacos configuration and get it based on dataId[bgtech-ai.yaml] & group[DEFAULT_GROUP]
2025-06-07 16:33:10.397 [main] INFO  com.alibaba.nacos.client.config.utils.JvmUtil - isMultiInstance:false
2025-06-07 16:33:10.412 [main] INFO  o.s.c.b.c.PropertySourceBootstrapConfiguration - Located property source: [BootstrapPropertySource {name='bootstrapProperties-bgtech-ai-dev.yaml,DEFAULT_GROUP'}, BootstrapPropertySource {name='bootstrapProperties-bgtech-ai.yaml,DEFAULT_GROUP'}, BootstrapPropertySource {name='bootstrapProperties-bgtech-ai,DEFAULT_GROUP'}, BootstrapPropertySource {name='bootstrapProperties-common-dev.yaml,DEFAULT_GROUP'}]
2025-06-07 16:37:54.004 [main] WARN  com.alibaba.nacos.client.logging.NacosLogging - Load Logback Configuration of Nacos fail, message: Could not initialize Logback Nacos logging from classpath:nacos-logback.xml
2025-06-07 16:37:54.117 [main] WARN  com.alibaba.nacos.client.logging.NacosLogging - Load Logback Configuration of Nacos fail, message: Could not initialize Logback Nacos logging from classpath:nacos-logback.xml
2025-06-07 16:37:54.404 [main] WARN  com.alibaba.nacos.client.logging.NacosLogging - Load Logback Configuration of Nacos fail, message: Could not initialize Logback Nacos logging from classpath:nacos-logback.xml
2025-06-07 16:37:54.406 [main] INFO  com.alibaba.nacos.client.utils.ParamUtil - [settings] [req-serv] nacos-server port:8848
2025-06-07 16:37:54.406 [main] INFO  com.alibaba.nacos.client.utils.ParamUtil - [settings] [http-client] connect timeout:1000
2025-06-07 16:37:54.407 [main] INFO  com.alibaba.nacos.client.utils.ParamUtil - PER_TASK_CONFIG_SIZE: 3000.0
2025-06-07 16:37:54.437 [main] INFO  c.a.n.p.auth.spi.client.ClientAuthPluginManager - [ClientAuthPluginManager] Load ClientAuthService com.alibaba.nacos.client.auth.impl.NacosClientAuthServiceImpl success.
2025-06-07 16:37:54.438 [main] INFO  c.a.n.p.auth.spi.client.ClientAuthPluginManager - [ClientAuthPluginManager] Load ClientAuthService com.alibaba.nacos.client.auth.ram.RamClientAuthServiceImpl success.
2025-06-07 16:37:54.441 [main] INFO  c.a.n.client.auth.ram.identify.CredentialWatcher - null No credential found
2025-06-07 16:37:55.589 [main] WARN  com.alibaba.nacos.client.logging.NacosLogging - Load Logback Configuration of Nacos fail, message: Could not initialize Logback Nacos logging from classpath:nacos-logback.xml
2025-06-07 16:37:55.626 [main] INFO  c.a.n.client.config.impl.LocalConfigInfoProcessor - LOCAL_SNAPSHOT_PATH:C:\Users\Administrator\nacos\config
2025-06-07 16:37:55.631 [main] INFO  com.alibaba.nacos.common.remote.client - [RpcClientFactory] create a new rpc client of 4a58cf4f-242e-4433-93f2-e1c20280a162_config-0
2025-06-07 16:37:55.663 [main] INFO  com.alibaba.nacos.common.remote.client - [4a58cf4f-242e-4433-93f2-e1c20280a162_config-0] Register server push request handler:com.alibaba.nacos.client.config.impl.ClientWorker$ConfigRpcTransportClient$$Lambda/0x0000021154401028
2025-06-07 16:37:55.664 [main] INFO  com.alibaba.nacos.common.remote.client - [4a58cf4f-242e-4433-93f2-e1c20280a162_config-0] Register server push request handler:com.alibaba.nacos.client.config.impl.ClientWorker$ConfigRpcTransportClient$$Lambda/0x0000021154401438
2025-06-07 16:37:55.665 [main] INFO  com.alibaba.nacos.common.remote.client - [4a58cf4f-242e-4433-93f2-e1c20280a162_config-0] Registry connection listener to current client:com.alibaba.nacos.client.config.impl.ClientWorker$ConfigRpcTransportClient$1
2025-06-07 16:37:55.665 [main] INFO  com.alibaba.nacos.common.remote.client - [4a58cf4f-242e-4433-93f2-e1c20280a162_config-0] RpcClient init, ServerListFactory = com.alibaba.nacos.client.config.impl.ClientWorker$ConfigRpcTransportClient$2
2025-06-07 16:37:55.676 [main] INFO  com.alibaba.nacos.common.remote.client - [4a58cf4f-242e-4433-93f2-e1c20280a162_config-0] Try to connect to server on start up, server: {serverIp = '8.133.246.113', server main port = 8848}
2025-06-07 16:37:55.747 [main] INFO  c.a.nacos.common.remote.client.grpc.GrpcClient - grpc client connection server:8.133.246.113 ip,serverPort:9848,grpcTslConfig:{"sslProvider":"OPENSSL","enableTls":false,"mutualAuthEnable":false,"trustAll":false}
2025-06-07 16:37:56.659 [main] INFO  com.alibaba.nacos.common.remote.client - [4a58cf4f-242e-4433-93f2-e1c20280a162_config-0] Success to connect to server [8.133.246.113:8848] on start up, connectionId = 1749285476272_139.227.195.166_39501
2025-06-07 16:37:56.660 [com.alibaba.nacos.client.remote.worker] INFO  com.alibaba.nacos.common.remote.client - [4a58cf4f-242e-4433-93f2-e1c20280a162_config-0] Notify connected event to listeners.
2025-06-07 16:37:56.660 [main] INFO  com.alibaba.nacos.common.remote.client - [4a58cf4f-242e-4433-93f2-e1c20280a162_config-0] Register server push request handler:com.alibaba.nacos.common.remote.client.RpcClient$ConnectResetRequestHandler
2025-06-07 16:37:56.660 [com.alibaba.nacos.client.remote.worker] INFO  com.alibaba.nacos.client.config.impl.ClientWorker - [4a58cf4f-242e-4433-93f2-e1c20280a162_config-0] Connected,notify listen context...
2025-06-07 16:37:56.661 [main] INFO  com.alibaba.nacos.common.remote.client - [4a58cf4f-242e-4433-93f2-e1c20280a162_config-0] Register server push request handler:com.alibaba.nacos.common.remote.client.RpcClient$$Lambda/0x0000021154553f28
2025-06-07 16:37:56.706 [main] INFO  com.alibaba.nacos.client.config.impl.Limiter - limitTime:5.0
2025-06-07 16:37:56.736 [main] WARN  c.a.cloud.nacos.client.NacosPropertySourceBuilder - Ignore the empty nacos configuration and get it based on dataId[common-dev.yaml] & group[DEFAULT_GROUP]
2025-06-07 16:37:56.843 [main] WARN  c.a.cloud.nacos.client.NacosPropertySourceBuilder - Ignore the empty nacos configuration and get it based on dataId[bgtech-ai] & group[DEFAULT_GROUP]
2025-06-07 16:37:56.858 [main] WARN  c.a.cloud.nacos.client.NacosPropertySourceBuilder - Ignore the empty nacos configuration and get it based on dataId[bgtech-ai.yaml] & group[DEFAULT_GROUP]
2025-06-07 16:37:56.873 [main] INFO  com.alibaba.nacos.client.config.utils.JvmUtil - isMultiInstance:false
2025-06-07 16:37:56.894 [main] INFO  o.s.c.b.c.PropertySourceBootstrapConfiguration - Located property source: [BootstrapPropertySource {name='bootstrapProperties-bgtech-ai-dev.yaml,DEFAULT_GROUP'}, BootstrapPropertySource {name='bootstrapProperties-bgtech-ai.yaml,DEFAULT_GROUP'}, BootstrapPropertySource {name='bootstrapProperties-bgtech-ai,DEFAULT_GROUP'}, BootstrapPropertySource {name='bootstrapProperties-common-dev.yaml,DEFAULT_GROUP'}]
2025-06-07 16:41:44.786 [main] WARN  com.alibaba.nacos.client.logging.NacosLogging - Load Logback Configuration of Nacos fail, message: Could not initialize Logback Nacos logging from classpath:nacos-logback.xml
2025-06-07 16:41:44.841 [main] WARN  com.alibaba.nacos.client.logging.NacosLogging - Load Logback Configuration of Nacos fail, message: Could not initialize Logback Nacos logging from classpath:nacos-logback.xml
2025-06-07 16:41:45.093 [main] WARN  com.alibaba.nacos.client.logging.NacosLogging - Load Logback Configuration of Nacos fail, message: Could not initialize Logback Nacos logging from classpath:nacos-logback.xml
2025-06-07 16:41:45.096 [main] INFO  com.alibaba.nacos.client.utils.ParamUtil - [settings] [req-serv] nacos-server port:8848
2025-06-07 16:41:45.096 [main] INFO  com.alibaba.nacos.client.utils.ParamUtil - [settings] [http-client] connect timeout:1000
2025-06-07 16:41:45.098 [main] INFO  com.alibaba.nacos.client.utils.ParamUtil - PER_TASK_CONFIG_SIZE: 3000.0
2025-06-07 16:41:45.140 [main] INFO  c.a.n.p.auth.spi.client.ClientAuthPluginManager - [ClientAuthPluginManager] Load ClientAuthService com.alibaba.nacos.client.auth.impl.NacosClientAuthServiceImpl success.
2025-06-07 16:41:45.140 [main] INFO  c.a.n.p.auth.spi.client.ClientAuthPluginManager - [ClientAuthPluginManager] Load ClientAuthService com.alibaba.nacos.client.auth.ram.RamClientAuthServiceImpl success.
2025-06-07 16:41:45.143 [main] INFO  c.a.n.client.auth.ram.identify.CredentialWatcher - null No credential found
2025-06-07 16:41:46.295 [main] WARN  com.alibaba.nacos.client.logging.NacosLogging - Load Logback Configuration of Nacos fail, message: Could not initialize Logback Nacos logging from classpath:nacos-logback.xml
2025-06-07 16:41:46.325 [main] INFO  c.a.n.client.config.impl.LocalConfigInfoProcessor - LOCAL_SNAPSHOT_PATH:C:\Users\Administrator\nacos\config
2025-06-07 16:41:46.329 [main] INFO  com.alibaba.nacos.common.remote.client - [RpcClientFactory] create a new rpc client of 3cec5fdf-4813-4edb-8ca3-db12692cc026_config-0
2025-06-07 16:41:46.364 [main] INFO  com.alibaba.nacos.common.remote.client - [3cec5fdf-4813-4edb-8ca3-db12692cc026_config-0] Register server push request handler:com.alibaba.nacos.client.config.impl.ClientWorker$ConfigRpcTransportClient$$Lambda/0x000001c10f4033e0
2025-06-07 16:41:46.364 [main] INFO  com.alibaba.nacos.common.remote.client - [3cec5fdf-4813-4edb-8ca3-db12692cc026_config-0] Register server push request handler:com.alibaba.nacos.client.config.impl.ClientWorker$ConfigRpcTransportClient$$Lambda/0x000001c10f4037f0
2025-06-07 16:41:46.365 [main] INFO  com.alibaba.nacos.common.remote.client - [3cec5fdf-4813-4edb-8ca3-db12692cc026_config-0] Registry connection listener to current client:com.alibaba.nacos.client.config.impl.ClientWorker$ConfigRpcTransportClient$1
2025-06-07 16:41:46.366 [main] INFO  com.alibaba.nacos.common.remote.client - [3cec5fdf-4813-4edb-8ca3-db12692cc026_config-0] RpcClient init, ServerListFactory = com.alibaba.nacos.client.config.impl.ClientWorker$ConfigRpcTransportClient$2
2025-06-07 16:41:46.373 [main] INFO  com.alibaba.nacos.common.remote.client - [3cec5fdf-4813-4edb-8ca3-db12692cc026_config-0] Try to connect to server on start up, server: {serverIp = '8.133.246.113', server main port = 8848}
2025-06-07 16:41:46.454 [main] INFO  c.a.nacos.common.remote.client.grpc.GrpcClient - grpc client connection server:8.133.246.113 ip,serverPort:9848,grpcTslConfig:{"sslProvider":"OPENSSL","enableTls":false,"mutualAuthEnable":false,"trustAll":false}
2025-06-07 16:41:47.299 [main] INFO  com.alibaba.nacos.common.remote.client - [3cec5fdf-4813-4edb-8ca3-db12692cc026_config-0] Success to connect to server [8.133.246.113:8848] on start up, connectionId = 1749285706933_139.227.195.166_38089
2025-06-07 16:41:47.300 [com.alibaba.nacos.client.remote.worker] INFO  com.alibaba.nacos.common.remote.client - [3cec5fdf-4813-4edb-8ca3-db12692cc026_config-0] Notify connected event to listeners.
2025-06-07 16:41:47.300 [main] INFO  com.alibaba.nacos.common.remote.client - [3cec5fdf-4813-4edb-8ca3-db12692cc026_config-0] Register server push request handler:com.alibaba.nacos.common.remote.client.RpcClient$ConnectResetRequestHandler
2025-06-07 16:41:47.300 [com.alibaba.nacos.client.remote.worker] INFO  com.alibaba.nacos.client.config.impl.ClientWorker - [3cec5fdf-4813-4edb-8ca3-db12692cc026_config-0] Connected,notify listen context...
2025-06-07 16:41:47.300 [main] INFO  com.alibaba.nacos.common.remote.client - [3cec5fdf-4813-4edb-8ca3-db12692cc026_config-0] Register server push request handler:com.alibaba.nacos.common.remote.client.RpcClient$$Lambda/0x000001c10f556c00
2025-06-07 16:41:47.340 [main] INFO  com.alibaba.nacos.client.config.impl.Limiter - limitTime:5.0
2025-06-07 16:41:47.364 [main] WARN  c.a.cloud.nacos.client.NacosPropertySourceBuilder - Ignore the empty nacos configuration and get it based on dataId[common-dev.yaml] & group[DEFAULT_GROUP]
2025-06-07 16:41:47.376 [main] WARN  c.a.cloud.nacos.client.NacosPropertySourceBuilder - Ignore the empty nacos configuration and get it based on dataId[bgtech-ai] & group[DEFAULT_GROUP]
2025-06-07 16:41:47.386 [main] WARN  c.a.cloud.nacos.client.NacosPropertySourceBuilder - Ignore the empty nacos configuration and get it based on dataId[bgtech-ai.yaml] & group[DEFAULT_GROUP]
2025-06-07 16:41:47.399 [main] INFO  com.alibaba.nacos.client.config.utils.JvmUtil - isMultiInstance:false
2025-06-07 16:41:47.412 [main] INFO  o.s.c.b.c.PropertySourceBootstrapConfiguration - Located property source: [BootstrapPropertySource {name='bootstrapProperties-bgtech-ai-dev.yaml,DEFAULT_GROUP'}, BootstrapPropertySource {name='bootstrapProperties-bgtech-ai.yaml,DEFAULT_GROUP'}, BootstrapPropertySource {name='bootstrapProperties-bgtech-ai,DEFAULT_GROUP'}, BootstrapPropertySource {name='bootstrapProperties-common-dev.yaml,DEFAULT_GROUP'}]
2025-06-07 16:42:42.702 [main] WARN  com.alibaba.nacos.client.logging.NacosLogging - Load Logback Configuration of Nacos fail, message: Could not initialize Logback Nacos logging from classpath:nacos-logback.xml
2025-06-07 16:42:42.761 [main] WARN  com.alibaba.nacos.client.logging.NacosLogging - Load Logback Configuration of Nacos fail, message: Could not initialize Logback Nacos logging from classpath:nacos-logback.xml
2025-06-07 16:42:43.009 [main] WARN  com.alibaba.nacos.client.logging.NacosLogging - Load Logback Configuration of Nacos fail, message: Could not initialize Logback Nacos logging from classpath:nacos-logback.xml
2025-06-07 16:42:43.011 [main] INFO  com.alibaba.nacos.client.utils.ParamUtil - [settings] [req-serv] nacos-server port:8848
2025-06-07 16:42:43.012 [main] INFO  com.alibaba.nacos.client.utils.ParamUtil - [settings] [http-client] connect timeout:1000
2025-06-07 16:42:43.013 [main] INFO  com.alibaba.nacos.client.utils.ParamUtil - PER_TASK_CONFIG_SIZE: 3000.0
2025-06-07 16:42:43.042 [main] INFO  c.a.n.p.auth.spi.client.ClientAuthPluginManager - [ClientAuthPluginManager] Load ClientAuthService com.alibaba.nacos.client.auth.impl.NacosClientAuthServiceImpl success.
2025-06-07 16:42:43.042 [main] INFO  c.a.n.p.auth.spi.client.ClientAuthPluginManager - [ClientAuthPluginManager] Load ClientAuthService com.alibaba.nacos.client.auth.ram.RamClientAuthServiceImpl success.
2025-06-07 16:42:43.045 [main] INFO  c.a.n.client.auth.ram.identify.CredentialWatcher - null No credential found
2025-06-07 16:42:44.191 [main] WARN  com.alibaba.nacos.client.logging.NacosLogging - Load Logback Configuration of Nacos fail, message: Could not initialize Logback Nacos logging from classpath:nacos-logback.xml
2025-06-07 16:42:44.219 [main] INFO  c.a.n.client.config.impl.LocalConfigInfoProcessor - LOCAL_SNAPSHOT_PATH:C:\Users\Administrator\nacos\config
2025-06-07 16:42:44.224 [main] INFO  com.alibaba.nacos.common.remote.client - [RpcClientFactory] create a new rpc client of 5d1f5fe8-eb5e-4240-9b1d-4509e3ddbb57_config-0
2025-06-07 16:42:44.244 [main] INFO  com.alibaba.nacos.common.remote.client - [5d1f5fe8-eb5e-4240-9b1d-4509e3ddbb57_config-0] Register server push request handler:com.alibaba.nacos.client.config.impl.ClientWorker$ConfigRpcTransportClient$$Lambda/0x00000226c64028f0
2025-06-07 16:42:44.245 [main] INFO  com.alibaba.nacos.common.remote.client - [5d1f5fe8-eb5e-4240-9b1d-4509e3ddbb57_config-0] Register server push request handler:com.alibaba.nacos.client.config.impl.ClientWorker$ConfigRpcTransportClient$$Lambda/0x00000226c6402d00
2025-06-07 16:42:44.245 [main] INFO  com.alibaba.nacos.common.remote.client - [5d1f5fe8-eb5e-4240-9b1d-4509e3ddbb57_config-0] Registry connection listener to current client:com.alibaba.nacos.client.config.impl.ClientWorker$ConfigRpcTransportClient$1
2025-06-07 16:42:44.246 [main] INFO  com.alibaba.nacos.common.remote.client - [5d1f5fe8-eb5e-4240-9b1d-4509e3ddbb57_config-0] RpcClient init, ServerListFactory = com.alibaba.nacos.client.config.impl.ClientWorker$ConfigRpcTransportClient$2
2025-06-07 16:42:44.255 [main] INFO  com.alibaba.nacos.common.remote.client - [5d1f5fe8-eb5e-4240-9b1d-4509e3ddbb57_config-0] Try to connect to server on start up, server: {serverIp = '8.133.246.113', server main port = 8848}
2025-06-07 16:42:44.293 [main] INFO  c.a.nacos.common.remote.client.grpc.GrpcClient - grpc client connection server:8.133.246.113 ip,serverPort:9848,grpcTslConfig:{"sslProvider":"OPENSSL","enableTls":false,"mutualAuthEnable":false,"trustAll":false}
2025-06-07 16:42:45.005 [main] INFO  com.alibaba.nacos.common.remote.client - [5d1f5fe8-eb5e-4240-9b1d-4509e3ddbb57_config-0] Success to connect to server [8.133.246.113:8848] on start up, connectionId = 1749285764645_139.227.195.166_38771
2025-06-07 16:42:45.006 [com.alibaba.nacos.client.remote.worker] INFO  com.alibaba.nacos.common.remote.client - [5d1f5fe8-eb5e-4240-9b1d-4509e3ddbb57_config-0] Notify connected event to listeners.
2025-06-07 16:42:45.006 [com.alibaba.nacos.client.remote.worker] INFO  com.alibaba.nacos.client.config.impl.ClientWorker - [5d1f5fe8-eb5e-4240-9b1d-4509e3ddbb57_config-0] Connected,notify listen context...
2025-06-07 16:42:45.006 [main] INFO  com.alibaba.nacos.common.remote.client - [5d1f5fe8-eb5e-4240-9b1d-4509e3ddbb57_config-0] Register server push request handler:com.alibaba.nacos.common.remote.client.RpcClient$ConnectResetRequestHandler
2025-06-07 16:42:45.007 [main] INFO  com.alibaba.nacos.common.remote.client - [5d1f5fe8-eb5e-4240-9b1d-4509e3ddbb57_config-0] Register server push request handler:com.alibaba.nacos.common.remote.client.RpcClient$$Lambda/0x00000226c65562d0
2025-06-07 16:42:45.054 [main] INFO  com.alibaba.nacos.client.config.impl.Limiter - limitTime:5.0
2025-06-07 16:42:45.076 [main] WARN  c.a.cloud.nacos.client.NacosPropertySourceBuilder - Ignore the empty nacos configuration and get it based on dataId[common-dev.yaml] & group[DEFAULT_GROUP]
2025-06-07 16:42:45.087 [main] WARN  c.a.cloud.nacos.client.NacosPropertySourceBuilder - Ignore the empty nacos configuration and get it based on dataId[bgtech-ai] & group[DEFAULT_GROUP]
2025-06-07 16:42:45.097 [main] WARN  c.a.cloud.nacos.client.NacosPropertySourceBuilder - Ignore the empty nacos configuration and get it based on dataId[bgtech-ai.yaml] & group[DEFAULT_GROUP]
2025-06-07 16:42:45.121 [main] INFO  com.alibaba.nacos.client.config.utils.JvmUtil - isMultiInstance:false
2025-06-07 16:42:45.140 [main] INFO  o.s.c.b.c.PropertySourceBootstrapConfiguration - Located property source: [BootstrapPropertySource {name='bootstrapProperties-bgtech-ai-dev.yaml,DEFAULT_GROUP'}, BootstrapPropertySource {name='bootstrapProperties-bgtech-ai.yaml,DEFAULT_GROUP'}, BootstrapPropertySource {name='bootstrapProperties-bgtech-ai,DEFAULT_GROUP'}, BootstrapPropertySource {name='bootstrapProperties-common-dev.yaml,DEFAULT_GROUP'}]
2025-06-07 16:44:02.791 [main] WARN  com.alibaba.nacos.client.logging.NacosLogging - Load Logback Configuration of Nacos fail, message: Could not initialize Logback Nacos logging from classpath:nacos-logback.xml
2025-06-07 16:44:02.874 [main] WARN  com.alibaba.nacos.client.logging.NacosLogging - Load Logback Configuration of Nacos fail, message: Could not initialize Logback Nacos logging from classpath:nacos-logback.xml
2025-06-07 16:44:03.232 [main] WARN  com.alibaba.nacos.client.logging.NacosLogging - Load Logback Configuration of Nacos fail, message: Could not initialize Logback Nacos logging from classpath:nacos-logback.xml
2025-06-07 16:44:03.235 [main] INFO  com.alibaba.nacos.client.utils.ParamUtil - [settings] [req-serv] nacos-server port:8848
2025-06-07 16:44:03.236 [main] INFO  com.alibaba.nacos.client.utils.ParamUtil - [settings] [http-client] connect timeout:1000
2025-06-07 16:44:03.238 [main] INFO  com.alibaba.nacos.client.utils.ParamUtil - PER_TASK_CONFIG_SIZE: 3000.0
2025-06-07 16:44:03.289 [main] INFO  c.a.n.p.auth.spi.client.ClientAuthPluginManager - [ClientAuthPluginManager] Load ClientAuthService com.alibaba.nacos.client.auth.impl.NacosClientAuthServiceImpl success.
2025-06-07 16:44:03.289 [main] INFO  c.a.n.p.auth.spi.client.ClientAuthPluginManager - [ClientAuthPluginManager] Load ClientAuthService com.alibaba.nacos.client.auth.ram.RamClientAuthServiceImpl success.
2025-06-07 16:44:03.294 [main] INFO  c.a.n.client.auth.ram.identify.CredentialWatcher - null No credential found
2025-06-07 16:44:04.543 [main] WARN  com.alibaba.nacos.client.logging.NacosLogging - Load Logback Configuration of Nacos fail, message: Could not initialize Logback Nacos logging from classpath:nacos-logback.xml
2025-06-07 16:44:04.575 [main] INFO  c.a.n.client.config.impl.LocalConfigInfoProcessor - LOCAL_SNAPSHOT_PATH:C:\Users\Administrator\nacos\config
2025-06-07 16:44:04.583 [main] INFO  com.alibaba.nacos.common.remote.client - [RpcClientFactory] create a new rpc client of f3776c10-b5e1-4392-90c3-9d4b986c849d_config-0
2025-06-07 16:44:04.607 [main] INFO  com.alibaba.nacos.common.remote.client - [f3776c10-b5e1-4392-90c3-9d4b986c849d_config-0] Register server push request handler:com.alibaba.nacos.client.config.impl.ClientWorker$ConfigRpcTransportClient$$Lambda/0x000001bea1400a68
2025-06-07 16:44:04.608 [main] INFO  com.alibaba.nacos.common.remote.client - [f3776c10-b5e1-4392-90c3-9d4b986c849d_config-0] Register server push request handler:com.alibaba.nacos.client.config.impl.ClientWorker$ConfigRpcTransportClient$$Lambda/0x000001bea1400e78
2025-06-07 16:44:04.609 [main] INFO  com.alibaba.nacos.common.remote.client - [f3776c10-b5e1-4392-90c3-9d4b986c849d_config-0] Registry connection listener to current client:com.alibaba.nacos.client.config.impl.ClientWorker$ConfigRpcTransportClient$1
2025-06-07 16:44:04.610 [main] INFO  com.alibaba.nacos.common.remote.client - [f3776c10-b5e1-4392-90c3-9d4b986c849d_config-0] RpcClient init, ServerListFactory = com.alibaba.nacos.client.config.impl.ClientWorker$ConfigRpcTransportClient$2
2025-06-07 16:44:04.620 [main] INFO  com.alibaba.nacos.common.remote.client - [f3776c10-b5e1-4392-90c3-9d4b986c849d_config-0] Try to connect to server on start up, server: {serverIp = '8.133.246.113', server main port = 8848}
2025-06-07 16:44:04.666 [main] INFO  c.a.nacos.common.remote.client.grpc.GrpcClient - grpc client connection server:8.133.246.113 ip,serverPort:9848,grpcTslConfig:{"sslProvider":"OPENSSL","enableTls":false,"mutualAuthEnable":false,"trustAll":false}
2025-06-07 16:44:05.447 [main] INFO  com.alibaba.nacos.common.remote.client - [f3776c10-b5e1-4392-90c3-9d4b986c849d_config-0] Success to connect to server [8.133.246.113:8848] on start up, connectionId = 1749285845088_139.227.195.166_39701
2025-06-07 16:44:05.448 [com.alibaba.nacos.client.remote.worker] INFO  com.alibaba.nacos.common.remote.client - [f3776c10-b5e1-4392-90c3-9d4b986c849d_config-0] Notify connected event to listeners.
2025-06-07 16:44:05.448 [com.alibaba.nacos.client.remote.worker] INFO  com.alibaba.nacos.client.config.impl.ClientWorker - [f3776c10-b5e1-4392-90c3-9d4b986c849d_config-0] Connected,notify listen context...
2025-06-07 16:44:05.448 [main] INFO  com.alibaba.nacos.common.remote.client - [f3776c10-b5e1-4392-90c3-9d4b986c849d_config-0] Register server push request handler:com.alibaba.nacos.common.remote.client.RpcClient$ConnectResetRequestHandler
2025-06-07 16:44:05.449 [main] INFO  com.alibaba.nacos.common.remote.client - [f3776c10-b5e1-4392-90c3-9d4b986c849d_config-0] Register server push request handler:com.alibaba.nacos.common.remote.client.RpcClient$$Lambda/0x000001bea1554318
2025-06-07 16:44:05.497 [main] INFO  com.alibaba.nacos.client.config.impl.Limiter - limitTime:5.0
2025-06-07 16:44:05.521 [main] WARN  c.a.cloud.nacos.client.NacosPropertySourceBuilder - Ignore the empty nacos configuration and get it based on dataId[common-dev.yaml] & group[DEFAULT_GROUP]
2025-06-07 16:44:05.533 [main] WARN  c.a.cloud.nacos.client.NacosPropertySourceBuilder - Ignore the empty nacos configuration and get it based on dataId[bgtech-ai] & group[DEFAULT_GROUP]
2025-06-07 16:44:05.557 [main] WARN  c.a.cloud.nacos.client.NacosPropertySourceBuilder - Ignore the empty nacos configuration and get it based on dataId[bgtech-ai.yaml] & group[DEFAULT_GROUP]
2025-06-07 16:44:05.570 [main] INFO  com.alibaba.nacos.client.config.utils.JvmUtil - isMultiInstance:false
2025-06-07 16:44:05.585 [main] INFO  o.s.c.b.c.PropertySourceBootstrapConfiguration - Located property source: [BootstrapPropertySource {name='bootstrapProperties-bgtech-ai-dev.yaml,DEFAULT_GROUP'}, BootstrapPropertySource {name='bootstrapProperties-bgtech-ai.yaml,DEFAULT_GROUP'}, BootstrapPropertySource {name='bootstrapProperties-bgtech-ai,DEFAULT_GROUP'}, BootstrapPropertySource {name='bootstrapProperties-common-dev.yaml,DEFAULT_GROUP'}]
2025-06-07 16:44:48.113 [main] WARN  com.alibaba.nacos.client.logging.NacosLogging - Load Logback Configuration of Nacos fail, message: Could not initialize Logback Nacos logging from classpath:nacos-logback.xml
2025-06-07 16:44:48.184 [main] WARN  com.alibaba.nacos.client.logging.NacosLogging - Load Logback Configuration of Nacos fail, message: Could not initialize Logback Nacos logging from classpath:nacos-logback.xml
2025-06-07 16:44:48.535 [main] WARN  com.alibaba.nacos.client.logging.NacosLogging - Load Logback Configuration of Nacos fail, message: Could not initialize Logback Nacos logging from classpath:nacos-logback.xml
2025-06-07 16:44:48.537 [main] INFO  com.alibaba.nacos.client.utils.ParamUtil - [settings] [req-serv] nacos-server port:8848
2025-06-07 16:44:48.538 [main] INFO  com.alibaba.nacos.client.utils.ParamUtil - [settings] [http-client] connect timeout:1000
2025-06-07 16:44:48.541 [main] INFO  com.alibaba.nacos.client.utils.ParamUtil - PER_TASK_CONFIG_SIZE: 3000.0
2025-06-07 16:44:48.588 [main] INFO  c.a.n.p.auth.spi.client.ClientAuthPluginManager - [ClientAuthPluginManager] Load ClientAuthService com.alibaba.nacos.client.auth.impl.NacosClientAuthServiceImpl success.
2025-06-07 16:44:48.588 [main] INFO  c.a.n.p.auth.spi.client.ClientAuthPluginManager - [ClientAuthPluginManager] Load ClientAuthService com.alibaba.nacos.client.auth.ram.RamClientAuthServiceImpl success.
2025-06-07 16:44:48.593 [main] INFO  c.a.n.client.auth.ram.identify.CredentialWatcher - null No credential found
2025-06-07 16:44:49.801 [main] WARN  com.alibaba.nacos.client.logging.NacosLogging - Load Logback Configuration of Nacos fail, message: Could not initialize Logback Nacos logging from classpath:nacos-logback.xml
2025-06-07 16:44:49.828 [main] INFO  c.a.n.client.config.impl.LocalConfigInfoProcessor - LOCAL_SNAPSHOT_PATH:C:\Users\Administrator\nacos\config
2025-06-07 16:44:49.834 [main] INFO  com.alibaba.nacos.common.remote.client - [RpcClientFactory] create a new rpc client of d980d5b5-e8d4-40ac-8908-42ce82900185_config-0
2025-06-07 16:44:49.857 [main] INFO  com.alibaba.nacos.common.remote.client - [d980d5b5-e8d4-40ac-8908-42ce82900185_config-0] Register server push request handler:com.alibaba.nacos.client.config.impl.ClientWorker$ConfigRpcTransportClient$$Lambda/0x00000234d34019d0
2025-06-07 16:44:49.858 [main] INFO  com.alibaba.nacos.common.remote.client - [d980d5b5-e8d4-40ac-8908-42ce82900185_config-0] Register server push request handler:com.alibaba.nacos.client.config.impl.ClientWorker$ConfigRpcTransportClient$$Lambda/0x00000234d3401de0
2025-06-07 16:44:49.859 [main] INFO  com.alibaba.nacos.common.remote.client - [d980d5b5-e8d4-40ac-8908-42ce82900185_config-0] Registry connection listener to current client:com.alibaba.nacos.client.config.impl.ClientWorker$ConfigRpcTransportClient$1
2025-06-07 16:44:49.859 [main] INFO  com.alibaba.nacos.common.remote.client - [d980d5b5-e8d4-40ac-8908-42ce82900185_config-0] RpcClient init, ServerListFactory = com.alibaba.nacos.client.config.impl.ClientWorker$ConfigRpcTransportClient$2
2025-06-07 16:44:49.870 [main] INFO  com.alibaba.nacos.common.remote.client - [d980d5b5-e8d4-40ac-8908-42ce82900185_config-0] Try to connect to server on start up, server: {serverIp = '8.133.246.113', server main port = 8848}
2025-06-07 16:44:49.911 [main] INFO  c.a.nacos.common.remote.client.grpc.GrpcClient - grpc client connection server:8.133.246.113 ip,serverPort:9848,grpcTslConfig:{"sslProvider":"OPENSSL","enableTls":false,"mutualAuthEnable":false,"trustAll":false}
2025-06-07 16:44:50.696 [main] INFO  com.alibaba.nacos.common.remote.client - [d980d5b5-e8d4-40ac-8908-42ce82900185_config-0] Success to connect to server [8.133.246.113:8848] on start up, connectionId = 1749285890313_139.227.195.166_38177
2025-06-07 16:44:50.697 [com.alibaba.nacos.client.remote.worker] INFO  com.alibaba.nacos.common.remote.client - [d980d5b5-e8d4-40ac-8908-42ce82900185_config-0] Notify connected event to listeners.
2025-06-07 16:44:50.697 [com.alibaba.nacos.client.remote.worker] INFO  com.alibaba.nacos.client.config.impl.ClientWorker - [d980d5b5-e8d4-40ac-8908-42ce82900185_config-0] Connected,notify listen context...
2025-06-07 16:44:50.697 [main] INFO  com.alibaba.nacos.common.remote.client - [d980d5b5-e8d4-40ac-8908-42ce82900185_config-0] Register server push request handler:com.alibaba.nacos.common.remote.client.RpcClient$ConnectResetRequestHandler
2025-06-07 16:44:50.697 [main] INFO  com.alibaba.nacos.common.remote.client - [d980d5b5-e8d4-40ac-8908-42ce82900185_config-0] Register server push request handler:com.alibaba.nacos.common.remote.client.RpcClient$$Lambda/0x00000234d35555c8
2025-06-07 16:44:50.741 [main] INFO  com.alibaba.nacos.client.config.impl.Limiter - limitTime:5.0
2025-06-07 16:44:50.763 [main] WARN  c.a.cloud.nacos.client.NacosPropertySourceBuilder - Ignore the empty nacos configuration and get it based on dataId[common-dev.yaml] & group[DEFAULT_GROUP]
2025-06-07 16:44:50.775 [main] WARN  c.a.cloud.nacos.client.NacosPropertySourceBuilder - Ignore the empty nacos configuration and get it based on dataId[bgtech-ai] & group[DEFAULT_GROUP]
2025-06-07 16:44:50.787 [main] WARN  c.a.cloud.nacos.client.NacosPropertySourceBuilder - Ignore the empty nacos configuration and get it based on dataId[bgtech-ai.yaml] & group[DEFAULT_GROUP]
2025-06-07 16:44:50.801 [main] INFO  com.alibaba.nacos.client.config.utils.JvmUtil - isMultiInstance:false
2025-06-07 16:44:50.817 [main] INFO  o.s.c.b.c.PropertySourceBootstrapConfiguration - Located property source: [BootstrapPropertySource {name='bootstrapProperties-bgtech-ai-dev.yaml,DEFAULT_GROUP'}, BootstrapPropertySource {name='bootstrapProperties-bgtech-ai.yaml,DEFAULT_GROUP'}, BootstrapPropertySource {name='bootstrapProperties-bgtech-ai,DEFAULT_GROUP'}, BootstrapPropertySource {name='bootstrapProperties-common-dev.yaml,DEFAULT_GROUP'}]
2025-06-07 16:46:32.183 [main] WARN  com.alibaba.nacos.client.logging.NacosLogging - Load Logback Configuration of Nacos fail, message: Could not initialize Logback Nacos logging from classpath:nacos-logback.xml
2025-06-07 16:46:32.241 [main] WARN  com.alibaba.nacos.client.logging.NacosLogging - Load Logback Configuration of Nacos fail, message: Could not initialize Logback Nacos logging from classpath:nacos-logback.xml
2025-06-07 16:46:32.516 [main] WARN  com.alibaba.nacos.client.logging.NacosLogging - Load Logback Configuration of Nacos fail, message: Could not initialize Logback Nacos logging from classpath:nacos-logback.xml
2025-06-07 16:46:32.518 [main] INFO  com.alibaba.nacos.client.utils.ParamUtil - [settings] [req-serv] nacos-server port:8848
2025-06-07 16:46:32.519 [main] INFO  com.alibaba.nacos.client.utils.ParamUtil - [settings] [http-client] connect timeout:1000
2025-06-07 16:46:32.520 [main] INFO  com.alibaba.nacos.client.utils.ParamUtil - PER_TASK_CONFIG_SIZE: 3000.0
2025-06-07 16:46:32.548 [main] INFO  c.a.n.p.auth.spi.client.ClientAuthPluginManager - [ClientAuthPluginManager] Load ClientAuthService com.alibaba.nacos.client.auth.impl.NacosClientAuthServiceImpl success.
2025-06-07 16:46:32.548 [main] INFO  c.a.n.p.auth.spi.client.ClientAuthPluginManager - [ClientAuthPluginManager] Load ClientAuthService com.alibaba.nacos.client.auth.ram.RamClientAuthServiceImpl success.
2025-06-07 16:46:32.551 [main] INFO  c.a.n.client.auth.ram.identify.CredentialWatcher - null No credential found
2025-06-07 16:46:33.691 [main] WARN  com.alibaba.nacos.client.logging.NacosLogging - Load Logback Configuration of Nacos fail, message: Could not initialize Logback Nacos logging from classpath:nacos-logback.xml
2025-06-07 16:46:33.715 [main] INFO  c.a.n.client.config.impl.LocalConfigInfoProcessor - LOCAL_SNAPSHOT_PATH:C:\Users\Administrator\nacos\config
2025-06-07 16:46:33.720 [main] INFO  com.alibaba.nacos.common.remote.client - [RpcClientFactory] create a new rpc client of 50f124bf-58fb-4780-9c91-7a72aff80c9e_config-0
2025-06-07 16:46:33.742 [main] INFO  com.alibaba.nacos.common.remote.client - [50f124bf-58fb-4780-9c91-7a72aff80c9e_config-0] Register server push request handler:com.alibaba.nacos.client.config.impl.ClientWorker$ConfigRpcTransportClient$$Lambda/0x000001c131400d98
2025-06-07 16:46:33.742 [main] INFO  com.alibaba.nacos.common.remote.client - [50f124bf-58fb-4780-9c91-7a72aff80c9e_config-0] Register server push request handler:com.alibaba.nacos.client.config.impl.ClientWorker$ConfigRpcTransportClient$$Lambda/0x000001c1314011a8
2025-06-07 16:46:33.743 [main] INFO  com.alibaba.nacos.common.remote.client - [50f124bf-58fb-4780-9c91-7a72aff80c9e_config-0] Registry connection listener to current client:com.alibaba.nacos.client.config.impl.ClientWorker$ConfigRpcTransportClient$1
2025-06-07 16:46:33.743 [main] INFO  com.alibaba.nacos.common.remote.client - [50f124bf-58fb-4780-9c91-7a72aff80c9e_config-0] RpcClient init, ServerListFactory = com.alibaba.nacos.client.config.impl.ClientWorker$ConfigRpcTransportClient$2
2025-06-07 16:46:33.751 [main] INFO  com.alibaba.nacos.common.remote.client - [50f124bf-58fb-4780-9c91-7a72aff80c9e_config-0] Try to connect to server on start up, server: {serverIp = '8.133.246.113', server main port = 8848}
2025-06-07 16:46:33.789 [main] INFO  c.a.nacos.common.remote.client.grpc.GrpcClient - grpc client connection server:8.133.246.113 ip,serverPort:9848,grpcTslConfig:{"sslProvider":"OPENSSL","enableTls":false,"mutualAuthEnable":false,"trustAll":false}
2025-06-07 16:46:34.551 [main] INFO  com.alibaba.nacos.common.remote.client - [50f124bf-58fb-4780-9c91-7a72aff80c9e_config-0] Success to connect to server [8.133.246.113:8848] on start up, connectionId = 1749285994185_139.227.195.166_39394
2025-06-07 16:46:34.552 [com.alibaba.nacos.client.remote.worker] INFO  com.alibaba.nacos.common.remote.client - [50f124bf-58fb-4780-9c91-7a72aff80c9e_config-0] Notify connected event to listeners.
2025-06-07 16:46:34.552 [main] INFO  com.alibaba.nacos.common.remote.client - [50f124bf-58fb-4780-9c91-7a72aff80c9e_config-0] Register server push request handler:com.alibaba.nacos.common.remote.client.RpcClient$ConnectResetRequestHandler
2025-06-07 16:46:34.552 [com.alibaba.nacos.client.remote.worker] INFO  com.alibaba.nacos.client.config.impl.ClientWorker - [50f124bf-58fb-4780-9c91-7a72aff80c9e_config-0] Connected,notify listen context...
2025-06-07 16:46:34.553 [main] INFO  com.alibaba.nacos.common.remote.client - [50f124bf-58fb-4780-9c91-7a72aff80c9e_config-0] Register server push request handler:com.alibaba.nacos.common.remote.client.RpcClient$$Lambda/0x000001c131564318
2025-06-07 16:46:34.590 [main] INFO  com.alibaba.nacos.client.config.impl.Limiter - limitTime:5.0
2025-06-07 16:46:34.611 [main] WARN  c.a.cloud.nacos.client.NacosPropertySourceBuilder - Ignore the empty nacos configuration and get it based on dataId[common-dev.yaml] & group[DEFAULT_GROUP]
2025-06-07 16:46:34.621 [main] WARN  c.a.cloud.nacos.client.NacosPropertySourceBuilder - Ignore the empty nacos configuration and get it based on dataId[bgtech-ai] & group[DEFAULT_GROUP]
2025-06-07 16:46:34.631 [main] WARN  c.a.cloud.nacos.client.NacosPropertySourceBuilder - Ignore the empty nacos configuration and get it based on dataId[bgtech-ai.yaml] & group[DEFAULT_GROUP]
2025-06-07 16:46:34.644 [main] INFO  com.alibaba.nacos.client.config.utils.JvmUtil - isMultiInstance:false
2025-06-07 16:46:34.657 [main] INFO  o.s.c.b.c.PropertySourceBootstrapConfiguration - Located property source: [BootstrapPropertySource {name='bootstrapProperties-bgtech-ai-dev.yaml,DEFAULT_GROUP'}, BootstrapPropertySource {name='bootstrapProperties-bgtech-ai.yaml,DEFAULT_GROUP'}, BootstrapPropertySource {name='bootstrapProperties-bgtech-ai,DEFAULT_GROUP'}, BootstrapPropertySource {name='bootstrapProperties-common-dev.yaml,DEFAULT_GROUP'}]
2025-06-07 16:48:15.832 [main] WARN  com.alibaba.nacos.client.logging.NacosLogging - Load Logback Configuration of Nacos fail, message: Could not initialize Logback Nacos logging from classpath:nacos-logback.xml
2025-06-07 16:48:15.885 [main] WARN  com.alibaba.nacos.client.logging.NacosLogging - Load Logback Configuration of Nacos fail, message: Could not initialize Logback Nacos logging from classpath:nacos-logback.xml
2025-06-07 16:48:16.131 [main] WARN  com.alibaba.nacos.client.logging.NacosLogging - Load Logback Configuration of Nacos fail, message: Could not initialize Logback Nacos logging from classpath:nacos-logback.xml
2025-06-07 16:48:16.134 [main] INFO  com.alibaba.nacos.client.utils.ParamUtil - [settings] [req-serv] nacos-server port:8848
2025-06-07 16:48:16.135 [main] INFO  com.alibaba.nacos.client.utils.ParamUtil - [settings] [http-client] connect timeout:1000
2025-06-07 16:48:16.137 [main] INFO  com.alibaba.nacos.client.utils.ParamUtil - PER_TASK_CONFIG_SIZE: 3000.0
2025-06-07 16:48:16.176 [main] INFO  c.a.n.p.auth.spi.client.ClientAuthPluginManager - [ClientAuthPluginManager] Load ClientAuthService com.alibaba.nacos.client.auth.impl.NacosClientAuthServiceImpl success.
2025-06-07 16:48:16.176 [main] INFO  c.a.n.p.auth.spi.client.ClientAuthPluginManager - [ClientAuthPluginManager] Load ClientAuthService com.alibaba.nacos.client.auth.ram.RamClientAuthServiceImpl success.
2025-06-07 16:48:16.179 [main] INFO  c.a.n.client.auth.ram.identify.CredentialWatcher - null No credential found
2025-06-07 16:48:17.352 [main] WARN  com.alibaba.nacos.client.logging.NacosLogging - Load Logback Configuration of Nacos fail, message: Could not initialize Logback Nacos logging from classpath:nacos-logback.xml
2025-06-07 16:48:17.374 [main] INFO  c.a.n.client.config.impl.LocalConfigInfoProcessor - LOCAL_SNAPSHOT_PATH:C:\Users\Administrator\nacos\config
2025-06-07 16:48:17.379 [main] INFO  com.alibaba.nacos.common.remote.client - [RpcClientFactory] create a new rpc client of 3e35aae6-fbdd-442b-beb5-8ede1dac598f_config-0
2025-06-07 16:48:17.398 [main] INFO  com.alibaba.nacos.common.remote.client - [3e35aae6-fbdd-442b-beb5-8ede1dac598f_config-0] Register server push request handler:com.alibaba.nacos.client.config.impl.ClientWorker$ConfigRpcTransportClient$$Lambda/0x0000014dca4028f0
2025-06-07 16:48:17.398 [main] INFO  com.alibaba.nacos.common.remote.client - [3e35aae6-fbdd-442b-beb5-8ede1dac598f_config-0] Register server push request handler:com.alibaba.nacos.client.config.impl.ClientWorker$ConfigRpcTransportClient$$Lambda/0x0000014dca402d00
2025-06-07 16:48:17.399 [main] INFO  com.alibaba.nacos.common.remote.client - [3e35aae6-fbdd-442b-beb5-8ede1dac598f_config-0] Registry connection listener to current client:com.alibaba.nacos.client.config.impl.ClientWorker$ConfigRpcTransportClient$1
2025-06-07 16:48:17.399 [main] INFO  com.alibaba.nacos.common.remote.client - [3e35aae6-fbdd-442b-beb5-8ede1dac598f_config-0] RpcClient init, ServerListFactory = com.alibaba.nacos.client.config.impl.ClientWorker$ConfigRpcTransportClient$2
2025-06-07 16:48:17.406 [main] INFO  com.alibaba.nacos.common.remote.client - [3e35aae6-fbdd-442b-beb5-8ede1dac598f_config-0] Try to connect to server on start up, server: {serverIp = '8.133.246.113', server main port = 8848}
2025-06-07 16:48:17.439 [main] INFO  c.a.nacos.common.remote.client.grpc.GrpcClient - grpc client connection server:8.133.246.113 ip,serverPort:9848,grpcTslConfig:{"sslProvider":"OPENSSL","enableTls":false,"mutualAuthEnable":false,"trustAll":false}
2025-06-07 16:48:18.195 [main] INFO  com.alibaba.nacos.common.remote.client - [3e35aae6-fbdd-442b-beb5-8ede1dac598f_config-0] Success to connect to server [8.133.246.113:8848] on start up, connectionId = 1749286097806_139.227.195.166_38199
2025-06-07 16:48:18.196 [com.alibaba.nacos.client.remote.worker] INFO  com.alibaba.nacos.common.remote.client - [3e35aae6-fbdd-442b-beb5-8ede1dac598f_config-0] Notify connected event to listeners.
2025-06-07 16:48:18.196 [com.alibaba.nacos.client.remote.worker] INFO  com.alibaba.nacos.client.config.impl.ClientWorker - [3e35aae6-fbdd-442b-beb5-8ede1dac598f_config-0] Connected,notify listen context...
2025-06-07 16:48:18.196 [main] INFO  com.alibaba.nacos.common.remote.client - [3e35aae6-fbdd-442b-beb5-8ede1dac598f_config-0] Register server push request handler:com.alibaba.nacos.common.remote.client.RpcClient$ConnectResetRequestHandler
2025-06-07 16:48:18.197 [main] INFO  com.alibaba.nacos.common.remote.client - [3e35aae6-fbdd-442b-beb5-8ede1dac598f_config-0] Register server push request handler:com.alibaba.nacos.common.remote.client.RpcClient$$Lambda/0x0000014dca555ee0
2025-06-07 16:48:18.243 [main] INFO  com.alibaba.nacos.client.config.impl.Limiter - limitTime:5.0
2025-06-07 16:48:18.264 [main] WARN  c.a.cloud.nacos.client.NacosPropertySourceBuilder - Ignore the empty nacos configuration and get it based on dataId[common-dev.yaml] & group[DEFAULT_GROUP]
2025-06-07 16:48:18.275 [main] WARN  c.a.cloud.nacos.client.NacosPropertySourceBuilder - Ignore the empty nacos configuration and get it based on dataId[bgtech-ai] & group[DEFAULT_GROUP]
2025-06-07 16:48:18.285 [main] WARN  c.a.cloud.nacos.client.NacosPropertySourceBuilder - Ignore the empty nacos configuration and get it based on dataId[bgtech-ai.yaml] & group[DEFAULT_GROUP]
2025-06-07 16:48:18.299 [main] INFO  com.alibaba.nacos.client.config.utils.JvmUtil - isMultiInstance:false
2025-06-07 16:48:18.314 [main] INFO  o.s.c.b.c.PropertySourceBootstrapConfiguration - Located property source: [BootstrapPropertySource {name='bootstrapProperties-bgtech-ai-dev.yaml,DEFAULT_GROUP'}, BootstrapPropertySource {name='bootstrapProperties-bgtech-ai.yaml,DEFAULT_GROUP'}, BootstrapPropertySource {name='bootstrapProperties-bgtech-ai,DEFAULT_GROUP'}, BootstrapPropertySource {name='bootstrapProperties-common-dev.yaml,DEFAULT_GROUP'}]
2025-06-07 16:49:55.663 [main] WARN  com.alibaba.nacos.client.logging.NacosLogging - Load Logback Configuration of Nacos fail, message: Could not initialize Logback Nacos logging from classpath:nacos-logback.xml
2025-06-07 16:49:55.724 [main] WARN  com.alibaba.nacos.client.logging.NacosLogging - Load Logback Configuration of Nacos fail, message: Could not initialize Logback Nacos logging from classpath:nacos-logback.xml
2025-06-07 16:49:55.975 [main] WARN  com.alibaba.nacos.client.logging.NacosLogging - Load Logback Configuration of Nacos fail, message: Could not initialize Logback Nacos logging from classpath:nacos-logback.xml
2025-06-07 16:49:55.977 [main] INFO  com.alibaba.nacos.client.utils.ParamUtil - [settings] [req-serv] nacos-server port:8848
2025-06-07 16:49:55.978 [main] INFO  com.alibaba.nacos.client.utils.ParamUtil - [settings] [http-client] connect timeout:1000
2025-06-07 16:49:55.979 [main] INFO  com.alibaba.nacos.client.utils.ParamUtil - PER_TASK_CONFIG_SIZE: 3000.0
2025-06-07 16:49:56.005 [main] INFO  c.a.n.p.auth.spi.client.ClientAuthPluginManager - [ClientAuthPluginManager] Load ClientAuthService com.alibaba.nacos.client.auth.impl.NacosClientAuthServiceImpl success.
2025-06-07 16:49:56.005 [main] INFO  c.a.n.p.auth.spi.client.ClientAuthPluginManager - [ClientAuthPluginManager] Load ClientAuthService com.alibaba.nacos.client.auth.ram.RamClientAuthServiceImpl success.
2025-06-07 16:49:56.008 [main] INFO  c.a.n.client.auth.ram.identify.CredentialWatcher - null No credential found
2025-06-07 16:49:57.164 [main] WARN  com.alibaba.nacos.client.logging.NacosLogging - Load Logback Configuration of Nacos fail, message: Could not initialize Logback Nacos logging from classpath:nacos-logback.xml
2025-06-07 16:49:57.197 [main] INFO  c.a.n.client.config.impl.LocalConfigInfoProcessor - LOCAL_SNAPSHOT_PATH:C:\Users\Administrator\nacos\config
2025-06-07 16:49:57.202 [main] INFO  com.alibaba.nacos.common.remote.client - [RpcClientFactory] create a new rpc client of 5758d161-5158-4612-8321-e0c4b9dcb2f6_config-0
2025-06-07 16:49:57.228 [main] INFO  com.alibaba.nacos.common.remote.client - [5758d161-5158-4612-8321-e0c4b9dcb2f6_config-0] Register server push request handler:com.alibaba.nacos.client.config.impl.ClientWorker$ConfigRpcTransportClient$$Lambda/0x0000018381400640
2025-06-07 16:49:57.228 [main] INFO  com.alibaba.nacos.common.remote.client - [5758d161-5158-4612-8321-e0c4b9dcb2f6_config-0] Register server push request handler:com.alibaba.nacos.client.config.impl.ClientWorker$ConfigRpcTransportClient$$Lambda/0x0000018381400a50
2025-06-07 16:49:57.229 [main] INFO  com.alibaba.nacos.common.remote.client - [5758d161-5158-4612-8321-e0c4b9dcb2f6_config-0] Registry connection listener to current client:com.alibaba.nacos.client.config.impl.ClientWorker$ConfigRpcTransportClient$1
2025-06-07 16:49:57.230 [main] INFO  com.alibaba.nacos.common.remote.client - [5758d161-5158-4612-8321-e0c4b9dcb2f6_config-0] RpcClient init, ServerListFactory = com.alibaba.nacos.client.config.impl.ClientWorker$ConfigRpcTransportClient$2
2025-06-07 16:49:57.266 [main] INFO  com.alibaba.nacos.common.remote.client - [5758d161-5158-4612-8321-e0c4b9dcb2f6_config-0] Try to connect to server on start up, server: {serverIp = '8.133.246.113', server main port = 8848}
2025-06-07 16:49:57.331 [main] INFO  c.a.nacos.common.remote.client.grpc.GrpcClient - grpc client connection server:8.133.246.113 ip,serverPort:9848,grpcTslConfig:{"sslProvider":"OPENSSL","enableTls":false,"mutualAuthEnable":false,"trustAll":false}
2025-06-07 16:49:58.155 [main] INFO  com.alibaba.nacos.common.remote.client - [5758d161-5158-4612-8321-e0c4b9dcb2f6_config-0] Success to connect to server [8.133.246.113:8848] on start up, connectionId = 1749286197765_139.227.195.166_39155
2025-06-07 16:49:58.156 [com.alibaba.nacos.client.remote.worker] INFO  com.alibaba.nacos.common.remote.client - [5758d161-5158-4612-8321-e0c4b9dcb2f6_config-0] Notify connected event to listeners.
2025-06-07 16:49:58.156 [com.alibaba.nacos.client.remote.worker] INFO  com.alibaba.nacos.client.config.impl.ClientWorker - [5758d161-5158-4612-8321-e0c4b9dcb2f6_config-0] Connected,notify listen context...
2025-06-07 16:49:58.156 [main] INFO  com.alibaba.nacos.common.remote.client - [5758d161-5158-4612-8321-e0c4b9dcb2f6_config-0] Register server push request handler:com.alibaba.nacos.common.remote.client.RpcClient$ConnectResetRequestHandler
2025-06-07 16:49:58.157 [main] INFO  com.alibaba.nacos.common.remote.client - [5758d161-5158-4612-8321-e0c4b9dcb2f6_config-0] Register server push request handler:com.alibaba.nacos.common.remote.client.RpcClient$$Lambda/0x00000183815537b8
2025-06-07 16:49:58.195 [main] INFO  com.alibaba.nacos.client.config.impl.Limiter - limitTime:5.0
2025-06-07 16:49:58.215 [main] WARN  c.a.cloud.nacos.client.NacosPropertySourceBuilder - Ignore the empty nacos configuration and get it based on dataId[common-dev.yaml] & group[DEFAULT_GROUP]
2025-06-07 16:49:58.227 [main] WARN  c.a.cloud.nacos.client.NacosPropertySourceBuilder - Ignore the empty nacos configuration and get it based on dataId[bgtech-ai] & group[DEFAULT_GROUP]
2025-06-07 16:49:58.236 [main] WARN  c.a.cloud.nacos.client.NacosPropertySourceBuilder - Ignore the empty nacos configuration and get it based on dataId[bgtech-ai.yaml] & group[DEFAULT_GROUP]
2025-06-07 16:49:58.247 [main] INFO  com.alibaba.nacos.client.config.utils.JvmUtil - isMultiInstance:false
2025-06-07 16:49:58.263 [main] INFO  o.s.c.b.c.PropertySourceBootstrapConfiguration - Located property source: [BootstrapPropertySource {name='bootstrapProperties-bgtech-ai-dev.yaml,DEFAULT_GROUP'}, BootstrapPropertySource {name='bootstrapProperties-bgtech-ai.yaml,DEFAULT_GROUP'}, BootstrapPropertySource {name='bootstrapProperties-bgtech-ai,DEFAULT_GROUP'}, BootstrapPropertySource {name='bootstrapProperties-common-dev.yaml,DEFAULT_GROUP'}]
2025-06-07 16:52:39.962 [main] WARN  com.alibaba.nacos.client.logging.NacosLogging - Load Logback Configuration of Nacos fail, message: Could not initialize Logback Nacos logging from classpath:nacos-logback.xml
2025-06-07 16:52:40.017 [main] WARN  com.alibaba.nacos.client.logging.NacosLogging - Load Logback Configuration of Nacos fail, message: Could not initialize Logback Nacos logging from classpath:nacos-logback.xml
2025-06-07 16:52:40.236 [main] WARN  com.alibaba.nacos.client.logging.NacosLogging - Load Logback Configuration of Nacos fail, message: Could not initialize Logback Nacos logging from classpath:nacos-logback.xml
2025-06-07 16:52:40.238 [main] INFO  com.alibaba.nacos.client.utils.ParamUtil - [settings] [req-serv] nacos-server port:8848
2025-06-07 16:52:40.238 [main] INFO  com.alibaba.nacos.client.utils.ParamUtil - [settings] [http-client] connect timeout:1000
2025-06-07 16:52:40.239 [main] INFO  com.alibaba.nacos.client.utils.ParamUtil - PER_TASK_CONFIG_SIZE: 3000.0
2025-06-07 16:52:40.264 [main] INFO  c.a.n.p.auth.spi.client.ClientAuthPluginManager - [ClientAuthPluginManager] Load ClientAuthService com.alibaba.nacos.client.auth.impl.NacosClientAuthServiceImpl success.
2025-06-07 16:52:40.265 [main] INFO  c.a.n.p.auth.spi.client.ClientAuthPluginManager - [ClientAuthPluginManager] Load ClientAuthService com.alibaba.nacos.client.auth.ram.RamClientAuthServiceImpl success.
2025-06-07 16:52:40.267 [main] INFO  c.a.n.client.auth.ram.identify.CredentialWatcher - null No credential found
2025-06-07 16:52:41.388 [main] WARN  com.alibaba.nacos.client.logging.NacosLogging - Load Logback Configuration of Nacos fail, message: Could not initialize Logback Nacos logging from classpath:nacos-logback.xml
2025-06-07 16:52:41.410 [main] INFO  c.a.n.client.config.impl.LocalConfigInfoProcessor - LOCAL_SNAPSHOT_PATH:C:\Users\Administrator\nacos\config
2025-06-07 16:52:41.414 [main] INFO  com.alibaba.nacos.common.remote.client - [RpcClientFactory] create a new rpc client of c38e92f9-62f0-43e3-aa5f-2e577f718180_config-0
2025-06-07 16:52:41.435 [main] INFO  com.alibaba.nacos.common.remote.client - [c38e92f9-62f0-43e3-aa5f-2e577f718180_config-0] Register server push request handler:com.alibaba.nacos.client.config.impl.ClientWorker$ConfigRpcTransportClient$$Lambda/0x0000025501401028
2025-06-07 16:52:41.435 [main] INFO  com.alibaba.nacos.common.remote.client - [c38e92f9-62f0-43e3-aa5f-2e577f718180_config-0] Register server push request handler:com.alibaba.nacos.client.config.impl.ClientWorker$ConfigRpcTransportClient$$Lambda/0x0000025501401438
2025-06-07 16:52:41.436 [main] INFO  com.alibaba.nacos.common.remote.client - [c38e92f9-62f0-43e3-aa5f-2e577f718180_config-0] Registry connection listener to current client:com.alibaba.nacos.client.config.impl.ClientWorker$ConfigRpcTransportClient$1
2025-06-07 16:52:41.436 [main] INFO  com.alibaba.nacos.common.remote.client - [c38e92f9-62f0-43e3-aa5f-2e577f718180_config-0] RpcClient init, ServerListFactory = com.alibaba.nacos.client.config.impl.ClientWorker$ConfigRpcTransportClient$2
2025-06-07 16:52:41.443 [main] INFO  com.alibaba.nacos.common.remote.client - [c38e92f9-62f0-43e3-aa5f-2e577f718180_config-0] Try to connect to server on start up, server: {serverIp = '8.133.246.113', server main port = 8848}
2025-06-07 16:52:41.480 [main] INFO  c.a.nacos.common.remote.client.grpc.GrpcClient - grpc client connection server:8.133.246.113 ip,serverPort:9848,grpcTslConfig:{"sslProvider":"OPENSSL","enableTls":false,"mutualAuthEnable":false,"trustAll":false}
2025-06-07 16:52:42.191 [main] INFO  com.alibaba.nacos.common.remote.client - [c38e92f9-62f0-43e3-aa5f-2e577f718180_config-0] Success to connect to server [8.133.246.113:8848] on start up, connectionId = 1749286361823_139.227.195.166_39032
2025-06-07 16:52:42.192 [com.alibaba.nacos.client.remote.worker] INFO  com.alibaba.nacos.common.remote.client - [c38e92f9-62f0-43e3-aa5f-2e577f718180_config-0] Notify connected event to listeners.
2025-06-07 16:52:42.192 [com.alibaba.nacos.client.remote.worker] INFO  com.alibaba.nacos.client.config.impl.ClientWorker - [c38e92f9-62f0-43e3-aa5f-2e577f718180_config-0] Connected,notify listen context...
2025-06-07 16:52:42.192 [main] INFO  com.alibaba.nacos.common.remote.client - [c38e92f9-62f0-43e3-aa5f-2e577f718180_config-0] Register server push request handler:com.alibaba.nacos.common.remote.client.RpcClient$ConnectResetRequestHandler
2025-06-07 16:52:42.193 [main] INFO  com.alibaba.nacos.common.remote.client - [c38e92f9-62f0-43e3-aa5f-2e577f718180_config-0] Register server push request handler:com.alibaba.nacos.common.remote.client.RpcClient$$Lambda/0x0000025501554318
2025-06-07 16:52:42.244 [main] INFO  com.alibaba.nacos.client.config.impl.Limiter - limitTime:5.0
2025-06-07 16:52:42.268 [main] WARN  c.a.cloud.nacos.client.NacosPropertySourceBuilder - Ignore the empty nacos configuration and get it based on dataId[common-dev.yaml] & group[DEFAULT_GROUP]
2025-06-07 16:52:42.278 [main] WARN  c.a.cloud.nacos.client.NacosPropertySourceBuilder - Ignore the empty nacos configuration and get it based on dataId[bgtech-ai] & group[DEFAULT_GROUP]
2025-06-07 16:52:42.290 [main] WARN  c.a.cloud.nacos.client.NacosPropertySourceBuilder - Ignore the empty nacos configuration and get it based on dataId[bgtech-ai.yaml] & group[DEFAULT_GROUP]
2025-06-07 16:52:42.304 [main] INFO  com.alibaba.nacos.client.config.utils.JvmUtil - isMultiInstance:false
2025-06-07 16:52:42.320 [main] INFO  o.s.c.b.c.PropertySourceBootstrapConfiguration - Located property source: [BootstrapPropertySource {name='bootstrapProperties-bgtech-ai-dev.yaml,DEFAULT_GROUP'}, BootstrapPropertySource {name='bootstrapProperties-bgtech-ai.yaml,DEFAULT_GROUP'}, BootstrapPropertySource {name='bootstrapProperties-bgtech-ai,DEFAULT_GROUP'}, BootstrapPropertySource {name='bootstrapProperties-common-dev.yaml,DEFAULT_GROUP'}]
2025-06-07 16:56:00.878 [main] WARN  com.alibaba.nacos.client.logging.NacosLogging - Load Logback Configuration of Nacos fail, message: Could not initialize Logback Nacos logging from classpath:nacos-logback.xml
2025-06-07 16:56:00.934 [main] WARN  com.alibaba.nacos.client.logging.NacosLogging - Load Logback Configuration of Nacos fail, message: Could not initialize Logback Nacos logging from classpath:nacos-logback.xml
2025-06-07 16:56:01.157 [main] WARN  com.alibaba.nacos.client.logging.NacosLogging - Load Logback Configuration of Nacos fail, message: Could not initialize Logback Nacos logging from classpath:nacos-logback.xml
2025-06-07 16:56:01.159 [main] INFO  com.alibaba.nacos.client.utils.ParamUtil - [settings] [req-serv] nacos-server port:8848
2025-06-07 16:56:01.160 [main] INFO  com.alibaba.nacos.client.utils.ParamUtil - [settings] [http-client] connect timeout:1000
2025-06-07 16:56:01.161 [main] INFO  com.alibaba.nacos.client.utils.ParamUtil - PER_TASK_CONFIG_SIZE: 3000.0
2025-06-07 16:56:01.188 [main] INFO  c.a.n.p.auth.spi.client.ClientAuthPluginManager - [ClientAuthPluginManager] Load ClientAuthService com.alibaba.nacos.client.auth.impl.NacosClientAuthServiceImpl success.
2025-06-07 16:56:01.189 [main] INFO  c.a.n.p.auth.spi.client.ClientAuthPluginManager - [ClientAuthPluginManager] Load ClientAuthService com.alibaba.nacos.client.auth.ram.RamClientAuthServiceImpl success.
2025-06-07 16:56:01.192 [main] INFO  c.a.n.client.auth.ram.identify.CredentialWatcher - null No credential found
2025-06-07 16:56:02.316 [main] WARN  com.alibaba.nacos.client.logging.NacosLogging - Load Logback Configuration of Nacos fail, message: Could not initialize Logback Nacos logging from classpath:nacos-logback.xml
2025-06-07 16:56:02.338 [main] INFO  c.a.n.client.config.impl.LocalConfigInfoProcessor - LOCAL_SNAPSHOT_PATH:C:\Users\Administrator\nacos\config
2025-06-07 16:56:02.343 [main] INFO  com.alibaba.nacos.common.remote.client - [RpcClientFactory] create a new rpc client of a0186ca3-3d5b-4044-862b-7c99fe37a710_config-0
2025-06-07 16:56:02.361 [main] INFO  com.alibaba.nacos.common.remote.client - [a0186ca3-3d5b-4044-862b-7c99fe37a710_config-0] Register server push request handler:com.alibaba.nacos.client.config.impl.ClientWorker$ConfigRpcTransportClient$$Lambda/0x00000247a9401218
2025-06-07 16:56:02.362 [main] INFO  com.alibaba.nacos.common.remote.client - [a0186ca3-3d5b-4044-862b-7c99fe37a710_config-0] Register server push request handler:com.alibaba.nacos.client.config.impl.ClientWorker$ConfigRpcTransportClient$$Lambda/0x00000247a9401628
2025-06-07 16:56:02.362 [main] INFO  com.alibaba.nacos.common.remote.client - [a0186ca3-3d5b-4044-862b-7c99fe37a710_config-0] Registry connection listener to current client:com.alibaba.nacos.client.config.impl.ClientWorker$ConfigRpcTransportClient$1
2025-06-07 16:56:02.363 [main] INFO  com.alibaba.nacos.common.remote.client - [a0186ca3-3d5b-4044-862b-7c99fe37a710_config-0] RpcClient init, ServerListFactory = com.alibaba.nacos.client.config.impl.ClientWorker$ConfigRpcTransportClient$2
2025-06-07 16:56:02.369 [main] INFO  com.alibaba.nacos.common.remote.client - [a0186ca3-3d5b-4044-862b-7c99fe37a710_config-0] Try to connect to server on start up, server: {serverIp = '8.133.246.113', server main port = 8848}
2025-06-07 16:56:02.402 [main] INFO  c.a.nacos.common.remote.client.grpc.GrpcClient - grpc client connection server:8.133.246.113 ip,serverPort:9848,grpcTslConfig:{"sslProvider":"OPENSSL","enableTls":false,"mutualAuthEnable":false,"trustAll":false}
2025-06-07 16:56:03.134 [main] INFO  com.alibaba.nacos.common.remote.client - [a0186ca3-3d5b-4044-862b-7c99fe37a710_config-0] Success to connect to server [8.133.246.113:8848] on start up, connectionId = 1749286562759_139.227.195.166_39392
2025-06-07 16:56:03.135 [com.alibaba.nacos.client.remote.worker] INFO  com.alibaba.nacos.common.remote.client - [a0186ca3-3d5b-4044-862b-7c99fe37a710_config-0] Notify connected event to listeners.
2025-06-07 16:56:03.135 [main] INFO  com.alibaba.nacos.common.remote.client - [a0186ca3-3d5b-4044-862b-7c99fe37a710_config-0] Register server push request handler:com.alibaba.nacos.common.remote.client.RpcClient$ConnectResetRequestHandler
2025-06-07 16:56:03.135 [com.alibaba.nacos.client.remote.worker] INFO  com.alibaba.nacos.client.config.impl.ClientWorker - [a0186ca3-3d5b-4044-862b-7c99fe37a710_config-0] Connected,notify listen context...
2025-06-07 16:56:03.135 [main] INFO  com.alibaba.nacos.common.remote.client - [a0186ca3-3d5b-4044-862b-7c99fe37a710_config-0] Register server push request handler:com.alibaba.nacos.common.remote.client.RpcClient$$Lambda/0x00000247a95545e0
2025-06-07 16:56:03.178 [main] INFO  com.alibaba.nacos.client.config.impl.Limiter - limitTime:5.0
2025-06-07 16:56:03.202 [main] WARN  c.a.cloud.nacos.client.NacosPropertySourceBuilder - Ignore the empty nacos configuration and get it based on dataId[common-dev.yaml] & group[DEFAULT_GROUP]
2025-06-07 16:56:03.213 [main] WARN  c.a.cloud.nacos.client.NacosPropertySourceBuilder - Ignore the empty nacos configuration and get it based on dataId[bgtech-ai] & group[DEFAULT_GROUP]
2025-06-07 16:56:03.224 [main] WARN  c.a.cloud.nacos.client.NacosPropertySourceBuilder - Ignore the empty nacos configuration and get it based on dataId[bgtech-ai.yaml] & group[DEFAULT_GROUP]
2025-06-07 16:56:03.245 [main] INFO  com.alibaba.nacos.client.config.utils.JvmUtil - isMultiInstance:false
2025-06-07 16:56:03.261 [main] INFO  o.s.c.b.c.PropertySourceBootstrapConfiguration - Located property source: [BootstrapPropertySource {name='bootstrapProperties-bgtech-ai-dev.yaml,DEFAULT_GROUP'}, BootstrapPropertySource {name='bootstrapProperties-bgtech-ai.yaml,DEFAULT_GROUP'}, BootstrapPropertySource {name='bootstrapProperties-bgtech-ai,DEFAULT_GROUP'}, BootstrapPropertySource {name='bootstrapProperties-common-dev.yaml,DEFAULT_GROUP'}]
2025-06-07 16:58:49.542 [main] WARN  com.alibaba.nacos.client.logging.NacosLogging - Load Logback Configuration of Nacos fail, message: Could not initialize Logback Nacos logging from classpath:nacos-logback.xml
2025-06-07 16:58:49.601 [main] WARN  com.alibaba.nacos.client.logging.NacosLogging - Load Logback Configuration of Nacos fail, message: Could not initialize Logback Nacos logging from classpath:nacos-logback.xml
2025-06-07 16:58:49.825 [main] WARN  com.alibaba.nacos.client.logging.NacosLogging - Load Logback Configuration of Nacos fail, message: Could not initialize Logback Nacos logging from classpath:nacos-logback.xml
2025-06-07 16:58:49.827 [main] INFO  com.alibaba.nacos.client.utils.ParamUtil - [settings] [req-serv] nacos-server port:8848
2025-06-07 16:58:49.828 [main] INFO  com.alibaba.nacos.client.utils.ParamUtil - [settings] [http-client] connect timeout:1000
2025-06-07 16:58:49.829 [main] INFO  com.alibaba.nacos.client.utils.ParamUtil - PER_TASK_CONFIG_SIZE: 3000.0
2025-06-07 16:58:49.855 [main] INFO  c.a.n.p.auth.spi.client.ClientAuthPluginManager - [ClientAuthPluginManager] Load ClientAuthService com.alibaba.nacos.client.auth.impl.NacosClientAuthServiceImpl success.
2025-06-07 16:58:49.855 [main] INFO  c.a.n.p.auth.spi.client.ClientAuthPluginManager - [ClientAuthPluginManager] Load ClientAuthService com.alibaba.nacos.client.auth.ram.RamClientAuthServiceImpl success.
2025-06-07 16:58:49.858 [main] INFO  c.a.n.client.auth.ram.identify.CredentialWatcher - null No credential found
2025-06-07 16:58:50.994 [main] WARN  com.alibaba.nacos.client.logging.NacosLogging - Load Logback Configuration of Nacos fail, message: Could not initialize Logback Nacos logging from classpath:nacos-logback.xml
2025-06-07 16:58:51.023 [main] INFO  c.a.n.client.config.impl.LocalConfigInfoProcessor - LOCAL_SNAPSHOT_PATH:C:\Users\Administrator\nacos\config
2025-06-07 16:58:51.027 [main] INFO  com.alibaba.nacos.common.remote.client - [RpcClientFactory] create a new rpc client of 0cf80ed2-087e-4b43-b337-e6b57a164b14_config-0
2025-06-07 16:58:51.048 [main] INFO  com.alibaba.nacos.common.remote.client - [0cf80ed2-087e-4b43-b337-e6b57a164b14_config-0] Register server push request handler:com.alibaba.nacos.client.config.impl.ClientWorker$ConfigRpcTransportClient$$Lambda/0x000001ccbe4035d0
2025-06-07 16:58:51.049 [main] INFO  com.alibaba.nacos.common.remote.client - [0cf80ed2-087e-4b43-b337-e6b57a164b14_config-0] Register server push request handler:com.alibaba.nacos.client.config.impl.ClientWorker$ConfigRpcTransportClient$$Lambda/0x000001ccbe4039e0
2025-06-07 16:58:51.049 [main] INFO  com.alibaba.nacos.common.remote.client - [0cf80ed2-087e-4b43-b337-e6b57a164b14_config-0] Registry connection listener to current client:com.alibaba.nacos.client.config.impl.ClientWorker$ConfigRpcTransportClient$1
2025-06-07 16:58:51.050 [main] INFO  com.alibaba.nacos.common.remote.client - [0cf80ed2-087e-4b43-b337-e6b57a164b14_config-0] RpcClient init, ServerListFactory = com.alibaba.nacos.client.config.impl.ClientWorker$ConfigRpcTransportClient$2
2025-06-07 16:58:51.057 [main] INFO  com.alibaba.nacos.common.remote.client - [0cf80ed2-087e-4b43-b337-e6b57a164b14_config-0] Try to connect to server on start up, server: {serverIp = '8.133.246.113', server main port = 8848}
2025-06-07 16:58:51.097 [main] INFO  c.a.nacos.common.remote.client.grpc.GrpcClient - grpc client connection server:8.133.246.113 ip,serverPort:9848,grpcTslConfig:{"sslProvider":"OPENSSL","enableTls":false,"mutualAuthEnable":false,"trustAll":false}
2025-06-07 16:58:51.837 [main] INFO  com.alibaba.nacos.common.remote.client - [0cf80ed2-087e-4b43-b337-e6b57a164b14_config-0] Success to connect to server [8.133.246.113:8848] on start up, connectionId = 1749286731472_139.227.195.166_39349
2025-06-07 16:58:51.838 [com.alibaba.nacos.client.remote.worker] INFO  com.alibaba.nacos.common.remote.client - [0cf80ed2-087e-4b43-b337-e6b57a164b14_config-0] Notify connected event to listeners.
2025-06-07 16:58:51.838 [com.alibaba.nacos.client.remote.worker] INFO  com.alibaba.nacos.client.config.impl.ClientWorker - [0cf80ed2-087e-4b43-b337-e6b57a164b14_config-0] Connected,notify listen context...
2025-06-07 16:58:51.838 [main] INFO  com.alibaba.nacos.common.remote.client - [0cf80ed2-087e-4b43-b337-e6b57a164b14_config-0] Register server push request handler:com.alibaba.nacos.common.remote.client.RpcClient$ConnectResetRequestHandler
2025-06-07 16:58:51.839 [main] INFO  com.alibaba.nacos.common.remote.client - [0cf80ed2-087e-4b43-b337-e6b57a164b14_config-0] Register server push request handler:com.alibaba.nacos.common.remote.client.RpcClient$$Lambda/0x000001ccbe556c00
2025-06-07 16:58:51.898 [main] INFO  com.alibaba.nacos.client.config.impl.Limiter - limitTime:5.0
2025-06-07 16:58:51.940 [main] WARN  c.a.cloud.nacos.client.NacosPropertySourceBuilder - Ignore the empty nacos configuration and get it based on dataId[common-dev.yaml] & group[DEFAULT_GROUP]
2025-06-07 16:58:51.962 [main] WARN  c.a.cloud.nacos.client.NacosPropertySourceBuilder - Ignore the empty nacos configuration and get it based on dataId[bgtech-ai] & group[DEFAULT_GROUP]
2025-06-07 16:58:51.979 [main] WARN  c.a.cloud.nacos.client.NacosPropertySourceBuilder - Ignore the empty nacos configuration and get it based on dataId[bgtech-ai.yaml] & group[DEFAULT_GROUP]
2025-06-07 16:58:51.994 [main] INFO  com.alibaba.nacos.client.config.utils.JvmUtil - isMultiInstance:false
2025-06-07 16:58:52.015 [main] INFO  o.s.c.b.c.PropertySourceBootstrapConfiguration - Located property source: [BootstrapPropertySource {name='bootstrapProperties-bgtech-ai-dev.yaml,DEFAULT_GROUP'}, BootstrapPropertySource {name='bootstrapProperties-bgtech-ai.yaml,DEFAULT_GROUP'}, BootstrapPropertySource {name='bootstrapProperties-bgtech-ai,DEFAULT_GROUP'}, BootstrapPropertySource {name='bootstrapProperties-common-dev.yaml,DEFAULT_GROUP'}]
2025-06-07 17:00:44.019 [main] WARN  com.alibaba.nacos.client.logging.NacosLogging - Load Logback Configuration of Nacos fail, message: Could not initialize Logback Nacos logging from classpath:nacos-logback.xml
2025-06-07 17:00:44.076 [main] WARN  com.alibaba.nacos.client.logging.NacosLogging - Load Logback Configuration of Nacos fail, message: Could not initialize Logback Nacos logging from classpath:nacos-logback.xml
2025-06-07 17:00:44.334 [main] WARN  com.alibaba.nacos.client.logging.NacosLogging - Load Logback Configuration of Nacos fail, message: Could not initialize Logback Nacos logging from classpath:nacos-logback.xml
2025-06-07 17:00:44.337 [main] INFO  com.alibaba.nacos.client.utils.ParamUtil - [settings] [req-serv] nacos-server port:8848
2025-06-07 17:00:44.337 [main] INFO  com.alibaba.nacos.client.utils.ParamUtil - [settings] [http-client] connect timeout:1000
2025-06-07 17:00:44.339 [main] INFO  com.alibaba.nacos.client.utils.ParamUtil - PER_TASK_CONFIG_SIZE: 3000.0
2025-06-07 17:00:44.378 [main] INFO  c.a.n.p.auth.spi.client.ClientAuthPluginManager - [ClientAuthPluginManager] Load ClientAuthService com.alibaba.nacos.client.auth.impl.NacosClientAuthServiceImpl success.
2025-06-07 17:00:44.378 [main] INFO  c.a.n.p.auth.spi.client.ClientAuthPluginManager - [ClientAuthPluginManager] Load ClientAuthService com.alibaba.nacos.client.auth.ram.RamClientAuthServiceImpl success.
2025-06-07 17:00:44.381 [main] INFO  c.a.n.client.auth.ram.identify.CredentialWatcher - null No credential found
2025-06-07 17:00:45.522 [main] WARN  com.alibaba.nacos.client.logging.NacosLogging - Load Logback Configuration of Nacos fail, message: Could not initialize Logback Nacos logging from classpath:nacos-logback.xml
2025-06-07 17:00:45.551 [main] INFO  c.a.n.client.config.impl.LocalConfigInfoProcessor - LOCAL_SNAPSHOT_PATH:C:\Users\Administrator\nacos\config
2025-06-07 17:00:45.556 [main] INFO  com.alibaba.nacos.common.remote.client - [RpcClientFactory] create a new rpc client of 7b8ef0b8-a31a-4a7c-bbb0-341cc7bb16d7_config-0
2025-06-07 17:00:45.577 [main] INFO  com.alibaba.nacos.common.remote.client - [7b8ef0b8-a31a-4a7c-bbb0-341cc7bb16d7_config-0] Register server push request handler:com.alibaba.nacos.client.config.impl.ClientWorker$ConfigRpcTransportClient$$Lambda/0x000001f1074030a0
2025-06-07 17:00:45.578 [main] INFO  com.alibaba.nacos.common.remote.client - [7b8ef0b8-a31a-4a7c-bbb0-341cc7bb16d7_config-0] Register server push request handler:com.alibaba.nacos.client.config.impl.ClientWorker$ConfigRpcTransportClient$$Lambda/0x000001f1074034b0
2025-06-07 17:00:45.579 [main] INFO  com.alibaba.nacos.common.remote.client - [7b8ef0b8-a31a-4a7c-bbb0-341cc7bb16d7_config-0] Registry connection listener to current client:com.alibaba.nacos.client.config.impl.ClientWorker$ConfigRpcTransportClient$1
2025-06-07 17:00:45.579 [main] INFO  com.alibaba.nacos.common.remote.client - [7b8ef0b8-a31a-4a7c-bbb0-341cc7bb16d7_config-0] RpcClient init, ServerListFactory = com.alibaba.nacos.client.config.impl.ClientWorker$ConfigRpcTransportClient$2
2025-06-07 17:00:45.587 [main] INFO  com.alibaba.nacos.common.remote.client - [7b8ef0b8-a31a-4a7c-bbb0-341cc7bb16d7_config-0] Try to connect to server on start up, server: {serverIp = '8.133.246.113', server main port = 8848}
2025-06-07 17:00:45.629 [main] INFO  c.a.nacos.common.remote.client.grpc.GrpcClient - grpc client connection server:8.133.246.113 ip,serverPort:9848,grpcTslConfig:{"sslProvider":"OPENSSL","enableTls":false,"mutualAuthEnable":false,"trustAll":false}
2025-06-07 17:00:46.412 [main] INFO  com.alibaba.nacos.common.remote.client - [7b8ef0b8-a31a-4a7c-bbb0-341cc7bb16d7_config-0] Success to connect to server [8.133.246.113:8848] on start up, connectionId = 1749286846036_139.227.195.166_38562
2025-06-07 17:00:46.413 [com.alibaba.nacos.client.remote.worker] INFO  com.alibaba.nacos.common.remote.client - [7b8ef0b8-a31a-4a7c-bbb0-341cc7bb16d7_config-0] Notify connected event to listeners.
2025-06-07 17:00:46.413 [com.alibaba.nacos.client.remote.worker] INFO  com.alibaba.nacos.client.config.impl.ClientWorker - [7b8ef0b8-a31a-4a7c-bbb0-341cc7bb16d7_config-0] Connected,notify listen context...
2025-06-07 17:00:46.413 [main] INFO  com.alibaba.nacos.common.remote.client - [7b8ef0b8-a31a-4a7c-bbb0-341cc7bb16d7_config-0] Register server push request handler:com.alibaba.nacos.common.remote.client.RpcClient$ConnectResetRequestHandler
2025-06-07 17:00:46.413 [main] INFO  com.alibaba.nacos.common.remote.client - [7b8ef0b8-a31a-4a7c-bbb0-341cc7bb16d7_config-0] Register server push request handler:com.alibaba.nacos.common.remote.client.RpcClient$$Lambda/0x000001f1075562d0
2025-06-07 17:00:46.453 [main] INFO  com.alibaba.nacos.client.config.impl.Limiter - limitTime:5.0
2025-06-07 17:00:46.473 [main] WARN  c.a.cloud.nacos.client.NacosPropertySourceBuilder - Ignore the empty nacos configuration and get it based on dataId[common-dev.yaml] & group[DEFAULT_GROUP]
2025-06-07 17:00:46.485 [main] WARN  c.a.cloud.nacos.client.NacosPropertySourceBuilder - Ignore the empty nacos configuration and get it based on dataId[bgtech-ai] & group[DEFAULT_GROUP]
2025-06-07 17:00:46.496 [main] WARN  c.a.cloud.nacos.client.NacosPropertySourceBuilder - Ignore the empty nacos configuration and get it based on dataId[bgtech-ai.yaml] & group[DEFAULT_GROUP]
2025-06-07 17:00:46.513 [main] INFO  com.alibaba.nacos.client.config.utils.JvmUtil - isMultiInstance:false
2025-06-07 17:00:46.528 [main] INFO  o.s.c.b.c.PropertySourceBootstrapConfiguration - Located property source: [BootstrapPropertySource {name='bootstrapProperties-bgtech-ai-dev.yaml,DEFAULT_GROUP'}, BootstrapPropertySource {name='bootstrapProperties-bgtech-ai.yaml,DEFAULT_GROUP'}, BootstrapPropertySource {name='bootstrapProperties-bgtech-ai,DEFAULT_GROUP'}, BootstrapPropertySource {name='bootstrapProperties-common-dev.yaml,DEFAULT_GROUP'}]
2025-06-07 17:04:04.707 [main] WARN  com.alibaba.nacos.client.logging.NacosLogging - Load Logback Configuration of Nacos fail, message: Could not initialize Logback Nacos logging from classpath:nacos-logback.xml
2025-06-07 17:04:04.761 [main] WARN  com.alibaba.nacos.client.logging.NacosLogging - Load Logback Configuration of Nacos fail, message: Could not initialize Logback Nacos logging from classpath:nacos-logback.xml
2025-06-07 17:04:04.995 [main] WARN  com.alibaba.nacos.client.logging.NacosLogging - Load Logback Configuration of Nacos fail, message: Could not initialize Logback Nacos logging from classpath:nacos-logback.xml
2025-06-07 17:04:04.997 [main] INFO  com.alibaba.nacos.client.utils.ParamUtil - [settings] [req-serv] nacos-server port:8848
2025-06-07 17:04:04.997 [main] INFO  com.alibaba.nacos.client.utils.ParamUtil - [settings] [http-client] connect timeout:1000
2025-06-07 17:04:04.998 [main] INFO  com.alibaba.nacos.client.utils.ParamUtil - PER_TASK_CONFIG_SIZE: 3000.0
2025-06-07 17:04:05.024 [main] INFO  c.a.n.p.auth.spi.client.ClientAuthPluginManager - [ClientAuthPluginManager] Load ClientAuthService com.alibaba.nacos.client.auth.impl.NacosClientAuthServiceImpl success.
2025-06-07 17:04:05.024 [main] INFO  c.a.n.p.auth.spi.client.ClientAuthPluginManager - [ClientAuthPluginManager] Load ClientAuthService com.alibaba.nacos.client.auth.ram.RamClientAuthServiceImpl success.
2025-06-07 17:04:05.027 [main] INFO  c.a.n.client.auth.ram.identify.CredentialWatcher - null No credential found
2025-06-07 17:04:06.180 [main] WARN  com.alibaba.nacos.client.logging.NacosLogging - Load Logback Configuration of Nacos fail, message: Could not initialize Logback Nacos logging from classpath:nacos-logback.xml
2025-06-07 17:04:06.202 [main] INFO  c.a.n.client.config.impl.LocalConfigInfoProcessor - LOCAL_SNAPSHOT_PATH:C:\Users\Administrator\nacos\config
2025-06-07 17:04:06.207 [main] INFO  com.alibaba.nacos.common.remote.client - [RpcClientFactory] create a new rpc client of e4913263-271e-4aa0-a53a-52440623b686_config-0
2025-06-07 17:04:06.225 [main] INFO  com.alibaba.nacos.common.remote.client - [e4913263-271e-4aa0-a53a-52440623b686_config-0] Register server push request handler:com.alibaba.nacos.client.config.impl.ClientWorker$ConfigRpcTransportClient$$Lambda/0x000002e3b93fe090
2025-06-07 17:04:06.226 [main] INFO  com.alibaba.nacos.common.remote.client - [e4913263-271e-4aa0-a53a-52440623b686_config-0] Register server push request handler:com.alibaba.nacos.client.config.impl.ClientWorker$ConfigRpcTransportClient$$Lambda/0x000002e3b93fe4a0
2025-06-07 17:04:06.227 [main] INFO  com.alibaba.nacos.common.remote.client - [e4913263-271e-4aa0-a53a-52440623b686_config-0] Registry connection listener to current client:com.alibaba.nacos.client.config.impl.ClientWorker$ConfigRpcTransportClient$1
2025-06-07 17:04:06.227 [main] INFO  com.alibaba.nacos.common.remote.client - [e4913263-271e-4aa0-a53a-52440623b686_config-0] RpcClient init, ServerListFactory = com.alibaba.nacos.client.config.impl.ClientWorker$ConfigRpcTransportClient$2
2025-06-07 17:04:06.234 [main] INFO  com.alibaba.nacos.common.remote.client - [e4913263-271e-4aa0-a53a-52440623b686_config-0] Try to connect to server on start up, server: {serverIp = '8.133.246.113', server main port = 8848}
2025-06-07 17:04:06.274 [main] INFO  c.a.nacos.common.remote.client.grpc.GrpcClient - grpc client connection server:8.133.246.113 ip,serverPort:9848,grpcTslConfig:{"sslProvider":"OPENSSL","enableTls":false,"mutualAuthEnable":false,"trustAll":false}
2025-06-07 17:04:09.603 [main] ERROR c.a.nacos.common.remote.client.grpc.GrpcClient - Server check fail, please check server 8.133.246.113 ,port 9848 is available , error ={}
java.util.concurrent.TimeoutException: Waited 3000 milliseconds (plus 15 milliseconds, 567300 nanoseconds delay) for com.alibaba.nacos.shaded.io.grpc.stub.ClientCalls$GrpcFuture@1860a7a1[status=PENDING, info=[GrpcFuture{clientCall=PendingCall{realCall=ClientCallImpl{method=MethodDescriptor{fullMethodName=Request/request, type=UNARY, idempotent=false, safe=false, sampledToLocalTracing=true, requestMarshaller=com.alibaba.nacos.shaded.io.grpc.protobuf.lite.ProtoLiteUtils$MessageMarshaller@40d96578, responseMarshaller=com.alibaba.nacos.shaded.io.grpc.protobuf.lite.ProtoLiteUtils$MessageMarshaller@c97721b, schemaDescriptor=com.alibaba.nacos.api.grpc.auto.RequestGrpc$RequestMethodDescriptorSupplier@283ab206}}}}]]
	at com.alibaba.nacos.shaded.com.google.common.util.concurrent.AbstractFuture.get(AbstractFuture.java:508)
	at com.alibaba.nacos.common.remote.client.grpc.GrpcClient.serverCheck(GrpcClient.java:218)
	at com.alibaba.nacos.common.remote.client.grpc.GrpcClient.connectToServer(GrpcClient.java:329)
	at com.alibaba.nacos.common.remote.client.RpcClient.start(RpcClient.java:363)
	at com.alibaba.nacos.client.config.impl.ClientWorker$ConfigRpcTransportClient.ensureRpcClient(ClientWorker.java:891)
	at com.alibaba.nacos.client.config.impl.ClientWorker$ConfigRpcTransportClient.getOneRunningClient(ClientWorker.java:1038)
	at com.alibaba.nacos.client.config.impl.ClientWorker$ConfigRpcTransportClient.queryConfig(ClientWorker.java:946)
	at com.alibaba.nacos.client.config.impl.ClientWorker.getServerConfig(ClientWorker.java:403)
	at com.alibaba.nacos.client.config.NacosConfigService.getConfigInner(NacosConfigService.java:184)
	at com.alibaba.nacos.client.config.NacosConfigService.getConfig(NacosConfigService.java:96)
	at com.alibaba.cloud.nacos.client.NacosPropertySourceBuilder.loadNacosData(NacosPropertySourceBuilder.java:85)
	at com.alibaba.cloud.nacos.client.NacosPropertySourceBuilder.build(NacosPropertySourceBuilder.java:73)
	at com.alibaba.cloud.nacos.client.NacosPropertySourceLocator.loadNacosPropertySource(NacosPropertySourceLocator.java:199)
	at com.alibaba.cloud.nacos.client.NacosPropertySourceLocator.loadNacosDataIfPresent(NacosPropertySourceLocator.java:186)
	at com.alibaba.cloud.nacos.client.NacosPropertySourceLocator.loadNacosConfiguration(NacosPropertySourceLocator.java:158)
	at com.alibaba.cloud.nacos.client.NacosPropertySourceLocator.loadSharedConfiguration(NacosPropertySourceLocator.java:116)
	at com.alibaba.cloud.nacos.client.NacosPropertySourceLocator.locate(NacosPropertySourceLocator.java:101)
	at org.springframework.cloud.bootstrap.config.PropertySourceLocator.locateCollection(PropertySourceLocator.java:50)
	at org.springframework.cloud.bootstrap.config.PropertySourceLocator.locateCollection(PropertySourceLocator.java:46)
	at org.springframework.cloud.bootstrap.config.PropertySourceBootstrapConfiguration.doInitialize(PropertySourceBootstrapConfiguration.java:121)
	at org.springframework.cloud.bootstrap.config.PropertySourceBootstrapConfiguration.initialize(PropertySourceBootstrapConfiguration.java:111)
	at org.springframework.boot.SpringApplication.applyInitializers(SpringApplication.java:606)
	at org.springframework.boot.SpringApplication.prepareContext(SpringApplication.java:386)
	at org.springframework.boot.SpringApplication.run(SpringApplication.java:310)
	at org.springframework.boot.SpringApplication.run(SpringApplication.java:1301)
	at org.springframework.boot.SpringApplication.run(SpringApplication.java:1290)
	at com.bgpay.bgai.BgaiApplication.main(BgaiApplication.java:41)
2025-06-07 17:04:09.612 [main] INFO  com.alibaba.nacos.common.remote.client - [e4913263-271e-4aa0-a53a-52440623b686_config-0] Try to connect to server on start up, server: {serverIp = '8.133.246.113', server main port = 8848}
2025-06-07 17:04:09.612 [main] INFO  c.a.nacos.common.remote.client.grpc.GrpcClient - grpc client connection server:8.133.246.113 ip,serverPort:9848,grpcTslConfig:{"sslProvider":"OPENSSL","enableTls":false,"mutualAuthEnable":false,"trustAll":false}
2025-06-07 17:04:12.617 [main] ERROR c.a.nacos.common.remote.client.grpc.GrpcClient - Server check fail, please check server 8.133.246.113 ,port 9848 is available , error ={}
java.util.concurrent.TimeoutException: Waited 3000 milliseconds (plus 912000 nanoseconds delay) for com.alibaba.nacos.shaded.io.grpc.stub.ClientCalls$GrpcFuture@44fd7ba4[status=PENDING, info=[GrpcFuture{clientCall=PendingCall{realCall=ClientCallImpl{method=MethodDescriptor{fullMethodName=Request/request, type=UNARY, idempotent=false, safe=false, sampledToLocalTracing=true, requestMarshaller=com.alibaba.nacos.shaded.io.grpc.protobuf.lite.ProtoLiteUtils$MessageMarshaller@40d96578, responseMarshaller=com.alibaba.nacos.shaded.io.grpc.protobuf.lite.ProtoLiteUtils$MessageMarshaller@c97721b, schemaDescriptor=com.alibaba.nacos.api.grpc.auto.RequestGrpc$RequestMethodDescriptorSupplier@283ab206}}}}]]
	at com.alibaba.nacos.shaded.com.google.common.util.concurrent.AbstractFuture.get(AbstractFuture.java:508)
	at com.alibaba.nacos.common.remote.client.grpc.GrpcClient.serverCheck(GrpcClient.java:218)
	at com.alibaba.nacos.common.remote.client.grpc.GrpcClient.connectToServer(GrpcClient.java:329)
	at com.alibaba.nacos.common.remote.client.RpcClient.start(RpcClient.java:363)
	at com.alibaba.nacos.client.config.impl.ClientWorker$ConfigRpcTransportClient.ensureRpcClient(ClientWorker.java:891)
	at com.alibaba.nacos.client.config.impl.ClientWorker$ConfigRpcTransportClient.getOneRunningClient(ClientWorker.java:1038)
	at com.alibaba.nacos.client.config.impl.ClientWorker$ConfigRpcTransportClient.queryConfig(ClientWorker.java:946)
	at com.alibaba.nacos.client.config.impl.ClientWorker.getServerConfig(ClientWorker.java:403)
	at com.alibaba.nacos.client.config.NacosConfigService.getConfigInner(NacosConfigService.java:184)
	at com.alibaba.nacos.client.config.NacosConfigService.getConfig(NacosConfigService.java:96)
	at com.alibaba.cloud.nacos.client.NacosPropertySourceBuilder.loadNacosData(NacosPropertySourceBuilder.java:85)
	at com.alibaba.cloud.nacos.client.NacosPropertySourceBuilder.build(NacosPropertySourceBuilder.java:73)
	at com.alibaba.cloud.nacos.client.NacosPropertySourceLocator.loadNacosPropertySource(NacosPropertySourceLocator.java:199)
	at com.alibaba.cloud.nacos.client.NacosPropertySourceLocator.loadNacosDataIfPresent(NacosPropertySourceLocator.java:186)
	at com.alibaba.cloud.nacos.client.NacosPropertySourceLocator.loadNacosConfiguration(NacosPropertySourceLocator.java:158)
	at com.alibaba.cloud.nacos.client.NacosPropertySourceLocator.loadSharedConfiguration(NacosPropertySourceLocator.java:116)
	at com.alibaba.cloud.nacos.client.NacosPropertySourceLocator.locate(NacosPropertySourceLocator.java:101)
	at org.springframework.cloud.bootstrap.config.PropertySourceLocator.locateCollection(PropertySourceLocator.java:50)
	at org.springframework.cloud.bootstrap.config.PropertySourceLocator.locateCollection(PropertySourceLocator.java:46)
	at org.springframework.cloud.bootstrap.config.PropertySourceBootstrapConfiguration.doInitialize(PropertySourceBootstrapConfiguration.java:121)
	at org.springframework.cloud.bootstrap.config.PropertySourceBootstrapConfiguration.initialize(PropertySourceBootstrapConfiguration.java:111)
	at org.springframework.boot.SpringApplication.applyInitializers(SpringApplication.java:606)
	at org.springframework.boot.SpringApplication.prepareContext(SpringApplication.java:386)
	at org.springframework.boot.SpringApplication.run(SpringApplication.java:310)
	at org.springframework.boot.SpringApplication.run(SpringApplication.java:1301)
	at org.springframework.boot.SpringApplication.run(SpringApplication.java:1290)
	at com.bgpay.bgai.BgaiApplication.main(BgaiApplication.java:41)
2025-06-07 17:04:12.620 [main] INFO  com.alibaba.nacos.common.remote.client - [e4913263-271e-4aa0-a53a-52440623b686_config-0] Try to connect to server on start up, server: {serverIp = '8.133.246.113', server main port = 8848}
2025-06-07 17:04:12.621 [main] INFO  c.a.nacos.common.remote.client.grpc.GrpcClient - grpc client connection server:8.133.246.113 ip,serverPort:9848,grpcTslConfig:{"sslProvider":"OPENSSL","enableTls":false,"mutualAuthEnable":false,"trustAll":false}
2025-06-07 17:04:12.658 [Thread-11] WARN  com.alibaba.nacos.common.notify.NotifyCenter - [NotifyCenter] Start destroying Publisher
2025-06-07 17:04:12.658 [Thread-3] WARN  c.alibaba.nacos.common.http.HttpClientBeanHolder - [HttpClientBeanHolder] Start destroying common HttpClient
2025-06-07 17:04:12.658 [Thread-11] WARN  com.alibaba.nacos.common.notify.NotifyCenter - [NotifyCenter] Destruction of the end
2025-06-07 17:04:12.658 [Thread-3] WARN  c.alibaba.nacos.common.http.HttpClientBeanHolder - [HttpClientBeanHolder] Destruction of the end
