2025-07-10 11:14:21.006 [main] [traceId:] [userId:] WARN  com.alibaba.nacos.client.logging.NacosLogging - Load Logback Configuration of Nacos fail, message: Could not initialize Logback Nacos logging from classpath:nacos-logback.xml
2025-07-10 11:14:21.072 [main] [traceId:] [userId:] WARN  com.alibaba.nacos.client.logging.NacosLogging - Load Logback Configuration of Nacos fail, message: Could not initialize Logback Nacos logging from classpath:nacos-logback.xml
2025-07-10 11:14:21.274 [main] [traceId:] [userId:] WARN  com.alibaba.nacos.client.logging.NacosLogging - Load Logback Configuration of Nacos fail, message: Could not initialize Logback Nacos logging from classpath:nacos-logback.xml
2025-07-10 11:14:21.277 [main] [traceId:] [userId:] INFO  com.alibaba.nacos.client.utils.ParamUtil - [settings] [req-serv] nacos-server port:8848
2025-07-10 11:14:21.278 [main] [traceId:] [userId:] INFO  com.alibaba.nacos.client.utils.ParamUtil - [settings] [http-client] connect timeout:1000
2025-07-10 11:14:21.279 [main] [traceId:] [userId:] INFO  com.alibaba.nacos.client.utils.ParamUtil - PER_TASK_CONFIG_SIZE: 3000.0
2025-07-10 11:14:21.311 [main] [traceId:] [userId:] INFO  c.a.n.p.auth.spi.client.ClientAuthPluginManager - [ClientAuthPluginManager] Load ClientAuthService com.alibaba.nacos.client.auth.impl.NacosClientAuthServiceImpl success.
2025-07-10 11:14:21.311 [main] [traceId:] [userId:] INFO  c.a.n.p.auth.spi.client.ClientAuthPluginManager - [ClientAuthPluginManager] Load ClientAuthService com.alibaba.nacos.client.auth.ram.RamClientAuthServiceImpl success.
2025-07-10 11:14:21.314 [main] [traceId:] [userId:] INFO  c.a.n.client.auth.ram.identify.CredentialWatcher - null No credential found
2025-07-10 11:14:21.487 [main] [traceId:] [userId:] WARN  com.alibaba.nacos.client.logging.NacosLogging - Load Logback Configuration of Nacos fail, message: Could not initialize Logback Nacos logging from classpath:nacos-logback.xml
2025-07-10 11:14:22.408 [main] [traceId:] [userId:] WARN  c.a.cloud.nacos.client.NacosPropertySourceBuilder - Ignore the empty nacos configuration and get it based on dataId[common-dev.yaml] & group[DEFAULT_GROUP]
2025-07-10 11:14:22.428 [main] [traceId:] [userId:] WARN  c.a.cloud.nacos.client.NacosPropertySourceBuilder - Ignore the empty nacos configuration and get it based on dataId[bgtech-ai] & group[DEFAULT_GROUP]
2025-07-10 11:14:22.441 [main] [traceId:] [userId:] WARN  c.a.cloud.nacos.client.NacosPropertySourceBuilder - Ignore the empty nacos configuration and get it based on dataId[bgtech-ai.yaml] & group[DEFAULT_GROUP]
2025-07-10 11:14:22.453 [main] [traceId:] [userId:] WARN  c.a.cloud.nacos.client.NacosPropertySourceBuilder - Ignore the empty nacos configuration and get it based on dataId[bgtech-ai-test.yaml] & group[DEFAULT_GROUP]
2025-07-10 11:14:22.454 [main] [traceId:] [userId:] INFO  o.s.c.b.c.PropertySourceBootstrapConfiguration - Located property source: [BootstrapPropertySource {name='bootstrapProperties-bgtech-ai-test.yaml,DEFAULT_GROUP'}, BootstrapPropertySource {name='bootstrapProperties-bgtech-ai.yaml,DEFAULT_GROUP'}, BootstrapPropertySource {name='bootstrapProperties-bgtech-ai,DEFAULT_GROUP'}, BootstrapPropertySource {name='bootstrapProperties-common-dev.yaml,DEFAULT_GROUP'}]
2025-07-10 11:14:22.492 [main] [traceId:] [userId:] WARN  o.s.b.t.j.DuplicateJsonObjectContextCustomizerFactory$DuplicateJsonObjectContextCustomizer - 

Found multiple occurrences of org.json.JSONObject on the class path:

	jar:file:/C:/Users/Administrator/.m2/repository/com/vaadin/external/google/android-json/0.0.20131108.vaadin1/android-json-0.0.20131108.vaadin1.jar!/org/json/JSONObject.class
	jar:file:/C:/Users/Administrator/.m2/repository/org/json/json/20220320/json-20220320.jar!/org/json/JSONObject.class

You may wish to exclude one of them to ensure predictable runtime behavior

2025-07-10 11:14:22.497 [main] [traceId:] [userId:] WARN  com.alibaba.nacos.client.logging.NacosLogging - Load Logback Configuration of Nacos fail, message: Could not initialize Logback Nacos logging from classpath:nacos-logback.xml
2025-07-10 11:14:22.498 [main] [traceId:] [userId:] INFO  com.bgpay.bgai.controller.YamlDataDrivenApiTest - The following 2 profiles are active: "dev", "test"
2025-07-10 11:14:24.416 [main] [traceId:] [userId:] WARN  org.mybatis.spring.mapper.ClassPathMapperScanner - Skipping MapperFactoryBean with name 'fileTypeMapper' and 'com.bgpay.bgai.mapper.FileTypeMapper' mapperInterface. Bean already defined with the same name!
2025-07-10 11:14:24.417 [main] [traceId:] [userId:] WARN  org.mybatis.spring.mapper.ClassPathMapperScanner - Skipping MapperFactoryBean with name 'usageRecordMapper' and 'com.bgpay.bgai.mapper.UsageRecordMapper' mapperInterface. Bean already defined with the same name!
2025-07-10 11:14:27.312 [main] [traceId:] [userId:] INFO  com.bgpay.bgai.config.SeataDisableConfiguration - SeataDisableConfiguration已加载，Seata在测试环境中被禁用
2025-07-10 11:14:27.312 [main] [traceId:] [userId:] INFO  com.bgpay.bgai.config.SeataDisableConfiguration - 设置系统属性: seata.enabled=false, saga.enabled=false
2025-07-10 11:14:27.449 [main] [traceId:] [userId:] INFO  c.bgpay.bgai.config.NacosRouteDefinitionRepository - 初始化Nacos路由定义存储库
2025-07-10 11:14:27.602 [main] [traceId:] [userId:] WARN  c.bgpay.bgai.config.NacosRouteDefinitionRepository - Nacos中未找到路由定义配置
2025-07-10 11:14:27.620 [main] [traceId:] [userId:] INFO  c.bgpay.bgai.service.impl.DynamicRouteServiceImpl - 初始化动态路由服务
2025-07-10 11:14:27.804 [main] [traceId:] [userId:] WARN  c.bgpay.bgai.service.impl.DynamicRouteServiceImpl - Nacos中没有找到路由配置，使用默认配置
2025-07-10 11:14:27.805 [main] [traceId:] [userId:] INFO  c.bgpay.bgai.service.impl.DynamicRouteServiceImpl - 注册Nacos配置监听器成功
2025-07-10 11:14:27.811 [main] [traceId:] [userId:] INFO  com.bgpay.bgai.config.NacosRouteConfigListener - 初始化Nacos路由配置监听器
2025-07-10 11:14:28.003 [main] [traceId:] [userId:] WARN  com.bgpay.bgai.config.NacosRouteConfigListener - Nacos中未找到路由配置数据
2025-07-10 11:14:28.438 [main] [traceId:] [userId:] INFO  com.bgpay.bgai.controller.FeignDemoController - FeignDemoController initialized with UserServiceClient and LocalUserServiceClient
2025-07-10 11:14:29.510 [main] [traceId:] [userId:] INFO  io.seata.config.ConfigurationFactory - load Configuration from :Spring Configuration
2025-07-10 11:14:29.521 [main] [traceId:] [userId:] INFO  io.seata.config.ConfigurationFactory - load Configuration from :Spring Configuration
2025-07-10 11:14:29.528 [main] [traceId:] [userId:] INFO  io.seata.rm.datasource.AsyncWorker - Async Commit Buffer Limit: 10000
2025-07-10 11:14:29.534 [main] [traceId:] [userId:] INFO  io.seata.rm.datasource.xa.ResourceManagerXA - ResourceManagerXA init ...
2025-07-10 11:14:30.344 [main] [traceId:] [userId:] INFO  com.bgpay.bgai.seata.SagaStateMachineConfig - 加载到2个Saga状态机定义文件
2025-07-10 11:14:30.502 [main] [traceId:] [userId:] INFO  com.bgpay.bgai.saga.CustomSagaJsonParser - 开始解析状态机定义: bgai-saga-transaction
2025-07-10 11:14:30.503 [main] [traceId:] [userId:] INFO  com.bgpay.bgai.saga.CustomSagaJsonParser - 状态机 [bgai-saga-transaction] 原始版本: 0.0.5, 动态生成的新版本: 250710.111430.25b0
2025-07-10 11:14:30.503 [main] [traceId:] [userId:] INFO  com.bgpay.bgai.saga.CustomSagaJsonParser - 状态机定义解析成功: bgai-saga-transaction, 已更新版本号: 250710.111430.25b0
2025-07-10 11:14:30.503 [main] [traceId:] [userId:] INFO  com.bgpay.bgai.seata.SagaStateMachineConfig - 成功加载状态机定义: /E:/project/bgai/target/classes/statelang/bgai-saga-transaction.json
2025-07-10 11:14:30.507 [main] [traceId:] [userId:] INFO  com.bgpay.bgai.saga.CustomSagaJsonParser - 开始解析状态机定义: ChatCompletionSaga
2025-07-10 11:14:30.507 [main] [traceId:] [userId:] INFO  com.bgpay.bgai.saga.CustomSagaJsonParser - 状态机 [ChatCompletionSaga] 原始版本: 0.0.5, 动态生成的新版本: 250710.111430.2037
2025-07-10 11:14:30.508 [main] [traceId:] [userId:] INFO  com.bgpay.bgai.saga.CustomSagaJsonParser - 状态机定义解析成功: ChatCompletionSaga, 已更新版本号: 250710.111430.2037
2025-07-10 11:14:30.508 [main] [traceId:] [userId:] INFO  com.bgpay.bgai.seata.SagaStateMachineConfig - 成功加载状态机定义: /E:/project/bgai/target/classes/statelang/chat_completion_saga.json
2025-07-10 11:14:30.508 [main] [traceId:] [userId:] INFO  com.bgpay.bgai.seata.SagaStateMachineConfig - 已设置saga.state-machine.auto-register=false，防止状态机重复注册
2025-07-10 11:14:30.665 [main] [traceId:] [userId:] INFO  com.bgpay.bgai.config.RestTemplateConfig - Creating RestTemplate bean using SimpleClientHttpRequestFactory
2025-07-10 11:14:30.702 [main] [traceId:] [userId:] INFO  com.bgpay.bgai.seata.SeataTransactionListener - Seata事务监听器初始化
2025-07-10 11:14:30.702 [main] [traceId:] [userId:] INFO  com.bgpay.bgai.seata.SeataTransactionListener - 已设置seata.saga.state-machine.auto-register=false，防止状态机重复注册
2025-07-10 11:14:31.168 [main] [traceId:] [userId:] WARN  o.s.w.context.support.GenericWebApplicationContext - Exception encountered during context initialization - cancelling refresh attempt: org.springframework.beans.factory.UnsatisfiedDependencyException: Error creating bean with name 'priceCacheServiceImpl' defined in file [E:\project\bgai\target\classes\com\bgpay\bgai\service\impl\PriceCacheServiceImpl.class]: Unsatisfied dependency expressed through constructor parameter 2: No qualifying bean of type 'org.springframework.data.redis.core.RedisTemplate<?, ?>' available: more than one 'primary' bean found among candidates: [mockRedisTemplate, redisTemplateWithConnectionFactory, redisTemplate]
2025-07-10 11:14:31.169 [main] [traceId:] [userId:] INFO  c.bgpay.bgai.service.impl.DynamicRouteServiceImpl - 动态路由服务关闭，执行清理操作
2025-07-10 11:14:31.173 [main] [traceId:] [userId:] INFO  o.s.b.a.logging.ConditionEvaluationReportLogger - 

Error starting ApplicationContext. To display the condition evaluation report re-run your application with 'debug' enabled.
2025-07-10 11:14:31.199 [main] [traceId:] [userId:] ERROR org.springframework.boot.SpringApplication - Application run failed
org.springframework.beans.factory.UnsatisfiedDependencyException: Error creating bean with name 'priceCacheServiceImpl' defined in file [E:\project\bgai\target\classes\com\bgpay\bgai\service\impl\PriceCacheServiceImpl.class]: Unsatisfied dependency expressed through constructor parameter 2: No qualifying bean of type 'org.springframework.data.redis.core.RedisTemplate<?, ?>' available: more than one 'primary' bean found among candidates: [mockRedisTemplate, redisTemplateWithConnectionFactory, redisTemplate]
	at org.springframework.beans.factory.support.ConstructorResolver.createArgumentArray(ConstructorResolver.java:795)
	at org.springframework.beans.factory.support.ConstructorResolver.autowireConstructor(ConstructorResolver.java:237)
	at org.springframework.beans.factory.support.AbstractAutowireCapableBeanFactory.autowireConstructor(AbstractAutowireCapableBeanFactory.java:1355)
	at org.springframework.beans.factory.support.AbstractAutowireCapableBeanFactory.createBeanInstance(AbstractAutowireCapableBeanFactory.java:1192)
	at org.springframework.beans.factory.support.AbstractAutowireCapableBeanFactory.doCreateBean(AbstractAutowireCapableBeanFactory.java:562)
	at org.springframework.beans.factory.support.AbstractAutowireCapableBeanFactory.createBean(AbstractAutowireCapableBeanFactory.java:522)
	at org.springframework.beans.factory.support.AbstractBeanFactory.lambda$doGetBean$0(AbstractBeanFactory.java:326)
	at org.springframework.beans.factory.support.DefaultSingletonBeanRegistry.getSingleton(DefaultSingletonBeanRegistry.java:234)
	at org.springframework.beans.factory.support.AbstractBeanFactory.doGetBean(AbstractBeanFactory.java:324)
	at org.springframework.beans.factory.support.AbstractBeanFactory.getBean(AbstractBeanFactory.java:200)
	at org.springframework.beans.factory.support.DefaultListableBeanFactory.preInstantiateSingletons(DefaultListableBeanFactory.java:975)
	at org.springframework.context.support.AbstractApplicationContext.finishBeanFactoryInitialization(AbstractApplicationContext.java:962)
	at org.springframework.context.support.AbstractApplicationContext.refresh(AbstractApplicationContext.java:624)
	at org.springframework.boot.SpringApplication.refresh(SpringApplication.java:754)
	at org.springframework.boot.SpringApplication.refreshContext(SpringApplication.java:456)
	at org.springframework.boot.SpringApplication.run(SpringApplication.java:334)
	at org.springframework.boot.test.context.SpringBootContextLoader.lambda$loadContext$3(SpringBootContextLoader.java:137)
	at org.springframework.util.function.ThrowingSupplier.get(ThrowingSupplier.java:58)
	at org.springframework.util.function.ThrowingSupplier.get(ThrowingSupplier.java:46)
	at org.springframework.boot.SpringApplication.withHook(SpringApplication.java:1454)
	at org.springframework.boot.test.context.SpringBootContextLoader$ContextLoaderHook.run(SpringBootContextLoader.java:553)
	at org.springframework.boot.test.context.SpringBootContextLoader.loadContext(SpringBootContextLoader.java:137)
	at org.springframework.boot.test.context.SpringBootContextLoader.loadContext(SpringBootContextLoader.java:108)
	at org.springframework.test.context.cache.DefaultCacheAwareContextLoaderDelegate.loadContextInternal(DefaultCacheAwareContextLoaderDelegate.java:225)
	at org.springframework.test.context.cache.DefaultCacheAwareContextLoaderDelegate.loadContext(DefaultCacheAwareContextLoaderDelegate.java:152)
	at org.springframework.test.context.support.DefaultTestContext.getApplicationContext(DefaultTestContext.java:130)
	at org.springframework.boot.test.mock.mockito.MockitoTestExecutionListener.postProcessFields(MockitoTestExecutionListener.java:122)
	at org.springframework.boot.test.mock.mockito.MockitoTestExecutionListener.injectFields(MockitoTestExecutionListener.java:106)
	at org.springframework.boot.test.mock.mockito.MockitoTestExecutionListener.prepareTestInstance(MockitoTestExecutionListener.java:63)
	at org.springframework.test.context.TestContextManager.prepareTestInstance(TestContextManager.java:260)
	at org.springframework.test.context.testng.AbstractTestNGSpringContextTests.springTestContextPrepareTestInstance(AbstractTestNGSpringContextTests.java:119)
	at java.base/jdk.internal.reflect.DirectMethodHandleAccessor.invoke(DirectMethodHandleAccessor.java:103)
	at java.base/java.lang.reflect.Method.invoke(Method.java:580)
	at org.testng.internal.MethodInvocationHelper.invokeMethod(MethodInvocationHelper.java:134)
	at org.testng.internal.MethodInvocationHelper.invokeMethodConsideringTimeout(MethodInvocationHelper.java:63)
	at org.testng.internal.ConfigInvoker.invokeConfigurationMethod(ConfigInvoker.java:348)
	at org.testng.internal.ConfigInvoker.invokeConfigurations(ConfigInvoker.java:302)
	at org.testng.internal.TestMethodWorker.invokeBeforeClassMethods(TestMethodWorker.java:176)
	at org.testng.internal.TestMethodWorker.run(TestMethodWorker.java:122)
	at java.base/java.util.ArrayList.forEach(ArrayList.java:1596)
	at org.testng.TestRunner.privateRun(TestRunner.java:766)
	at org.testng.TestRunner.run(TestRunner.java:587)
	at org.testng.SuiteRunner.runTest(SuiteRunner.java:384)
	at org.testng.SuiteRunner.runSequentially(SuiteRunner.java:378)
	at org.testng.SuiteRunner.privateRun(SuiteRunner.java:337)
	at org.testng.SuiteRunner.run(SuiteRunner.java:286)
	at org.testng.SuiteRunnerWorker.runSuite(SuiteRunnerWorker.java:53)
	at org.testng.SuiteRunnerWorker.run(SuiteRunnerWorker.java:96)
	at org.testng.TestNG.runSuitesSequentially(TestNG.java:1187)
	at org.testng.TestNG.runSuitesLocally(TestNG.java:1109)
	at org.testng.TestNG.runSuites(TestNG.java:1039)
	at org.testng.TestNG.run(TestNG.java:1007)
	at com.intellij.rt.testng.IDEARemoteTestNG.run(IDEARemoteTestNG.java:65)
	at com.intellij.rt.testng.RemoteTestNGStarter.main(RemoteTestNGStarter.java:105)
Caused by: org.springframework.beans.factory.NoUniqueBeanDefinitionException: No qualifying bean of type 'org.springframework.data.redis.core.RedisTemplate<?, ?>' available: more than one 'primary' bean found among candidates: [mockRedisTemplate, redisTemplateWithConnectionFactory, redisTemplate]
	at org.springframework.beans.factory.support.DefaultListableBeanFactory.determinePrimaryCandidate(DefaultListableBeanFactory.java:1755)
	at org.springframework.beans.factory.support.DefaultListableBeanFactory.determineAutowireCandidate(DefaultListableBeanFactory.java:1715)
	at org.springframework.beans.factory.support.DefaultListableBeanFactory.doResolveDependency(DefaultListableBeanFactory.java:1416)
	at org.springframework.beans.factory.support.DefaultListableBeanFactory.resolveDependency(DefaultListableBeanFactory.java:1353)
	at org.springframework.beans.factory.support.ConstructorResolver.resolveAutowiredArgument(ConstructorResolver.java:904)
	at org.springframework.beans.factory.support.ConstructorResolver.createArgumentArray(ConstructorResolver.java:782)
	... 53 common frames omitted
2025-07-10 11:14:31.215 [main] [traceId:] [userId:] DEBUG org.springframework.test.context.cache - Spring test ApplicationContext cache statistics: [DefaultContextCache@2c193600 size = 0, maxSize = 32, parentContextCount = 0, hitCount = 0, missCount = 1, failureCount = 1]
2025-07-10 11:14:31.215 [main] [traceId:] [userId:] WARN  o.springframework.test.context.TestContextManager - Caught exception while allowing TestExecutionListener [org.springframework.boot.test.mock.mockito.MockitoTestExecutionListener] to prepare test instance [com.bgpay.bgai.controller.YamlDataDrivenApiTest@13fed1ec]
java.lang.IllegalStateException: Failed to load ApplicationContext for [WebMergedContextConfiguration@3cfc0190 testClass = com.bgpay.bgai.controller.YamlDataDrivenApiTest, locations = [], classes = [com.bgpay.bgai.BgaiApplication], contextInitializerClasses = [], activeProfiles = ["test"], propertySourceDescriptors = [PropertySourceDescriptor[locations=[], ignoreResourceNotFound=false, name=null, propertySourceFactory=null, encoding=null]], propertySourceProperties = ["spring.main.allow-bean-definition-overriding=true", "seata.enabled=false", "saga.enabled=false", "seata.saga.state-machine.auto-register=false", "spring.cloud.loadbalancer.enabled=false", "spring.cloud.discovery.enabled=false", "spring.cloud.config.enabled=false", "spring.cloud.consul.enabled=false", "spring.cloud.gateway.enabled=false", "spring.cloud.circuitbreaker.enabled=false", "spring.main.web-application-type=servlet", "spring.validation.is-method-validation-bean-post-processor-enabled=false", "rocketmq.messageConsumer.enabled=false", "rocketmq.producer.enable=false", "rocketmq.name-server=8.133.246.113:9876", "rocketmq.producer.group=test-group", "spring.data.elasticsearch.repositories.enabled=false", "spring.elasticsearch.enabled=false", "spring.webflux.base-path=/api", "spring.autoconfigure.exclude=org.springframework.boot.autoconfigure.web.reactive.function.client.WebClientAutoConfiguration", "org.springframework.boot.test.autoconfigure.web.servlet.WebMvcTestContextBootstrapper=true"], contextCustomizers = [[ImportsContextCustomizer@33517c92 key = [org.springframework.boot.autoconfigure.task.TaskExecutionAutoConfiguration, org.springframework.boot.autoconfigure.context.MessageSourceAutoConfiguration, org.springframework.boot.autoconfigure.hateoas.HypermediaAutoConfiguration, com.bgpay.bgai.config.ElasticsearchAutoConfigurationDisabler, org.springframework.boot.test.autoconfigure.web.servlet.MockMvcAutoConfiguration, com.bgpay.bgai.config.FileTypeServiceMockConfig, com.bgpay.bgai.config.RedisAutoConfigurationDisabler, com.bgpay.bgai.config.WebClientBeanExclusionConfig, org.springframework.boot.autoconfigure.security.oauth2.client.servlet.OAuth2ClientAutoConfiguration, com.bgpay.bgai.config.WebClientTestConfig, com.bgpay.bgai.config.RocketMQMockConfig, com.bgpay.bgai.config.UnifiedEnvironmentConfig, org.springframework.boot.test.autoconfigure.web.servlet.MockMvcWebDriverAutoConfiguration, com.bgpay.bgai.config.WebClientTestOverrideConfig, com.bgpay.bgai.config.ElasticsearchMockConfig, com.bgpay.bgai.config.WebClientBuilderUnifier, org.springframework.boot.autoconfigure.jsonb.JsonbAutoConfiguration, com.bgpay.bgai.config.MockMvcTestConfig, com.bgpay.bgai.config.ChatWebFilterMockConfig, com.bgpay.bgai.config.WebMvcAutoConfigurationDisabler, org.springframework.boot.autoconfigure.security.servlet.UserDetailsServiceAutoConfiguration, org.springframework.boot.autoconfigure.security.oauth2.resource.servlet.OAuth2ResourceServerAutoConfiguration, org.springframework.boot.autoconfigure.groovy.template.GroovyTemplateAutoConfiguration, com.bgpay.bgai.config.DeepSeekWebClientMockConfig, org.springframework.boot.autoconfigure.mustache.MustacheAutoConfiguration, com.bgpay.bgai.config.ExcludeMainWebClientConfig, com.bgpay.bgai.config.DataSourceAutoConfigurationDisabler, com.bgpay.bgai.config.ReactiveWebMockConfig, org.springframework.boot.autoconfigure.cache.CacheAutoConfiguration, org.springframework.boot.autoconfigure.web.servlet.HttpEncodingAutoConfiguration, com.bgpay.bgai.config.EnhancedChatControllerMockConfig, org.springframework.boot.autoconfigure.data.web.SpringDataWebAutoConfiguration, org.springframework.boot.autoconfigure.jackson.JacksonAutoConfiguration, org.springframework.boot.test.autoconfigure.web.reactive.WebTestClientAutoConfiguration, org.springframework.boot.autoconfigure.web.servlet.error.ErrorMvcAutoConfiguration, org.springframework.boot.autoconfigure.security.servlet.SecurityFilterAutoConfiguration, org.springframework.boot.autoconfigure.http.HttpMessageConvertersAutoConfiguration, com.bgpay.bgai.config.ChatRecordRepositoryMockConfig, com.bgpay.bgai.config.WebClientAutoConfigurationExcluder, com.bgpay.bgai.config.WebClientConfigMock, org.springframework.boot.test.autoconfigure.web.servlet.MockMvcSecurityConfiguration, com.bgpay.bgai.config.CacheWarmerMockConfig, org.springframework.boot.test.autoconfigure.web.servlet.MockMvcWebClientAutoConfiguration, org.springframework.boot.autoconfigure.thymeleaf.ThymeleafAutoConfiguration, com.bgpay.bgai.config.TestPropertySourceConfig, org.springframework.boot.autoconfigure.gson.GsonAutoConfiguration, org.springframework.boot.autoconfigure.freemarker.FreeMarkerAutoConfiguration, org.springframework.boot.autoconfigure.web.servlet.WebMvcAutoConfiguration, com.bgpay.bgai.config.WebClientConfigOverrideConfig, com.bgpay.bgai.config.FeignAutoConfigurationDisabler]], org.springframework.boot.test.context.filter.ExcludeFilterContextCustomizer@369c9bb, org.springframework.boot.test.json.DuplicateJsonObjectContextCustomizerFactory$DuplicateJsonObjectContextCustomizer@68dcfd52, org.springframework.boot.test.mock.mockito.MockitoContextCustomizer@9a3cfaf4, org.springframework.boot.test.autoconfigure.OverrideAutoConfigurationContextCustomizerFactory$DisableAutoConfigurationContextCustomizer@2c2db130, org.springframework.boot.test.autoconfigure.actuate.observability.ObservabilityContextCustomizerFactory$DisableObservabilityContextCustomizer@1f, org.springframework.boot.test.autoconfigure.filter.TypeExcludeFiltersContextCustomizer@c0b0edb0, org.springframework.boot.test.autoconfigure.properties.PropertyMappingContextCustomizer@47e9dbed, org.springframework.boot.test.autoconfigure.web.servlet.WebDriverContextCustomizer@7a22a3c2, org.springframework.boot.test.context.SpringBootTestAnnotation@6faec694], resourceBasePath = "src/main/webapp", contextLoader = org.springframework.boot.test.context.SpringBootContextLoader, parent = null]
	at org.springframework.test.context.cache.DefaultCacheAwareContextLoaderDelegate.loadContext(DefaultCacheAwareContextLoaderDelegate.java:180)
	at org.springframework.test.context.support.DefaultTestContext.getApplicationContext(DefaultTestContext.java:130)
	at org.springframework.boot.test.mock.mockito.MockitoTestExecutionListener.postProcessFields(MockitoTestExecutionListener.java:122)
	at org.springframework.boot.test.mock.mockito.MockitoTestExecutionListener.injectFields(MockitoTestExecutionListener.java:106)
	at org.springframework.boot.test.mock.mockito.MockitoTestExecutionListener.prepareTestInstance(MockitoTestExecutionListener.java:63)
	at org.springframework.test.context.TestContextManager.prepareTestInstance(TestContextManager.java:260)
	at org.springframework.test.context.testng.AbstractTestNGSpringContextTests.springTestContextPrepareTestInstance(AbstractTestNGSpringContextTests.java:119)
	at java.base/jdk.internal.reflect.DirectMethodHandleAccessor.invoke(DirectMethodHandleAccessor.java:103)
	at java.base/java.lang.reflect.Method.invoke(Method.java:580)
	at org.testng.internal.MethodInvocationHelper.invokeMethod(MethodInvocationHelper.java:134)
	at org.testng.internal.MethodInvocationHelper.invokeMethodConsideringTimeout(MethodInvocationHelper.java:63)
	at org.testng.internal.ConfigInvoker.invokeConfigurationMethod(ConfigInvoker.java:348)
	at org.testng.internal.ConfigInvoker.invokeConfigurations(ConfigInvoker.java:302)
	at org.testng.internal.TestMethodWorker.invokeBeforeClassMethods(TestMethodWorker.java:176)
	at org.testng.internal.TestMethodWorker.run(TestMethodWorker.java:122)
	at java.base/java.util.ArrayList.forEach(ArrayList.java:1596)
	at org.testng.TestRunner.privateRun(TestRunner.java:766)
	at org.testng.TestRunner.run(TestRunner.java:587)
	at org.testng.SuiteRunner.runTest(SuiteRunner.java:384)
	at org.testng.SuiteRunner.runSequentially(SuiteRunner.java:378)
	at org.testng.SuiteRunner.privateRun(SuiteRunner.java:337)
	at org.testng.SuiteRunner.run(SuiteRunner.java:286)
	at org.testng.SuiteRunnerWorker.runSuite(SuiteRunnerWorker.java:53)
	at org.testng.SuiteRunnerWorker.run(SuiteRunnerWorker.java:96)
	at org.testng.TestNG.runSuitesSequentially(TestNG.java:1187)
	at org.testng.TestNG.runSuitesLocally(TestNG.java:1109)
	at org.testng.TestNG.runSuites(TestNG.java:1039)
	at org.testng.TestNG.run(TestNG.java:1007)
	at com.intellij.rt.testng.IDEARemoteTestNG.run(IDEARemoteTestNG.java:65)
	at com.intellij.rt.testng.RemoteTestNGStarter.main(RemoteTestNGStarter.java:105)
Caused by: org.springframework.beans.factory.UnsatisfiedDependencyException: Error creating bean with name 'priceCacheServiceImpl' defined in file [E:\project\bgai\target\classes\com\bgpay\bgai\service\impl\PriceCacheServiceImpl.class]: Unsatisfied dependency expressed through constructor parameter 2: No qualifying bean of type 'org.springframework.data.redis.core.RedisTemplate<?, ?>' available: more than one 'primary' bean found among candidates: [mockRedisTemplate, redisTemplateWithConnectionFactory, redisTemplate]
	at org.springframework.beans.factory.support.ConstructorResolver.createArgumentArray(ConstructorResolver.java:795)
	at org.springframework.beans.factory.support.ConstructorResolver.autowireConstructor(ConstructorResolver.java:237)
	at org.springframework.beans.factory.support.AbstractAutowireCapableBeanFactory.autowireConstructor(AbstractAutowireCapableBeanFactory.java:1355)
	at org.springframework.beans.factory.support.AbstractAutowireCapableBeanFactory.createBeanInstance(AbstractAutowireCapableBeanFactory.java:1192)
	at org.springframework.beans.factory.support.AbstractAutowireCapableBeanFactory.doCreateBean(AbstractAutowireCapableBeanFactory.java:562)
	at org.springframework.beans.factory.support.AbstractAutowireCapableBeanFactory.createBean(AbstractAutowireCapableBeanFactory.java:522)
	at org.springframework.beans.factory.support.AbstractBeanFactory.lambda$doGetBean$0(AbstractBeanFactory.java:326)
	at org.springframework.beans.factory.support.DefaultSingletonBeanRegistry.getSingleton(DefaultSingletonBeanRegistry.java:234)
	at org.springframework.beans.factory.support.AbstractBeanFactory.doGetBean(AbstractBeanFactory.java:324)
	at org.springframework.beans.factory.support.AbstractBeanFactory.getBean(AbstractBeanFactory.java:200)
	at org.springframework.beans.factory.support.DefaultListableBeanFactory.preInstantiateSingletons(DefaultListableBeanFactory.java:975)
	at org.springframework.context.support.AbstractApplicationContext.finishBeanFactoryInitialization(AbstractApplicationContext.java:962)
	at org.springframework.context.support.AbstractApplicationContext.refresh(AbstractApplicationContext.java:624)
	at org.springframework.boot.SpringApplication.refresh(SpringApplication.java:754)
	at org.springframework.boot.SpringApplication.refreshContext(SpringApplication.java:456)
	at org.springframework.boot.SpringApplication.run(SpringApplication.java:334)
	at org.springframework.boot.test.context.SpringBootContextLoader.lambda$loadContext$3(SpringBootContextLoader.java:137)
	at org.springframework.util.function.ThrowingSupplier.get(ThrowingSupplier.java:58)
	at org.springframework.util.function.ThrowingSupplier.get(ThrowingSupplier.java:46)
	at org.springframework.boot.SpringApplication.withHook(SpringApplication.java:1454)
	at org.springframework.boot.test.context.SpringBootContextLoader$ContextLoaderHook.run(SpringBootContextLoader.java:553)
	at org.springframework.boot.test.context.SpringBootContextLoader.loadContext(SpringBootContextLoader.java:137)
	at org.springframework.boot.test.context.SpringBootContextLoader.loadContext(SpringBootContextLoader.java:108)
	at org.springframework.test.context.cache.DefaultCacheAwareContextLoaderDelegate.loadContextInternal(DefaultCacheAwareContextLoaderDelegate.java:225)
	at org.springframework.test.context.cache.DefaultCacheAwareContextLoaderDelegate.loadContext(DefaultCacheAwareContextLoaderDelegate.java:152)
	... 29 common frames omitted
Caused by: org.springframework.beans.factory.NoUniqueBeanDefinitionException: No qualifying bean of type 'org.springframework.data.redis.core.RedisTemplate<?, ?>' available: more than one 'primary' bean found among candidates: [mockRedisTemplate, redisTemplateWithConnectionFactory, redisTemplate]
	at org.springframework.beans.factory.support.DefaultListableBeanFactory.determinePrimaryCandidate(DefaultListableBeanFactory.java:1755)
	at org.springframework.beans.factory.support.DefaultListableBeanFactory.determineAutowireCandidate(DefaultListableBeanFactory.java:1715)
	at org.springframework.beans.factory.support.DefaultListableBeanFactory.doResolveDependency(DefaultListableBeanFactory.java:1416)
	at org.springframework.beans.factory.support.DefaultListableBeanFactory.resolveDependency(DefaultListableBeanFactory.java:1353)
	at org.springframework.beans.factory.support.ConstructorResolver.resolveAutowiredArgument(ConstructorResolver.java:904)
	at org.springframework.beans.factory.support.ConstructorResolver.createArgumentArray(ConstructorResolver.java:782)
	... 53 common frames omitted
2025-07-10 11:14:31.365 [main] [traceId:] [userId:] INFO  com.bgpay.bgai.base.YamlDataProvider - 从YAML文件加载测试数据: src/test/resources/test-data/YamlDataDrivenApiTest/testLogin.yml
2025-07-10 11:14:31.365 [main] [traceId:] [userId:] WARN  com.bgpay.bgai.base.YamlDataProvider - YAML文件不存在: src/test/resources/test-data/YamlDataDrivenApiTest/testLogin.yml
2025-07-10 11:14:31.373 [main] [traceId:] [userId:] DEBUG o.s.t.c.s.DirtiesContextTestExecutionListener - After test class: class [YamlDataDrivenApiTest], class annotated with @DirtiesContext [false] with mode [null]
2025-07-10 11:14:31.394 [Thread-2] [traceId:] [userId:] WARN  c.alibaba.nacos.common.http.HttpClientBeanHolder - [HttpClientBeanHolder] Start destroying common HttpClient
2025-07-10 11:14:31.394 [Thread-9] [traceId:] [userId:] WARN  com.alibaba.nacos.common.notify.NotifyCenter - [NotifyCenter] Start destroying Publisher
2025-07-10 11:14:31.395 [Thread-9] [traceId:] [userId:] WARN  com.alibaba.nacos.common.notify.NotifyCenter - [NotifyCenter] Destruction of the end
2025-07-10 11:21:28.111 [main] [traceId:] [userId:] WARN  com.alibaba.nacos.client.logging.NacosLogging - Load Logback Configuration of Nacos fail, message: Could not initialize Logback Nacos logging from classpath:nacos-logback.xml
2025-07-10 11:21:28.172 [main] [traceId:] [userId:] WARN  com.alibaba.nacos.client.logging.NacosLogging - Load Logback Configuration of Nacos fail, message: Could not initialize Logback Nacos logging from classpath:nacos-logback.xml
2025-07-10 11:21:28.380 [main] [traceId:] [userId:] WARN  com.alibaba.nacos.client.logging.NacosLogging - Load Logback Configuration of Nacos fail, message: Could not initialize Logback Nacos logging from classpath:nacos-logback.xml
2025-07-10 11:21:28.382 [main] [traceId:] [userId:] INFO  com.alibaba.nacos.client.utils.ParamUtil - [settings] [req-serv] nacos-server port:8848
2025-07-10 11:21:28.382 [main] [traceId:] [userId:] INFO  com.alibaba.nacos.client.utils.ParamUtil - [settings] [http-client] connect timeout:1000
2025-07-10 11:21:28.384 [main] [traceId:] [userId:] INFO  com.alibaba.nacos.client.utils.ParamUtil - PER_TASK_CONFIG_SIZE: 3000.0
2025-07-10 11:21:28.416 [main] [traceId:] [userId:] INFO  c.a.n.p.auth.spi.client.ClientAuthPluginManager - [ClientAuthPluginManager] Load ClientAuthService com.alibaba.nacos.client.auth.impl.NacosClientAuthServiceImpl success.
2025-07-10 11:21:28.417 [main] [traceId:] [userId:] INFO  c.a.n.p.auth.spi.client.ClientAuthPluginManager - [ClientAuthPluginManager] Load ClientAuthService com.alibaba.nacos.client.auth.ram.RamClientAuthServiceImpl success.
2025-07-10 11:21:28.420 [main] [traceId:] [userId:] INFO  c.a.n.client.auth.ram.identify.CredentialWatcher - null No credential found
2025-07-10 11:21:28.596 [main] [traceId:] [userId:] WARN  com.alibaba.nacos.client.logging.NacosLogging - Load Logback Configuration of Nacos fail, message: Could not initialize Logback Nacos logging from classpath:nacos-logback.xml
2025-07-10 11:21:29.461 [main] [traceId:] [userId:] WARN  c.a.cloud.nacos.client.NacosPropertySourceBuilder - Ignore the empty nacos configuration and get it based on dataId[common-dev.yaml] & group[DEFAULT_GROUP]
2025-07-10 11:21:29.472 [main] [traceId:] [userId:] WARN  c.a.cloud.nacos.client.NacosPropertySourceBuilder - Ignore the empty nacos configuration and get it based on dataId[bgtech-ai] & group[DEFAULT_GROUP]
2025-07-10 11:21:29.482 [main] [traceId:] [userId:] WARN  c.a.cloud.nacos.client.NacosPropertySourceBuilder - Ignore the empty nacos configuration and get it based on dataId[bgtech-ai.yaml] & group[DEFAULT_GROUP]
2025-07-10 11:21:29.494 [main] [traceId:] [userId:] WARN  c.a.cloud.nacos.client.NacosPropertySourceBuilder - Ignore the empty nacos configuration and get it based on dataId[bgtech-ai-test.yaml] & group[DEFAULT_GROUP]
2025-07-10 11:21:29.495 [main] [traceId:] [userId:] INFO  o.s.c.b.c.PropertySourceBootstrapConfiguration - Located property source: [BootstrapPropertySource {name='bootstrapProperties-bgtech-ai-test.yaml,DEFAULT_GROUP'}, BootstrapPropertySource {name='bootstrapProperties-bgtech-ai.yaml,DEFAULT_GROUP'}, BootstrapPropertySource {name='bootstrapProperties-bgtech-ai,DEFAULT_GROUP'}, BootstrapPropertySource {name='bootstrapProperties-common-dev.yaml,DEFAULT_GROUP'}]
2025-07-10 11:21:29.535 [main] [traceId:] [userId:] WARN  o.s.b.t.j.DuplicateJsonObjectContextCustomizerFactory$DuplicateJsonObjectContextCustomizer - 

Found multiple occurrences of org.json.JSONObject on the class path:

	jar:file:/C:/Users/Administrator/.m2/repository/com/vaadin/external/google/android-json/0.0.20131108.vaadin1/android-json-0.0.20131108.vaadin1.jar!/org/json/JSONObject.class
	jar:file:/C:/Users/Administrator/.m2/repository/org/json/json/20220320/json-20220320.jar!/org/json/JSONObject.class

You may wish to exclude one of them to ensure predictable runtime behavior

2025-07-10 11:21:29.540 [main] [traceId:] [userId:] WARN  com.alibaba.nacos.client.logging.NacosLogging - Load Logback Configuration of Nacos fail, message: Could not initialize Logback Nacos logging from classpath:nacos-logback.xml
2025-07-10 11:21:29.542 [main] [traceId:] [userId:] INFO  com.bgpay.bgai.controller.YamlDataDrivenApiTest - The following 2 profiles are active: "dev", "test"
2025-07-10 11:21:31.519 [main] [traceId:] [userId:] WARN  org.mybatis.spring.mapper.ClassPathMapperScanner - Skipping MapperFactoryBean with name 'fileTypeMapper' and 'com.bgpay.bgai.mapper.FileTypeMapper' mapperInterface. Bean already defined with the same name!
2025-07-10 11:21:31.519 [main] [traceId:] [userId:] WARN  org.mybatis.spring.mapper.ClassPathMapperScanner - Skipping MapperFactoryBean with name 'usageRecordMapper' and 'com.bgpay.bgai.mapper.UsageRecordMapper' mapperInterface. Bean already defined with the same name!
2025-07-10 11:21:34.530 [main] [traceId:] [userId:] INFO  com.bgpay.bgai.config.SeataDisableConfiguration - SeataDisableConfiguration已加载，Seata在测试环境中被禁用
2025-07-10 11:21:34.530 [main] [traceId:] [userId:] INFO  com.bgpay.bgai.config.SeataDisableConfiguration - 设置系统属性: seata.enabled=false, saga.enabled=false
2025-07-10 11:21:34.704 [main] [traceId:] [userId:] INFO  c.bgpay.bgai.config.NacosRouteDefinitionRepository - 初始化Nacos路由定义存储库
2025-07-10 11:21:34.866 [main] [traceId:] [userId:] WARN  c.bgpay.bgai.config.NacosRouteDefinitionRepository - Nacos中未找到路由定义配置
2025-07-10 11:21:34.887 [main] [traceId:] [userId:] INFO  c.bgpay.bgai.service.impl.DynamicRouteServiceImpl - 初始化动态路由服务
2025-07-10 11:21:35.067 [main] [traceId:] [userId:] WARN  c.bgpay.bgai.service.impl.DynamicRouteServiceImpl - Nacos中没有找到路由配置，使用默认配置
2025-07-10 11:21:35.068 [main] [traceId:] [userId:] INFO  c.bgpay.bgai.service.impl.DynamicRouteServiceImpl - 注册Nacos配置监听器成功
2025-07-10 11:21:35.074 [main] [traceId:] [userId:] INFO  com.bgpay.bgai.config.NacosRouteConfigListener - 初始化Nacos路由配置监听器
2025-07-10 11:21:35.267 [main] [traceId:] [userId:] WARN  com.bgpay.bgai.config.NacosRouteConfigListener - Nacos中未找到路由配置数据
2025-07-10 11:21:35.700 [main] [traceId:] [userId:] INFO  com.bgpay.bgai.controller.FeignDemoController - FeignDemoController initialized with UserServiceClient and LocalUserServiceClient
2025-07-10 11:21:36.796 [main] [traceId:] [userId:] INFO  io.seata.config.ConfigurationFactory - load Configuration from :Spring Configuration
2025-07-10 11:21:36.807 [main] [traceId:] [userId:] INFO  io.seata.config.ConfigurationFactory - load Configuration from :Spring Configuration
2025-07-10 11:21:36.814 [main] [traceId:] [userId:] INFO  io.seata.rm.datasource.AsyncWorker - Async Commit Buffer Limit: 10000
2025-07-10 11:21:36.818 [main] [traceId:] [userId:] INFO  io.seata.rm.datasource.xa.ResourceManagerXA - ResourceManagerXA init ...
2025-07-10 11:21:37.614 [main] [traceId:] [userId:] INFO  com.bgpay.bgai.seata.SagaStateMachineConfig - 加载到2个Saga状态机定义文件
2025-07-10 11:21:37.781 [main] [traceId:] [userId:] INFO  com.bgpay.bgai.saga.CustomSagaJsonParser - 开始解析状态机定义: bgai-saga-transaction
2025-07-10 11:21:37.782 [main] [traceId:] [userId:] INFO  com.bgpay.bgai.saga.CustomSagaJsonParser - 状态机 [bgai-saga-transaction] 原始版本: 0.0.5, 动态生成的新版本: 250710.112137.d7bf
2025-07-10 11:21:37.782 [main] [traceId:] [userId:] INFO  com.bgpay.bgai.saga.CustomSagaJsonParser - 状态机定义解析成功: bgai-saga-transaction, 已更新版本号: 250710.112137.d7bf
2025-07-10 11:21:37.782 [main] [traceId:] [userId:] INFO  com.bgpay.bgai.seata.SagaStateMachineConfig - 成功加载状态机定义: /E:/project/bgai/target/classes/statelang/bgai-saga-transaction.json
2025-07-10 11:21:37.786 [main] [traceId:] [userId:] INFO  com.bgpay.bgai.saga.CustomSagaJsonParser - 开始解析状态机定义: ChatCompletionSaga
2025-07-10 11:21:37.787 [main] [traceId:] [userId:] INFO  com.bgpay.bgai.saga.CustomSagaJsonParser - 状态机 [ChatCompletionSaga] 原始版本: 0.0.5, 动态生成的新版本: 250710.112137.794c
2025-07-10 11:21:37.787 [main] [traceId:] [userId:] INFO  com.bgpay.bgai.saga.CustomSagaJsonParser - 状态机定义解析成功: ChatCompletionSaga, 已更新版本号: 250710.112137.794c
2025-07-10 11:21:37.787 [main] [traceId:] [userId:] INFO  com.bgpay.bgai.seata.SagaStateMachineConfig - 成功加载状态机定义: /E:/project/bgai/target/classes/statelang/chat_completion_saga.json
2025-07-10 11:21:37.787 [main] [traceId:] [userId:] INFO  com.bgpay.bgai.seata.SagaStateMachineConfig - 已设置saga.state-machine.auto-register=false，防止状态机重复注册
2025-07-10 11:21:37.948 [main] [traceId:] [userId:] INFO  com.bgpay.bgai.config.RestTemplateConfig - Creating RestTemplate bean using SimpleClientHttpRequestFactory
2025-07-10 11:21:37.985 [main] [traceId:] [userId:] INFO  com.bgpay.bgai.seata.SeataTransactionListener - Seata事务监听器初始化
2025-07-10 11:21:37.986 [main] [traceId:] [userId:] INFO  com.bgpay.bgai.seata.SeataTransactionListener - 已设置seata.saga.state-machine.auto-register=false，防止状态机重复注册
2025-07-10 11:21:40.227 [main] [traceId:] [userId:] INFO  com.bgpay.bgai.service.mq.RocketMQProducerService - Initializing RocketMQProducerService with producer group: test-group, nameServer: 8.133.246.113:9876
2025-07-10 11:21:40.235 [main] [traceId:] [userId:] INFO  com.bgpay.bgai.service.mq.RocketMQProducerService - RocketMQ producer started successfully
2025-07-10 11:21:40.733 [main] [traceId:] [userId:] INFO  com.bgpay.bgai.service.deepseek.ConfigLoader - 配置文件 deepseek-config.properties 加载成功
2025-07-10 11:21:40.839 [main] [traceId:] [userId:] WARN  o.s.w.context.support.GenericWebApplicationContext - Exception encountered during context initialization - cancelling refresh attempt: org.springframework.beans.factory.UnsatisfiedDependencyException: Error creating bean with name 'webClient' defined in class path resource [com/bgpay/bgai/web/WebClientConfig.class]: Unsatisfied dependency expressed through method 'webClient' parameter 0: Error creating bean with name 'webClientBuilder' defined in class path resource [com/bgpay/bgai/web/WebClientTestReplacer.class]: Failed to instantiate [org.springframework.web.reactive.function.client.WebClient$Builder]: Factory method 'webClientBuilder' threw exception with message: Error creating bean with name 'webClient' defined in class path resource [com/bgpay/bgai/web/WebClientConfig.class]: Unsatisfied dependency expressed through method 'webClient' parameter 0: Error creating bean with name 'webClientBuilder': Requested bean is currently in creation: Is there an unresolvable circular reference?
2025-07-10 11:21:40.852 [main] [traceId:] [userId:] WARN  o.s.beans.factory.support.DisposableBeanAdapter - Custom destroy method 'shutdown' on bean with name 'defaultMQProducer' propagated an exception: org.mockito.exceptions.misusing.UnfinishedStubbingException: 
Unfinished stubbing detected here:
-> at com.bgpay.bgai.web.WebClientTestReplacer.webClientBuilder(WebClientTestReplacer.java:58)

E.g. thenReturn() may be missing.
Examples of correct stubbing:
    when(mock.isOk()).thenReturn(true);
    when(mock.isOk()).thenThrow(exception);
    doThrow(exception).when(mock).someVoidMethod();
Hints:
 1. missing thenReturn()
 2. you are trying to stub a final method, which is not supported
 3. you are stubbing the behaviour of another mock inside before 'thenReturn' instruction is completed

2025-07-10 11:21:40.893 [main] [traceId:] [userId:] INFO  com.bgpay.bgai.service.mq.RocketMQProducerService - RocketMQ producer shutdown
2025-07-10 11:21:40.970 [main] [traceId:] [userId:] INFO  c.bgpay.bgai.service.impl.DynamicRouteServiceImpl - 动态路由服务关闭，执行清理操作
2025-07-10 11:21:40.978 [main] [traceId:] [userId:] INFO  o.s.b.a.logging.ConditionEvaluationReportLogger - 

Error starting ApplicationContext. To display the condition evaluation report re-run your application with 'debug' enabled.
2025-07-10 11:21:41.001 [main] [traceId:] [userId:] ERROR o.s.b.diagnostics.LoggingFailureAnalysisReporter - 

***************************
APPLICATION FAILED TO START
***************************

Description:

The dependencies of some of the beans in the application context form a cycle:

┌─────┐
|  webClient defined in class path resource [com/bgpay/bgai/web/WebClientConfig.class]
↑     ↓
|  webClientBuilder defined in class path resource [com/bgpay/bgai/web/WebClientTestReplacer.class]
└─────┘


Action:

Despite circular references being allowed, the dependency cycle between beans could not be broken. Update your application to remove the dependency cycle.

2025-07-10 11:21:41.016 [main] [traceId:] [userId:] DEBUG org.springframework.test.context.cache - Spring test ApplicationContext cache statistics: [DefaultContextCache@6e7302d size = 0, maxSize = 32, parentContextCount = 0, hitCount = 0, missCount = 1, failureCount = 1]
2025-07-10 11:21:41.016 [main] [traceId:] [userId:] WARN  o.springframework.test.context.TestContextManager - Caught exception while allowing TestExecutionListener [org.springframework.boot.test.mock.mockito.MockitoTestExecutionListener] to prepare test instance [com.bgpay.bgai.controller.YamlDataDrivenApiTest@66213a0d]
java.lang.IllegalStateException: Failed to load ApplicationContext for [WebMergedContextConfiguration@27f904e6 testClass = com.bgpay.bgai.controller.YamlDataDrivenApiTest, locations = [], classes = [com.bgpay.bgai.BgaiApplication], contextInitializerClasses = [], activeProfiles = ["test"], propertySourceDescriptors = [PropertySourceDescriptor[locations=[], ignoreResourceNotFound=false, name=null, propertySourceFactory=null, encoding=null]], propertySourceProperties = ["spring.main.allow-bean-definition-overriding=true", "seata.enabled=false", "saga.enabled=false", "seata.saga.state-machine.auto-register=false", "spring.cloud.loadbalancer.enabled=false", "spring.cloud.discovery.enabled=false", "spring.cloud.config.enabled=false", "spring.cloud.consul.enabled=false", "spring.cloud.gateway.enabled=false", "spring.cloud.circuitbreaker.enabled=false", "spring.main.web-application-type=servlet", "spring.validation.is-method-validation-bean-post-processor-enabled=false", "rocketmq.messageConsumer.enabled=false", "rocketmq.producer.enable=false", "rocketmq.name-server=8.133.246.113:9876", "rocketmq.producer.group=test-group", "spring.data.elasticsearch.repositories.enabled=false", "spring.elasticsearch.enabled=false", "spring.webflux.base-path=/api", "spring.autoconfigure.exclude=org.springframework.boot.autoconfigure.web.reactive.function.client.WebClientAutoConfiguration", "org.springframework.boot.test.autoconfigure.web.servlet.WebMvcTestContextBootstrapper=true"], contextCustomizers = [[ImportsContextCustomizer@4341ce99 key = [@org.springframework.boot.test.autoconfigure.web.servlet.AutoConfigureWebMvc(), @org.springframework.boot.test.autoconfigure.web.servlet.WebMvcTest(controllers={com.bgpay.bgai.controller.AuthController.class, com.bgpay.bgai.controller.ServiceDiscoveryExampleController.class, com.bgpay.bgai.controller.FeignDemoController.class}, excludeAutoConfiguration={org.springframework.boot.autoconfigure.security.servlet.SecurityAutoConfiguration.class, org.springframework.boot.autoconfigure.validation.ValidationAutoConfiguration.class, org.apache.rocketmq.spring.autoconfigure.RocketMQAutoConfiguration.class, org.apache.rocketmq.spring.autoconfigure.ListenerContainerConfiguration.class, org.apache.rocketmq.spring.autoconfigure.RocketMQTransactionConfiguration.class, org.apache.rocketmq.spring.autoconfigure.ExtConsumerResetConfiguration.class, org.springframework.boot.autoconfigure.data.elasticsearch.ElasticsearchDataAutoConfiguration.class, org.springframework.boot.autoconfigure.data.elasticsearch.ElasticsearchRepositoriesAutoConfiguration.class, org.springframework.boot.autoconfigure.data.elasticsearch.ReactiveElasticsearchRepositoriesAutoConfiguration.class}, excludeFilters={}, includeFilters={}, properties={}, useDefaultFilters=true, value={com.bgpay.bgai.controller.AuthController.class, com.bgpay.bgai.controller.ServiceDiscoveryExampleController.class, com.bgpay.bgai.controller.FeignDemoController.class}), @org.springframework.context.annotation.Import({com.bgpay.bgai.config.UnifiedEnvironmentConfig.class, com.bgpay.bgai.config.MockMvcTestConfig.class, com.bgpay.bgai.config.WebMvcAutoConfigurationDisabler.class, com.bgpay.bgai.config.WebClientTestConfig.class, com.bgpay.bgai.config.WebClientBuilderUnifier.class, com.bgpay.bgai.config.WebClientTestOverrideConfig.class, com.bgpay.bgai.config.WebClientAutoConfigurationExcluder.class, com.bgpay.bgai.config.ExcludeMainWebClientConfig.class, com.bgpay.bgai.config.WebClientBeanExclusionConfig.class, com.bgpay.bgai.config.DeepSeekWebClientMockConfig.class, com.bgpay.bgai.config.WebClientConfigMock.class, com.bgpay.bgai.config.WebClientConfigOverrideConfig.class, com.bgpay.bgai.config.ReactiveWebMockConfig.class, com.bgpay.bgai.config.TestPropertySourceConfig.class, com.bgpay.bgai.config.EnhancedChatControllerMockConfig.class, com.bgpay.bgai.config.ChatWebFilterMockConfig.class, com.bgpay.bgai.config.ChatRecordRepositoryMockConfig.class, com.bgpay.bgai.config.ElasticsearchMockConfig.class, com.bgpay.bgai.config.ElasticsearchAutoConfigurationDisabler.class, com.bgpay.bgai.config.RocketMQMockConfig.class, com.bgpay.bgai.config.DataSourceAutoConfigurationDisabler.class, com.bgpay.bgai.config.FileTypeServiceMockConfig.class, com.bgpay.bgai.config.CacheWarmerMockConfig.class, com.bgpay.bgai.config.RedisAutoConfigurationDisabler.class, com.bgpay.bgai.config.FeignAutoConfigurationDisabler.class, com.bgpay.bgai.config.RedisTemplateQualifierConfig.class}), @org.springframework.test.context.ActiveProfiles(inheritProfiles=true, profiles={"test"}, resolver=org.springframework.test.context.ActiveProfilesResolver.class, value={"test"}), @org.springframework.test.context.BootstrapWith(value=org.springframework.boot.test.autoconfigure.web.servlet.WebMvcTestContextBootstrapper.class), @org.springframework.boot.test.autoconfigure.filter.TypeExcludeFilters(value={org.springframework.boot.test.autoconfigure.web.servlet.WebMvcTypeExcludeFilter.class}), @org.springframework.boot.test.autoconfigure.core.AutoConfigureCache(cacheProvider=NONE), @org.springframework.boot.test.autoconfigure.web.servlet.AutoConfigureMockMvc(webDriverEnabled=true, print=DEFAULT, webClientEnabled=true, addFilters=true, printOnlyOnFailure=true), @io.qameta.allure.LabelAnnotation(name="feature", value="$$$$$$$$__value__$$$$$$$$"), @io.qameta.allure.Feature("API\u6d4b\u8bd5"), @org.springframework.boot.autoconfigure.ImportAutoConfiguration(classes={}, exclude={}, value={}), @org.springframework.test.context.TestPropertySource(encoding="", factory=org.springframework.core.io.support.PropertySourceFactory.class, inheritLocations=true, inheritProperties=true, locations={}, properties={"spring.main.allow-bean-definition-overriding=true", "seata.enabled=false", "saga.enabled=false", "seata.saga.state-machine.auto-register=false", "spring.cloud.loadbalancer.enabled=false", "spring.cloud.discovery.enabled=false", "spring.cloud.config.enabled=false", "spring.cloud.consul.enabled=false", "spring.cloud.gateway.enabled=false", "spring.cloud.circuitbreaker.enabled=false", "spring.main.web-application-type=servlet", "spring.validation.is-method-validation-bean-post-processor-enabled=false", "rocketmq.messageConsumer.enabled=false", "rocketmq.producer.enable=false", "rocketmq.name-server=8.133.246.113:9876", "rocketmq.producer.group=test-group", "spring.data.elasticsearch.repositories.enabled=false", "spring.elasticsearch.enabled=false", "spring.webflux.base-path=/api", "spring.autoconfigure.exclude=org.springframework.boot.autoconfigure.web.reactive.function.client.WebClientAutoConfiguration"}, value={}), @org.apiguardian.api.API(consumers={"*"}, since="5.0", status=STABLE), @org.springframework.boot.test.autoconfigure.OverrideAutoConfiguration(enabled=false), @org.springframework.boot.test.autoconfigure.properties.PropertyMapping(skip=NO, value="spring.test.mockmvc"), @org.springframework.boot.autoconfigure.ImportAutoConfiguration(classes={}, exclude={org.springframework.boot.autoconfigure.security.servlet.SecurityAutoConfiguration.class, org.springframework.boot.autoconfigure.validation.ValidationAutoConfiguration.class, org.apache.rocketmq.spring.autoconfigure.RocketMQAutoConfiguration.class, org.apache.rocketmq.spring.autoconfigure.ListenerContainerConfiguration.class, org.apache.rocketmq.spring.autoconfigure.RocketMQTransactionConfiguration.class, org.apache.rocketmq.spring.autoconfigure.ExtConsumerResetConfiguration.class, org.springframework.boot.autoconfigure.data.elasticsearch.ElasticsearchDataAutoConfiguration.class, org.springframework.boot.autoconfigure.data.elasticsearch.ElasticsearchRepositoriesAutoConfiguration.class, org.springframework.boot.autoconfigure.data.elasticsearch.ReactiveElasticsearchRepositoriesAutoConfiguration.class}, value={}), @org.springframework.context.annotation.Import(value={org.springframework.boot.autoconfigure.ImportAutoConfigurationImportSelector.class})]], org.springframework.boot.test.context.filter.ExcludeFilterContextCustomizer@7ad54c55, org.springframework.boot.test.json.DuplicateJsonObjectContextCustomizerFactory$DuplicateJsonObjectContextCustomizer@4a5905d9, org.springframework.boot.test.mock.mockito.MockitoContextCustomizer@6f0e6400, org.springframework.boot.test.autoconfigure.OverrideAutoConfigurationContextCustomizerFactory$DisableAutoConfigurationContextCustomizer@2c43eb8, org.springframework.boot.test.autoconfigure.actuate.observability.ObservabilityContextCustomizerFactory$DisableObservabilityContextCustomizer@1f, org.springframework.boot.test.autoconfigure.filter.TypeExcludeFiltersContextCustomizer@f89ec759, org.springframework.boot.test.autoconfigure.properties.PropertyMappingContextCustomizer@fd8d6e81, org.springframework.boot.test.autoconfigure.web.servlet.WebDriverContextCustomizer@53c68ce, org.springframework.boot.test.context.SpringBootTestAnnotation@eb5310aa], resourceBasePath = "src/main/webapp", contextLoader = org.springframework.boot.test.context.SpringBootContextLoader, parent = null]
	at org.springframework.test.context.cache.DefaultCacheAwareContextLoaderDelegate.loadContext(DefaultCacheAwareContextLoaderDelegate.java:180)
	at org.springframework.test.context.support.DefaultTestContext.getApplicationContext(DefaultTestContext.java:130)
	at org.springframework.boot.test.mock.mockito.MockitoTestExecutionListener.postProcessFields(MockitoTestExecutionListener.java:122)
	at org.springframework.boot.test.mock.mockito.MockitoTestExecutionListener.injectFields(MockitoTestExecutionListener.java:106)
	at org.springframework.boot.test.mock.mockito.MockitoTestExecutionListener.prepareTestInstance(MockitoTestExecutionListener.java:63)
	at org.springframework.test.context.TestContextManager.prepareTestInstance(TestContextManager.java:260)
	at org.springframework.test.context.testng.AbstractTestNGSpringContextTests.springTestContextPrepareTestInstance(AbstractTestNGSpringContextTests.java:119)
	at java.base/jdk.internal.reflect.DirectMethodHandleAccessor.invoke(DirectMethodHandleAccessor.java:103)
	at java.base/java.lang.reflect.Method.invoke(Method.java:580)
	at org.testng.internal.MethodInvocationHelper.invokeMethod(MethodInvocationHelper.java:134)
	at org.testng.internal.MethodInvocationHelper.invokeMethodConsideringTimeout(MethodInvocationHelper.java:63)
	at org.testng.internal.ConfigInvoker.invokeConfigurationMethod(ConfigInvoker.java:348)
	at org.testng.internal.ConfigInvoker.invokeConfigurations(ConfigInvoker.java:302)
	at org.testng.internal.TestMethodWorker.invokeBeforeClassMethods(TestMethodWorker.java:176)
	at org.testng.internal.TestMethodWorker.run(TestMethodWorker.java:122)
	at java.base/java.util.ArrayList.forEach(ArrayList.java:1596)
	at org.testng.TestRunner.privateRun(TestRunner.java:766)
	at org.testng.TestRunner.run(TestRunner.java:587)
	at org.testng.SuiteRunner.runTest(SuiteRunner.java:384)
	at org.testng.SuiteRunner.runSequentially(SuiteRunner.java:378)
	at org.testng.SuiteRunner.privateRun(SuiteRunner.java:337)
	at org.testng.SuiteRunner.run(SuiteRunner.java:286)
	at org.testng.SuiteRunnerWorker.runSuite(SuiteRunnerWorker.java:53)
	at org.testng.SuiteRunnerWorker.run(SuiteRunnerWorker.java:96)
	at org.testng.TestNG.runSuitesSequentially(TestNG.java:1187)
	at org.testng.TestNG.runSuitesLocally(TestNG.java:1109)
	at org.testng.TestNG.runSuites(TestNG.java:1039)
	at org.testng.TestNG.run(TestNG.java:1007)
	at com.intellij.rt.testng.IDEARemoteTestNG.run(IDEARemoteTestNG.java:65)
	at com.intellij.rt.testng.RemoteTestNGStarter.main(RemoteTestNGStarter.java:105)
Caused by: org.springframework.beans.factory.UnsatisfiedDependencyException: Error creating bean with name 'webClient' defined in class path resource [com/bgpay/bgai/web/WebClientConfig.class]: Unsatisfied dependency expressed through method 'webClient' parameter 0: Error creating bean with name 'webClientBuilder' defined in class path resource [com/bgpay/bgai/web/WebClientTestReplacer.class]: Failed to instantiate [org.springframework.web.reactive.function.client.WebClient$Builder]: Factory method 'webClientBuilder' threw exception with message: Error creating bean with name 'webClient' defined in class path resource [com/bgpay/bgai/web/WebClientConfig.class]: Unsatisfied dependency expressed through method 'webClient' parameter 0: Error creating bean with name 'webClientBuilder': Requested bean is currently in creation: Is there an unresolvable circular reference?
	at org.springframework.beans.factory.support.ConstructorResolver.createArgumentArray(ConstructorResolver.java:795)
	at org.springframework.beans.factory.support.ConstructorResolver.instantiateUsingFactoryMethod(ConstructorResolver.java:542)
	at org.springframework.beans.factory.support.AbstractAutowireCapableBeanFactory.instantiateUsingFactoryMethod(AbstractAutowireCapableBeanFactory.java:1335)
	at org.springframework.beans.factory.support.AbstractAutowireCapableBeanFactory.createBeanInstance(AbstractAutowireCapableBeanFactory.java:1165)
	at org.springframework.beans.factory.support.AbstractAutowireCapableBeanFactory.doCreateBean(AbstractAutowireCapableBeanFactory.java:562)
	at org.springframework.beans.factory.support.AbstractAutowireCapableBeanFactory.createBean(AbstractAutowireCapableBeanFactory.java:522)
	at org.springframework.beans.factory.support.AbstractBeanFactory.lambda$doGetBean$0(AbstractBeanFactory.java:326)
	at org.springframework.beans.factory.support.DefaultSingletonBeanRegistry.getSingleton(DefaultSingletonBeanRegistry.java:234)
	at org.springframework.beans.factory.support.AbstractBeanFactory.doGetBean(AbstractBeanFactory.java:324)
	at org.springframework.beans.factory.support.AbstractBeanFactory.getBean(AbstractBeanFactory.java:200)
	at org.springframework.beans.factory.support.DefaultListableBeanFactory.preInstantiateSingletons(DefaultListableBeanFactory.java:975)
	at org.springframework.context.support.AbstractApplicationContext.finishBeanFactoryInitialization(AbstractApplicationContext.java:962)
	at org.springframework.context.support.AbstractApplicationContext.refresh(AbstractApplicationContext.java:624)
	at org.springframework.boot.SpringApplication.refresh(SpringApplication.java:754)
	at org.springframework.boot.SpringApplication.refreshContext(SpringApplication.java:456)
	at org.springframework.boot.SpringApplication.run(SpringApplication.java:334)
	at org.springframework.boot.test.context.SpringBootContextLoader.lambda$loadContext$3(SpringBootContextLoader.java:137)
	at org.springframework.util.function.ThrowingSupplier.get(ThrowingSupplier.java:58)
	at org.springframework.util.function.ThrowingSupplier.get(ThrowingSupplier.java:46)
	at org.springframework.boot.SpringApplication.withHook(SpringApplication.java:1454)
	at org.springframework.boot.test.context.SpringBootContextLoader$ContextLoaderHook.run(SpringBootContextLoader.java:553)
	at org.springframework.boot.test.context.SpringBootContextLoader.loadContext(SpringBootContextLoader.java:137)
	at org.springframework.boot.test.context.SpringBootContextLoader.loadContext(SpringBootContextLoader.java:108)
	at org.springframework.test.context.cache.DefaultCacheAwareContextLoaderDelegate.loadContextInternal(DefaultCacheAwareContextLoaderDelegate.java:225)
	at org.springframework.test.context.cache.DefaultCacheAwareContextLoaderDelegate.loadContext(DefaultCacheAwareContextLoaderDelegate.java:152)
	... 29 common frames omitted
Caused by: org.springframework.beans.factory.BeanCreationException: Error creating bean with name 'webClientBuilder' defined in class path resource [com/bgpay/bgai/web/WebClientTestReplacer.class]: Failed to instantiate [org.springframework.web.reactive.function.client.WebClient$Builder]: Factory method 'webClientBuilder' threw exception with message: Error creating bean with name 'webClient' defined in class path resource [com/bgpay/bgai/web/WebClientConfig.class]: Unsatisfied dependency expressed through method 'webClient' parameter 0: Error creating bean with name 'webClientBuilder': Requested bean is currently in creation: Is there an unresolvable circular reference?
	at org.springframework.beans.factory.support.ConstructorResolver.instantiate(ConstructorResolver.java:648)
	at org.springframework.beans.factory.support.ConstructorResolver.instantiateUsingFactoryMethod(ConstructorResolver.java:485)
	at org.springframework.beans.factory.support.AbstractAutowireCapableBeanFactory.instantiateUsingFactoryMethod(AbstractAutowireCapableBeanFactory.java:1335)
	at org.springframework.beans.factory.support.AbstractAutowireCapableBeanFactory.createBeanInstance(AbstractAutowireCapableBeanFactory.java:1165)
	at org.springframework.beans.factory.support.AbstractAutowireCapableBeanFactory.doCreateBean(AbstractAutowireCapableBeanFactory.java:562)
	at org.springframework.beans.factory.support.AbstractAutowireCapableBeanFactory.createBean(AbstractAutowireCapableBeanFactory.java:522)
	at org.springframework.beans.factory.support.AbstractBeanFactory.lambda$doGetBean$0(AbstractBeanFactory.java:326)
	at org.springframework.beans.factory.support.DefaultSingletonBeanRegistry.getSingleton(DefaultSingletonBeanRegistry.java:234)
	at org.springframework.beans.factory.support.AbstractBeanFactory.doGetBean(AbstractBeanFactory.java:324)
	at org.springframework.beans.factory.support.AbstractBeanFactory.getBean(AbstractBeanFactory.java:200)
	at org.springframework.beans.factory.config.DependencyDescriptor.resolveCandidate(DependencyDescriptor.java:254)
	at org.springframework.beans.factory.support.DefaultListableBeanFactory.doResolveDependency(DefaultListableBeanFactory.java:1443)
	at org.springframework.beans.factory.support.DefaultListableBeanFactory.resolveDependency(DefaultListableBeanFactory.java:1353)
	at org.springframework.beans.factory.support.ConstructorResolver.resolveAutowiredArgument(ConstructorResolver.java:904)
	at org.springframework.beans.factory.support.ConstructorResolver.createArgumentArray(ConstructorResolver.java:782)
	... 53 common frames omitted
Caused by: org.springframework.beans.BeanInstantiationException: Failed to instantiate [org.springframework.web.reactive.function.client.WebClient$Builder]: Factory method 'webClientBuilder' threw exception with message: Error creating bean with name 'webClient' defined in class path resource [com/bgpay/bgai/web/WebClientConfig.class]: Unsatisfied dependency expressed through method 'webClient' parameter 0: Error creating bean with name 'webClientBuilder': Requested bean is currently in creation: Is there an unresolvable circular reference?
	at org.springframework.beans.factory.support.SimpleInstantiationStrategy.instantiate(SimpleInstantiationStrategy.java:177)
	at org.springframework.beans.factory.support.ConstructorResolver.instantiate(ConstructorResolver.java:644)
	... 67 common frames omitted
Caused by: org.springframework.beans.factory.UnsatisfiedDependencyException: Error creating bean with name 'webClient' defined in class path resource [com/bgpay/bgai/web/WebClientConfig.class]: Unsatisfied dependency expressed through method 'webClient' parameter 0: Error creating bean with name 'webClientBuilder': Requested bean is currently in creation: Is there an unresolvable circular reference?
	at org.springframework.beans.factory.support.ConstructorResolver.createArgumentArray(ConstructorResolver.java:795)
	at org.springframework.beans.factory.support.ConstructorResolver.instantiateUsingFactoryMethod(ConstructorResolver.java:542)
	at org.springframework.beans.factory.support.AbstractAutowireCapableBeanFactory.instantiateUsingFactoryMethod(AbstractAutowireCapableBeanFactory.java:1335)
	at org.springframework.beans.factory.support.AbstractAutowireCapableBeanFactory.createBeanInstance(AbstractAutowireCapableBeanFactory.java:1165)
	at org.springframework.beans.factory.support.AbstractAutowireCapableBeanFactory.doCreateBean(AbstractAutowireCapableBeanFactory.java:562)
	at org.springframework.beans.factory.support.AbstractAutowireCapableBeanFactory.createBean(AbstractAutowireCapableBeanFactory.java:522)
	at org.springframework.beans.factory.support.AbstractBeanFactory.lambda$doGetBean$0(AbstractBeanFactory.java:326)
	at org.springframework.beans.factory.support.DefaultSingletonBeanRegistry.getSingleton(DefaultSingletonBeanRegistry.java:234)
	at org.springframework.beans.factory.support.AbstractBeanFactory.doGetBean(AbstractBeanFactory.java:324)
	at org.springframework.beans.factory.support.AbstractBeanFactory.getBean(AbstractBeanFactory.java:200)
	at org.springframework.context.annotation.ConfigurationClassEnhancer$BeanMethodInterceptor.resolveBeanReference(ConfigurationClassEnhancer.java:363)
	at org.springframework.context.annotation.ConfigurationClassEnhancer$BeanMethodInterceptor.intercept(ConfigurationClassEnhancer.java:334)
	at com.bgpay.bgai.web.WebClientTestReplacer$$SpringCGLIB$$0.webClient(<generated>)
	at com.bgpay.bgai.web.WebClientTestReplacer.webClientBuilder(WebClientTestReplacer.java:58)
	at com.bgpay.bgai.web.WebClientTestReplacer$$SpringCGLIB$$0.CGLIB$webClientBuilder$1(<generated>)
	at com.bgpay.bgai.web.WebClientTestReplacer$$SpringCGLIB$$FastClass$$1.invoke(<generated>)
	at org.springframework.cglib.proxy.MethodProxy.invokeSuper(MethodProxy.java:258)
	at org.springframework.context.annotation.ConfigurationClassEnhancer$BeanMethodInterceptor.intercept(ConfigurationClassEnhancer.java:331)
	at com.bgpay.bgai.web.WebClientTestReplacer$$SpringCGLIB$$0.webClientBuilder(<generated>)
	at java.base/jdk.internal.reflect.DirectMethodHandleAccessor.invoke(DirectMethodHandleAccessor.java:103)
	at java.base/java.lang.reflect.Method.invoke(Method.java:580)
	at org.springframework.beans.factory.support.SimpleInstantiationStrategy.instantiate(SimpleInstantiationStrategy.java:140)
	... 68 common frames omitted
Caused by: org.springframework.beans.factory.BeanCurrentlyInCreationException: Error creating bean with name 'webClientBuilder': Requested bean is currently in creation: Is there an unresolvable circular reference?
	at org.springframework.beans.factory.support.DefaultSingletonBeanRegistry.beforeSingletonCreation(DefaultSingletonBeanRegistry.java:355)
	at org.springframework.beans.factory.support.DefaultSingletonBeanRegistry.getSingleton(DefaultSingletonBeanRegistry.java:227)
	at org.springframework.beans.factory.support.AbstractBeanFactory.doGetBean(AbstractBeanFactory.java:324)
	at org.springframework.beans.factory.support.AbstractBeanFactory.getBean(AbstractBeanFactory.java:200)
	at org.springframework.beans.factory.config.DependencyDescriptor.resolveCandidate(DependencyDescriptor.java:254)
	at org.springframework.beans.factory.support.DefaultListableBeanFactory.doResolveDependency(DefaultListableBeanFactory.java:1443)
	at org.springframework.beans.factory.support.DefaultListableBeanFactory.resolveDependency(DefaultListableBeanFactory.java:1353)
	at org.springframework.beans.factory.support.ConstructorResolver.resolveAutowiredArgument(ConstructorResolver.java:904)
	at org.springframework.beans.factory.support.ConstructorResolver.createArgumentArray(ConstructorResolver.java:782)
	... 89 common frames omitted
2025-07-10 11:21:41.205 [main] [traceId:] [userId:] INFO  com.bgpay.bgai.base.YamlDataProvider - 从YAML文件加载测试数据: src/test/resources/test-data/YamlDataDrivenApiTest/testLogin.yml
2025-07-10 11:21:41.206 [main] [traceId:] [userId:] WARN  com.bgpay.bgai.base.YamlDataProvider - YAML文件不存在: src/test/resources/test-data/YamlDataDrivenApiTest/testLogin.yml
2025-07-10 11:21:41.217 [main] [traceId:] [userId:] DEBUG o.s.t.c.s.DirtiesContextTestExecutionListener - After test class: class [YamlDataDrivenApiTest], class annotated with @DirtiesContext [false] with mode [null]
2025-07-10 11:21:41.242 [Thread-2] [traceId:] [userId:] WARN  c.alibaba.nacos.common.http.HttpClientBeanHolder - [HttpClientBeanHolder] Start destroying common HttpClient
2025-07-10 11:21:41.242 [Thread-9] [traceId:] [userId:] WARN  com.alibaba.nacos.common.notify.NotifyCenter - [NotifyCenter] Start destroying Publisher
2025-07-10 11:21:41.242 [Thread-9] [traceId:] [userId:] WARN  com.alibaba.nacos.common.notify.NotifyCenter - [NotifyCenter] Destruction of the end
2025-07-10 11:21:41.243 [Thread-2] [traceId:] [userId:] WARN  c.alibaba.nacos.common.http.HttpClientBeanHolder - [HttpClientBeanHolder] Destruction of the end
2025-07-10 11:26:35.936 [main] [traceId:] [userId:] WARN  com.alibaba.nacos.client.logging.NacosLogging - Load Logback Configuration of Nacos fail, message: Could not initialize Logback Nacos logging from classpath:nacos-logback.xml
2025-07-10 11:26:35.994 [main] [traceId:] [userId:] WARN  com.alibaba.nacos.client.logging.NacosLogging - Load Logback Configuration of Nacos fail, message: Could not initialize Logback Nacos logging from classpath:nacos-logback.xml
2025-07-10 11:26:36.192 [main] [traceId:] [userId:] WARN  com.alibaba.nacos.client.logging.NacosLogging - Load Logback Configuration of Nacos fail, message: Could not initialize Logback Nacos logging from classpath:nacos-logback.xml
2025-07-10 11:26:36.194 [main] [traceId:] [userId:] INFO  com.alibaba.nacos.client.utils.ParamUtil - [settings] [req-serv] nacos-server port:8848
2025-07-10 11:26:36.194 [main] [traceId:] [userId:] INFO  com.alibaba.nacos.client.utils.ParamUtil - [settings] [http-client] connect timeout:1000
2025-07-10 11:26:36.195 [main] [traceId:] [userId:] INFO  com.alibaba.nacos.client.utils.ParamUtil - PER_TASK_CONFIG_SIZE: 3000.0
2025-07-10 11:26:36.225 [main] [traceId:] [userId:] INFO  c.a.n.p.auth.spi.client.ClientAuthPluginManager - [ClientAuthPluginManager] Load ClientAuthService com.alibaba.nacos.client.auth.impl.NacosClientAuthServiceImpl success.
2025-07-10 11:26:36.225 [main] [traceId:] [userId:] INFO  c.a.n.p.auth.spi.client.ClientAuthPluginManager - [ClientAuthPluginManager] Load ClientAuthService com.alibaba.nacos.client.auth.ram.RamClientAuthServiceImpl success.
2025-07-10 11:26:36.230 [main] [traceId:] [userId:] INFO  c.a.n.client.auth.ram.identify.CredentialWatcher - null No credential found
2025-07-10 11:26:36.402 [main] [traceId:] [userId:] WARN  com.alibaba.nacos.client.logging.NacosLogging - Load Logback Configuration of Nacos fail, message: Could not initialize Logback Nacos logging from classpath:nacos-logback.xml
2025-07-10 11:26:37.330 [main] [traceId:] [userId:] WARN  c.a.cloud.nacos.client.NacosPropertySourceBuilder - Ignore the empty nacos configuration and get it based on dataId[common-dev.yaml] & group[DEFAULT_GROUP]
2025-07-10 11:26:37.344 [main] [traceId:] [userId:] WARN  c.a.cloud.nacos.client.NacosPropertySourceBuilder - Ignore the empty nacos configuration and get it based on dataId[bgtech-ai] & group[DEFAULT_GROUP]
2025-07-10 11:26:37.355 [main] [traceId:] [userId:] WARN  c.a.cloud.nacos.client.NacosPropertySourceBuilder - Ignore the empty nacos configuration and get it based on dataId[bgtech-ai.yaml] & group[DEFAULT_GROUP]
2025-07-10 11:26:37.365 [main] [traceId:] [userId:] WARN  c.a.cloud.nacos.client.NacosPropertySourceBuilder - Ignore the empty nacos configuration and get it based on dataId[bgtech-ai-test.yaml] & group[DEFAULT_GROUP]
2025-07-10 11:26:37.366 [main] [traceId:] [userId:] INFO  o.s.c.b.c.PropertySourceBootstrapConfiguration - Located property source: [BootstrapPropertySource {name='bootstrapProperties-bgtech-ai-test.yaml,DEFAULT_GROUP'}, BootstrapPropertySource {name='bootstrapProperties-bgtech-ai.yaml,DEFAULT_GROUP'}, BootstrapPropertySource {name='bootstrapProperties-bgtech-ai,DEFAULT_GROUP'}, BootstrapPropertySource {name='bootstrapProperties-common-dev.yaml,DEFAULT_GROUP'}]
2025-07-10 11:26:37.402 [main] [traceId:] [userId:] WARN  o.s.b.t.j.DuplicateJsonObjectContextCustomizerFactory$DuplicateJsonObjectContextCustomizer - 

Found multiple occurrences of org.json.JSONObject on the class path:

	jar:file:/C:/Users/Administrator/.m2/repository/com/vaadin/external/google/android-json/0.0.20131108.vaadin1/android-json-0.0.20131108.vaadin1.jar!/org/json/JSONObject.class
	jar:file:/C:/Users/Administrator/.m2/repository/org/json/json/20220320/json-20220320.jar!/org/json/JSONObject.class

You may wish to exclude one of them to ensure predictable runtime behavior

2025-07-10 11:26:37.406 [main] [traceId:] [userId:] WARN  com.alibaba.nacos.client.logging.NacosLogging - Load Logback Configuration of Nacos fail, message: Could not initialize Logback Nacos logging from classpath:nacos-logback.xml
2025-07-10 11:26:37.407 [main] [traceId:] [userId:] INFO  com.bgpay.bgai.controller.YamlDataDrivenApiTest - The following 2 profiles are active: "dev", "test"
2025-07-10 11:26:39.269 [main] [traceId:] [userId:] WARN  org.mybatis.spring.mapper.ClassPathMapperScanner - Skipping MapperFactoryBean with name 'fileTypeMapper' and 'com.bgpay.bgai.mapper.FileTypeMapper' mapperInterface. Bean already defined with the same name!
2025-07-10 11:26:39.269 [main] [traceId:] [userId:] WARN  org.mybatis.spring.mapper.ClassPathMapperScanner - Skipping MapperFactoryBean with name 'usageRecordMapper' and 'com.bgpay.bgai.mapper.UsageRecordMapper' mapperInterface. Bean already defined with the same name!
2025-07-10 11:26:42.314 [main] [traceId:] [userId:] INFO  com.bgpay.bgai.config.SeataDisableConfiguration - SeataDisableConfiguration已加载，Seata在测试环境中被禁用
2025-07-10 11:26:42.314 [main] [traceId:] [userId:] INFO  com.bgpay.bgai.config.SeataDisableConfiguration - 设置系统属性: seata.enabled=false, saga.enabled=false
2025-07-10 11:26:42.452 [main] [traceId:] [userId:] INFO  c.bgpay.bgai.config.NacosRouteDefinitionRepository - 初始化Nacos路由定义存储库
2025-07-10 11:26:42.704 [main] [traceId:] [userId:] WARN  c.bgpay.bgai.config.NacosRouteDefinitionRepository - Nacos中未找到路由定义配置
2025-07-10 11:26:42.722 [main] [traceId:] [userId:] INFO  c.bgpay.bgai.service.impl.DynamicRouteServiceImpl - 初始化动态路由服务
2025-07-10 11:26:42.865 [main] [traceId:] [userId:] WARN  c.bgpay.bgai.service.impl.DynamicRouteServiceImpl - Nacos中没有找到路由配置，使用默认配置
2025-07-10 11:26:42.865 [main] [traceId:] [userId:] INFO  c.bgpay.bgai.service.impl.DynamicRouteServiceImpl - 注册Nacos配置监听器成功
2025-07-10 11:26:42.869 [main] [traceId:] [userId:] INFO  com.bgpay.bgai.config.NacosRouteConfigListener - 初始化Nacos路由配置监听器
2025-07-10 11:26:43.015 [main] [traceId:] [userId:] WARN  com.bgpay.bgai.config.NacosRouteConfigListener - Nacos中未找到路由配置数据
2025-07-10 11:26:43.479 [main] [traceId:] [userId:] INFO  com.bgpay.bgai.controller.FeignDemoController - FeignDemoController initialized with UserServiceClient and LocalUserServiceClient
2025-07-10 11:26:44.527 [main] [traceId:] [userId:] INFO  io.seata.config.ConfigurationFactory - load Configuration from :Spring Configuration
2025-07-10 11:26:44.541 [main] [traceId:] [userId:] INFO  io.seata.config.ConfigurationFactory - load Configuration from :Spring Configuration
2025-07-10 11:26:44.550 [main] [traceId:] [userId:] INFO  io.seata.rm.datasource.AsyncWorker - Async Commit Buffer Limit: 10000
2025-07-10 11:26:44.555 [main] [traceId:] [userId:] INFO  io.seata.rm.datasource.xa.ResourceManagerXA - ResourceManagerXA init ...
2025-07-10 11:26:45.353 [main] [traceId:] [userId:] INFO  com.bgpay.bgai.seata.SagaStateMachineConfig - 加载到2个Saga状态机定义文件
2025-07-10 11:26:45.514 [main] [traceId:] [userId:] INFO  com.bgpay.bgai.saga.CustomSagaJsonParser - 开始解析状态机定义: bgai-saga-transaction
2025-07-10 11:26:45.514 [main] [traceId:] [userId:] INFO  com.bgpay.bgai.saga.CustomSagaJsonParser - 状态机 [bgai-saga-transaction] 原始版本: 0.0.5, 动态生成的新版本: 250710.112645.dbea
2025-07-10 11:26:45.514 [main] [traceId:] [userId:] INFO  com.bgpay.bgai.saga.CustomSagaJsonParser - 状态机定义解析成功: bgai-saga-transaction, 已更新版本号: 250710.112645.dbea
2025-07-10 11:26:45.515 [main] [traceId:] [userId:] INFO  com.bgpay.bgai.seata.SagaStateMachineConfig - 成功加载状态机定义: /E:/project/bgai/target/classes/statelang/bgai-saga-transaction.json
2025-07-10 11:26:45.519 [main] [traceId:] [userId:] INFO  com.bgpay.bgai.saga.CustomSagaJsonParser - 开始解析状态机定义: ChatCompletionSaga
2025-07-10 11:26:45.519 [main] [traceId:] [userId:] INFO  com.bgpay.bgai.saga.CustomSagaJsonParser - 状态机 [ChatCompletionSaga] 原始版本: 0.0.5, 动态生成的新版本: 250710.112645.dad5
2025-07-10 11:26:45.519 [main] [traceId:] [userId:] INFO  com.bgpay.bgai.saga.CustomSagaJsonParser - 状态机定义解析成功: ChatCompletionSaga, 已更新版本号: 250710.112645.dad5
2025-07-10 11:26:45.519 [main] [traceId:] [userId:] INFO  com.bgpay.bgai.seata.SagaStateMachineConfig - 成功加载状态机定义: /E:/project/bgai/target/classes/statelang/chat_completion_saga.json
2025-07-10 11:26:45.520 [main] [traceId:] [userId:] INFO  com.bgpay.bgai.seata.SagaStateMachineConfig - 已设置saga.state-machine.auto-register=false，防止状态机重复注册
2025-07-10 11:26:45.682 [main] [traceId:] [userId:] INFO  com.bgpay.bgai.config.RestTemplateConfig - Creating RestTemplate bean using SimpleClientHttpRequestFactory
2025-07-10 11:26:45.746 [main] [traceId:] [userId:] INFO  com.bgpay.bgai.seata.SeataTransactionListener - Seata事务监听器初始化
2025-07-10 11:26:45.746 [main] [traceId:] [userId:] INFO  com.bgpay.bgai.seata.SeataTransactionListener - 已设置seata.saga.state-machine.auto-register=false，防止状态机重复注册
2025-07-10 11:26:47.986 [main] [traceId:] [userId:] INFO  com.bgpay.bgai.service.mq.RocketMQProducerService - Initializing RocketMQProducerService with producer group: test-group, nameServer: 8.133.246.113:9876
2025-07-10 11:26:47.993 [main] [traceId:] [userId:] INFO  com.bgpay.bgai.service.mq.RocketMQProducerService - RocketMQ producer started successfully
2025-07-10 11:26:48.500 [main] [traceId:] [userId:] INFO  com.bgpay.bgai.service.deepseek.ConfigLoader - 配置文件 deepseek-config.properties 加载成功
2025-07-10 11:26:49.714 [main] [traceId:] [userId:] INFO  com.bgpay.bgai.controller.AuthController - 初始化认证控制器: clientId=bgai-client-id, 配置的端口=8688
2025-07-10 11:26:49.715 [main] [traceId:] [userId:] INFO  com.bgpay.bgai.controller.AuthController - 根据实际端口生成redirectUri: http://localhost:8688/api/auth/callback
2025-07-10 11:26:49.715 [main] [traceId:] [userId:] INFO  com.bgpay.bgai.controller.AuthController - 认证控制器URL配置已更新: redirectUri=http://localhost:8688/api/auth/callback, 系统实际运行端口=8688
2025-07-10 11:26:50.437 [main] [traceId:] [userId:] INFO  c.b.b.controller.ServiceDiscoveryExampleController - ServiceDiscoveryExampleController initialized with: serviceDiscoveryUtils=available, loadBalancedWebClient=not available, loadBalancedRestTemplate=available, restTemplate=available
2025-07-10 11:26:50.892 [main] [traceId:] [userId:] DEBUG com.bgpay.bgai.config.AsyncConfig$1 - Initializing ExecutorService 'blockingExecutor'
2025-07-10 11:26:50.923 [main] [traceId:] [userId:] WARN  o.s.w.context.support.GenericWebApplicationContext - Exception encountered during context initialization - cancelling refresh attempt: org.springframework.beans.factory.UnsatisfiedDependencyException: Error creating bean with name 'customRouteLocator' defined in class path resource [com/bgpay/bgai/config/GatewayRouteConfig.class]: Unsatisfied dependency expressed through method 'customRouteLocator' parameter 0: No qualifying bean of type 'org.springframework.cloud.gateway.route.builder.RouteLocatorBuilder' available: expected at least 1 bean which qualifies as autowire candidate. Dependency annotations: {}
2025-07-10 11:26:50.923 [main] [traceId:] [userId:] DEBUG com.bgpay.bgai.config.AsyncConfig$1 - Shutting down ExecutorService 'blockingExecutor'
2025-07-10 11:26:50.967 [main] [traceId:] [userId:] INFO  com.bgpay.bgai.service.mq.RocketMQProducerService - RocketMQ producer shutdown
2025-07-10 11:26:51.006 [main] [traceId:] [userId:] INFO  c.bgpay.bgai.service.impl.DynamicRouteServiceImpl - 动态路由服务关闭，执行清理操作
2025-07-10 11:26:51.011 [main] [traceId:] [userId:] INFO  o.s.b.a.logging.ConditionEvaluationReportLogger - 

Error starting ApplicationContext. To display the condition evaluation report re-run your application with 'debug' enabled.
2025-07-10 11:26:51.037 [main] [traceId:] [userId:] ERROR o.s.b.diagnostics.LoggingFailureAnalysisReporter - 

***************************
APPLICATION FAILED TO START
***************************

Description:

Parameter 0 of method customRouteLocator in com.bgpay.bgai.config.GatewayRouteConfig required a bean of type 'org.springframework.cloud.gateway.route.builder.RouteLocatorBuilder' that could not be found.


Action:

Consider defining a bean of type 'org.springframework.cloud.gateway.route.builder.RouteLocatorBuilder' in your configuration.

2025-07-10 11:26:51.050 [main] [traceId:] [userId:] DEBUG org.springframework.test.context.cache - Spring test ApplicationContext cache statistics: [DefaultContextCache@1b80527f size = 0, maxSize = 32, parentContextCount = 0, hitCount = 0, missCount = 1, failureCount = 1]
2025-07-10 11:26:51.050 [main] [traceId:] [userId:] WARN  o.springframework.test.context.TestContextManager - Caught exception while allowing TestExecutionListener [org.springframework.boot.test.mock.mockito.MockitoTestExecutionListener] to prepare test instance [com.bgpay.bgai.controller.YamlDataDrivenApiTest@260a3a5e]
java.lang.IllegalStateException: Failed to load ApplicationContext for [WebMergedContextConfiguration@62c3b8ca testClass = com.bgpay.bgai.controller.YamlDataDrivenApiTest, locations = [], classes = [com.bgpay.bgai.BgaiApplication], contextInitializerClasses = [], activeProfiles = ["test"], propertySourceDescriptors = [PropertySourceDescriptor[locations=[], ignoreResourceNotFound=false, name=null, propertySourceFactory=null, encoding=null]], propertySourceProperties = ["spring.main.allow-bean-definition-overriding=true", "seata.enabled=false", "saga.enabled=false", "seata.saga.state-machine.auto-register=false", "spring.cloud.loadbalancer.enabled=false", "spring.cloud.discovery.enabled=false", "spring.cloud.config.enabled=false", "spring.cloud.consul.enabled=false", "spring.cloud.gateway.enabled=false", "spring.cloud.circuitbreaker.enabled=false", "spring.main.web-application-type=servlet", "spring.validation.is-method-validation-bean-post-processor-enabled=false", "rocketmq.messageConsumer.enabled=false", "rocketmq.producer.enable=false", "rocketmq.name-server=8.133.246.113:9876", "rocketmq.producer.group=test-group", "spring.data.elasticsearch.repositories.enabled=false", "spring.elasticsearch.enabled=false", "spring.webflux.base-path=/api", "spring.autoconfigure.exclude=org.springframework.boot.autoconfigure.web.reactive.function.client.WebClientAutoConfiguration", "org.springframework.boot.test.autoconfigure.web.servlet.WebMvcTestContextBootstrapper=true"], contextCustomizers = [[ImportsContextCustomizer@43d05fc1 key = [@org.springframework.boot.test.autoconfigure.web.servlet.AutoConfigureWebMvc(), @org.springframework.test.context.TestPropertySource(encoding="", factory=org.springframework.core.io.support.PropertySourceFactory.class, inheritLocations=true, inheritProperties=true, locations={}, properties={"spring.main.allow-bean-definition-overriding=true", "seata.enabled=false", "saga.enabled=false", "seata.saga.state-machine.auto-register=false", "spring.cloud.loadbalancer.enabled=false", "spring.cloud.discovery.enabled=false", "spring.cloud.config.enabled=false", "spring.cloud.consul.enabled=false", "spring.cloud.gateway.enabled=false", "spring.cloud.circuitbreaker.enabled=false", "spring.main.web-application-type=servlet", "spring.validation.is-method-validation-bean-post-processor-enabled=false", "rocketmq.messageConsumer.enabled=false", "rocketmq.producer.enable=false", "rocketmq.name-server=8.133.246.113:9876", "rocketmq.producer.group=test-group", "spring.data.elasticsearch.repositories.enabled=false", "spring.elasticsearch.enabled=false", "spring.webflux.base-path=/api", "spring.autoconfigure.exclude=org.springframework.boot.autoconfigure.web.reactive.function.client.WebClientAutoConfiguration"}, value={}), @org.springframework.boot.test.autoconfigure.core.AutoConfigureCache(cacheProvider=NONE), @org.springframework.boot.test.autoconfigure.properties.PropertyMapping(skip=NO, value="spring.test.mockmvc"), @io.qameta.allure.LabelAnnotation(name="feature", value="$$$$$$$$__value__$$$$$$$$"), @org.springframework.test.context.BootstrapWith(value=org.springframework.boot.test.autoconfigure.web.servlet.WebMvcTestContextBootstrapper.class), @io.qameta.allure.Feature("API\u6d4b\u8bd5"), @org.springframework.boot.autoconfigure.ImportAutoConfiguration(classes={}, exclude={org.springframework.boot.autoconfigure.security.servlet.SecurityAutoConfiguration.class, org.springframework.boot.autoconfigure.validation.ValidationAutoConfiguration.class, org.apache.rocketmq.spring.autoconfigure.RocketMQAutoConfiguration.class, org.apache.rocketmq.spring.autoconfigure.ListenerContainerConfiguration.class, org.apache.rocketmq.spring.autoconfigure.RocketMQTransactionConfiguration.class, org.apache.rocketmq.spring.autoconfigure.ExtConsumerResetConfiguration.class, org.springframework.boot.autoconfigure.data.elasticsearch.ElasticsearchDataAutoConfiguration.class, org.springframework.boot.autoconfigure.data.elasticsearch.ElasticsearchRepositoriesAutoConfiguration.class, org.springframework.boot.autoconfigure.data.elasticsearch.ReactiveElasticsearchRepositoriesAutoConfiguration.class}, value={}), @org.apiguardian.api.API(consumers={"*"}, since="5.0", status=STABLE), @org.springframework.boot.test.autoconfigure.web.servlet.WebMvcTest(controllers={com.bgpay.bgai.controller.AuthController.class, com.bgpay.bgai.controller.ServiceDiscoveryExampleController.class, com.bgpay.bgai.controller.FeignDemoController.class}, excludeAutoConfiguration={org.springframework.boot.autoconfigure.security.servlet.SecurityAutoConfiguration.class, org.springframework.boot.autoconfigure.validation.ValidationAutoConfiguration.class, org.apache.rocketmq.spring.autoconfigure.RocketMQAutoConfiguration.class, org.apache.rocketmq.spring.autoconfigure.ListenerContainerConfiguration.class, org.apache.rocketmq.spring.autoconfigure.RocketMQTransactionConfiguration.class, org.apache.rocketmq.spring.autoconfigure.ExtConsumerResetConfiguration.class, org.springframework.boot.autoconfigure.data.elasticsearch.ElasticsearchDataAutoConfiguration.class, org.springframework.boot.autoconfigure.data.elasticsearch.ElasticsearchRepositoriesAutoConfiguration.class, org.springframework.boot.autoconfigure.data.elasticsearch.ReactiveElasticsearchRepositoriesAutoConfiguration.class}, excludeFilters={}, includeFilters={}, properties={}, useDefaultFilters=true, value={com.bgpay.bgai.controller.AuthController.class, com.bgpay.bgai.controller.ServiceDiscoveryExampleController.class, com.bgpay.bgai.controller.FeignDemoController.class}), @org.springframework.boot.autoconfigure.ImportAutoConfiguration(classes={}, exclude={}, value={}), @org.springframework.test.context.ActiveProfiles(inheritProfiles=true, profiles={"test"}, resolver=org.springframework.test.context.ActiveProfilesResolver.class, value={"test"}), @org.springframework.context.annotation.Import({com.bgpay.bgai.config.WebClientCircularDependencyResolver.class, com.bgpay.bgai.config.WebClientConfigExcluder.class, com.bgpay.bgai.config.UnifiedEnvironmentConfig.class, com.bgpay.bgai.config.MockMvcTestConfig.class, com.bgpay.bgai.config.WebMvcAutoConfigurationDisabler.class, com.bgpay.bgai.config.WebClientTestConfig.class, com.bgpay.bgai.config.WebClientBuilderUnifier.class, com.bgpay.bgai.config.WebClientTestOverrideConfig.class, com.bgpay.bgai.config.WebClientAutoConfigurationExcluder.class, com.bgpay.bgai.config.ExcludeMainWebClientConfig.class, com.bgpay.bgai.config.WebClientBeanExclusionConfig.class, com.bgpay.bgai.config.DeepSeekWebClientMockConfig.class, com.bgpay.bgai.config.WebClientConfigMock.class, com.bgpay.bgai.config.WebClientConfigOverrideConfig.class, com.bgpay.bgai.config.ReactiveWebMockConfig.class, com.bgpay.bgai.config.TestPropertySourceConfig.class, com.bgpay.bgai.config.EnhancedChatControllerMockConfig.class, com.bgpay.bgai.config.ChatWebFilterMockConfig.class, com.bgpay.bgai.config.ChatRecordRepositoryMockConfig.class, com.bgpay.bgai.config.ElasticsearchMockConfig.class, com.bgpay.bgai.config.ElasticsearchAutoConfigurationDisabler.class, com.bgpay.bgai.config.RocketMQMockConfig.class, com.bgpay.bgai.config.DataSourceAutoConfigurationDisabler.class, com.bgpay.bgai.config.FileTypeServiceMockConfig.class, com.bgpay.bgai.config.CacheWarmerMockConfig.class, com.bgpay.bgai.config.RedisAutoConfigurationDisabler.class, com.bgpay.bgai.config.FeignAutoConfigurationDisabler.class, com.bgpay.bgai.config.RedisTemplateQualifierConfig.class}), @org.springframework.boot.test.autoconfigure.web.servlet.AutoConfigureMockMvc(webDriverEnabled=true, print=DEFAULT, webClientEnabled=true, addFilters=true, printOnlyOnFailure=true), @org.springframework.boot.test.autoconfigure.filter.TypeExcludeFilters(value={org.springframework.boot.test.autoconfigure.web.servlet.WebMvcTypeExcludeFilter.class}), @org.springframework.context.annotation.Import(value={org.springframework.boot.autoconfigure.ImportAutoConfigurationImportSelector.class}), @org.springframework.boot.test.autoconfigure.OverrideAutoConfiguration(enabled=false)]], org.springframework.boot.test.context.filter.ExcludeFilterContextCustomizer@365553de, org.springframework.boot.test.json.DuplicateJsonObjectContextCustomizerFactory$DuplicateJsonObjectContextCustomizer@21fdfefc, org.springframework.boot.test.mock.mockito.MockitoContextCustomizer@a77319c4, org.springframework.boot.test.autoconfigure.OverrideAutoConfigurationContextCustomizerFactory$DisableAutoConfigurationContextCustomizer@67440de6, org.springframework.boot.test.autoconfigure.actuate.observability.ObservabilityContextCustomizerFactory$DisableObservabilityContextCustomizer@1f, org.springframework.boot.test.autoconfigure.filter.TypeExcludeFiltersContextCustomizer@e3bb062, org.springframework.boot.test.autoconfigure.properties.PropertyMappingContextCustomizer@e3d03452, org.springframework.boot.test.autoconfigure.web.servlet.WebDriverContextCustomizer@26f7cdf8, org.springframework.boot.test.context.SpringBootTestAnnotation@a4ecdcea], resourceBasePath = "src/main/webapp", contextLoader = org.springframework.boot.test.context.SpringBootContextLoader, parent = null]
	at org.springframework.test.context.cache.DefaultCacheAwareContextLoaderDelegate.loadContext(DefaultCacheAwareContextLoaderDelegate.java:180)
	at org.springframework.test.context.support.DefaultTestContext.getApplicationContext(DefaultTestContext.java:130)
	at org.springframework.boot.test.mock.mockito.MockitoTestExecutionListener.postProcessFields(MockitoTestExecutionListener.java:122)
	at org.springframework.boot.test.mock.mockito.MockitoTestExecutionListener.injectFields(MockitoTestExecutionListener.java:106)
	at org.springframework.boot.test.mock.mockito.MockitoTestExecutionListener.prepareTestInstance(MockitoTestExecutionListener.java:63)
	at org.springframework.test.context.TestContextManager.prepareTestInstance(TestContextManager.java:260)
	at org.springframework.test.context.testng.AbstractTestNGSpringContextTests.springTestContextPrepareTestInstance(AbstractTestNGSpringContextTests.java:119)
	at java.base/jdk.internal.reflect.DirectMethodHandleAccessor.invoke(DirectMethodHandleAccessor.java:103)
	at java.base/java.lang.reflect.Method.invoke(Method.java:580)
	at org.testng.internal.MethodInvocationHelper.invokeMethod(MethodInvocationHelper.java:134)
	at org.testng.internal.MethodInvocationHelper.invokeMethodConsideringTimeout(MethodInvocationHelper.java:63)
	at org.testng.internal.ConfigInvoker.invokeConfigurationMethod(ConfigInvoker.java:348)
	at org.testng.internal.ConfigInvoker.invokeConfigurations(ConfigInvoker.java:302)
	at org.testng.internal.TestMethodWorker.invokeBeforeClassMethods(TestMethodWorker.java:176)
	at org.testng.internal.TestMethodWorker.run(TestMethodWorker.java:122)
	at java.base/java.util.ArrayList.forEach(ArrayList.java:1596)
	at org.testng.TestRunner.privateRun(TestRunner.java:766)
	at org.testng.TestRunner.run(TestRunner.java:587)
	at org.testng.SuiteRunner.runTest(SuiteRunner.java:384)
	at org.testng.SuiteRunner.runSequentially(SuiteRunner.java:378)
	at org.testng.SuiteRunner.privateRun(SuiteRunner.java:337)
	at org.testng.SuiteRunner.run(SuiteRunner.java:286)
	at org.testng.SuiteRunnerWorker.runSuite(SuiteRunnerWorker.java:53)
	at org.testng.SuiteRunnerWorker.run(SuiteRunnerWorker.java:96)
	at org.testng.TestNG.runSuitesSequentially(TestNG.java:1187)
	at org.testng.TestNG.runSuitesLocally(TestNG.java:1109)
	at org.testng.TestNG.runSuites(TestNG.java:1039)
	at org.testng.TestNG.run(TestNG.java:1007)
	at com.intellij.rt.testng.IDEARemoteTestNG.run(IDEARemoteTestNG.java:65)
	at com.intellij.rt.testng.RemoteTestNGStarter.main(RemoteTestNGStarter.java:105)
Caused by: org.springframework.beans.factory.UnsatisfiedDependencyException: Error creating bean with name 'customRouteLocator' defined in class path resource [com/bgpay/bgai/config/GatewayRouteConfig.class]: Unsatisfied dependency expressed through method 'customRouteLocator' parameter 0: No qualifying bean of type 'org.springframework.cloud.gateway.route.builder.RouteLocatorBuilder' available: expected at least 1 bean which qualifies as autowire candidate. Dependency annotations: {}
	at org.springframework.beans.factory.support.ConstructorResolver.createArgumentArray(ConstructorResolver.java:795)
	at org.springframework.beans.factory.support.ConstructorResolver.instantiateUsingFactoryMethod(ConstructorResolver.java:542)
	at org.springframework.beans.factory.support.AbstractAutowireCapableBeanFactory.instantiateUsingFactoryMethod(AbstractAutowireCapableBeanFactory.java:1335)
	at org.springframework.beans.factory.support.AbstractAutowireCapableBeanFactory.createBeanInstance(AbstractAutowireCapableBeanFactory.java:1165)
	at org.springframework.beans.factory.support.AbstractAutowireCapableBeanFactory.doCreateBean(AbstractAutowireCapableBeanFactory.java:562)
	at org.springframework.beans.factory.support.AbstractAutowireCapableBeanFactory.createBean(AbstractAutowireCapableBeanFactory.java:522)
	at org.springframework.beans.factory.support.AbstractBeanFactory.lambda$doGetBean$0(AbstractBeanFactory.java:326)
	at org.springframework.beans.factory.support.DefaultSingletonBeanRegistry.getSingleton(DefaultSingletonBeanRegistry.java:234)
	at org.springframework.beans.factory.support.AbstractBeanFactory.doGetBean(AbstractBeanFactory.java:324)
	at org.springframework.beans.factory.support.AbstractBeanFactory.getBean(AbstractBeanFactory.java:200)
	at org.springframework.beans.factory.support.DefaultListableBeanFactory.preInstantiateSingletons(DefaultListableBeanFactory.java:975)
	at org.springframework.context.support.AbstractApplicationContext.finishBeanFactoryInitialization(AbstractApplicationContext.java:962)
	at org.springframework.context.support.AbstractApplicationContext.refresh(AbstractApplicationContext.java:624)
	at org.springframework.boot.SpringApplication.refresh(SpringApplication.java:754)
	at org.springframework.boot.SpringApplication.refreshContext(SpringApplication.java:456)
	at org.springframework.boot.SpringApplication.run(SpringApplication.java:334)
	at org.springframework.boot.test.context.SpringBootContextLoader.lambda$loadContext$3(SpringBootContextLoader.java:137)
	at org.springframework.util.function.ThrowingSupplier.get(ThrowingSupplier.java:58)
	at org.springframework.util.function.ThrowingSupplier.get(ThrowingSupplier.java:46)
	at org.springframework.boot.SpringApplication.withHook(SpringApplication.java:1454)
	at org.springframework.boot.test.context.SpringBootContextLoader$ContextLoaderHook.run(SpringBootContextLoader.java:553)
	at org.springframework.boot.test.context.SpringBootContextLoader.loadContext(SpringBootContextLoader.java:137)
	at org.springframework.boot.test.context.SpringBootContextLoader.loadContext(SpringBootContextLoader.java:108)
	at org.springframework.test.context.cache.DefaultCacheAwareContextLoaderDelegate.loadContextInternal(DefaultCacheAwareContextLoaderDelegate.java:225)
	at org.springframework.test.context.cache.DefaultCacheAwareContextLoaderDelegate.loadContext(DefaultCacheAwareContextLoaderDelegate.java:152)
	... 29 common frames omitted
Caused by: org.springframework.beans.factory.NoSuchBeanDefinitionException: No qualifying bean of type 'org.springframework.cloud.gateway.route.builder.RouteLocatorBuilder' available: expected at least 1 bean which qualifies as autowire candidate. Dependency annotations: {}
	at org.springframework.beans.factory.support.DefaultListableBeanFactory.raiseNoMatchingBeanFound(DefaultListableBeanFactory.java:1880)
	at org.springframework.beans.factory.support.DefaultListableBeanFactory.doResolveDependency(DefaultListableBeanFactory.java:1406)
	at org.springframework.beans.factory.support.DefaultListableBeanFactory.resolveDependency(DefaultListableBeanFactory.java:1353)
	at org.springframework.beans.factory.support.ConstructorResolver.resolveAutowiredArgument(ConstructorResolver.java:904)
	at org.springframework.beans.factory.support.ConstructorResolver.createArgumentArray(ConstructorResolver.java:782)
	... 53 common frames omitted
2025-07-10 11:26:51.225 [main] [traceId:] [userId:] INFO  com.bgpay.bgai.base.YamlDataProvider - 从YAML文件加载测试数据: src/test/resources/test-data/YamlDataDrivenApiTest/testLogin.yml
2025-07-10 11:26:51.226 [main] [traceId:] [userId:] WARN  com.bgpay.bgai.base.YamlDataProvider - YAML文件不存在: src/test/resources/test-data/YamlDataDrivenApiTest/testLogin.yml
2025-07-10 11:26:51.236 [main] [traceId:] [userId:] DEBUG o.s.t.c.s.DirtiesContextTestExecutionListener - After test class: class [YamlDataDrivenApiTest], class annotated with @DirtiesContext [false] with mode [null]
2025-07-10 11:26:51.254 [Thread-9] [traceId:] [userId:] WARN  com.alibaba.nacos.common.notify.NotifyCenter - [NotifyCenter] Start destroying Publisher
2025-07-10 11:26:51.254 [Thread-2] [traceId:] [userId:] WARN  c.alibaba.nacos.common.http.HttpClientBeanHolder - [HttpClientBeanHolder] Start destroying common HttpClient
2025-07-10 11:26:51.255 [Thread-9] [traceId:] [userId:] WARN  com.alibaba.nacos.common.notify.NotifyCenter - [NotifyCenter] Destruction of the end
2025-07-10 11:30:57.556 [main] [traceId:] [userId:] WARN  com.alibaba.nacos.client.logging.NacosLogging - Load Logback Configuration of Nacos fail, message: Could not initialize Logback Nacos logging from classpath:nacos-logback.xml
2025-07-10 11:30:57.631 [main] [traceId:] [userId:] WARN  com.alibaba.nacos.client.logging.NacosLogging - Load Logback Configuration of Nacos fail, message: Could not initialize Logback Nacos logging from classpath:nacos-logback.xml
2025-07-10 11:30:57.829 [main] [traceId:] [userId:] WARN  com.alibaba.nacos.client.logging.NacosLogging - Load Logback Configuration of Nacos fail, message: Could not initialize Logback Nacos logging from classpath:nacos-logback.xml
2025-07-10 11:30:57.831 [main] [traceId:] [userId:] INFO  com.alibaba.nacos.client.utils.ParamUtil - [settings] [req-serv] nacos-server port:8848
2025-07-10 11:30:57.831 [main] [traceId:] [userId:] INFO  com.alibaba.nacos.client.utils.ParamUtil - [settings] [http-client] connect timeout:1000
2025-07-10 11:30:57.832 [main] [traceId:] [userId:] INFO  com.alibaba.nacos.client.utils.ParamUtil - PER_TASK_CONFIG_SIZE: 3000.0
2025-07-10 11:30:57.863 [main] [traceId:] [userId:] INFO  c.a.n.p.auth.spi.client.ClientAuthPluginManager - [ClientAuthPluginManager] Load ClientAuthService com.alibaba.nacos.client.auth.impl.NacosClientAuthServiceImpl success.
2025-07-10 11:30:57.863 [main] [traceId:] [userId:] INFO  c.a.n.p.auth.spi.client.ClientAuthPluginManager - [ClientAuthPluginManager] Load ClientAuthService com.alibaba.nacos.client.auth.ram.RamClientAuthServiceImpl success.
2025-07-10 11:30:57.867 [main] [traceId:] [userId:] INFO  c.a.n.client.auth.ram.identify.CredentialWatcher - null No credential found
2025-07-10 11:30:58.020 [main] [traceId:] [userId:] WARN  com.alibaba.nacos.client.logging.NacosLogging - Load Logback Configuration of Nacos fail, message: Could not initialize Logback Nacos logging from classpath:nacos-logback.xml
2025-07-10 11:30:58.893 [main] [traceId:] [userId:] WARN  c.a.cloud.nacos.client.NacosPropertySourceBuilder - Ignore the empty nacos configuration and get it based on dataId[common-dev.yaml] & group[DEFAULT_GROUP]
2025-07-10 11:30:58.905 [main] [traceId:] [userId:] WARN  c.a.cloud.nacos.client.NacosPropertySourceBuilder - Ignore the empty nacos configuration and get it based on dataId[bgtech-ai] & group[DEFAULT_GROUP]
2025-07-10 11:30:58.915 [main] [traceId:] [userId:] WARN  c.a.cloud.nacos.client.NacosPropertySourceBuilder - Ignore the empty nacos configuration and get it based on dataId[bgtech-ai.yaml] & group[DEFAULT_GROUP]
2025-07-10 11:30:58.926 [main] [traceId:] [userId:] WARN  c.a.cloud.nacos.client.NacosPropertySourceBuilder - Ignore the empty nacos configuration and get it based on dataId[bgtech-ai-test.yaml] & group[DEFAULT_GROUP]
2025-07-10 11:30:58.927 [main] [traceId:] [userId:] INFO  o.s.c.b.c.PropertySourceBootstrapConfiguration - Located property source: [BootstrapPropertySource {name='bootstrapProperties-bgtech-ai-test.yaml,DEFAULT_GROUP'}, BootstrapPropertySource {name='bootstrapProperties-bgtech-ai.yaml,DEFAULT_GROUP'}, BootstrapPropertySource {name='bootstrapProperties-bgtech-ai,DEFAULT_GROUP'}, BootstrapPropertySource {name='bootstrapProperties-common-dev.yaml,DEFAULT_GROUP'}]
2025-07-10 11:30:58.961 [main] [traceId:] [userId:] WARN  o.s.b.t.j.DuplicateJsonObjectContextCustomizerFactory$DuplicateJsonObjectContextCustomizer - 

Found multiple occurrences of org.json.JSONObject on the class path:

	jar:file:/C:/Users/Administrator/.m2/repository/com/vaadin/external/google/android-json/0.0.20131108.vaadin1/android-json-0.0.20131108.vaadin1.jar!/org/json/JSONObject.class
	jar:file:/C:/Users/Administrator/.m2/repository/org/json/json/20220320/json-20220320.jar!/org/json/JSONObject.class

You may wish to exclude one of them to ensure predictable runtime behavior

2025-07-10 11:30:58.965 [main] [traceId:] [userId:] WARN  com.alibaba.nacos.client.logging.NacosLogging - Load Logback Configuration of Nacos fail, message: Could not initialize Logback Nacos logging from classpath:nacos-logback.xml
2025-07-10 11:30:58.966 [main] [traceId:] [userId:] INFO  com.bgpay.bgai.controller.YamlDataDrivenApiTest - The following 2 profiles are active: "dev", "test"
2025-07-10 11:31:00.935 [main] [traceId:] [userId:] WARN  org.mybatis.spring.mapper.ClassPathMapperScanner - Skipping MapperFactoryBean with name 'fileTypeMapper' and 'com.bgpay.bgai.mapper.FileTypeMapper' mapperInterface. Bean already defined with the same name!
2025-07-10 11:31:00.935 [main] [traceId:] [userId:] WARN  org.mybatis.spring.mapper.ClassPathMapperScanner - Skipping MapperFactoryBean with name 'usageRecordMapper' and 'com.bgpay.bgai.mapper.UsageRecordMapper' mapperInterface. Bean already defined with the same name!
2025-07-10 11:31:03.672 [main] [traceId:] [userId:] INFO  com.bgpay.bgai.config.SeataDisableConfiguration - SeataDisableConfiguration已加载，Seata在测试环境中被禁用
2025-07-10 11:31:03.672 [main] [traceId:] [userId:] INFO  com.bgpay.bgai.config.SeataDisableConfiguration - 设置系统属性: seata.enabled=false, saga.enabled=false
2025-07-10 11:31:03.774 [main] [traceId:] [userId:] INFO  c.bgpay.bgai.config.NacosRouteDefinitionRepository - 初始化Nacos路由定义存储库
2025-07-10 11:31:03.925 [main] [traceId:] [userId:] WARN  c.bgpay.bgai.config.NacosRouteDefinitionRepository - Nacos中未找到路由定义配置
2025-07-10 11:31:03.941 [main] [traceId:] [userId:] INFO  c.bgpay.bgai.service.impl.DynamicRouteServiceImpl - 初始化动态路由服务
2025-07-10 11:31:04.144 [main] [traceId:] [userId:] WARN  c.bgpay.bgai.service.impl.DynamicRouteServiceImpl - Nacos中没有找到路由配置，使用默认配置
2025-07-10 11:31:04.145 [main] [traceId:] [userId:] INFO  c.bgpay.bgai.service.impl.DynamicRouteServiceImpl - 注册Nacos配置监听器成功
2025-07-10 11:31:04.151 [main] [traceId:] [userId:] INFO  com.bgpay.bgai.config.NacosRouteConfigListener - 初始化Nacos路由配置监听器
2025-07-10 11:31:04.325 [main] [traceId:] [userId:] WARN  com.bgpay.bgai.config.NacosRouteConfigListener - Nacos中未找到路由配置数据
2025-07-10 11:31:04.831 [main] [traceId:] [userId:] INFO  com.bgpay.bgai.controller.FeignDemoController - FeignDemoController initialized with UserServiceClient and LocalUserServiceClient
2025-07-10 11:31:05.934 [main] [traceId:] [userId:] INFO  io.seata.config.ConfigurationFactory - load Configuration from :Spring Configuration
2025-07-10 11:31:05.946 [main] [traceId:] [userId:] INFO  io.seata.config.ConfigurationFactory - load Configuration from :Spring Configuration
2025-07-10 11:31:05.955 [main] [traceId:] [userId:] INFO  io.seata.rm.datasource.AsyncWorker - Async Commit Buffer Limit: 10000
2025-07-10 11:31:05.961 [main] [traceId:] [userId:] INFO  io.seata.rm.datasource.xa.ResourceManagerXA - ResourceManagerXA init ...
2025-07-10 11:31:06.702 [main] [traceId:] [userId:] INFO  com.bgpay.bgai.seata.SagaStateMachineConfig - 加载到2个Saga状态机定义文件
2025-07-10 11:31:06.872 [main] [traceId:] [userId:] INFO  com.bgpay.bgai.saga.CustomSagaJsonParser - 开始解析状态机定义: bgai-saga-transaction
2025-07-10 11:31:06.872 [main] [traceId:] [userId:] INFO  com.bgpay.bgai.saga.CustomSagaJsonParser - 状态机 [bgai-saga-transaction] 原始版本: 0.0.5, 动态生成的新版本: 250710.113106.8011
2025-07-10 11:31:06.873 [main] [traceId:] [userId:] INFO  com.bgpay.bgai.saga.CustomSagaJsonParser - 状态机定义解析成功: bgai-saga-transaction, 已更新版本号: 250710.113106.8011
2025-07-10 11:31:06.873 [main] [traceId:] [userId:] INFO  com.bgpay.bgai.seata.SagaStateMachineConfig - 成功加载状态机定义: /E:/project/bgai/target/classes/statelang/bgai-saga-transaction.json
2025-07-10 11:31:06.877 [main] [traceId:] [userId:] INFO  com.bgpay.bgai.saga.CustomSagaJsonParser - 开始解析状态机定义: ChatCompletionSaga
2025-07-10 11:31:06.877 [main] [traceId:] [userId:] INFO  com.bgpay.bgai.saga.CustomSagaJsonParser - 状态机 [ChatCompletionSaga] 原始版本: 0.0.5, 动态生成的新版本: 250710.113106.dcbf
2025-07-10 11:31:06.877 [main] [traceId:] [userId:] INFO  com.bgpay.bgai.saga.CustomSagaJsonParser - 状态机定义解析成功: ChatCompletionSaga, 已更新版本号: 250710.113106.dcbf
2025-07-10 11:31:06.877 [main] [traceId:] [userId:] INFO  com.bgpay.bgai.seata.SagaStateMachineConfig - 成功加载状态机定义: /E:/project/bgai/target/classes/statelang/chat_completion_saga.json
2025-07-10 11:31:06.877 [main] [traceId:] [userId:] INFO  com.bgpay.bgai.seata.SagaStateMachineConfig - 已设置saga.state-machine.auto-register=false，防止状态机重复注册
2025-07-10 11:31:07.041 [main] [traceId:] [userId:] INFO  com.bgpay.bgai.config.RestTemplateConfig - Creating RestTemplate bean using SimpleClientHttpRequestFactory
2025-07-10 11:31:07.086 [main] [traceId:] [userId:] INFO  com.bgpay.bgai.seata.SeataTransactionListener - Seata事务监听器初始化
2025-07-10 11:31:07.087 [main] [traceId:] [userId:] INFO  com.bgpay.bgai.seata.SeataTransactionListener - 已设置seata.saga.state-machine.auto-register=false，防止状态机重复注册
2025-07-10 11:31:09.346 [main] [traceId:] [userId:] INFO  com.bgpay.bgai.service.mq.RocketMQProducerService - Initializing RocketMQProducerService with producer group: test-group, nameServer: 8.133.246.113:9876
2025-07-10 11:31:09.353 [main] [traceId:] [userId:] INFO  com.bgpay.bgai.service.mq.RocketMQProducerService - RocketMQ producer started successfully
2025-07-10 11:31:09.751 [main] [traceId:] [userId:] INFO  com.bgpay.bgai.service.deepseek.ConfigLoader - 配置文件 deepseek-config.properties 加载成功
2025-07-10 11:31:11.059 [main] [traceId:] [userId:] INFO  com.bgpay.bgai.controller.AuthController - 初始化认证控制器: clientId=bgai-client-id, 配置的端口=8688
2025-07-10 11:31:11.060 [main] [traceId:] [userId:] INFO  com.bgpay.bgai.controller.AuthController - 根据实际端口生成redirectUri: http://localhost:8688/api/auth/callback
2025-07-10 11:31:11.060 [main] [traceId:] [userId:] INFO  com.bgpay.bgai.controller.AuthController - 认证控制器URL配置已更新: redirectUri=http://localhost:8688/api/auth/callback, 系统实际运行端口=8688
2025-07-10 11:31:11.147 [main] [traceId:] [userId:] WARN  o.s.w.context.support.GenericWebApplicationContext - Exception encountered during context initialization - cancelling refresh attempt: org.springframework.beans.factory.UnsatisfiedDependencyException: Error creating bean with name 'deepSeekServiceImp': Unsatisfied dependency expressed through field 'webClient': No qualifying bean of type 'org.springframework.web.reactive.function.client.WebClient' available: more than one 'primary' bean found among candidates: [webClient, loadBalancedWebClient]
2025-07-10 11:31:11.173 [main] [traceId:] [userId:] INFO  com.bgpay.bgai.service.mq.RocketMQProducerService - RocketMQ producer shutdown
2025-07-10 11:31:11.210 [main] [traceId:] [userId:] INFO  c.bgpay.bgai.service.impl.DynamicRouteServiceImpl - 动态路由服务关闭，执行清理操作
2025-07-10 11:31:11.215 [main] [traceId:] [userId:] INFO  o.s.b.a.logging.ConditionEvaluationReportLogger - 

Error starting ApplicationContext. To display the condition evaluation report re-run your application with 'debug' enabled.
2025-07-10 11:31:11.244 [main] [traceId:] [userId:] ERROR org.springframework.boot.SpringApplication - Application run failed
org.springframework.beans.factory.UnsatisfiedDependencyException: Error creating bean with name 'deepSeekServiceImp': Unsatisfied dependency expressed through field 'webClient': No qualifying bean of type 'org.springframework.web.reactive.function.client.WebClient' available: more than one 'primary' bean found among candidates: [webClient, loadBalancedWebClient]
	at org.springframework.beans.factory.annotation.AutowiredAnnotationBeanPostProcessor$AutowiredFieldElement.resolveFieldValue(AutowiredAnnotationBeanPostProcessor.java:787)
	at org.springframework.beans.factory.annotation.AutowiredAnnotationBeanPostProcessor$AutowiredFieldElement.inject(AutowiredAnnotationBeanPostProcessor.java:767)
	at org.springframework.beans.factory.annotation.InjectionMetadata.inject(InjectionMetadata.java:145)
	at org.springframework.beans.factory.annotation.AutowiredAnnotationBeanPostProcessor.postProcessProperties(AutowiredAnnotationBeanPostProcessor.java:508)
	at org.springframework.beans.factory.support.AbstractAutowireCapableBeanFactory.populateBean(AbstractAutowireCapableBeanFactory.java:1419)
	at org.springframework.beans.factory.support.AbstractAutowireCapableBeanFactory.doCreateBean(AbstractAutowireCapableBeanFactory.java:599)
	at org.springframework.beans.factory.support.AbstractAutowireCapableBeanFactory.createBean(AbstractAutowireCapableBeanFactory.java:522)
	at org.springframework.beans.factory.support.AbstractBeanFactory.lambda$doGetBean$0(AbstractBeanFactory.java:326)
	at org.springframework.beans.factory.support.DefaultSingletonBeanRegistry.getSingleton(DefaultSingletonBeanRegistry.java:234)
	at org.springframework.beans.factory.support.AbstractBeanFactory.doGetBean(AbstractBeanFactory.java:324)
	at org.springframework.beans.factory.support.AbstractBeanFactory.getBean(AbstractBeanFactory.java:200)
	at org.springframework.beans.factory.support.DefaultListableBeanFactory.preInstantiateSingletons(DefaultListableBeanFactory.java:975)
	at org.springframework.context.support.AbstractApplicationContext.finishBeanFactoryInitialization(AbstractApplicationContext.java:962)
	at org.springframework.context.support.AbstractApplicationContext.refresh(AbstractApplicationContext.java:624)
	at org.springframework.boot.SpringApplication.refresh(SpringApplication.java:754)
	at org.springframework.boot.SpringApplication.refreshContext(SpringApplication.java:456)
	at org.springframework.boot.SpringApplication.run(SpringApplication.java:334)
	at org.springframework.boot.test.context.SpringBootContextLoader.lambda$loadContext$3(SpringBootContextLoader.java:137)
	at org.springframework.util.function.ThrowingSupplier.get(ThrowingSupplier.java:58)
	at org.springframework.util.function.ThrowingSupplier.get(ThrowingSupplier.java:46)
	at org.springframework.boot.SpringApplication.withHook(SpringApplication.java:1454)
	at org.springframework.boot.test.context.SpringBootContextLoader$ContextLoaderHook.run(SpringBootContextLoader.java:553)
	at org.springframework.boot.test.context.SpringBootContextLoader.loadContext(SpringBootContextLoader.java:137)
	at org.springframework.boot.test.context.SpringBootContextLoader.loadContext(SpringBootContextLoader.java:108)
	at org.springframework.test.context.cache.DefaultCacheAwareContextLoaderDelegate.loadContextInternal(DefaultCacheAwareContextLoaderDelegate.java:225)
	at org.springframework.test.context.cache.DefaultCacheAwareContextLoaderDelegate.loadContext(DefaultCacheAwareContextLoaderDelegate.java:152)
	at org.springframework.test.context.support.DefaultTestContext.getApplicationContext(DefaultTestContext.java:130)
	at org.springframework.boot.test.mock.mockito.MockitoTestExecutionListener.postProcessFields(MockitoTestExecutionListener.java:122)
	at org.springframework.boot.test.mock.mockito.MockitoTestExecutionListener.injectFields(MockitoTestExecutionListener.java:106)
	at org.springframework.boot.test.mock.mockito.MockitoTestExecutionListener.prepareTestInstance(MockitoTestExecutionListener.java:63)
	at org.springframework.test.context.TestContextManager.prepareTestInstance(TestContextManager.java:260)
	at org.springframework.test.context.testng.AbstractTestNGSpringContextTests.springTestContextPrepareTestInstance(AbstractTestNGSpringContextTests.java:119)
	at java.base/jdk.internal.reflect.DirectMethodHandleAccessor.invoke(DirectMethodHandleAccessor.java:103)
	at java.base/java.lang.reflect.Method.invoke(Method.java:580)
	at org.testng.internal.MethodInvocationHelper.invokeMethod(MethodInvocationHelper.java:134)
	at org.testng.internal.MethodInvocationHelper.invokeMethodConsideringTimeout(MethodInvocationHelper.java:63)
	at org.testng.internal.ConfigInvoker.invokeConfigurationMethod(ConfigInvoker.java:348)
	at org.testng.internal.ConfigInvoker.invokeConfigurations(ConfigInvoker.java:302)
	at org.testng.internal.TestMethodWorker.invokeBeforeClassMethods(TestMethodWorker.java:176)
	at org.testng.internal.TestMethodWorker.run(TestMethodWorker.java:122)
	at java.base/java.util.ArrayList.forEach(ArrayList.java:1596)
	at org.testng.TestRunner.privateRun(TestRunner.java:766)
	at org.testng.TestRunner.run(TestRunner.java:587)
	at org.testng.SuiteRunner.runTest(SuiteRunner.java:384)
	at org.testng.SuiteRunner.runSequentially(SuiteRunner.java:378)
	at org.testng.SuiteRunner.privateRun(SuiteRunner.java:337)
	at org.testng.SuiteRunner.run(SuiteRunner.java:286)
	at org.testng.SuiteRunnerWorker.runSuite(SuiteRunnerWorker.java:53)
	at org.testng.SuiteRunnerWorker.run(SuiteRunnerWorker.java:96)
	at org.testng.TestNG.runSuitesSequentially(TestNG.java:1187)
	at org.testng.TestNG.runSuitesLocally(TestNG.java:1109)
	at org.testng.TestNG.runSuites(TestNG.java:1039)
	at org.testng.TestNG.run(TestNG.java:1007)
	at com.intellij.rt.testng.IDEARemoteTestNG.run(IDEARemoteTestNG.java:65)
	at com.intellij.rt.testng.RemoteTestNGStarter.main(RemoteTestNGStarter.java:105)
Caused by: org.springframework.beans.factory.NoUniqueBeanDefinitionException: No qualifying bean of type 'org.springframework.web.reactive.function.client.WebClient' available: more than one 'primary' bean found among candidates: [webClient, loadBalancedWebClient]
	at org.springframework.beans.factory.support.DefaultListableBeanFactory.determinePrimaryCandidate(DefaultListableBeanFactory.java:1755)
	at org.springframework.beans.factory.support.DefaultListableBeanFactory.determineAutowireCandidate(DefaultListableBeanFactory.java:1715)
	at org.springframework.beans.factory.support.DefaultListableBeanFactory.doResolveDependency(DefaultListableBeanFactory.java:1416)
	at org.springframework.beans.factory.support.DefaultListableBeanFactory.resolveDependency(DefaultListableBeanFactory.java:1353)
	at org.springframework.beans.factory.annotation.AutowiredAnnotationBeanPostProcessor$AutowiredFieldElement.resolveFieldValue(AutowiredAnnotationBeanPostProcessor.java:784)
	... 54 common frames omitted
2025-07-10 11:31:11.264 [main] [traceId:] [userId:] DEBUG org.springframework.test.context.cache - Spring test ApplicationContext cache statistics: [DefaultContextCache@50f771c6 size = 0, maxSize = 32, parentContextCount = 0, hitCount = 0, missCount = 1, failureCount = 1]
2025-07-10 11:31:11.264 [main] [traceId:] [userId:] WARN  o.springframework.test.context.TestContextManager - Caught exception while allowing TestExecutionListener [org.springframework.boot.test.mock.mockito.MockitoTestExecutionListener] to prepare test instance [com.bgpay.bgai.controller.YamlDataDrivenApiTest@381d7219]
java.lang.IllegalStateException: Failed to load ApplicationContext for [WebMergedContextConfiguration@15407521 testClass = com.bgpay.bgai.controller.YamlDataDrivenApiTest, locations = [], classes = [com.bgpay.bgai.BgaiApplication], contextInitializerClasses = [], activeProfiles = ["test"], propertySourceDescriptors = [PropertySourceDescriptor[locations=[], ignoreResourceNotFound=false, name=null, propertySourceFactory=null, encoding=null]], propertySourceProperties = ["spring.main.allow-bean-definition-overriding=true", "seata.enabled=false", "saga.enabled=false", "seata.saga.state-machine.auto-register=false", "spring.cloud.loadbalancer.enabled=false", "spring.cloud.discovery.enabled=false", "spring.cloud.config.enabled=false", "spring.cloud.consul.enabled=false", "spring.cloud.gateway.enabled=false", "spring.cloud.circuitbreaker.enabled=false", "spring.main.web-application-type=servlet", "spring.validation.is-method-validation-bean-post-processor-enabled=false", "rocketmq.messageConsumer.enabled=false", "rocketmq.producer.enable=false", "rocketmq.name-server=8.133.246.113:9876", "rocketmq.producer.group=test-group", "spring.data.elasticsearch.repositories.enabled=false", "spring.elasticsearch.enabled=false", "spring.webflux.base-path=/api", "spring.autoconfigure.exclude=org.springframework.boot.autoconfigure.web.reactive.function.client.WebClientAutoConfiguration", "org.springframework.boot.test.autoconfigure.web.servlet.WebMvcTestContextBootstrapper=true"], contextCustomizers = [[ImportsContextCustomizer@2319092a key = [@org.springframework.boot.test.autoconfigure.web.servlet.AutoConfigureWebMvc(), @org.springframework.test.context.BootstrapWith(value=org.springframework.boot.test.autoconfigure.web.servlet.WebMvcTestContextBootstrapper.class), @org.springframework.boot.test.autoconfigure.properties.PropertyMapping(skip=NO, value="spring.test.mockmvc"), @org.springframework.test.context.ActiveProfiles(inheritProfiles=true, profiles={"test"}, resolver=org.springframework.test.context.ActiveProfilesResolver.class, value={"test"}), @org.springframework.boot.autoconfigure.ImportAutoConfiguration(classes={}, exclude={org.springframework.boot.autoconfigure.security.servlet.SecurityAutoConfiguration.class, org.springframework.boot.autoconfigure.validation.ValidationAutoConfiguration.class, org.apache.rocketmq.spring.autoconfigure.RocketMQAutoConfiguration.class, org.apache.rocketmq.spring.autoconfigure.ListenerContainerConfiguration.class, org.apache.rocketmq.spring.autoconfigure.RocketMQTransactionConfiguration.class, org.apache.rocketmq.spring.autoconfigure.ExtConsumerResetConfiguration.class, org.springframework.boot.autoconfigure.data.elasticsearch.ElasticsearchDataAutoConfiguration.class, org.springframework.boot.autoconfigure.data.elasticsearch.ElasticsearchRepositoriesAutoConfiguration.class, org.springframework.boot.autoconfigure.data.elasticsearch.ReactiveElasticsearchRepositoriesAutoConfiguration.class}, value={}), @org.springframework.boot.test.autoconfigure.web.servlet.AutoConfigureMockMvc(webDriverEnabled=true, print=DEFAULT, webClientEnabled=true, addFilters=true, printOnlyOnFailure=true), @org.apiguardian.api.API(consumers={"*"}, since="5.0", status=STABLE), @io.qameta.allure.LabelAnnotation(name="feature", value="$$$$$$$$__value__$$$$$$$$"), @org.springframework.context.annotation.Import({com.bgpay.bgai.config.WebClientCircularDependencyResolver.class, com.bgpay.bgai.config.WebClientConfigExcluder.class, com.bgpay.bgai.config.GatewayRouteMockConfig.class, com.bgpay.bgai.config.GatewayRouteConfigMock.class, com.bgpay.bgai.config.UnifiedEnvironmentConfig.class, com.bgpay.bgai.config.MockMvcTestConfig.class, com.bgpay.bgai.config.WebMvcAutoConfigurationDisabler.class, com.bgpay.bgai.config.WebClientTestConfig.class, com.bgpay.bgai.config.WebClientBuilderUnifier.class, com.bgpay.bgai.config.WebClientTestOverrideConfig.class, com.bgpay.bgai.config.WebClientAutoConfigurationExcluder.class, com.bgpay.bgai.config.ExcludeMainWebClientConfig.class, com.bgpay.bgai.config.WebClientBeanExclusionConfig.class, com.bgpay.bgai.config.DeepSeekWebClientMockConfig.class, com.bgpay.bgai.config.WebClientConfigMock.class, com.bgpay.bgai.config.WebClientConfigOverrideConfig.class, com.bgpay.bgai.config.ReactiveWebMockConfig.class, com.bgpay.bgai.config.TestPropertySourceConfig.class, com.bgpay.bgai.config.EnhancedChatControllerMockConfig.class, com.bgpay.bgai.config.ChatWebFilterMockConfig.class, com.bgpay.bgai.config.ChatRecordRepositoryMockConfig.class, com.bgpay.bgai.config.ElasticsearchMockConfig.class, com.bgpay.bgai.config.ElasticsearchAutoConfigurationDisabler.class, com.bgpay.bgai.config.RocketMQMockConfig.class, com.bgpay.bgai.config.DataSourceAutoConfigurationDisabler.class, com.bgpay.bgai.config.FileTypeServiceMockConfig.class, com.bgpay.bgai.config.CacheWarmerMockConfig.class, com.bgpay.bgai.config.RedisAutoConfigurationDisabler.class, com.bgpay.bgai.config.FeignAutoConfigurationDisabler.class, com.bgpay.bgai.config.RedisTemplateQualifierConfig.class}), @io.qameta.allure.Feature("API\u6d4b\u8bd5"), @org.springframework.boot.test.autoconfigure.core.AutoConfigureCache(cacheProvider=NONE), @org.springframework.boot.autoconfigure.ImportAutoConfiguration(classes={}, exclude={}, value={}), @org.springframework.context.annotation.Import(value={org.springframework.boot.autoconfigure.ImportAutoConfigurationImportSelector.class}), @org.springframework.boot.test.autoconfigure.web.servlet.WebMvcTest(controllers={com.bgpay.bgai.controller.AuthController.class, com.bgpay.bgai.controller.ServiceDiscoveryExampleController.class, com.bgpay.bgai.controller.FeignDemoController.class}, excludeAutoConfiguration={org.springframework.boot.autoconfigure.security.servlet.SecurityAutoConfiguration.class, org.springframework.boot.autoconfigure.validation.ValidationAutoConfiguration.class, org.apache.rocketmq.spring.autoconfigure.RocketMQAutoConfiguration.class, org.apache.rocketmq.spring.autoconfigure.ListenerContainerConfiguration.class, org.apache.rocketmq.spring.autoconfigure.RocketMQTransactionConfiguration.class, org.apache.rocketmq.spring.autoconfigure.ExtConsumerResetConfiguration.class, org.springframework.boot.autoconfigure.data.elasticsearch.ElasticsearchDataAutoConfiguration.class, org.springframework.boot.autoconfigure.data.elasticsearch.ElasticsearchRepositoriesAutoConfiguration.class, org.springframework.boot.autoconfigure.data.elasticsearch.ReactiveElasticsearchRepositoriesAutoConfiguration.class}, excludeFilters={}, includeFilters={}, properties={}, useDefaultFilters=true, value={com.bgpay.bgai.controller.AuthController.class, com.bgpay.bgai.controller.ServiceDiscoveryExampleController.class, com.bgpay.bgai.controller.FeignDemoController.class}), @org.springframework.boot.test.autoconfigure.OverrideAutoConfiguration(enabled=false), @org.springframework.test.context.TestPropertySource(encoding="", factory=org.springframework.core.io.support.PropertySourceFactory.class, inheritLocations=true, inheritProperties=true, locations={}, properties={"spring.main.allow-bean-definition-overriding=true", "seata.enabled=false", "saga.enabled=false", "seata.saga.state-machine.auto-register=false", "spring.cloud.loadbalancer.enabled=false", "spring.cloud.discovery.enabled=false", "spring.cloud.config.enabled=false", "spring.cloud.consul.enabled=false", "spring.cloud.gateway.enabled=false", "spring.cloud.circuitbreaker.enabled=false", "spring.main.web-application-type=servlet", "spring.validation.is-method-validation-bean-post-processor-enabled=false", "rocketmq.messageConsumer.enabled=false", "rocketmq.producer.enable=false", "rocketmq.name-server=8.133.246.113:9876", "rocketmq.producer.group=test-group", "spring.data.elasticsearch.repositories.enabled=false", "spring.elasticsearch.enabled=false", "spring.webflux.base-path=/api", "spring.autoconfigure.exclude=org.springframework.boot.autoconfigure.web.reactive.function.client.WebClientAutoConfiguration"}, value={}), @org.springframework.boot.test.autoconfigure.filter.TypeExcludeFilters(value={org.springframework.boot.test.autoconfigure.web.servlet.WebMvcTypeExcludeFilter.class})]], org.springframework.boot.test.context.filter.ExcludeFilterContextCustomizer@597f48df, org.springframework.boot.test.json.DuplicateJsonObjectContextCustomizerFactory$DuplicateJsonObjectContextCustomizer@7bbbb6a8, org.springframework.boot.test.mock.mockito.MockitoContextCustomizer@8f467c48, org.springframework.boot.test.autoconfigure.OverrideAutoConfigurationContextCustomizerFactory$DisableAutoConfigurationContextCustomizer@460510aa, org.springframework.boot.test.autoconfigure.actuate.observability.ObservabilityContextCustomizerFactory$DisableObservabilityContextCustomizer@1f, org.springframework.boot.test.autoconfigure.filter.TypeExcludeFiltersContextCustomizer@586e72aa, org.springframework.boot.test.autoconfigure.properties.PropertyMappingContextCustomizer@8225c08, org.springframework.boot.test.autoconfigure.web.servlet.WebDriverContextCustomizer@3cae7b8b, org.springframework.boot.test.context.SpringBootTestAnnotation@3aaefda3], resourceBasePath = "src/main/webapp", contextLoader = org.springframework.boot.test.context.SpringBootContextLoader, parent = null]
	at org.springframework.test.context.cache.DefaultCacheAwareContextLoaderDelegate.loadContext(DefaultCacheAwareContextLoaderDelegate.java:180)
	at org.springframework.test.context.support.DefaultTestContext.getApplicationContext(DefaultTestContext.java:130)
	at org.springframework.boot.test.mock.mockito.MockitoTestExecutionListener.postProcessFields(MockitoTestExecutionListener.java:122)
	at org.springframework.boot.test.mock.mockito.MockitoTestExecutionListener.injectFields(MockitoTestExecutionListener.java:106)
	at org.springframework.boot.test.mock.mockito.MockitoTestExecutionListener.prepareTestInstance(MockitoTestExecutionListener.java:63)
	at org.springframework.test.context.TestContextManager.prepareTestInstance(TestContextManager.java:260)
	at org.springframework.test.context.testng.AbstractTestNGSpringContextTests.springTestContextPrepareTestInstance(AbstractTestNGSpringContextTests.java:119)
	at java.base/jdk.internal.reflect.DirectMethodHandleAccessor.invoke(DirectMethodHandleAccessor.java:103)
	at java.base/java.lang.reflect.Method.invoke(Method.java:580)
	at org.testng.internal.MethodInvocationHelper.invokeMethod(MethodInvocationHelper.java:134)
	at org.testng.internal.MethodInvocationHelper.invokeMethodConsideringTimeout(MethodInvocationHelper.java:63)
	at org.testng.internal.ConfigInvoker.invokeConfigurationMethod(ConfigInvoker.java:348)
	at org.testng.internal.ConfigInvoker.invokeConfigurations(ConfigInvoker.java:302)
	at org.testng.internal.TestMethodWorker.invokeBeforeClassMethods(TestMethodWorker.java:176)
	at org.testng.internal.TestMethodWorker.run(TestMethodWorker.java:122)
	at java.base/java.util.ArrayList.forEach(ArrayList.java:1596)
	at org.testng.TestRunner.privateRun(TestRunner.java:766)
	at org.testng.TestRunner.run(TestRunner.java:587)
	at org.testng.SuiteRunner.runTest(SuiteRunner.java:384)
	at org.testng.SuiteRunner.runSequentially(SuiteRunner.java:378)
	at org.testng.SuiteRunner.privateRun(SuiteRunner.java:337)
	at org.testng.SuiteRunner.run(SuiteRunner.java:286)
	at org.testng.SuiteRunnerWorker.runSuite(SuiteRunnerWorker.java:53)
	at org.testng.SuiteRunnerWorker.run(SuiteRunnerWorker.java:96)
	at org.testng.TestNG.runSuitesSequentially(TestNG.java:1187)
	at org.testng.TestNG.runSuitesLocally(TestNG.java:1109)
	at org.testng.TestNG.runSuites(TestNG.java:1039)
	at org.testng.TestNG.run(TestNG.java:1007)
	at com.intellij.rt.testng.IDEARemoteTestNG.run(IDEARemoteTestNG.java:65)
	at com.intellij.rt.testng.RemoteTestNGStarter.main(RemoteTestNGStarter.java:105)
Caused by: org.springframework.beans.factory.UnsatisfiedDependencyException: Error creating bean with name 'deepSeekServiceImp': Unsatisfied dependency expressed through field 'webClient': No qualifying bean of type 'org.springframework.web.reactive.function.client.WebClient' available: more than one 'primary' bean found among candidates: [webClient, loadBalancedWebClient]
	at org.springframework.beans.factory.annotation.AutowiredAnnotationBeanPostProcessor$AutowiredFieldElement.resolveFieldValue(AutowiredAnnotationBeanPostProcessor.java:787)
	at org.springframework.beans.factory.annotation.AutowiredAnnotationBeanPostProcessor$AutowiredFieldElement.inject(AutowiredAnnotationBeanPostProcessor.java:767)
	at org.springframework.beans.factory.annotation.InjectionMetadata.inject(InjectionMetadata.java:145)
	at org.springframework.beans.factory.annotation.AutowiredAnnotationBeanPostProcessor.postProcessProperties(AutowiredAnnotationBeanPostProcessor.java:508)
	at org.springframework.beans.factory.support.AbstractAutowireCapableBeanFactory.populateBean(AbstractAutowireCapableBeanFactory.java:1419)
	at org.springframework.beans.factory.support.AbstractAutowireCapableBeanFactory.doCreateBean(AbstractAutowireCapableBeanFactory.java:599)
	at org.springframework.beans.factory.support.AbstractAutowireCapableBeanFactory.createBean(AbstractAutowireCapableBeanFactory.java:522)
	at org.springframework.beans.factory.support.AbstractBeanFactory.lambda$doGetBean$0(AbstractBeanFactory.java:326)
	at org.springframework.beans.factory.support.DefaultSingletonBeanRegistry.getSingleton(DefaultSingletonBeanRegistry.java:234)
	at org.springframework.beans.factory.support.AbstractBeanFactory.doGetBean(AbstractBeanFactory.java:324)
	at org.springframework.beans.factory.support.AbstractBeanFactory.getBean(AbstractBeanFactory.java:200)
	at org.springframework.beans.factory.support.DefaultListableBeanFactory.preInstantiateSingletons(DefaultListableBeanFactory.java:975)
	at org.springframework.context.support.AbstractApplicationContext.finishBeanFactoryInitialization(AbstractApplicationContext.java:962)
	at org.springframework.context.support.AbstractApplicationContext.refresh(AbstractApplicationContext.java:624)
	at org.springframework.boot.SpringApplication.refresh(SpringApplication.java:754)
	at org.springframework.boot.SpringApplication.refreshContext(SpringApplication.java:456)
	at org.springframework.boot.SpringApplication.run(SpringApplication.java:334)
	at org.springframework.boot.test.context.SpringBootContextLoader.lambda$loadContext$3(SpringBootContextLoader.java:137)
	at org.springframework.util.function.ThrowingSupplier.get(ThrowingSupplier.java:58)
	at org.springframework.util.function.ThrowingSupplier.get(ThrowingSupplier.java:46)
	at org.springframework.boot.SpringApplication.withHook(SpringApplication.java:1454)
	at org.springframework.boot.test.context.SpringBootContextLoader$ContextLoaderHook.run(SpringBootContextLoader.java:553)
	at org.springframework.boot.test.context.SpringBootContextLoader.loadContext(SpringBootContextLoader.java:137)
	at org.springframework.boot.test.context.SpringBootContextLoader.loadContext(SpringBootContextLoader.java:108)
	at org.springframework.test.context.cache.DefaultCacheAwareContextLoaderDelegate.loadContextInternal(DefaultCacheAwareContextLoaderDelegate.java:225)
	at org.springframework.test.context.cache.DefaultCacheAwareContextLoaderDelegate.loadContext(DefaultCacheAwareContextLoaderDelegate.java:152)
	... 29 common frames omitted
Caused by: org.springframework.beans.factory.NoUniqueBeanDefinitionException: No qualifying bean of type 'org.springframework.web.reactive.function.client.WebClient' available: more than one 'primary' bean found among candidates: [webClient, loadBalancedWebClient]
	at org.springframework.beans.factory.support.DefaultListableBeanFactory.determinePrimaryCandidate(DefaultListableBeanFactory.java:1755)
	at org.springframework.beans.factory.support.DefaultListableBeanFactory.determineAutowireCandidate(DefaultListableBeanFactory.java:1715)
	at org.springframework.beans.factory.support.DefaultListableBeanFactory.doResolveDependency(DefaultListableBeanFactory.java:1416)
	at org.springframework.beans.factory.support.DefaultListableBeanFactory.resolveDependency(DefaultListableBeanFactory.java:1353)
	at org.springframework.beans.factory.annotation.AutowiredAnnotationBeanPostProcessor$AutowiredFieldElement.resolveFieldValue(AutowiredAnnotationBeanPostProcessor.java:784)
	... 54 common frames omitted
2025-07-10 11:31:11.425 [main] [traceId:] [userId:] INFO  com.bgpay.bgai.base.YamlDataProvider - 从YAML文件加载测试数据: src/test/resources/test-data/YamlDataDrivenApiTest/testLogin.yml
2025-07-10 11:31:11.426 [main] [traceId:] [userId:] WARN  com.bgpay.bgai.base.YamlDataProvider - YAML文件不存在: src/test/resources/test-data/YamlDataDrivenApiTest/testLogin.yml
2025-07-10 11:31:11.434 [main] [traceId:] [userId:] DEBUG o.s.t.c.s.DirtiesContextTestExecutionListener - After test class: class [YamlDataDrivenApiTest], class annotated with @DirtiesContext [false] with mode [null]
2025-07-10 11:31:11.451 [Thread-9] [traceId:] [userId:] WARN  com.alibaba.nacos.common.notify.NotifyCenter - [NotifyCenter] Start destroying Publisher
2025-07-10 11:31:11.451 [Thread-2] [traceId:] [userId:] WARN  c.alibaba.nacos.common.http.HttpClientBeanHolder - [HttpClientBeanHolder] Start destroying common HttpClient
2025-07-10 11:31:11.451 [Thread-9] [traceId:] [userId:] WARN  com.alibaba.nacos.common.notify.NotifyCenter - [NotifyCenter] Destruction of the end
2025-07-10 11:35:30.033 [main] [traceId:] [userId:] WARN  com.alibaba.nacos.client.logging.NacosLogging - Load Logback Configuration of Nacos fail, message: Could not initialize Logback Nacos logging from classpath:nacos-logback.xml
2025-07-10 11:35:30.090 [main] [traceId:] [userId:] WARN  com.alibaba.nacos.client.logging.NacosLogging - Load Logback Configuration of Nacos fail, message: Could not initialize Logback Nacos logging from classpath:nacos-logback.xml
2025-07-10 11:35:30.291 [main] [traceId:] [userId:] WARN  com.alibaba.nacos.client.logging.NacosLogging - Load Logback Configuration of Nacos fail, message: Could not initialize Logback Nacos logging from classpath:nacos-logback.xml
2025-07-10 11:35:30.293 [main] [traceId:] [userId:] INFO  com.alibaba.nacos.client.utils.ParamUtil - [settings] [req-serv] nacos-server port:8848
2025-07-10 11:35:30.293 [main] [traceId:] [userId:] INFO  com.alibaba.nacos.client.utils.ParamUtil - [settings] [http-client] connect timeout:1000
2025-07-10 11:35:30.294 [main] [traceId:] [userId:] INFO  com.alibaba.nacos.client.utils.ParamUtil - PER_TASK_CONFIG_SIZE: 3000.0
2025-07-10 11:35:30.326 [main] [traceId:] [userId:] INFO  c.a.n.p.auth.spi.client.ClientAuthPluginManager - [ClientAuthPluginManager] Load ClientAuthService com.alibaba.nacos.client.auth.impl.NacosClientAuthServiceImpl success.
2025-07-10 11:35:30.327 [main] [traceId:] [userId:] INFO  c.a.n.p.auth.spi.client.ClientAuthPluginManager - [ClientAuthPluginManager] Load ClientAuthService com.alibaba.nacos.client.auth.ram.RamClientAuthServiceImpl success.
2025-07-10 11:35:30.331 [main] [traceId:] [userId:] INFO  c.a.n.client.auth.ram.identify.CredentialWatcher - null No credential found
2025-07-10 11:35:30.490 [main] [traceId:] [userId:] WARN  com.alibaba.nacos.client.logging.NacosLogging - Load Logback Configuration of Nacos fail, message: Could not initialize Logback Nacos logging from classpath:nacos-logback.xml
2025-07-10 11:35:31.438 [main] [traceId:] [userId:] WARN  c.a.cloud.nacos.client.NacosPropertySourceBuilder - Ignore the empty nacos configuration and get it based on dataId[common-dev.yaml] & group[DEFAULT_GROUP]
2025-07-10 11:35:31.449 [main] [traceId:] [userId:] WARN  c.a.cloud.nacos.client.NacosPropertySourceBuilder - Ignore the empty nacos configuration and get it based on dataId[bgtech-ai] & group[DEFAULT_GROUP]
2025-07-10 11:35:31.461 [main] [traceId:] [userId:] WARN  c.a.cloud.nacos.client.NacosPropertySourceBuilder - Ignore the empty nacos configuration and get it based on dataId[bgtech-ai.yaml] & group[DEFAULT_GROUP]
2025-07-10 11:35:31.470 [main] [traceId:] [userId:] WARN  c.a.cloud.nacos.client.NacosPropertySourceBuilder - Ignore the empty nacos configuration and get it based on dataId[bgtech-ai-test.yaml] & group[DEFAULT_GROUP]
2025-07-10 11:35:31.471 [main] [traceId:] [userId:] INFO  o.s.c.b.c.PropertySourceBootstrapConfiguration - Located property source: [BootstrapPropertySource {name='bootstrapProperties-bgtech-ai-test.yaml,DEFAULT_GROUP'}, BootstrapPropertySource {name='bootstrapProperties-bgtech-ai.yaml,DEFAULT_GROUP'}, BootstrapPropertySource {name='bootstrapProperties-bgtech-ai,DEFAULT_GROUP'}, BootstrapPropertySource {name='bootstrapProperties-common-dev.yaml,DEFAULT_GROUP'}]
2025-07-10 11:35:31.511 [main] [traceId:] [userId:] WARN  o.s.b.t.j.DuplicateJsonObjectContextCustomizerFactory$DuplicateJsonObjectContextCustomizer - 

Found multiple occurrences of org.json.JSONObject on the class path:

	jar:file:/C:/Users/Administrator/.m2/repository/com/vaadin/external/google/android-json/0.0.20131108.vaadin1/android-json-0.0.20131108.vaadin1.jar!/org/json/JSONObject.class
	jar:file:/C:/Users/Administrator/.m2/repository/org/json/json/20220320/json-20220320.jar!/org/json/JSONObject.class

You may wish to exclude one of them to ensure predictable runtime behavior

2025-07-10 11:35:31.516 [main] [traceId:] [userId:] WARN  com.alibaba.nacos.client.logging.NacosLogging - Load Logback Configuration of Nacos fail, message: Could not initialize Logback Nacos logging from classpath:nacos-logback.xml
2025-07-10 11:35:31.517 [main] [traceId:] [userId:] INFO  com.bgpay.bgai.controller.YamlDataDrivenApiTest - The following 2 profiles are active: "dev", "test"
2025-07-10 11:35:33.654 [main] [traceId:] [userId:] WARN  org.mybatis.spring.mapper.ClassPathMapperScanner - Skipping MapperFactoryBean with name 'fileTypeMapper' and 'com.bgpay.bgai.mapper.FileTypeMapper' mapperInterface. Bean already defined with the same name!
2025-07-10 11:35:33.655 [main] [traceId:] [userId:] WARN  org.mybatis.spring.mapper.ClassPathMapperScanner - Skipping MapperFactoryBean with name 'usageRecordMapper' and 'com.bgpay.bgai.mapper.UsageRecordMapper' mapperInterface. Bean already defined with the same name!
2025-07-10 11:35:33.674 [main] [traceId:] [userId:] WARN  o.s.c.annotation.ConfigurationClassPostProcessor - Cannot enhance @Configuration bean definition 'webClientQualifierResolver' since its singleton instance has been created too early. The typical cause is a non-static @Bean method with a BeanDefinitionRegistryPostProcessor return type: Consider declaring such methods as 'static' and/or marking the containing configuration class as 'proxyBeanMethods=false'.
2025-07-10 11:35:36.389 [main] [traceId:] [userId:] INFO  com.bgpay.bgai.config.SeataDisableConfiguration - SeataDisableConfiguration已加载，Seata在测试环境中被禁用
2025-07-10 11:35:36.390 [main] [traceId:] [userId:] INFO  com.bgpay.bgai.config.SeataDisableConfiguration - 设置系统属性: seata.enabled=false, saga.enabled=false
2025-07-10 11:35:36.490 [main] [traceId:] [userId:] INFO  c.bgpay.bgai.config.NacosRouteDefinitionRepository - 初始化Nacos路由定义存储库
2025-07-10 11:35:36.649 [main] [traceId:] [userId:] WARN  c.bgpay.bgai.config.NacosRouteDefinitionRepository - Nacos中未找到路由定义配置
2025-07-10 11:35:36.671 [main] [traceId:] [userId:] INFO  c.bgpay.bgai.service.impl.DynamicRouteServiceImpl - 初始化动态路由服务
2025-07-10 11:35:36.842 [main] [traceId:] [userId:] WARN  c.bgpay.bgai.service.impl.DynamicRouteServiceImpl - Nacos中没有找到路由配置，使用默认配置
2025-07-10 11:35:36.843 [main] [traceId:] [userId:] INFO  c.bgpay.bgai.service.impl.DynamicRouteServiceImpl - 注册Nacos配置监听器成功
2025-07-10 11:35:36.848 [main] [traceId:] [userId:] INFO  com.bgpay.bgai.config.NacosRouteConfigListener - 初始化Nacos路由配置监听器
2025-07-10 11:35:37.038 [main] [traceId:] [userId:] WARN  com.bgpay.bgai.config.NacosRouteConfigListener - Nacos中未找到路由配置数据
2025-07-10 11:35:37.520 [main] [traceId:] [userId:] INFO  com.bgpay.bgai.controller.FeignDemoController - FeignDemoController initialized with UserServiceClient and LocalUserServiceClient
2025-07-10 11:35:38.560 [main] [traceId:] [userId:] INFO  io.seata.config.ConfigurationFactory - load Configuration from :Spring Configuration
2025-07-10 11:35:38.570 [main] [traceId:] [userId:] INFO  io.seata.config.ConfigurationFactory - load Configuration from :Spring Configuration
2025-07-10 11:35:38.577 [main] [traceId:] [userId:] INFO  io.seata.rm.datasource.AsyncWorker - Async Commit Buffer Limit: 10000
2025-07-10 11:35:38.581 [main] [traceId:] [userId:] INFO  io.seata.rm.datasource.xa.ResourceManagerXA - ResourceManagerXA init ...
2025-07-10 11:35:39.369 [main] [traceId:] [userId:] INFO  com.bgpay.bgai.seata.SagaStateMachineConfig - 加载到2个Saga状态机定义文件
2025-07-10 11:35:39.558 [main] [traceId:] [userId:] INFO  com.bgpay.bgai.saga.CustomSagaJsonParser - 开始解析状态机定义: bgai-saga-transaction
2025-07-10 11:35:39.559 [main] [traceId:] [userId:] INFO  com.bgpay.bgai.saga.CustomSagaJsonParser - 状态机 [bgai-saga-transaction] 原始版本: 0.0.5, 动态生成的新版本: 250710.113539.d691
2025-07-10 11:35:39.559 [main] [traceId:] [userId:] INFO  com.bgpay.bgai.saga.CustomSagaJsonParser - 状态机定义解析成功: bgai-saga-transaction, 已更新版本号: 250710.113539.d691
2025-07-10 11:35:39.560 [main] [traceId:] [userId:] INFO  com.bgpay.bgai.seata.SagaStateMachineConfig - 成功加载状态机定义: /E:/project/bgai/target/classes/statelang/bgai-saga-transaction.json
2025-07-10 11:35:39.566 [main] [traceId:] [userId:] INFO  com.bgpay.bgai.saga.CustomSagaJsonParser - 开始解析状态机定义: ChatCompletionSaga
2025-07-10 11:35:39.566 [main] [traceId:] [userId:] INFO  com.bgpay.bgai.saga.CustomSagaJsonParser - 状态机 [ChatCompletionSaga] 原始版本: 0.0.5, 动态生成的新版本: 250710.113539.7df1
2025-07-10 11:35:39.567 [main] [traceId:] [userId:] INFO  com.bgpay.bgai.saga.CustomSagaJsonParser - 状态机定义解析成功: ChatCompletionSaga, 已更新版本号: 250710.113539.7df1
2025-07-10 11:35:39.567 [main] [traceId:] [userId:] INFO  com.bgpay.bgai.seata.SagaStateMachineConfig - 成功加载状态机定义: /E:/project/bgai/target/classes/statelang/chat_completion_saga.json
2025-07-10 11:35:39.567 [main] [traceId:] [userId:] INFO  com.bgpay.bgai.seata.SagaStateMachineConfig - 已设置saga.state-machine.auto-register=false，防止状态机重复注册
2025-07-10 11:35:39.733 [main] [traceId:] [userId:] INFO  com.bgpay.bgai.config.RestTemplateConfig - Creating RestTemplate bean using SimpleClientHttpRequestFactory
2025-07-10 11:35:39.773 [main] [traceId:] [userId:] INFO  com.bgpay.bgai.seata.SeataTransactionListener - Seata事务监听器初始化
2025-07-10 11:35:39.773 [main] [traceId:] [userId:] INFO  com.bgpay.bgai.seata.SeataTransactionListener - 已设置seata.saga.state-machine.auto-register=false，防止状态机重复注册
2025-07-10 11:35:42.073 [main] [traceId:] [userId:] INFO  com.bgpay.bgai.service.mq.RocketMQProducerService - Initializing RocketMQProducerService with producer group: test-group, nameServer: 8.133.246.113:9876
2025-07-10 11:35:42.081 [main] [traceId:] [userId:] INFO  com.bgpay.bgai.service.mq.RocketMQProducerService - RocketMQ producer started successfully
2025-07-10 11:35:42.499 [main] [traceId:] [userId:] INFO  com.bgpay.bgai.service.deepseek.ConfigLoader - 配置文件 deepseek-config.properties 加载成功
2025-07-10 11:35:42.615 [main] [traceId:] [userId:] WARN  o.s.w.context.support.GenericWebApplicationContext - Exception encountered during context initialization - cancelling refresh attempt: org.springframework.beans.factory.UnsatisfiedDependencyException: Error creating bean with name 'loadBalancedWebClient' defined in class path resource [com/bgpay/bgai/config/WebClientTestOverrideConfig.class]: Unsatisfied dependency expressed through method 'loadBalancedWebClient' parameter 0: No qualifying bean of type 'org.springframework.web.reactive.function.client.WebClient$Builder' available: more than one 'primary' bean found among candidates: [loadBalancedWebClientBuilder, webClientBuilder, discoveryWebClientBuilder]
2025-07-10 11:35:42.666 [main] [traceId:] [userId:] INFO  com.bgpay.bgai.service.mq.RocketMQProducerService - RocketMQ producer shutdown
2025-07-10 11:35:42.740 [main] [traceId:] [userId:] INFO  c.bgpay.bgai.service.impl.DynamicRouteServiceImpl - 动态路由服务关闭，执行清理操作
2025-07-10 11:35:42.749 [main] [traceId:] [userId:] INFO  o.s.b.a.logging.ConditionEvaluationReportLogger - 

Error starting ApplicationContext. To display the condition evaluation report re-run your application with 'debug' enabled.
2025-07-10 11:35:42.784 [main] [traceId:] [userId:] ERROR org.springframework.boot.SpringApplication - Application run failed
org.springframework.beans.factory.UnsatisfiedDependencyException: Error creating bean with name 'loadBalancedWebClient' defined in class path resource [com/bgpay/bgai/config/WebClientTestOverrideConfig.class]: Unsatisfied dependency expressed through method 'loadBalancedWebClient' parameter 0: No qualifying bean of type 'org.springframework.web.reactive.function.client.WebClient$Builder' available: more than one 'primary' bean found among candidates: [loadBalancedWebClientBuilder, webClientBuilder, discoveryWebClientBuilder]
	at org.springframework.beans.factory.support.ConstructorResolver.createArgumentArray(ConstructorResolver.java:795)
	at org.springframework.beans.factory.support.ConstructorResolver.instantiateUsingFactoryMethod(ConstructorResolver.java:542)
	at org.springframework.beans.factory.support.AbstractAutowireCapableBeanFactory.instantiateUsingFactoryMethod(AbstractAutowireCapableBeanFactory.java:1335)
	at org.springframework.beans.factory.support.AbstractAutowireCapableBeanFactory.createBeanInstance(AbstractAutowireCapableBeanFactory.java:1165)
	at org.springframework.beans.factory.support.AbstractAutowireCapableBeanFactory.doCreateBean(AbstractAutowireCapableBeanFactory.java:562)
	at org.springframework.beans.factory.support.AbstractAutowireCapableBeanFactory.createBean(AbstractAutowireCapableBeanFactory.java:522)
	at org.springframework.beans.factory.support.AbstractBeanFactory.lambda$doGetBean$0(AbstractBeanFactory.java:326)
	at org.springframework.beans.factory.support.DefaultSingletonBeanRegistry.getSingleton(DefaultSingletonBeanRegistry.java:234)
	at org.springframework.beans.factory.support.AbstractBeanFactory.doGetBean(AbstractBeanFactory.java:324)
	at org.springframework.beans.factory.support.AbstractBeanFactory.getBean(AbstractBeanFactory.java:200)
	at org.springframework.beans.factory.support.DefaultListableBeanFactory.preInstantiateSingletons(DefaultListableBeanFactory.java:975)
	at org.springframework.context.support.AbstractApplicationContext.finishBeanFactoryInitialization(AbstractApplicationContext.java:962)
	at org.springframework.context.support.AbstractApplicationContext.refresh(AbstractApplicationContext.java:624)
	at org.springframework.boot.SpringApplication.refresh(SpringApplication.java:754)
	at org.springframework.boot.SpringApplication.refreshContext(SpringApplication.java:456)
	at org.springframework.boot.SpringApplication.run(SpringApplication.java:334)
	at org.springframework.boot.test.context.SpringBootContextLoader.lambda$loadContext$3(SpringBootContextLoader.java:137)
	at org.springframework.util.function.ThrowingSupplier.get(ThrowingSupplier.java:58)
	at org.springframework.util.function.ThrowingSupplier.get(ThrowingSupplier.java:46)
	at org.springframework.boot.SpringApplication.withHook(SpringApplication.java:1454)
	at org.springframework.boot.test.context.SpringBootContextLoader$ContextLoaderHook.run(SpringBootContextLoader.java:553)
	at org.springframework.boot.test.context.SpringBootContextLoader.loadContext(SpringBootContextLoader.java:137)
	at org.springframework.boot.test.context.SpringBootContextLoader.loadContext(SpringBootContextLoader.java:108)
	at org.springframework.test.context.cache.DefaultCacheAwareContextLoaderDelegate.loadContextInternal(DefaultCacheAwareContextLoaderDelegate.java:225)
	at org.springframework.test.context.cache.DefaultCacheAwareContextLoaderDelegate.loadContext(DefaultCacheAwareContextLoaderDelegate.java:152)
	at org.springframework.test.context.support.DefaultTestContext.getApplicationContext(DefaultTestContext.java:130)
	at org.springframework.boot.test.mock.mockito.MockitoTestExecutionListener.postProcessFields(MockitoTestExecutionListener.java:122)
	at org.springframework.boot.test.mock.mockito.MockitoTestExecutionListener.injectFields(MockitoTestExecutionListener.java:106)
	at org.springframework.boot.test.mock.mockito.MockitoTestExecutionListener.prepareTestInstance(MockitoTestExecutionListener.java:63)
	at org.springframework.test.context.TestContextManager.prepareTestInstance(TestContextManager.java:260)
	at org.springframework.test.context.testng.AbstractTestNGSpringContextTests.springTestContextPrepareTestInstance(AbstractTestNGSpringContextTests.java:119)
	at java.base/jdk.internal.reflect.DirectMethodHandleAccessor.invoke(DirectMethodHandleAccessor.java:103)
	at java.base/java.lang.reflect.Method.invoke(Method.java:580)
	at org.testng.internal.MethodInvocationHelper.invokeMethod(MethodInvocationHelper.java:134)
	at org.testng.internal.MethodInvocationHelper.invokeMethodConsideringTimeout(MethodInvocationHelper.java:63)
	at org.testng.internal.ConfigInvoker.invokeConfigurationMethod(ConfigInvoker.java:348)
	at org.testng.internal.ConfigInvoker.invokeConfigurations(ConfigInvoker.java:302)
	at org.testng.internal.TestMethodWorker.invokeBeforeClassMethods(TestMethodWorker.java:176)
	at org.testng.internal.TestMethodWorker.run(TestMethodWorker.java:122)
	at java.base/java.util.ArrayList.forEach(ArrayList.java:1596)
	at org.testng.TestRunner.privateRun(TestRunner.java:766)
	at org.testng.TestRunner.run(TestRunner.java:587)
	at org.testng.SuiteRunner.runTest(SuiteRunner.java:384)
	at org.testng.SuiteRunner.runSequentially(SuiteRunner.java:378)
	at org.testng.SuiteRunner.privateRun(SuiteRunner.java:337)
	at org.testng.SuiteRunner.run(SuiteRunner.java:286)
	at org.testng.SuiteRunnerWorker.runSuite(SuiteRunnerWorker.java:53)
	at org.testng.SuiteRunnerWorker.run(SuiteRunnerWorker.java:96)
	at org.testng.TestNG.runSuitesSequentially(TestNG.java:1187)
	at org.testng.TestNG.runSuitesLocally(TestNG.java:1109)
	at org.testng.TestNG.runSuites(TestNG.java:1039)
	at org.testng.TestNG.run(TestNG.java:1007)
	at com.intellij.rt.testng.IDEARemoteTestNG.run(IDEARemoteTestNG.java:65)
	at com.intellij.rt.testng.RemoteTestNGStarter.main(RemoteTestNGStarter.java:105)
Caused by: org.springframework.beans.factory.NoUniqueBeanDefinitionException: No qualifying bean of type 'org.springframework.web.reactive.function.client.WebClient$Builder' available: more than one 'primary' bean found among candidates: [loadBalancedWebClientBuilder, webClientBuilder, discoveryWebClientBuilder]
	at org.springframework.beans.factory.support.DefaultListableBeanFactory.determinePrimaryCandidate(DefaultListableBeanFactory.java:1755)
	at org.springframework.beans.factory.support.DefaultListableBeanFactory.determineAutowireCandidate(DefaultListableBeanFactory.java:1715)
	at org.springframework.beans.factory.support.DefaultListableBeanFactory.doResolveDependency(DefaultListableBeanFactory.java:1416)
	at org.springframework.beans.factory.support.DefaultListableBeanFactory.resolveDependency(DefaultListableBeanFactory.java:1353)
	at org.springframework.beans.factory.support.ConstructorResolver.resolveAutowiredArgument(ConstructorResolver.java:904)
	at org.springframework.beans.factory.support.ConstructorResolver.createArgumentArray(ConstructorResolver.java:782)
	... 53 common frames omitted
2025-07-10 11:35:42.804 [main] [traceId:] [userId:] DEBUG org.springframework.test.context.cache - Spring test ApplicationContext cache statistics: [DefaultContextCache@214b9b5 size = 0, maxSize = 32, parentContextCount = 0, hitCount = 0, missCount = 1, failureCount = 1]
2025-07-10 11:35:42.804 [main] [traceId:] [userId:] WARN  o.springframework.test.context.TestContextManager - Caught exception while allowing TestExecutionListener [org.springframework.boot.test.mock.mockito.MockitoTestExecutionListener] to prepare test instance [com.bgpay.bgai.controller.YamlDataDrivenApiTest@2f66f0d0]
java.lang.IllegalStateException: Failed to load ApplicationContext for [WebMergedContextConfiguration@5cd59de1 testClass = com.bgpay.bgai.controller.YamlDataDrivenApiTest, locations = [], classes = [com.bgpay.bgai.BgaiApplication], contextInitializerClasses = [], activeProfiles = ["test"], propertySourceDescriptors = [PropertySourceDescriptor[locations=[], ignoreResourceNotFound=false, name=null, propertySourceFactory=null, encoding=null]], propertySourceProperties = ["spring.main.allow-bean-definition-overriding=true", "seata.enabled=false", "saga.enabled=false", "seata.saga.state-machine.auto-register=false", "spring.cloud.loadbalancer.enabled=false", "spring.cloud.discovery.enabled=false", "spring.cloud.config.enabled=false", "spring.cloud.consul.enabled=false", "spring.cloud.gateway.enabled=false", "spring.cloud.circuitbreaker.enabled=false", "spring.main.web-application-type=servlet", "spring.validation.is-method-validation-bean-post-processor-enabled=false", "rocketmq.messageConsumer.enabled=false", "rocketmq.producer.enable=false", "rocketmq.name-server=8.133.246.113:9876", "rocketmq.producer.group=test-group", "spring.data.elasticsearch.repositories.enabled=false", "spring.elasticsearch.enabled=false", "spring.webflux.base-path=/api", "spring.autoconfigure.exclude=org.springframework.boot.autoconfigure.web.reactive.function.client.WebClientAutoConfiguration", "org.springframework.boot.test.autoconfigure.web.servlet.WebMvcTestContextBootstrapper=true"], contextCustomizers = [[ImportsContextCustomizer@27ce0b6d key = [@org.springframework.boot.test.autoconfigure.web.servlet.AutoConfigureWebMvc(), @org.springframework.boot.test.autoconfigure.web.servlet.WebMvcTest(controllers={com.bgpay.bgai.controller.AuthController.class, com.bgpay.bgai.controller.ServiceDiscoveryExampleController.class, com.bgpay.bgai.controller.FeignDemoController.class}, excludeAutoConfiguration={org.springframework.boot.autoconfigure.security.servlet.SecurityAutoConfiguration.class, org.springframework.boot.autoconfigure.validation.ValidationAutoConfiguration.class, org.apache.rocketmq.spring.autoconfigure.RocketMQAutoConfiguration.class, org.apache.rocketmq.spring.autoconfigure.ListenerContainerConfiguration.class, org.apache.rocketmq.spring.autoconfigure.RocketMQTransactionConfiguration.class, org.apache.rocketmq.spring.autoconfigure.ExtConsumerResetConfiguration.class, org.springframework.boot.autoconfigure.data.elasticsearch.ElasticsearchDataAutoConfiguration.class, org.springframework.boot.autoconfigure.data.elasticsearch.ElasticsearchRepositoriesAutoConfiguration.class, org.springframework.boot.autoconfigure.data.elasticsearch.ReactiveElasticsearchRepositoriesAutoConfiguration.class}, excludeFilters={}, includeFilters={}, properties={}, useDefaultFilters=true, value={com.bgpay.bgai.controller.AuthController.class, com.bgpay.bgai.controller.ServiceDiscoveryExampleController.class, com.bgpay.bgai.controller.FeignDemoController.class}), @org.springframework.boot.test.autoconfigure.core.AutoConfigureCache(cacheProvider=NONE), @org.springframework.context.annotation.Import({com.bgpay.bgai.config.WebClientCircularDependencyResolver.class, com.bgpay.bgai.config.WebClientConfigExcluder.class, com.bgpay.bgai.config.WebClientQualifierResolver.class, com.bgpay.bgai.config.GatewayRouteMockConfig.class, com.bgpay.bgai.config.GatewayRouteConfigMock.class, com.bgpay.bgai.config.UnifiedEnvironmentConfig.class, com.bgpay.bgai.config.MockMvcTestConfig.class, com.bgpay.bgai.config.WebMvcAutoConfigurationDisabler.class, com.bgpay.bgai.config.WebClientTestConfig.class, com.bgpay.bgai.config.WebClientBuilderUnifier.class, com.bgpay.bgai.config.WebClientTestOverrideConfig.class, com.bgpay.bgai.config.WebClientAutoConfigurationExcluder.class, com.bgpay.bgai.config.ExcludeMainWebClientConfig.class, com.bgpay.bgai.config.WebClientBeanExclusionConfig.class, com.bgpay.bgai.config.DeepSeekWebClientMockConfig.class, com.bgpay.bgai.config.WebClientConfigMock.class, com.bgpay.bgai.config.WebClientConfigOverrideConfig.class, com.bgpay.bgai.config.ReactiveWebMockConfig.class, com.bgpay.bgai.config.TestPropertySourceConfig.class, com.bgpay.bgai.config.EnhancedChatControllerMockConfig.class, com.bgpay.bgai.config.ChatWebFilterMockConfig.class, com.bgpay.bgai.config.ChatRecordRepositoryMockConfig.class, com.bgpay.bgai.config.ElasticsearchMockConfig.class, com.bgpay.bgai.config.ElasticsearchAutoConfigurationDisabler.class, com.bgpay.bgai.config.RocketMQMockConfig.class, com.bgpay.bgai.config.DataSourceAutoConfigurationDisabler.class, com.bgpay.bgai.config.FileTypeServiceMockConfig.class, com.bgpay.bgai.config.CacheWarmerMockConfig.class, com.bgpay.bgai.config.RedisAutoConfigurationDisabler.class, com.bgpay.bgai.config.FeignAutoConfigurationDisabler.class, com.bgpay.bgai.config.RedisTemplateQualifierConfig.class}), @io.qameta.allure.LabelAnnotation(name="feature", value="$$$$$$$$__value__$$$$$$$$"), @org.springframework.boot.test.autoconfigure.properties.PropertyMapping(skip=NO, value="spring.test.mockmvc"), @org.springframework.boot.test.autoconfigure.web.servlet.AutoConfigureMockMvc(webDriverEnabled=true, print=DEFAULT, webClientEnabled=true, printOnlyOnFailure=true, addFilters=true), @io.qameta.allure.Feature("API\u6d4b\u8bd5"), @org.apiguardian.api.API(consumers={"*"}, since="5.0", status=STABLE), @org.springframework.test.context.ActiveProfiles(inheritProfiles=true, profiles={"test"}, resolver=org.springframework.test.context.ActiveProfilesResolver.class, value={"test"}), @org.springframework.boot.autoconfigure.ImportAutoConfiguration(classes={}, exclude={}, value={}), @org.springframework.test.context.BootstrapWith(value=org.springframework.boot.test.autoconfigure.web.servlet.WebMvcTestContextBootstrapper.class), @org.springframework.boot.test.autoconfigure.OverrideAutoConfiguration(enabled=false), @org.springframework.context.annotation.Import(value={org.springframework.boot.autoconfigure.ImportAutoConfigurationImportSelector.class}), @org.springframework.test.context.TestPropertySource(encoding="", factory=org.springframework.core.io.support.PropertySourceFactory.class, inheritLocations=true, inheritProperties=true, locations={}, properties={"spring.main.allow-bean-definition-overriding=true", "seata.enabled=false", "saga.enabled=false", "seata.saga.state-machine.auto-register=false", "spring.cloud.loadbalancer.enabled=false", "spring.cloud.discovery.enabled=false", "spring.cloud.config.enabled=false", "spring.cloud.consul.enabled=false", "spring.cloud.gateway.enabled=false", "spring.cloud.circuitbreaker.enabled=false", "spring.main.web-application-type=servlet", "spring.validation.is-method-validation-bean-post-processor-enabled=false", "rocketmq.messageConsumer.enabled=false", "rocketmq.producer.enable=false", "rocketmq.name-server=8.133.246.113:9876", "rocketmq.producer.group=test-group", "spring.data.elasticsearch.repositories.enabled=false", "spring.elasticsearch.enabled=false", "spring.webflux.base-path=/api", "spring.autoconfigure.exclude=org.springframework.boot.autoconfigure.web.reactive.function.client.WebClientAutoConfiguration"}, value={}), @org.springframework.boot.autoconfigure.ImportAutoConfiguration(classes={}, exclude={org.springframework.boot.autoconfigure.security.servlet.SecurityAutoConfiguration.class, org.springframework.boot.autoconfigure.validation.ValidationAutoConfiguration.class, org.apache.rocketmq.spring.autoconfigure.RocketMQAutoConfiguration.class, org.apache.rocketmq.spring.autoconfigure.ListenerContainerConfiguration.class, org.apache.rocketmq.spring.autoconfigure.RocketMQTransactionConfiguration.class, org.apache.rocketmq.spring.autoconfigure.ExtConsumerResetConfiguration.class, org.springframework.boot.autoconfigure.data.elasticsearch.ElasticsearchDataAutoConfiguration.class, org.springframework.boot.autoconfigure.data.elasticsearch.ElasticsearchRepositoriesAutoConfiguration.class, org.springframework.boot.autoconfigure.data.elasticsearch.ReactiveElasticsearchRepositoriesAutoConfiguration.class}, value={}), @org.springframework.boot.test.autoconfigure.filter.TypeExcludeFilters(value={org.springframework.boot.test.autoconfigure.web.servlet.WebMvcTypeExcludeFilter.class})]], org.springframework.boot.test.context.filter.ExcludeFilterContextCustomizer@9d1a267, org.springframework.boot.test.json.DuplicateJsonObjectContextCustomizerFactory$DuplicateJsonObjectContextCustomizer@314ed053, org.springframework.boot.test.mock.mockito.MockitoContextCustomizer@97eaae58, org.springframework.boot.test.autoconfigure.OverrideAutoConfigurationContextCustomizerFactory$DisableAutoConfigurationContextCustomizer@327c7bea, org.springframework.boot.test.autoconfigure.actuate.observability.ObservabilityContextCustomizerFactory$DisableObservabilityContextCustomizer@1f, org.springframework.boot.test.autoconfigure.filter.TypeExcludeFiltersContextCustomizer@a1ea7604, org.springframework.boot.test.autoconfigure.properties.PropertyMappingContextCustomizer@e26da681, org.springframework.boot.test.autoconfigure.web.servlet.WebDriverContextCustomizer@301aa982, org.springframework.boot.test.context.SpringBootTestAnnotation@7b888d71], resourceBasePath = "src/main/webapp", contextLoader = org.springframework.boot.test.context.SpringBootContextLoader, parent = null]
	at org.springframework.test.context.cache.DefaultCacheAwareContextLoaderDelegate.loadContext(DefaultCacheAwareContextLoaderDelegate.java:180)
	at org.springframework.test.context.support.DefaultTestContext.getApplicationContext(DefaultTestContext.java:130)
	at org.springframework.boot.test.mock.mockito.MockitoTestExecutionListener.postProcessFields(MockitoTestExecutionListener.java:122)
	at org.springframework.boot.test.mock.mockito.MockitoTestExecutionListener.injectFields(MockitoTestExecutionListener.java:106)
	at org.springframework.boot.test.mock.mockito.MockitoTestExecutionListener.prepareTestInstance(MockitoTestExecutionListener.java:63)
	at org.springframework.test.context.TestContextManager.prepareTestInstance(TestContextManager.java:260)
	at org.springframework.test.context.testng.AbstractTestNGSpringContextTests.springTestContextPrepareTestInstance(AbstractTestNGSpringContextTests.java:119)
	at java.base/jdk.internal.reflect.DirectMethodHandleAccessor.invoke(DirectMethodHandleAccessor.java:103)
	at java.base/java.lang.reflect.Method.invoke(Method.java:580)
	at org.testng.internal.MethodInvocationHelper.invokeMethod(MethodInvocationHelper.java:134)
	at org.testng.internal.MethodInvocationHelper.invokeMethodConsideringTimeout(MethodInvocationHelper.java:63)
	at org.testng.internal.ConfigInvoker.invokeConfigurationMethod(ConfigInvoker.java:348)
	at org.testng.internal.ConfigInvoker.invokeConfigurations(ConfigInvoker.java:302)
	at org.testng.internal.TestMethodWorker.invokeBeforeClassMethods(TestMethodWorker.java:176)
	at org.testng.internal.TestMethodWorker.run(TestMethodWorker.java:122)
	at java.base/java.util.ArrayList.forEach(ArrayList.java:1596)
	at org.testng.TestRunner.privateRun(TestRunner.java:766)
	at org.testng.TestRunner.run(TestRunner.java:587)
	at org.testng.SuiteRunner.runTest(SuiteRunner.java:384)
	at org.testng.SuiteRunner.runSequentially(SuiteRunner.java:378)
	at org.testng.SuiteRunner.privateRun(SuiteRunner.java:337)
	at org.testng.SuiteRunner.run(SuiteRunner.java:286)
	at org.testng.SuiteRunnerWorker.runSuite(SuiteRunnerWorker.java:53)
	at org.testng.SuiteRunnerWorker.run(SuiteRunnerWorker.java:96)
	at org.testng.TestNG.runSuitesSequentially(TestNG.java:1187)
	at org.testng.TestNG.runSuitesLocally(TestNG.java:1109)
	at org.testng.TestNG.runSuites(TestNG.java:1039)
	at org.testng.TestNG.run(TestNG.java:1007)
	at com.intellij.rt.testng.IDEARemoteTestNG.run(IDEARemoteTestNG.java:65)
	at com.intellij.rt.testng.RemoteTestNGStarter.main(RemoteTestNGStarter.java:105)
Caused by: org.springframework.beans.factory.UnsatisfiedDependencyException: Error creating bean with name 'loadBalancedWebClient' defined in class path resource [com/bgpay/bgai/config/WebClientTestOverrideConfig.class]: Unsatisfied dependency expressed through method 'loadBalancedWebClient' parameter 0: No qualifying bean of type 'org.springframework.web.reactive.function.client.WebClient$Builder' available: more than one 'primary' bean found among candidates: [loadBalancedWebClientBuilder, webClientBuilder, discoveryWebClientBuilder]
	at org.springframework.beans.factory.support.ConstructorResolver.createArgumentArray(ConstructorResolver.java:795)
	at org.springframework.beans.factory.support.ConstructorResolver.instantiateUsingFactoryMethod(ConstructorResolver.java:542)
	at org.springframework.beans.factory.support.AbstractAutowireCapableBeanFactory.instantiateUsingFactoryMethod(AbstractAutowireCapableBeanFactory.java:1335)
	at org.springframework.beans.factory.support.AbstractAutowireCapableBeanFactory.createBeanInstance(AbstractAutowireCapableBeanFactory.java:1165)
	at org.springframework.beans.factory.support.AbstractAutowireCapableBeanFactory.doCreateBean(AbstractAutowireCapableBeanFactory.java:562)
	at org.springframework.beans.factory.support.AbstractAutowireCapableBeanFactory.createBean(AbstractAutowireCapableBeanFactory.java:522)
	at org.springframework.beans.factory.support.AbstractBeanFactory.lambda$doGetBean$0(AbstractBeanFactory.java:326)
	at org.springframework.beans.factory.support.DefaultSingletonBeanRegistry.getSingleton(DefaultSingletonBeanRegistry.java:234)
	at org.springframework.beans.factory.support.AbstractBeanFactory.doGetBean(AbstractBeanFactory.java:324)
	at org.springframework.beans.factory.support.AbstractBeanFactory.getBean(AbstractBeanFactory.java:200)
	at org.springframework.beans.factory.support.DefaultListableBeanFactory.preInstantiateSingletons(DefaultListableBeanFactory.java:975)
	at org.springframework.context.support.AbstractApplicationContext.finishBeanFactoryInitialization(AbstractApplicationContext.java:962)
	at org.springframework.context.support.AbstractApplicationContext.refresh(AbstractApplicationContext.java:624)
	at org.springframework.boot.SpringApplication.refresh(SpringApplication.java:754)
	at org.springframework.boot.SpringApplication.refreshContext(SpringApplication.java:456)
	at org.springframework.boot.SpringApplication.run(SpringApplication.java:334)
	at org.springframework.boot.test.context.SpringBootContextLoader.lambda$loadContext$3(SpringBootContextLoader.java:137)
	at org.springframework.util.function.ThrowingSupplier.get(ThrowingSupplier.java:58)
	at org.springframework.util.function.ThrowingSupplier.get(ThrowingSupplier.java:46)
	at org.springframework.boot.SpringApplication.withHook(SpringApplication.java:1454)
	at org.springframework.boot.test.context.SpringBootContextLoader$ContextLoaderHook.run(SpringBootContextLoader.java:553)
	at org.springframework.boot.test.context.SpringBootContextLoader.loadContext(SpringBootContextLoader.java:137)
	at org.springframework.boot.test.context.SpringBootContextLoader.loadContext(SpringBootContextLoader.java:108)
	at org.springframework.test.context.cache.DefaultCacheAwareContextLoaderDelegate.loadContextInternal(DefaultCacheAwareContextLoaderDelegate.java:225)
	at org.springframework.test.context.cache.DefaultCacheAwareContextLoaderDelegate.loadContext(DefaultCacheAwareContextLoaderDelegate.java:152)
	... 29 common frames omitted
Caused by: org.springframework.beans.factory.NoUniqueBeanDefinitionException: No qualifying bean of type 'org.springframework.web.reactive.function.client.WebClient$Builder' available: more than one 'primary' bean found among candidates: [loadBalancedWebClientBuilder, webClientBuilder, discoveryWebClientBuilder]
	at org.springframework.beans.factory.support.DefaultListableBeanFactory.determinePrimaryCandidate(DefaultListableBeanFactory.java:1755)
	at org.springframework.beans.factory.support.DefaultListableBeanFactory.determineAutowireCandidate(DefaultListableBeanFactory.java:1715)
	at org.springframework.beans.factory.support.DefaultListableBeanFactory.doResolveDependency(DefaultListableBeanFactory.java:1416)
	at org.springframework.beans.factory.support.DefaultListableBeanFactory.resolveDependency(DefaultListableBeanFactory.java:1353)
	at org.springframework.beans.factory.support.ConstructorResolver.resolveAutowiredArgument(ConstructorResolver.java:904)
	at org.springframework.beans.factory.support.ConstructorResolver.createArgumentArray(ConstructorResolver.java:782)
	... 53 common frames omitted
2025-07-10 11:35:42.937 [main] [traceId:] [userId:] INFO  com.bgpay.bgai.base.YamlDataProvider - 从YAML文件加载测试数据: src/test/resources/test-data/YamlDataDrivenApiTest/testLogin.yml
2025-07-10 11:35:42.937 [main] [traceId:] [userId:] WARN  com.bgpay.bgai.base.YamlDataProvider - YAML文件不存在: src/test/resources/test-data/YamlDataDrivenApiTest/testLogin.yml
2025-07-10 11:35:42.945 [main] [traceId:] [userId:] DEBUG o.s.t.c.s.DirtiesContextTestExecutionListener - After test class: class [YamlDataDrivenApiTest], class annotated with @DirtiesContext [false] with mode [null]
2025-07-10 11:35:42.968 [Thread-9] [traceId:] [userId:] WARN  com.alibaba.nacos.common.notify.NotifyCenter - [NotifyCenter] Start destroying Publisher
2025-07-10 11:35:42.968 [Thread-2] [traceId:] [userId:] WARN  c.alibaba.nacos.common.http.HttpClientBeanHolder - [HttpClientBeanHolder] Start destroying common HttpClient
2025-07-10 11:35:42.969 [Thread-9] [traceId:] [userId:] WARN  com.alibaba.nacos.common.notify.NotifyCenter - [NotifyCenter] Destruction of the end
2025-07-10 11:36:39.334 [main] [traceId:] [userId:] WARN  com.alibaba.nacos.client.logging.NacosLogging - Load Logback Configuration of Nacos fail, message: Could not initialize Logback Nacos logging from classpath:nacos-logback.xml
2025-07-10 11:36:39.397 [main] [traceId:] [userId:] WARN  com.alibaba.nacos.client.logging.NacosLogging - Load Logback Configuration of Nacos fail, message: Could not initialize Logback Nacos logging from classpath:nacos-logback.xml
2025-07-10 11:36:39.729 [main] [traceId:] [userId:] WARN  com.alibaba.nacos.client.logging.NacosLogging - Load Logback Configuration of Nacos fail, message: Could not initialize Logback Nacos logging from classpath:nacos-logback.xml
2025-07-10 11:36:39.751 [main] [traceId:] [userId:] WARN  o.s.b.t.j.DuplicateJsonObjectContextCustomizerFactory$DuplicateJsonObjectContextCustomizer - 

Found multiple occurrences of org.json.JSONObject on the class path:

	jar:file:/C:/Users/Administrator/.m2/repository/com/vaadin/external/google/android-json/0.0.20131108.vaadin1/android-json-0.0.20131108.vaadin1.jar!/org/json/JSONObject.class
	jar:file:/C:/Users/Administrator/.m2/repository/org/json/json/20220320/json-20220320.jar!/org/json/JSONObject.class

You may wish to exclude one of them to ensure predictable runtime behavior

2025-07-10 11:36:39.756 [main] [traceId:] [userId:] WARN  com.alibaba.nacos.client.logging.NacosLogging - Load Logback Configuration of Nacos fail, message: Could not initialize Logback Nacos logging from classpath:nacos-logback.xml
2025-07-10 11:36:39.757 [main] [traceId:] [userId:] INFO  com.bgpay.bgai.controller.IsolatedTestCase - The following 1 profile is active: "test"
2025-07-10 11:36:39.806 [main] [traceId:] [userId:] WARN  o.s.b.w.r.c.GenericReactiveWebApplicationContext - Exception encountered during context initialization - cancelling refresh attempt: java.lang.IllegalStateException: The following classes could not be excluded because they are not auto-configuration classes:
	- org.redisson.spring.starter.RedissonAutoConfiguration
	- com.bgpay.bgai.web.WebClientConfig
	- com.bgpay.bgai.config.GatewayRouteConfig

2025-07-10 11:36:39.838 [main] [traceId:] [userId:] ERROR org.springframework.boot.SpringApplication - Application run failed
java.lang.IllegalStateException: The following classes could not be excluded because they are not auto-configuration classes:
	- org.redisson.spring.starter.RedissonAutoConfiguration
	- com.bgpay.bgai.web.WebClientConfig
	- com.bgpay.bgai.config.GatewayRouteConfig

	at org.springframework.boot.autoconfigure.AutoConfigurationImportSelector.handleInvalidExcludes(AutoConfigurationImportSelector.java:211)
	at org.springframework.boot.autoconfigure.AutoConfigurationImportSelector.checkExcludedClasses(AutoConfigurationImportSelector.java:197)
	at org.springframework.boot.autoconfigure.AutoConfigurationImportSelector.getAutoConfigurationEntry(AutoConfigurationImportSelector.java:129)
	at org.springframework.boot.autoconfigure.AutoConfigurationImportSelector$AutoConfigurationGroup.process(AutoConfigurationImportSelector.java:430)
	at org.springframework.context.annotation.ConfigurationClassParser$DeferredImportSelectorGrouping.getImports(ConfigurationClassParser.java:813)
	at org.springframework.context.annotation.ConfigurationClassParser$DeferredImportSelectorGroupingHandler.processGroupImports(ConfigurationClassParser.java:743)
	at org.springframework.context.annotation.ConfigurationClassParser$DeferredImportSelectorHandler.process(ConfigurationClassParser.java:714)
	at org.springframework.context.annotation.ConfigurationClassParser.parse(ConfigurationClassParser.java:183)
	at org.springframework.context.annotation.ConfigurationClassPostProcessor.processConfigBeanDefinitions(ConfigurationClassPostProcessor.java:416)
	at org.springframework.context.annotation.ConfigurationClassPostProcessor.postProcessBeanDefinitionRegistry(ConfigurationClassPostProcessor.java:289)
	at org.springframework.context.support.PostProcessorRegistrationDelegate.invokeBeanDefinitionRegistryPostProcessors(PostProcessorRegistrationDelegate.java:349)
	at org.springframework.context.support.PostProcessorRegistrationDelegate.invokeBeanFactoryPostProcessors(PostProcessorRegistrationDelegate.java:118)
	at org.springframework.context.support.AbstractApplicationContext.invokeBeanFactoryPostProcessors(AbstractApplicationContext.java:788)
	at org.springframework.context.support.AbstractApplicationContext.refresh(AbstractApplicationContext.java:606)
	at org.springframework.boot.SpringApplication.refresh(SpringApplication.java:754)
	at org.springframework.boot.SpringApplication.refreshContext(SpringApplication.java:456)
	at org.springframework.boot.SpringApplication.run(SpringApplication.java:334)
	at org.springframework.boot.test.context.SpringBootContextLoader.lambda$loadContext$3(SpringBootContextLoader.java:137)
	at org.springframework.util.function.ThrowingSupplier.get(ThrowingSupplier.java:58)
	at org.springframework.util.function.ThrowingSupplier.get(ThrowingSupplier.java:46)
	at org.springframework.boot.SpringApplication.withHook(SpringApplication.java:1454)
	at org.springframework.boot.test.context.SpringBootContextLoader$ContextLoaderHook.run(SpringBootContextLoader.java:553)
	at org.springframework.boot.test.context.SpringBootContextLoader.loadContext(SpringBootContextLoader.java:137)
	at org.springframework.boot.test.context.SpringBootContextLoader.loadContext(SpringBootContextLoader.java:108)
	at org.springframework.test.context.cache.DefaultCacheAwareContextLoaderDelegate.loadContextInternal(DefaultCacheAwareContextLoaderDelegate.java:225)
	at org.springframework.test.context.cache.DefaultCacheAwareContextLoaderDelegate.loadContext(DefaultCacheAwareContextLoaderDelegate.java:152)
	at org.springframework.test.context.support.DefaultTestContext.getApplicationContext(DefaultTestContext.java:130)
	at org.springframework.test.context.web.ServletTestExecutionListener.setUpRequestContextIfNecessary(ServletTestExecutionListener.java:191)
	at org.springframework.test.context.web.ServletTestExecutionListener.prepareTestInstance(ServletTestExecutionListener.java:130)
	at org.springframework.test.context.TestContextManager.prepareTestInstance(TestContextManager.java:260)
	at org.springframework.test.context.testng.AbstractTestNGSpringContextTests.springTestContextPrepareTestInstance(AbstractTestNGSpringContextTests.java:119)
	at java.base/jdk.internal.reflect.DirectMethodHandleAccessor.invoke(DirectMethodHandleAccessor.java:103)
	at java.base/java.lang.reflect.Method.invoke(Method.java:580)
	at org.testng.internal.MethodInvocationHelper.invokeMethod(MethodInvocationHelper.java:134)
	at org.testng.internal.MethodInvocationHelper.invokeMethodConsideringTimeout(MethodInvocationHelper.java:63)
	at org.testng.internal.ConfigInvoker.invokeConfigurationMethod(ConfigInvoker.java:348)
	at org.testng.internal.ConfigInvoker.invokeConfigurations(ConfigInvoker.java:302)
	at org.testng.internal.TestMethodWorker.invokeBeforeClassMethods(TestMethodWorker.java:176)
	at org.testng.internal.TestMethodWorker.run(TestMethodWorker.java:122)
	at java.base/java.util.ArrayList.forEach(ArrayList.java:1596)
	at org.testng.TestRunner.privateRun(TestRunner.java:766)
	at org.testng.TestRunner.run(TestRunner.java:587)
	at org.testng.SuiteRunner.runTest(SuiteRunner.java:384)
	at org.testng.SuiteRunner.runSequentially(SuiteRunner.java:378)
	at org.testng.SuiteRunner.privateRun(SuiteRunner.java:337)
	at org.testng.SuiteRunner.run(SuiteRunner.java:286)
	at org.testng.SuiteRunnerWorker.runSuite(SuiteRunnerWorker.java:53)
	at org.testng.SuiteRunnerWorker.run(SuiteRunnerWorker.java:96)
	at org.testng.TestNG.runSuitesSequentially(TestNG.java:1187)
	at org.testng.TestNG.runSuitesLocally(TestNG.java:1109)
	at org.testng.TestNG.runSuites(TestNG.java:1039)
	at org.testng.TestNG.run(TestNG.java:1007)
	at com.intellij.rt.testng.IDEARemoteTestNG.run(IDEARemoteTestNG.java:65)
	at com.intellij.rt.testng.RemoteTestNGStarter.main(RemoteTestNGStarter.java:105)
2025-07-10 11:36:39.855 [main] [traceId:] [userId:] DEBUG org.springframework.test.context.cache - Spring test ApplicationContext cache statistics: [DefaultContextCache@65f5cae3 size = 0, maxSize = 32, parentContextCount = 0, hitCount = 0, missCount = 1, failureCount = 1]
2025-07-10 11:36:39.855 [main] [traceId:] [userId:] WARN  o.springframework.test.context.TestContextManager - Caught exception while allowing TestExecutionListener [org.springframework.test.context.web.ServletTestExecutionListener] to prepare test instance [com.bgpay.bgai.controller.IsolatedTestCase@4ca8dbfa]
java.lang.IllegalStateException: Failed to load ApplicationContext for [WebMergedContextConfiguration@2b99c937 testClass = com.bgpay.bgai.controller.IsolatedTestCase, locations = [], classes = [com.bgpay.bgai.controller.IsolatedTestCase.TestConfig], contextInitializerClasses = [], activeProfiles = ["test"], propertySourceDescriptors = [PropertySourceDescriptor[locations=[], ignoreResourceNotFound=false, name=null, propertySourceFactory=null, encoding=null]], propertySourceProperties = ["spring.cloud.nacos.config.enabled=false", "spring.cloud.nacos.discovery.enabled=false", "spring.data.elasticsearch.repositories.enabled=false", "spring.elasticsearch.enabled=false", "rocketmq.enable=false", "spring.cloud.loadbalancer.enabled=false", "spring.cloud.discovery.enabled=false", "spring.cloud.config.enabled=false", "spring.cloud.consul.enabled=false", "spring.cloud.gateway.enabled=false", "spring.cloud.circuitbreaker.enabled=false", "seata.enabled=false", "saga.enabled=false", "org.springframework.boot.test.context.SpringBootTestContextBootstrapper=true"], contextCustomizers = [org.springframework.boot.test.context.filter.ExcludeFilterContextCustomizer@773c0293, org.springframework.boot.test.json.DuplicateJsonObjectContextCustomizerFactory$DuplicateJsonObjectContextCustomizer@3e48e859, org.springframework.boot.test.mock.mockito.MockitoContextCustomizer@0, org.springframework.boot.test.web.client.TestRestTemplateContextCustomizer@566d0c69, org.springframework.boot.test.web.reactive.server.WebTestClientContextCustomizer@151335cb, org.springframework.boot.test.autoconfigure.actuate.observability.ObservabilityContextCustomizerFactory$DisableObservabilityContextCustomizer@1f, org.springframework.boot.test.autoconfigure.properties.PropertyMappingContextCustomizer@0, org.springframework.boot.test.autoconfigure.web.servlet.WebDriverContextCustomizer@1698d7c0, org.springframework.boot.test.context.SpringBootTestAnnotation@89b79e12], resourceBasePath = "src/main/webapp", contextLoader = org.springframework.boot.test.context.SpringBootContextLoader, parent = null]
	at org.springframework.test.context.cache.DefaultCacheAwareContextLoaderDelegate.loadContext(DefaultCacheAwareContextLoaderDelegate.java:180)
	at org.springframework.test.context.support.DefaultTestContext.getApplicationContext(DefaultTestContext.java:130)
	at org.springframework.test.context.web.ServletTestExecutionListener.setUpRequestContextIfNecessary(ServletTestExecutionListener.java:191)
	at org.springframework.test.context.web.ServletTestExecutionListener.prepareTestInstance(ServletTestExecutionListener.java:130)
	at org.springframework.test.context.TestContextManager.prepareTestInstance(TestContextManager.java:260)
	at org.springframework.test.context.testng.AbstractTestNGSpringContextTests.springTestContextPrepareTestInstance(AbstractTestNGSpringContextTests.java:119)
	at java.base/jdk.internal.reflect.DirectMethodHandleAccessor.invoke(DirectMethodHandleAccessor.java:103)
	at java.base/java.lang.reflect.Method.invoke(Method.java:580)
	at org.testng.internal.MethodInvocationHelper.invokeMethod(MethodInvocationHelper.java:134)
	at org.testng.internal.MethodInvocationHelper.invokeMethodConsideringTimeout(MethodInvocationHelper.java:63)
	at org.testng.internal.ConfigInvoker.invokeConfigurationMethod(ConfigInvoker.java:348)
	at org.testng.internal.ConfigInvoker.invokeConfigurations(ConfigInvoker.java:302)
	at org.testng.internal.TestMethodWorker.invokeBeforeClassMethods(TestMethodWorker.java:176)
	at org.testng.internal.TestMethodWorker.run(TestMethodWorker.java:122)
	at java.base/java.util.ArrayList.forEach(ArrayList.java:1596)
	at org.testng.TestRunner.privateRun(TestRunner.java:766)
	at org.testng.TestRunner.run(TestRunner.java:587)
	at org.testng.SuiteRunner.runTest(SuiteRunner.java:384)
	at org.testng.SuiteRunner.runSequentially(SuiteRunner.java:378)
	at org.testng.SuiteRunner.privateRun(SuiteRunner.java:337)
	at org.testng.SuiteRunner.run(SuiteRunner.java:286)
	at org.testng.SuiteRunnerWorker.runSuite(SuiteRunnerWorker.java:53)
	at org.testng.SuiteRunnerWorker.run(SuiteRunnerWorker.java:96)
	at org.testng.TestNG.runSuitesSequentially(TestNG.java:1187)
	at org.testng.TestNG.runSuitesLocally(TestNG.java:1109)
	at org.testng.TestNG.runSuites(TestNG.java:1039)
	at org.testng.TestNG.run(TestNG.java:1007)
	at com.intellij.rt.testng.IDEARemoteTestNG.run(IDEARemoteTestNG.java:65)
	at com.intellij.rt.testng.RemoteTestNGStarter.main(RemoteTestNGStarter.java:105)
Caused by: java.lang.IllegalStateException: The following classes could not be excluded because they are not auto-configuration classes:
	- org.redisson.spring.starter.RedissonAutoConfiguration
	- com.bgpay.bgai.web.WebClientConfig
	- com.bgpay.bgai.config.GatewayRouteConfig

	at org.springframework.boot.autoconfigure.AutoConfigurationImportSelector.handleInvalidExcludes(AutoConfigurationImportSelector.java:211)
	at org.springframework.boot.autoconfigure.AutoConfigurationImportSelector.checkExcludedClasses(AutoConfigurationImportSelector.java:197)
	at org.springframework.boot.autoconfigure.AutoConfigurationImportSelector.getAutoConfigurationEntry(AutoConfigurationImportSelector.java:129)
	at org.springframework.boot.autoconfigure.AutoConfigurationImportSelector$AutoConfigurationGroup.process(AutoConfigurationImportSelector.java:430)
	at org.springframework.context.annotation.ConfigurationClassParser$DeferredImportSelectorGrouping.getImports(ConfigurationClassParser.java:813)
	at org.springframework.context.annotation.ConfigurationClassParser$DeferredImportSelectorGroupingHandler.processGroupImports(ConfigurationClassParser.java:743)
	at org.springframework.context.annotation.ConfigurationClassParser$DeferredImportSelectorHandler.process(ConfigurationClassParser.java:714)
	at org.springframework.context.annotation.ConfigurationClassParser.parse(ConfigurationClassParser.java:183)
	at org.springframework.context.annotation.ConfigurationClassPostProcessor.processConfigBeanDefinitions(ConfigurationClassPostProcessor.java:416)
	at org.springframework.context.annotation.ConfigurationClassPostProcessor.postProcessBeanDefinitionRegistry(ConfigurationClassPostProcessor.java:289)
	at org.springframework.context.support.PostProcessorRegistrationDelegate.invokeBeanDefinitionRegistryPostProcessors(PostProcessorRegistrationDelegate.java:349)
	at org.springframework.context.support.PostProcessorRegistrationDelegate.invokeBeanFactoryPostProcessors(PostProcessorRegistrationDelegate.java:118)
	at org.springframework.context.support.AbstractApplicationContext.invokeBeanFactoryPostProcessors(AbstractApplicationContext.java:788)
	at org.springframework.context.support.AbstractApplicationContext.refresh(AbstractApplicationContext.java:606)
	at org.springframework.boot.SpringApplication.refresh(SpringApplication.java:754)
	at org.springframework.boot.SpringApplication.refreshContext(SpringApplication.java:456)
	at org.springframework.boot.SpringApplication.run(SpringApplication.java:334)
	at org.springframework.boot.test.context.SpringBootContextLoader.lambda$loadContext$3(SpringBootContextLoader.java:137)
	at org.springframework.util.function.ThrowingSupplier.get(ThrowingSupplier.java:58)
	at org.springframework.util.function.ThrowingSupplier.get(ThrowingSupplier.java:46)
	at org.springframework.boot.SpringApplication.withHook(SpringApplication.java:1454)
	at org.springframework.boot.test.context.SpringBootContextLoader$ContextLoaderHook.run(SpringBootContextLoader.java:553)
	at org.springframework.boot.test.context.SpringBootContextLoader.loadContext(SpringBootContextLoader.java:137)
	at org.springframework.boot.test.context.SpringBootContextLoader.loadContext(SpringBootContextLoader.java:108)
	at org.springframework.test.context.cache.DefaultCacheAwareContextLoaderDelegate.loadContextInternal(DefaultCacheAwareContextLoaderDelegate.java:225)
	at org.springframework.test.context.cache.DefaultCacheAwareContextLoaderDelegate.loadContext(DefaultCacheAwareContextLoaderDelegate.java:152)
	... 28 common frames omitted
2025-07-10 11:36:40.037 [main] [traceId:] [userId:] DEBUG org.springframework.test.context.cache - Spring test ApplicationContext cache statistics: [DefaultContextCache@65f5cae3 size = 0, maxSize = 32, parentContextCount = 0, hitCount = 0, missCount = 2, failureCount = 1]
2025-07-10 11:36:40.038 [main] [traceId:] [userId:] WARN  o.springframework.test.context.TestContextManager - Caught exception while invoking 'beforeTestMethod' callback on TestExecutionListener [org.springframework.test.context.web.ServletTestExecutionListener] for test method [public void com.bgpay.bgai.controller.IsolatedTestCase.testContextLoads()] and test instance [com.bgpay.bgai.controller.IsolatedTestCase@4ca8dbfa]
java.lang.IllegalStateException: ApplicationContext failure threshold (1) exceeded: skipping repeated attempt to load context for [WebMergedContextConfiguration@2b99c937 testClass = com.bgpay.bgai.controller.IsolatedTestCase, locations = [], classes = [com.bgpay.bgai.controller.IsolatedTestCase.TestConfig], contextInitializerClasses = [], activeProfiles = ["test"], propertySourceDescriptors = [PropertySourceDescriptor[locations=[], ignoreResourceNotFound=false, name=null, propertySourceFactory=null, encoding=null]], propertySourceProperties = ["spring.cloud.nacos.config.enabled=false", "spring.cloud.nacos.discovery.enabled=false", "spring.data.elasticsearch.repositories.enabled=false", "spring.elasticsearch.enabled=false", "rocketmq.enable=false", "spring.cloud.loadbalancer.enabled=false", "spring.cloud.discovery.enabled=false", "spring.cloud.config.enabled=false", "spring.cloud.consul.enabled=false", "spring.cloud.gateway.enabled=false", "spring.cloud.circuitbreaker.enabled=false", "seata.enabled=false", "saga.enabled=false", "org.springframework.boot.test.context.SpringBootTestContextBootstrapper=true"], contextCustomizers = [org.springframework.boot.test.context.filter.ExcludeFilterContextCustomizer@773c0293, org.springframework.boot.test.json.DuplicateJsonObjectContextCustomizerFactory$DuplicateJsonObjectContextCustomizer@3e48e859, org.springframework.boot.test.mock.mockito.MockitoContextCustomizer@0, org.springframework.boot.test.web.client.TestRestTemplateContextCustomizer@566d0c69, org.springframework.boot.test.web.reactive.server.WebTestClientContextCustomizer@151335cb, org.springframework.boot.test.autoconfigure.actuate.observability.ObservabilityContextCustomizerFactory$DisableObservabilityContextCustomizer@1f, org.springframework.boot.test.autoconfigure.properties.PropertyMappingContextCustomizer@0, org.springframework.boot.test.autoconfigure.web.servlet.WebDriverContextCustomizer@1698d7c0, org.springframework.boot.test.context.SpringBootTestAnnotation@89b79e12], resourceBasePath = "src/main/webapp", contextLoader = org.springframework.boot.test.context.SpringBootContextLoader, parent = null]
	at org.springframework.test.context.cache.DefaultCacheAwareContextLoaderDelegate.loadContext(DefaultCacheAwareContextLoaderDelegate.java:145)
	at org.springframework.test.context.support.DefaultTestContext.getApplicationContext(DefaultTestContext.java:130)
	at org.springframework.test.context.web.ServletTestExecutionListener.setUpRequestContextIfNecessary(ServletTestExecutionListener.java:191)
	at org.springframework.test.context.web.ServletTestExecutionListener.beforeTestMethod(ServletTestExecutionListener.java:143)
	at org.springframework.test.context.TestContextManager.beforeTestMethod(TestContextManager.java:320)
	at org.springframework.test.context.testng.AbstractTestNGSpringContextTests.springTestContextBeforeTestMethod(AbstractTestNGSpringContextTests.java:131)
	at java.base/jdk.internal.reflect.DirectMethodHandleAccessor.invoke(DirectMethodHandleAccessor.java:103)
	at java.base/java.lang.reflect.Method.invoke(Method.java:580)
	at org.testng.internal.MethodInvocationHelper.invokeMethod(MethodInvocationHelper.java:134)
	at org.testng.internal.MethodInvocationHelper.invokeMethodConsideringTimeout(MethodInvocationHelper.java:63)
	at org.testng.internal.ConfigInvoker.invokeConfigurationMethod(ConfigInvoker.java:348)
	at org.testng.internal.ConfigInvoker.invokeConfigurations(ConfigInvoker.java:302)
	at org.testng.internal.TestInvoker.runConfigMethods(TestInvoker.java:695)
	at org.testng.internal.TestInvoker.invokeMethod(TestInvoker.java:523)
	at org.testng.internal.TestInvoker.invokeTestMethod(TestInvoker.java:173)
	at org.testng.internal.MethodRunner.runInSequence(MethodRunner.java:46)
	at org.testng.internal.TestInvoker$MethodInvocationAgent.invoke(TestInvoker.java:816)
	at org.testng.internal.TestInvoker.invokeTestMethods(TestInvoker.java:146)
	at org.testng.internal.TestMethodWorker.invokeTestMethods(TestMethodWorker.java:146)
	at org.testng.internal.TestMethodWorker.run(TestMethodWorker.java:128)
	at java.base/java.util.ArrayList.forEach(ArrayList.java:1596)
	at org.testng.TestRunner.privateRun(TestRunner.java:766)
	at org.testng.TestRunner.run(TestRunner.java:587)
	at org.testng.SuiteRunner.runTest(SuiteRunner.java:384)
	at org.testng.SuiteRunner.runSequentially(SuiteRunner.java:378)
	at org.testng.SuiteRunner.privateRun(SuiteRunner.java:337)
	at org.testng.SuiteRunner.run(SuiteRunner.java:286)
	at org.testng.SuiteRunnerWorker.runSuite(SuiteRunnerWorker.java:53)
	at org.testng.SuiteRunnerWorker.run(SuiteRunnerWorker.java:96)
	at org.testng.TestNG.runSuitesSequentially(TestNG.java:1187)
	at org.testng.TestNG.runSuitesLocally(TestNG.java:1109)
	at org.testng.TestNG.runSuites(TestNG.java:1039)
	at org.testng.TestNG.run(TestNG.java:1007)
	at com.intellij.rt.testng.IDEARemoteTestNG.run(IDEARemoteTestNG.java:65)
	at com.intellij.rt.testng.RemoteTestNGStarter.main(RemoteTestNGStarter.java:105)
2025-07-10 11:36:40.062 [main] [traceId:] [userId:] DEBUG org.springframework.test.context.cache - Spring test ApplicationContext cache statistics: [DefaultContextCache@65f5cae3 size = 0, maxSize = 32, parentContextCount = 0, hitCount = 0, missCount = 3, failureCount = 1]
2025-07-10 11:36:40.063 [main] [traceId:] [userId:] WARN  o.springframework.test.context.TestContextManager - Caught exception while invoking 'afterTestMethod' callback on TestExecutionListener [org.springframework.boot.test.autoconfigure.web.servlet.WebDriverTestExecutionListener] for test method [public void com.bgpay.bgai.controller.IsolatedTestCase.testContextLoads()] and test instance [com.bgpay.bgai.controller.IsolatedTestCase@4ca8dbfa]
java.lang.IllegalStateException: ApplicationContext failure threshold (1) exceeded: skipping repeated attempt to load context for [WebMergedContextConfiguration@2b99c937 testClass = com.bgpay.bgai.controller.IsolatedTestCase, locations = [], classes = [com.bgpay.bgai.controller.IsolatedTestCase.TestConfig], contextInitializerClasses = [], activeProfiles = ["test"], propertySourceDescriptors = [PropertySourceDescriptor[locations=[], ignoreResourceNotFound=false, name=null, propertySourceFactory=null, encoding=null]], propertySourceProperties = ["spring.cloud.nacos.config.enabled=false", "spring.cloud.nacos.discovery.enabled=false", "spring.data.elasticsearch.repositories.enabled=false", "spring.elasticsearch.enabled=false", "rocketmq.enable=false", "spring.cloud.loadbalancer.enabled=false", "spring.cloud.discovery.enabled=false", "spring.cloud.config.enabled=false", "spring.cloud.consul.enabled=false", "spring.cloud.gateway.enabled=false", "spring.cloud.circuitbreaker.enabled=false", "seata.enabled=false", "saga.enabled=false", "org.springframework.boot.test.context.SpringBootTestContextBootstrapper=true"], contextCustomizers = [org.springframework.boot.test.context.filter.ExcludeFilterContextCustomizer@773c0293, org.springframework.boot.test.json.DuplicateJsonObjectContextCustomizerFactory$DuplicateJsonObjectContextCustomizer@3e48e859, org.springframework.boot.test.mock.mockito.MockitoContextCustomizer@0, org.springframework.boot.test.web.client.TestRestTemplateContextCustomizer@566d0c69, org.springframework.boot.test.web.reactive.server.WebTestClientContextCustomizer@151335cb, org.springframework.boot.test.autoconfigure.actuate.observability.ObservabilityContextCustomizerFactory$DisableObservabilityContextCustomizer@1f, org.springframework.boot.test.autoconfigure.properties.PropertyMappingContextCustomizer@0, org.springframework.boot.test.autoconfigure.web.servlet.WebDriverContextCustomizer@1698d7c0, org.springframework.boot.test.context.SpringBootTestAnnotation@89b79e12], resourceBasePath = "src/main/webapp", contextLoader = org.springframework.boot.test.context.SpringBootContextLoader, parent = null]
	at org.springframework.test.context.cache.DefaultCacheAwareContextLoaderDelegate.loadContext(DefaultCacheAwareContextLoaderDelegate.java:145)
	at org.springframework.test.context.support.DefaultTestContext.getApplicationContext(DefaultTestContext.java:130)
	at org.springframework.boot.test.autoconfigure.web.servlet.WebDriverTestExecutionListener.afterTestMethod(WebDriverTestExecutionListener.java:42)
	at org.springframework.test.context.TestContextManager.afterTestMethod(TestContextManager.java:487)
	at org.springframework.test.context.testng.AbstractTestNGSpringContextTests.springTestContextAfterTestMethod(AbstractTestNGSpringContextTests.java:183)
	at java.base/jdk.internal.reflect.DirectMethodHandleAccessor.invoke(DirectMethodHandleAccessor.java:103)
	at java.base/java.lang.reflect.Method.invoke(Method.java:580)
	at org.testng.internal.MethodInvocationHelper.invokeMethod(MethodInvocationHelper.java:134)
	at org.testng.internal.MethodInvocationHelper.invokeMethodConsideringTimeout(MethodInvocationHelper.java:63)
	at org.testng.internal.ConfigInvoker.invokeConfigurationMethod(ConfigInvoker.java:348)
	at org.testng.internal.ConfigInvoker.invokeConfigurations(ConfigInvoker.java:302)
	at org.testng.internal.TestInvoker.runConfigMethods(TestInvoker.java:695)
	at org.testng.internal.TestInvoker.runAfterGroupsConfigurations(TestInvoker.java:671)
	at org.testng.internal.TestInvoker.invokeMethod(TestInvoker.java:543)
	at org.testng.internal.TestInvoker.invokeTestMethod(TestInvoker.java:173)
	at org.testng.internal.MethodRunner.runInSequence(MethodRunner.java:46)
	at org.testng.internal.TestInvoker$MethodInvocationAgent.invoke(TestInvoker.java:816)
	at org.testng.internal.TestInvoker.invokeTestMethods(TestInvoker.java:146)
	at org.testng.internal.TestMethodWorker.invokeTestMethods(TestMethodWorker.java:146)
	at org.testng.internal.TestMethodWorker.run(TestMethodWorker.java:128)
	at java.base/java.util.ArrayList.forEach(ArrayList.java:1596)
	at org.testng.TestRunner.privateRun(TestRunner.java:766)
	at org.testng.TestRunner.run(TestRunner.java:587)
	at org.testng.SuiteRunner.runTest(SuiteRunner.java:384)
	at org.testng.SuiteRunner.runSequentially(SuiteRunner.java:378)
	at org.testng.SuiteRunner.privateRun(SuiteRunner.java:337)
	at org.testng.SuiteRunner.run(SuiteRunner.java:286)
	at org.testng.SuiteRunnerWorker.runSuite(SuiteRunnerWorker.java:53)
	at org.testng.SuiteRunnerWorker.run(SuiteRunnerWorker.java:96)
	at org.testng.TestNG.runSuitesSequentially(TestNG.java:1187)
	at org.testng.TestNG.runSuitesLocally(TestNG.java:1109)
	at org.testng.TestNG.runSuites(TestNG.java:1039)
	at org.testng.TestNG.run(TestNG.java:1007)
	at com.intellij.rt.testng.IDEARemoteTestNG.run(IDEARemoteTestNG.java:65)
	at com.intellij.rt.testng.RemoteTestNGStarter.main(RemoteTestNGStarter.java:105)
2025-07-10 11:36:40.063 [main] [traceId:] [userId:] DEBUG org.springframework.test.context.cache - Spring test ApplicationContext cache statistics: [DefaultContextCache@65f5cae3 size = 0, maxSize = 32, parentContextCount = 0, hitCount = 0, missCount = 4, failureCount = 1]
2025-07-10 11:36:40.063 [main] [traceId:] [userId:] WARN  o.springframework.test.context.TestContextManager - Caught exception while invoking 'afterTestMethod' callback on TestExecutionListener [org.springframework.boot.test.autoconfigure.web.servlet.MockMvcPrintOnlyOnFailureTestExecutionListener] for test method [public void com.bgpay.bgai.controller.IsolatedTestCase.testContextLoads()] and test instance [com.bgpay.bgai.controller.IsolatedTestCase@4ca8dbfa]
java.lang.IllegalStateException: ApplicationContext failure threshold (1) exceeded: skipping repeated attempt to load context for [WebMergedContextConfiguration@2b99c937 testClass = com.bgpay.bgai.controller.IsolatedTestCase, locations = [], classes = [com.bgpay.bgai.controller.IsolatedTestCase.TestConfig], contextInitializerClasses = [], activeProfiles = ["test"], propertySourceDescriptors = [PropertySourceDescriptor[locations=[], ignoreResourceNotFound=false, name=null, propertySourceFactory=null, encoding=null]], propertySourceProperties = ["spring.cloud.nacos.config.enabled=false", "spring.cloud.nacos.discovery.enabled=false", "spring.data.elasticsearch.repositories.enabled=false", "spring.elasticsearch.enabled=false", "rocketmq.enable=false", "spring.cloud.loadbalancer.enabled=false", "spring.cloud.discovery.enabled=false", "spring.cloud.config.enabled=false", "spring.cloud.consul.enabled=false", "spring.cloud.gateway.enabled=false", "spring.cloud.circuitbreaker.enabled=false", "seata.enabled=false", "saga.enabled=false", "org.springframework.boot.test.context.SpringBootTestContextBootstrapper=true"], contextCustomizers = [org.springframework.boot.test.context.filter.ExcludeFilterContextCustomizer@773c0293, org.springframework.boot.test.json.DuplicateJsonObjectContextCustomizerFactory$DuplicateJsonObjectContextCustomizer@3e48e859, org.springframework.boot.test.mock.mockito.MockitoContextCustomizer@0, org.springframework.boot.test.web.client.TestRestTemplateContextCustomizer@566d0c69, org.springframework.boot.test.web.reactive.server.WebTestClientContextCustomizer@151335cb, org.springframework.boot.test.autoconfigure.actuate.observability.ObservabilityContextCustomizerFactory$DisableObservabilityContextCustomizer@1f, org.springframework.boot.test.autoconfigure.properties.PropertyMappingContextCustomizer@0, org.springframework.boot.test.autoconfigure.web.servlet.WebDriverContextCustomizer@1698d7c0, org.springframework.boot.test.context.SpringBootTestAnnotation@89b79e12], resourceBasePath = "src/main/webapp", contextLoader = org.springframework.boot.test.context.SpringBootContextLoader, parent = null]
	at org.springframework.test.context.cache.DefaultCacheAwareContextLoaderDelegate.loadContext(DefaultCacheAwareContextLoaderDelegate.java:145)
	at org.springframework.test.context.support.DefaultTestContext.getApplicationContext(DefaultTestContext.java:130)
	at org.springframework.boot.test.autoconfigure.web.servlet.MockMvcPrintOnlyOnFailureTestExecutionListener.afterTestMethod(MockMvcPrintOnlyOnFailureTestExecutionListener.java:39)
	at org.springframework.test.context.TestContextManager.afterTestMethod(TestContextManager.java:487)
	at org.springframework.test.context.testng.AbstractTestNGSpringContextTests.springTestContextAfterTestMethod(AbstractTestNGSpringContextTests.java:183)
	at java.base/jdk.internal.reflect.DirectMethodHandleAccessor.invoke(DirectMethodHandleAccessor.java:103)
	at java.base/java.lang.reflect.Method.invoke(Method.java:580)
	at org.testng.internal.MethodInvocationHelper.invokeMethod(MethodInvocationHelper.java:134)
	at org.testng.internal.MethodInvocationHelper.invokeMethodConsideringTimeout(MethodInvocationHelper.java:63)
	at org.testng.internal.ConfigInvoker.invokeConfigurationMethod(ConfigInvoker.java:348)
	at org.testng.internal.ConfigInvoker.invokeConfigurations(ConfigInvoker.java:302)
	at org.testng.internal.TestInvoker.runConfigMethods(TestInvoker.java:695)
	at org.testng.internal.TestInvoker.runAfterGroupsConfigurations(TestInvoker.java:671)
	at org.testng.internal.TestInvoker.invokeMethod(TestInvoker.java:543)
	at org.testng.internal.TestInvoker.invokeTestMethod(TestInvoker.java:173)
	at org.testng.internal.MethodRunner.runInSequence(MethodRunner.java:46)
	at org.testng.internal.TestInvoker$MethodInvocationAgent.invoke(TestInvoker.java:816)
	at org.testng.internal.TestInvoker.invokeTestMethods(TestInvoker.java:146)
	at org.testng.internal.TestMethodWorker.invokeTestMethods(TestMethodWorker.java:146)
	at org.testng.internal.TestMethodWorker.run(TestMethodWorker.java:128)
	at java.base/java.util.ArrayList.forEach(ArrayList.java:1596)
	at org.testng.TestRunner.privateRun(TestRunner.java:766)
	at org.testng.TestRunner.run(TestRunner.java:587)
	at org.testng.SuiteRunner.runTest(SuiteRunner.java:384)
	at org.testng.SuiteRunner.runSequentially(SuiteRunner.java:378)
	at org.testng.SuiteRunner.privateRun(SuiteRunner.java:337)
	at org.testng.SuiteRunner.run(SuiteRunner.java:286)
	at org.testng.SuiteRunnerWorker.runSuite(SuiteRunnerWorker.java:53)
	at org.testng.SuiteRunnerWorker.run(SuiteRunnerWorker.java:96)
	at org.testng.TestNG.runSuitesSequentially(TestNG.java:1187)
	at org.testng.TestNG.runSuitesLocally(TestNG.java:1109)
	at org.testng.TestNG.runSuites(TestNG.java:1039)
	at org.testng.TestNG.run(TestNG.java:1007)
	at com.intellij.rt.testng.IDEARemoteTestNG.run(IDEARemoteTestNG.java:65)
	at com.intellij.rt.testng.RemoteTestNGStarter.main(RemoteTestNGStarter.java:105)
2025-07-10 11:36:40.064 [main] [traceId:] [userId:] DEBUG org.springframework.test.context.cache - Spring test ApplicationContext cache statistics: [DefaultContextCache@65f5cae3 size = 0, maxSize = 32, parentContextCount = 0, hitCount = 0, missCount = 5, failureCount = 1]
2025-07-10 11:36:40.065 [main] [traceId:] [userId:] WARN  o.springframework.test.context.TestContextManager - Caught exception while invoking 'afterTestMethod' callback on TestExecutionListener [org.springframework.boot.test.autoconfigure.web.client.MockRestServiceServerResetTestExecutionListener] for test method [public void com.bgpay.bgai.controller.IsolatedTestCase.testContextLoads()] and test instance [com.bgpay.bgai.controller.IsolatedTestCase@4ca8dbfa]
java.lang.IllegalStateException: ApplicationContext failure threshold (1) exceeded: skipping repeated attempt to load context for [WebMergedContextConfiguration@2b99c937 testClass = com.bgpay.bgai.controller.IsolatedTestCase, locations = [], classes = [com.bgpay.bgai.controller.IsolatedTestCase.TestConfig], contextInitializerClasses = [], activeProfiles = ["test"], propertySourceDescriptors = [PropertySourceDescriptor[locations=[], ignoreResourceNotFound=false, name=null, propertySourceFactory=null, encoding=null]], propertySourceProperties = ["spring.cloud.nacos.config.enabled=false", "spring.cloud.nacos.discovery.enabled=false", "spring.data.elasticsearch.repositories.enabled=false", "spring.elasticsearch.enabled=false", "rocketmq.enable=false", "spring.cloud.loadbalancer.enabled=false", "spring.cloud.discovery.enabled=false", "spring.cloud.config.enabled=false", "spring.cloud.consul.enabled=false", "spring.cloud.gateway.enabled=false", "spring.cloud.circuitbreaker.enabled=false", "seata.enabled=false", "saga.enabled=false", "org.springframework.boot.test.context.SpringBootTestContextBootstrapper=true"], contextCustomizers = [org.springframework.boot.test.context.filter.ExcludeFilterContextCustomizer@773c0293, org.springframework.boot.test.json.DuplicateJsonObjectContextCustomizerFactory$DuplicateJsonObjectContextCustomizer@3e48e859, org.springframework.boot.test.mock.mockito.MockitoContextCustomizer@0, org.springframework.boot.test.web.client.TestRestTemplateContextCustomizer@566d0c69, org.springframework.boot.test.web.reactive.server.WebTestClientContextCustomizer@151335cb, org.springframework.boot.test.autoconfigure.actuate.observability.ObservabilityContextCustomizerFactory$DisableObservabilityContextCustomizer@1f, org.springframework.boot.test.autoconfigure.properties.PropertyMappingContextCustomizer@0, org.springframework.boot.test.autoconfigure.web.servlet.WebDriverContextCustomizer@1698d7c0, org.springframework.boot.test.context.SpringBootTestAnnotation@89b79e12], resourceBasePath = "src/main/webapp", contextLoader = org.springframework.boot.test.context.SpringBootContextLoader, parent = null]
	at org.springframework.test.context.cache.DefaultCacheAwareContextLoaderDelegate.loadContext(DefaultCacheAwareContextLoaderDelegate.java:145)
	at org.springframework.test.context.support.DefaultTestContext.getApplicationContext(DefaultTestContext.java:130)
	at org.springframework.boot.test.autoconfigure.web.client.MockRestServiceServerResetTestExecutionListener.afterTestMethod(MockRestServiceServerResetTestExecutionListener.java:40)
	at org.springframework.test.context.TestContextManager.afterTestMethod(TestContextManager.java:487)
	at org.springframework.test.context.testng.AbstractTestNGSpringContextTests.springTestContextAfterTestMethod(AbstractTestNGSpringContextTests.java:183)
	at java.base/jdk.internal.reflect.DirectMethodHandleAccessor.invoke(DirectMethodHandleAccessor.java:103)
	at java.base/java.lang.reflect.Method.invoke(Method.java:580)
	at org.testng.internal.MethodInvocationHelper.invokeMethod(MethodInvocationHelper.java:134)
	at org.testng.internal.MethodInvocationHelper.invokeMethodConsideringTimeout(MethodInvocationHelper.java:63)
	at org.testng.internal.ConfigInvoker.invokeConfigurationMethod(ConfigInvoker.java:348)
	at org.testng.internal.ConfigInvoker.invokeConfigurations(ConfigInvoker.java:302)
	at org.testng.internal.TestInvoker.runConfigMethods(TestInvoker.java:695)
	at org.testng.internal.TestInvoker.runAfterGroupsConfigurations(TestInvoker.java:671)
	at org.testng.internal.TestInvoker.invokeMethod(TestInvoker.java:543)
	at org.testng.internal.TestInvoker.invokeTestMethod(TestInvoker.java:173)
	at org.testng.internal.MethodRunner.runInSequence(MethodRunner.java:46)
	at org.testng.internal.TestInvoker$MethodInvocationAgent.invoke(TestInvoker.java:816)
	at org.testng.internal.TestInvoker.invokeTestMethods(TestInvoker.java:146)
	at org.testng.internal.TestMethodWorker.invokeTestMethods(TestMethodWorker.java:146)
	at org.testng.internal.TestMethodWorker.run(TestMethodWorker.java:128)
	at java.base/java.util.ArrayList.forEach(ArrayList.java:1596)
	at org.testng.TestRunner.privateRun(TestRunner.java:766)
	at org.testng.TestRunner.run(TestRunner.java:587)
	at org.testng.SuiteRunner.runTest(SuiteRunner.java:384)
	at org.testng.SuiteRunner.runSequentially(SuiteRunner.java:378)
	at org.testng.SuiteRunner.privateRun(SuiteRunner.java:337)
	at org.testng.SuiteRunner.run(SuiteRunner.java:286)
	at org.testng.SuiteRunnerWorker.runSuite(SuiteRunnerWorker.java:53)
	at org.testng.SuiteRunnerWorker.run(SuiteRunnerWorker.java:96)
	at org.testng.TestNG.runSuitesSequentially(TestNG.java:1187)
	at org.testng.TestNG.runSuitesLocally(TestNG.java:1109)
	at org.testng.TestNG.runSuites(TestNG.java:1039)
	at org.testng.TestNG.run(TestNG.java:1007)
	at com.intellij.rt.testng.IDEARemoteTestNG.run(IDEARemoteTestNG.java:65)
	at com.intellij.rt.testng.RemoteTestNGStarter.main(RemoteTestNGStarter.java:105)
2025-07-10 11:36:40.065 [main] [traceId:] [userId:] DEBUG org.springframework.test.context.cache - Spring test ApplicationContext cache statistics: [DefaultContextCache@65f5cae3 size = 0, maxSize = 32, parentContextCount = 0, hitCount = 0, missCount = 6, failureCount = 1]
2025-07-10 11:36:40.065 [main] [traceId:] [userId:] WARN  o.springframework.test.context.TestContextManager - Caught exception while invoking 'afterTestMethod' callback on TestExecutionListener [org.springframework.boot.test.mock.mockito.ResetMocksTestExecutionListener] for test method [public void com.bgpay.bgai.controller.IsolatedTestCase.testContextLoads()] and test instance [com.bgpay.bgai.controller.IsolatedTestCase@4ca8dbfa]
java.lang.IllegalStateException: ApplicationContext failure threshold (1) exceeded: skipping repeated attempt to load context for [WebMergedContextConfiguration@2b99c937 testClass = com.bgpay.bgai.controller.IsolatedTestCase, locations = [], classes = [com.bgpay.bgai.controller.IsolatedTestCase.TestConfig], contextInitializerClasses = [], activeProfiles = ["test"], propertySourceDescriptors = [PropertySourceDescriptor[locations=[], ignoreResourceNotFound=false, name=null, propertySourceFactory=null, encoding=null]], propertySourceProperties = ["spring.cloud.nacos.config.enabled=false", "spring.cloud.nacos.discovery.enabled=false", "spring.data.elasticsearch.repositories.enabled=false", "spring.elasticsearch.enabled=false", "rocketmq.enable=false", "spring.cloud.loadbalancer.enabled=false", "spring.cloud.discovery.enabled=false", "spring.cloud.config.enabled=false", "spring.cloud.consul.enabled=false", "spring.cloud.gateway.enabled=false", "spring.cloud.circuitbreaker.enabled=false", "seata.enabled=false", "saga.enabled=false", "org.springframework.boot.test.context.SpringBootTestContextBootstrapper=true"], contextCustomizers = [org.springframework.boot.test.context.filter.ExcludeFilterContextCustomizer@773c0293, org.springframework.boot.test.json.DuplicateJsonObjectContextCustomizerFactory$DuplicateJsonObjectContextCustomizer@3e48e859, org.springframework.boot.test.mock.mockito.MockitoContextCustomizer@0, org.springframework.boot.test.web.client.TestRestTemplateContextCustomizer@566d0c69, org.springframework.boot.test.web.reactive.server.WebTestClientContextCustomizer@151335cb, org.springframework.boot.test.autoconfigure.actuate.observability.ObservabilityContextCustomizerFactory$DisableObservabilityContextCustomizer@1f, org.springframework.boot.test.autoconfigure.properties.PropertyMappingContextCustomizer@0, org.springframework.boot.test.autoconfigure.web.servlet.WebDriverContextCustomizer@1698d7c0, org.springframework.boot.test.context.SpringBootTestAnnotation@89b79e12], resourceBasePath = "src/main/webapp", contextLoader = org.springframework.boot.test.context.SpringBootContextLoader, parent = null]
	at org.springframework.test.context.cache.DefaultCacheAwareContextLoaderDelegate.loadContext(DefaultCacheAwareContextLoaderDelegate.java:145)
	at org.springframework.test.context.support.DefaultTestContext.getApplicationContext(DefaultTestContext.java:130)
	at org.springframework.boot.test.mock.mockito.ResetMocksTestExecutionListener.afterTestMethod(ResetMocksTestExecutionListener.java:67)
	at org.springframework.test.context.TestContextManager.afterTestMethod(TestContextManager.java:487)
	at org.springframework.test.context.testng.AbstractTestNGSpringContextTests.springTestContextAfterTestMethod(AbstractTestNGSpringContextTests.java:183)
	at java.base/jdk.internal.reflect.DirectMethodHandleAccessor.invoke(DirectMethodHandleAccessor.java:103)
	at java.base/java.lang.reflect.Method.invoke(Method.java:580)
	at org.testng.internal.MethodInvocationHelper.invokeMethod(MethodInvocationHelper.java:134)
	at org.testng.internal.MethodInvocationHelper.invokeMethodConsideringTimeout(MethodInvocationHelper.java:63)
	at org.testng.internal.ConfigInvoker.invokeConfigurationMethod(ConfigInvoker.java:348)
	at org.testng.internal.ConfigInvoker.invokeConfigurations(ConfigInvoker.java:302)
	at org.testng.internal.TestInvoker.runConfigMethods(TestInvoker.java:695)
	at org.testng.internal.TestInvoker.runAfterGroupsConfigurations(TestInvoker.java:671)
	at org.testng.internal.TestInvoker.invokeMethod(TestInvoker.java:543)
	at org.testng.internal.TestInvoker.invokeTestMethod(TestInvoker.java:173)
	at org.testng.internal.MethodRunner.runInSequence(MethodRunner.java:46)
	at org.testng.internal.TestInvoker$MethodInvocationAgent.invoke(TestInvoker.java:816)
	at org.testng.internal.TestInvoker.invokeTestMethods(TestInvoker.java:146)
	at org.testng.internal.TestMethodWorker.invokeTestMethods(TestMethodWorker.java:146)
	at org.testng.internal.TestMethodWorker.run(TestMethodWorker.java:128)
	at java.base/java.util.ArrayList.forEach(ArrayList.java:1596)
	at org.testng.TestRunner.privateRun(TestRunner.java:766)
	at org.testng.TestRunner.run(TestRunner.java:587)
	at org.testng.SuiteRunner.runTest(SuiteRunner.java:384)
	at org.testng.SuiteRunner.runSequentially(SuiteRunner.java:378)
	at org.testng.SuiteRunner.privateRun(SuiteRunner.java:337)
	at org.testng.SuiteRunner.run(SuiteRunner.java:286)
	at org.testng.SuiteRunnerWorker.runSuite(SuiteRunnerWorker.java:53)
	at org.testng.SuiteRunnerWorker.run(SuiteRunnerWorker.java:96)
	at org.testng.TestNG.runSuitesSequentially(TestNG.java:1187)
	at org.testng.TestNG.runSuitesLocally(TestNG.java:1109)
	at org.testng.TestNG.runSuites(TestNG.java:1039)
	at org.testng.TestNG.run(TestNG.java:1007)
	at com.intellij.rt.testng.IDEARemoteTestNG.run(IDEARemoteTestNG.java:65)
	at com.intellij.rt.testng.RemoteTestNGStarter.main(RemoteTestNGStarter.java:105)
2025-07-10 11:36:40.069 [main] [traceId:] [userId:] DEBUG o.s.t.c.s.DirtiesContextTestExecutionListener - After test method: class [IsolatedTestCase], method [testContextLoads], class annotated with @DirtiesContext [false] with mode [null], method annotated with @DirtiesContext [false] with mode [null]
2025-07-10 11:36:40.080 [main] [traceId:] [userId:] DEBUG o.s.t.c.s.DirtiesContextTestExecutionListener - After test class: class [IsolatedTestCase], class annotated with @DirtiesContext [false] with mode [null]
2025-07-10 11:41:30.260 [main] [traceId:] [userId:] WARN  com.alibaba.nacos.client.logging.NacosLogging - Load Logback Configuration of Nacos fail, message: Could not initialize Logback Nacos logging from classpath:nacos-logback.xml
2025-07-10 11:41:30.316 [main] [traceId:] [userId:] WARN  com.alibaba.nacos.client.logging.NacosLogging - Load Logback Configuration of Nacos fail, message: Could not initialize Logback Nacos logging from classpath:nacos-logback.xml
2025-07-10 11:41:30.501 [main] [traceId:] [userId:] WARN  com.alibaba.nacos.client.logging.NacosLogging - Load Logback Configuration of Nacos fail, message: Could not initialize Logback Nacos logging from classpath:nacos-logback.xml
2025-07-10 11:41:30.503 [main] [traceId:] [userId:] INFO  com.alibaba.nacos.client.utils.ParamUtil - [settings] [req-serv] nacos-server port:8848
2025-07-10 11:41:30.503 [main] [traceId:] [userId:] INFO  com.alibaba.nacos.client.utils.ParamUtil - [settings] [http-client] connect timeout:1000
2025-07-10 11:41:30.504 [main] [traceId:] [userId:] INFO  com.alibaba.nacos.client.utils.ParamUtil - PER_TASK_CONFIG_SIZE: 3000.0
2025-07-10 11:41:30.538 [main] [traceId:] [userId:] INFO  c.a.n.p.auth.spi.client.ClientAuthPluginManager - [ClientAuthPluginManager] Load ClientAuthService com.alibaba.nacos.client.auth.impl.NacosClientAuthServiceImpl success.
2025-07-10 11:41:30.538 [main] [traceId:] [userId:] INFO  c.a.n.p.auth.spi.client.ClientAuthPluginManager - [ClientAuthPluginManager] Load ClientAuthService com.alibaba.nacos.client.auth.ram.RamClientAuthServiceImpl success.
2025-07-10 11:41:30.542 [main] [traceId:] [userId:] INFO  c.a.n.client.auth.ram.identify.CredentialWatcher - null No credential found
2025-07-10 11:41:30.709 [main] [traceId:] [userId:] WARN  com.alibaba.nacos.client.logging.NacosLogging - Load Logback Configuration of Nacos fail, message: Could not initialize Logback Nacos logging from classpath:nacos-logback.xml
2025-07-10 11:41:31.626 [main] [traceId:] [userId:] WARN  c.a.cloud.nacos.client.NacosPropertySourceBuilder - Ignore the empty nacos configuration and get it based on dataId[common-dev.yaml] & group[DEFAULT_GROUP]
2025-07-10 11:41:31.640 [main] [traceId:] [userId:] WARN  c.a.cloud.nacos.client.NacosPropertySourceBuilder - Ignore the empty nacos configuration and get it based on dataId[bgtech-ai] & group[DEFAULT_GROUP]
2025-07-10 11:41:31.651 [main] [traceId:] [userId:] WARN  c.a.cloud.nacos.client.NacosPropertySourceBuilder - Ignore the empty nacos configuration and get it based on dataId[bgtech-ai.yaml] & group[DEFAULT_GROUP]
2025-07-10 11:41:31.663 [main] [traceId:] [userId:] WARN  c.a.cloud.nacos.client.NacosPropertySourceBuilder - Ignore the empty nacos configuration and get it based on dataId[bgtech-ai-test.yaml] & group[DEFAULT_GROUP]
2025-07-10 11:41:31.664 [main] [traceId:] [userId:] INFO  o.s.c.b.c.PropertySourceBootstrapConfiguration - Located property source: [BootstrapPropertySource {name='bootstrapProperties-bgtech-ai-test.yaml,DEFAULT_GROUP'}, BootstrapPropertySource {name='bootstrapProperties-bgtech-ai.yaml,DEFAULT_GROUP'}, BootstrapPropertySource {name='bootstrapProperties-bgtech-ai,DEFAULT_GROUP'}, BootstrapPropertySource {name='bootstrapProperties-common-dev.yaml,DEFAULT_GROUP'}]
2025-07-10 11:41:31.701 [main] [traceId:] [userId:] WARN  o.s.b.t.j.DuplicateJsonObjectContextCustomizerFactory$DuplicateJsonObjectContextCustomizer - 

Found multiple occurrences of org.json.JSONObject on the class path:

	jar:file:/C:/Users/Administrator/.m2/repository/com/vaadin/external/google/android-json/0.0.20131108.vaadin1/android-json-0.0.20131108.vaadin1.jar!/org/json/JSONObject.class
	jar:file:/C:/Users/Administrator/.m2/repository/org/json/json/20220320/json-20220320.jar!/org/json/JSONObject.class

You may wish to exclude one of them to ensure predictable runtime behavior

2025-07-10 11:41:31.705 [main] [traceId:] [userId:] WARN  com.alibaba.nacos.client.logging.NacosLogging - Load Logback Configuration of Nacos fail, message: Could not initialize Logback Nacos logging from classpath:nacos-logback.xml
2025-07-10 11:41:31.707 [main] [traceId:] [userId:] INFO  com.bgpay.bgai.controller.YamlDataDrivenApiTest - The following 2 profiles are active: "dev", "test"
2025-07-10 11:41:33.675 [main] [traceId:] [userId:] WARN  org.mybatis.spring.mapper.ClassPathMapperScanner - Skipping MapperFactoryBean with name 'fileTypeMapper' and 'com.bgpay.bgai.mapper.FileTypeMapper' mapperInterface. Bean already defined with the same name!
2025-07-10 11:41:33.675 [main] [traceId:] [userId:] WARN  org.mybatis.spring.mapper.ClassPathMapperScanner - Skipping MapperFactoryBean with name 'usageRecordMapper' and 'com.bgpay.bgai.mapper.UsageRecordMapper' mapperInterface. Bean already defined with the same name!
2025-07-10 11:41:33.698 [main] [traceId:] [userId:] WARN  o.s.c.annotation.ConfigurationClassPostProcessor - Cannot enhance @Configuration bean definition 'webClientQualifierResolver' since its singleton instance has been created too early. The typical cause is a non-static @Bean method with a BeanDefinitionRegistryPostProcessor return type: Consider declaring such methods as 'static' and/or marking the containing configuration class as 'proxyBeanMethods=false'.
2025-07-10 11:41:36.683 [main] [traceId:] [userId:] INFO  com.bgpay.bgai.config.SeataDisableConfiguration - SeataDisableConfiguration已加载，Seata在测试环境中被禁用
2025-07-10 11:41:36.683 [main] [traceId:] [userId:] INFO  com.bgpay.bgai.config.SeataDisableConfiguration - 设置系统属性: seata.enabled=false, saga.enabled=false
2025-07-10 11:41:36.792 [main] [traceId:] [userId:] INFO  c.bgpay.bgai.config.NacosRouteDefinitionRepository - 初始化Nacos路由定义存储库
2025-07-10 11:41:36.947 [main] [traceId:] [userId:] WARN  c.bgpay.bgai.config.NacosRouteDefinitionRepository - Nacos中未找到路由定义配置
2025-07-10 11:41:36.964 [main] [traceId:] [userId:] INFO  c.bgpay.bgai.service.impl.DynamicRouteServiceImpl - 初始化动态路由服务
2025-07-10 11:41:37.302 [main] [traceId:] [userId:] WARN  c.bgpay.bgai.service.impl.DynamicRouteServiceImpl - Nacos中没有找到路由配置，使用默认配置
2025-07-10 11:41:37.303 [main] [traceId:] [userId:] INFO  c.bgpay.bgai.service.impl.DynamicRouteServiceImpl - 注册Nacos配置监听器成功
2025-07-10 11:41:37.309 [main] [traceId:] [userId:] INFO  com.bgpay.bgai.config.NacosRouteConfigListener - 初始化Nacos路由配置监听器
2025-07-10 11:41:37.465 [main] [traceId:] [userId:] WARN  com.bgpay.bgai.config.NacosRouteConfigListener - Nacos中未找到路由配置数据
2025-07-10 11:41:37.972 [main] [traceId:] [userId:] INFO  com.bgpay.bgai.controller.FeignDemoController - FeignDemoController initialized with UserServiceClient and LocalUserServiceClient
2025-07-10 11:41:39.050 [main] [traceId:] [userId:] INFO  io.seata.config.ConfigurationFactory - load Configuration from :Spring Configuration
2025-07-10 11:41:39.061 [main] [traceId:] [userId:] INFO  io.seata.config.ConfigurationFactory - load Configuration from :Spring Configuration
2025-07-10 11:41:39.067 [main] [traceId:] [userId:] INFO  io.seata.rm.datasource.AsyncWorker - Async Commit Buffer Limit: 10000
2025-07-10 11:41:39.072 [main] [traceId:] [userId:] INFO  io.seata.rm.datasource.xa.ResourceManagerXA - ResourceManagerXA init ...
2025-07-10 11:41:39.865 [main] [traceId:] [userId:] INFO  com.bgpay.bgai.seata.SagaStateMachineConfig - 加载到2个Saga状态机定义文件
2025-07-10 11:41:40.032 [main] [traceId:] [userId:] INFO  com.bgpay.bgai.saga.CustomSagaJsonParser - 开始解析状态机定义: bgai-saga-transaction
2025-07-10 11:41:40.033 [main] [traceId:] [userId:] INFO  com.bgpay.bgai.saga.CustomSagaJsonParser - 状态机 [bgai-saga-transaction] 原始版本: 0.0.5, 动态生成的新版本: 250710.114140.1db1
2025-07-10 11:41:40.034 [main] [traceId:] [userId:] INFO  com.bgpay.bgai.saga.CustomSagaJsonParser - 状态机定义解析成功: bgai-saga-transaction, 已更新版本号: 250710.114140.1db1
2025-07-10 11:41:40.034 [main] [traceId:] [userId:] INFO  com.bgpay.bgai.seata.SagaStateMachineConfig - 成功加载状态机定义: /E:/project/bgai/target/classes/statelang/bgai-saga-transaction.json
2025-07-10 11:41:40.040 [main] [traceId:] [userId:] INFO  com.bgpay.bgai.saga.CustomSagaJsonParser - 开始解析状态机定义: ChatCompletionSaga
2025-07-10 11:41:40.041 [main] [traceId:] [userId:] INFO  com.bgpay.bgai.saga.CustomSagaJsonParser - 状态机 [ChatCompletionSaga] 原始版本: 0.0.5, 动态生成的新版本: 250710.114140.ae61
2025-07-10 11:41:40.041 [main] [traceId:] [userId:] INFO  com.bgpay.bgai.saga.CustomSagaJsonParser - 状态机定义解析成功: ChatCompletionSaga, 已更新版本号: 250710.114140.ae61
2025-07-10 11:41:40.041 [main] [traceId:] [userId:] INFO  com.bgpay.bgai.seata.SagaStateMachineConfig - 成功加载状态机定义: /E:/project/bgai/target/classes/statelang/chat_completion_saga.json
2025-07-10 11:41:40.041 [main] [traceId:] [userId:] INFO  com.bgpay.bgai.seata.SagaStateMachineConfig - 已设置saga.state-machine.auto-register=false，防止状态机重复注册
2025-07-10 11:41:40.211 [main] [traceId:] [userId:] INFO  com.bgpay.bgai.config.RestTemplateConfig - Creating RestTemplate bean using SimpleClientHttpRequestFactory
2025-07-10 11:41:40.253 [main] [traceId:] [userId:] INFO  com.bgpay.bgai.seata.SeataTransactionListener - Seata事务监听器初始化
2025-07-10 11:41:40.254 [main] [traceId:] [userId:] INFO  com.bgpay.bgai.seata.SeataTransactionListener - 已设置seata.saga.state-machine.auto-register=false，防止状态机重复注册
2025-07-10 11:41:42.500 [main] [traceId:] [userId:] INFO  com.bgpay.bgai.service.mq.RocketMQProducerService - Initializing RocketMQProducerService with producer group: test-group, nameServer: 8.133.246.113:9876
2025-07-10 11:41:42.510 [main] [traceId:] [userId:] INFO  com.bgpay.bgai.service.mq.RocketMQProducerService - RocketMQ producer started successfully
2025-07-10 11:41:42.918 [main] [traceId:] [userId:] INFO  com.bgpay.bgai.service.deepseek.ConfigLoader - 配置文件 deepseek-config.properties 加载成功
2025-07-10 11:41:43.035 [main] [traceId:] [userId:] WARN  o.s.w.context.support.GenericWebApplicationContext - Exception encountered during context initialization - cancelling refresh attempt: org.springframework.beans.factory.UnsatisfiedDependencyException: Error creating bean with name 'loadBalancedWebClient' defined in class path resource [com/bgpay/bgai/config/WebClientTestOverrideConfig.class]: Unsatisfied dependency expressed through method 'loadBalancedWebClient' parameter 0: No qualifying bean of type 'org.springframework.web.reactive.function.client.WebClient$Builder' available: more than one 'primary' bean found among candidates: [loadBalancedWebClientBuilder, webClientBuilder, discoveryWebClientBuilder]
2025-07-10 11:41:43.072 [main] [traceId:] [userId:] INFO  com.bgpay.bgai.service.mq.RocketMQProducerService - RocketMQ producer shutdown
2025-07-10 11:41:43.116 [main] [traceId:] [userId:] INFO  c.bgpay.bgai.service.impl.DynamicRouteServiceImpl - 动态路由服务关闭，执行清理操作
2025-07-10 11:41:43.121 [main] [traceId:] [userId:] INFO  o.s.b.a.logging.ConditionEvaluationReportLogger - 

Error starting ApplicationContext. To display the condition evaluation report re-run your application with 'debug' enabled.
2025-07-10 11:41:43.143 [main] [traceId:] [userId:] ERROR org.springframework.boot.SpringApplication - Application run failed
org.springframework.beans.factory.UnsatisfiedDependencyException: Error creating bean with name 'loadBalancedWebClient' defined in class path resource [com/bgpay/bgai/config/WebClientTestOverrideConfig.class]: Unsatisfied dependency expressed through method 'loadBalancedWebClient' parameter 0: No qualifying bean of type 'org.springframework.web.reactive.function.client.WebClient$Builder' available: more than one 'primary' bean found among candidates: [loadBalancedWebClientBuilder, webClientBuilder, discoveryWebClientBuilder]
	at org.springframework.beans.factory.support.ConstructorResolver.createArgumentArray(ConstructorResolver.java:795)
	at org.springframework.beans.factory.support.ConstructorResolver.instantiateUsingFactoryMethod(ConstructorResolver.java:542)
	at org.springframework.beans.factory.support.AbstractAutowireCapableBeanFactory.instantiateUsingFactoryMethod(AbstractAutowireCapableBeanFactory.java:1335)
	at org.springframework.beans.factory.support.AbstractAutowireCapableBeanFactory.createBeanInstance(AbstractAutowireCapableBeanFactory.java:1165)
	at org.springframework.beans.factory.support.AbstractAutowireCapableBeanFactory.doCreateBean(AbstractAutowireCapableBeanFactory.java:562)
	at org.springframework.beans.factory.support.AbstractAutowireCapableBeanFactory.createBean(AbstractAutowireCapableBeanFactory.java:522)
	at org.springframework.beans.factory.support.AbstractBeanFactory.lambda$doGetBean$0(AbstractBeanFactory.java:326)
	at org.springframework.beans.factory.support.DefaultSingletonBeanRegistry.getSingleton(DefaultSingletonBeanRegistry.java:234)
	at org.springframework.beans.factory.support.AbstractBeanFactory.doGetBean(AbstractBeanFactory.java:324)
	at org.springframework.beans.factory.support.AbstractBeanFactory.getBean(AbstractBeanFactory.java:200)
	at org.springframework.beans.factory.support.DefaultListableBeanFactory.preInstantiateSingletons(DefaultListableBeanFactory.java:975)
	at org.springframework.context.support.AbstractApplicationContext.finishBeanFactoryInitialization(AbstractApplicationContext.java:962)
	at org.springframework.context.support.AbstractApplicationContext.refresh(AbstractApplicationContext.java:624)
	at org.springframework.boot.SpringApplication.refresh(SpringApplication.java:754)
	at org.springframework.boot.SpringApplication.refreshContext(SpringApplication.java:456)
	at org.springframework.boot.SpringApplication.run(SpringApplication.java:334)
	at org.springframework.boot.test.context.SpringBootContextLoader.lambda$loadContext$3(SpringBootContextLoader.java:137)
	at org.springframework.util.function.ThrowingSupplier.get(ThrowingSupplier.java:58)
	at org.springframework.util.function.ThrowingSupplier.get(ThrowingSupplier.java:46)
	at org.springframework.boot.SpringApplication.withHook(SpringApplication.java:1454)
	at org.springframework.boot.test.context.SpringBootContextLoader$ContextLoaderHook.run(SpringBootContextLoader.java:553)
	at org.springframework.boot.test.context.SpringBootContextLoader.loadContext(SpringBootContextLoader.java:137)
	at org.springframework.boot.test.context.SpringBootContextLoader.loadContext(SpringBootContextLoader.java:108)
	at org.springframework.test.context.cache.DefaultCacheAwareContextLoaderDelegate.loadContextInternal(DefaultCacheAwareContextLoaderDelegate.java:225)
	at org.springframework.test.context.cache.DefaultCacheAwareContextLoaderDelegate.loadContext(DefaultCacheAwareContextLoaderDelegate.java:152)
	at org.springframework.test.context.support.DefaultTestContext.getApplicationContext(DefaultTestContext.java:130)
	at org.springframework.boot.test.mock.mockito.MockitoTestExecutionListener.postProcessFields(MockitoTestExecutionListener.java:122)
	at org.springframework.boot.test.mock.mockito.MockitoTestExecutionListener.injectFields(MockitoTestExecutionListener.java:106)
	at org.springframework.boot.test.mock.mockito.MockitoTestExecutionListener.prepareTestInstance(MockitoTestExecutionListener.java:63)
	at org.springframework.test.context.TestContextManager.prepareTestInstance(TestContextManager.java:260)
	at org.springframework.test.context.testng.AbstractTestNGSpringContextTests.springTestContextPrepareTestInstance(AbstractTestNGSpringContextTests.java:119)
	at java.base/jdk.internal.reflect.DirectMethodHandleAccessor.invoke(DirectMethodHandleAccessor.java:103)
	at java.base/java.lang.reflect.Method.invoke(Method.java:580)
	at org.testng.internal.MethodInvocationHelper.invokeMethod(MethodInvocationHelper.java:134)
	at org.testng.internal.MethodInvocationHelper.invokeMethodConsideringTimeout(MethodInvocationHelper.java:63)
	at org.testng.internal.ConfigInvoker.invokeConfigurationMethod(ConfigInvoker.java:348)
	at org.testng.internal.ConfigInvoker.invokeConfigurations(ConfigInvoker.java:302)
	at org.testng.internal.TestMethodWorker.invokeBeforeClassMethods(TestMethodWorker.java:176)
	at org.testng.internal.TestMethodWorker.run(TestMethodWorker.java:122)
	at java.base/java.util.ArrayList.forEach(ArrayList.java:1596)
	at org.testng.TestRunner.privateRun(TestRunner.java:766)
	at org.testng.TestRunner.run(TestRunner.java:587)
	at org.testng.SuiteRunner.runTest(SuiteRunner.java:384)
	at org.testng.SuiteRunner.runSequentially(SuiteRunner.java:378)
	at org.testng.SuiteRunner.privateRun(SuiteRunner.java:337)
	at org.testng.SuiteRunner.run(SuiteRunner.java:286)
	at org.testng.SuiteRunnerWorker.runSuite(SuiteRunnerWorker.java:53)
	at org.testng.SuiteRunnerWorker.run(SuiteRunnerWorker.java:96)
	at org.testng.TestNG.runSuitesSequentially(TestNG.java:1187)
	at org.testng.TestNG.runSuitesLocally(TestNG.java:1109)
	at org.testng.TestNG.runSuites(TestNG.java:1039)
	at org.testng.TestNG.run(TestNG.java:1007)
	at com.intellij.rt.testng.IDEARemoteTestNG.run(IDEARemoteTestNG.java:65)
	at com.intellij.rt.testng.RemoteTestNGStarter.main(RemoteTestNGStarter.java:105)
Caused by: org.springframework.beans.factory.NoUniqueBeanDefinitionException: No qualifying bean of type 'org.springframework.web.reactive.function.client.WebClient$Builder' available: more than one 'primary' bean found among candidates: [loadBalancedWebClientBuilder, webClientBuilder, discoveryWebClientBuilder]
	at org.springframework.beans.factory.support.DefaultListableBeanFactory.determinePrimaryCandidate(DefaultListableBeanFactory.java:1755)
	at org.springframework.beans.factory.support.DefaultListableBeanFactory.determineAutowireCandidate(DefaultListableBeanFactory.java:1715)
	at org.springframework.beans.factory.support.DefaultListableBeanFactory.doResolveDependency(DefaultListableBeanFactory.java:1416)
	at org.springframework.beans.factory.support.DefaultListableBeanFactory.resolveDependency(DefaultListableBeanFactory.java:1353)
	at org.springframework.beans.factory.support.ConstructorResolver.resolveAutowiredArgument(ConstructorResolver.java:904)
	at org.springframework.beans.factory.support.ConstructorResolver.createArgumentArray(ConstructorResolver.java:782)
	... 53 common frames omitted
2025-07-10 11:41:43.159 [main] [traceId:] [userId:] DEBUG org.springframework.test.context.cache - Spring test ApplicationContext cache statistics: [DefaultContextCache@50fc7fff size = 0, maxSize = 32, parentContextCount = 0, hitCount = 0, missCount = 1, failureCount = 1]
2025-07-10 11:41:43.159 [main] [traceId:] [userId:] WARN  o.springframework.test.context.TestContextManager - Caught exception while allowing TestExecutionListener [org.springframework.boot.test.mock.mockito.MockitoTestExecutionListener] to prepare test instance [com.bgpay.bgai.controller.YamlDataDrivenApiTest@7c8f9c2e]
java.lang.IllegalStateException: Failed to load ApplicationContext for [WebMergedContextConfiguration@25ad5498 testClass = com.bgpay.bgai.controller.YamlDataDrivenApiTest, locations = [], classes = [com.bgpay.bgai.BgaiApplication], contextInitializerClasses = [], activeProfiles = ["test"], propertySourceDescriptors = [PropertySourceDescriptor[locations=[], ignoreResourceNotFound=false, name=null, propertySourceFactory=null, encoding=null]], propertySourceProperties = ["spring.main.allow-bean-definition-overriding=true", "seata.enabled=false", "saga.enabled=false", "seata.saga.state-machine.auto-register=false", "spring.cloud.loadbalancer.enabled=false", "spring.cloud.discovery.enabled=false", "spring.cloud.config.enabled=false", "spring.cloud.consul.enabled=false", "spring.cloud.gateway.enabled=false", "spring.cloud.circuitbreaker.enabled=false", "spring.main.web-application-type=servlet", "spring.validation.is-method-validation-bean-post-processor-enabled=false", "rocketmq.messageConsumer.enabled=false", "rocketmq.producer.enable=false", "rocketmq.name-server=8.133.246.113:9876", "rocketmq.producer.group=test-group", "spring.data.elasticsearch.repositories.enabled=false", "spring.elasticsearch.enabled=false", "spring.webflux.base-path=/api", "spring.autoconfigure.exclude=org.springframework.boot.autoconfigure.web.reactive.function.client.WebClientAutoConfiguration", "org.springframework.boot.test.autoconfigure.web.servlet.WebMvcTestContextBootstrapper=true"], contextCustomizers = [[ImportsContextCustomizer@1debc358 key = [@org.springframework.boot.test.autoconfigure.web.servlet.AutoConfigureWebMvc(), @org.springframework.boot.test.autoconfigure.properties.PropertyMapping(skip=NO, value="spring.test.mockmvc"), @org.springframework.boot.test.autoconfigure.filter.TypeExcludeFilters(value={org.springframework.boot.test.autoconfigure.web.servlet.WebMvcTypeExcludeFilter.class}), @org.springframework.boot.test.autoconfigure.core.AutoConfigureCache(cacheProvider=NONE), @org.springframework.test.context.TestPropertySource(encoding="", factory=org.springframework.core.io.support.PropertySourceFactory.class, inheritLocations=true, inheritProperties=true, locations={}, properties={"spring.main.allow-bean-definition-overriding=true", "seata.enabled=false", "saga.enabled=false", "seata.saga.state-machine.auto-register=false", "spring.cloud.loadbalancer.enabled=false", "spring.cloud.discovery.enabled=false", "spring.cloud.config.enabled=false", "spring.cloud.consul.enabled=false", "spring.cloud.gateway.enabled=false", "spring.cloud.circuitbreaker.enabled=false", "spring.main.web-application-type=servlet", "spring.validation.is-method-validation-bean-post-processor-enabled=false", "rocketmq.messageConsumer.enabled=false", "rocketmq.producer.enable=false", "rocketmq.name-server=8.133.246.113:9876", "rocketmq.producer.group=test-group", "spring.data.elasticsearch.repositories.enabled=false", "spring.elasticsearch.enabled=false", "spring.webflux.base-path=/api", "spring.autoconfigure.exclude=org.springframework.boot.autoconfigure.web.reactive.function.client.WebClientAutoConfiguration"}, value={}), @org.springframework.test.context.BootstrapWith(value=org.springframework.boot.test.autoconfigure.web.servlet.WebMvcTestContextBootstrapper.class), @org.springframework.boot.test.autoconfigure.web.servlet.AutoConfigureMockMvc(webDriverEnabled=true, print=DEFAULT, webClientEnabled=true, printOnlyOnFailure=true, addFilters=true), @io.qameta.allure.LabelAnnotation(name="feature", value="$$$$$$$$__value__$$$$$$$$"), @org.springframework.boot.autoconfigure.ImportAutoConfiguration(classes={}, exclude={org.springframework.boot.autoconfigure.security.servlet.SecurityAutoConfiguration.class, org.springframework.boot.autoconfigure.validation.ValidationAutoConfiguration.class, org.apache.rocketmq.spring.autoconfigure.RocketMQAutoConfiguration.class, org.apache.rocketmq.spring.autoconfigure.ListenerContainerConfiguration.class, org.apache.rocketmq.spring.autoconfigure.RocketMQTransactionConfiguration.class, org.apache.rocketmq.spring.autoconfigure.ExtConsumerResetConfiguration.class, org.springframework.boot.autoconfigure.data.elasticsearch.ElasticsearchDataAutoConfiguration.class, org.springframework.boot.autoconfigure.data.elasticsearch.ElasticsearchRepositoriesAutoConfiguration.class, org.springframework.boot.autoconfigure.data.elasticsearch.ReactiveElasticsearchRepositoriesAutoConfiguration.class}, value={}), @io.qameta.allure.Feature("API\u6d4b\u8bd5"), @org.apiguardian.api.API(consumers={"*"}, since="5.0", status=STABLE), @org.springframework.boot.autoconfigure.ImportAutoConfiguration(classes={}, exclude={}, value={}), @org.springframework.context.annotation.Import(value={org.springframework.boot.autoconfigure.ImportAutoConfigurationImportSelector.class}), @org.springframework.boot.test.autoconfigure.web.servlet.WebMvcTest(controllers={com.bgpay.bgai.controller.AuthController.class, com.bgpay.bgai.controller.ServiceDiscoveryExampleController.class, com.bgpay.bgai.controller.FeignDemoController.class}, excludeAutoConfiguration={org.springframework.boot.autoconfigure.security.servlet.SecurityAutoConfiguration.class, org.springframework.boot.autoconfigure.validation.ValidationAutoConfiguration.class, org.apache.rocketmq.spring.autoconfigure.RocketMQAutoConfiguration.class, org.apache.rocketmq.spring.autoconfigure.ListenerContainerConfiguration.class, org.apache.rocketmq.spring.autoconfigure.RocketMQTransactionConfiguration.class, org.apache.rocketmq.spring.autoconfigure.ExtConsumerResetConfiguration.class, org.springframework.boot.autoconfigure.data.elasticsearch.ElasticsearchDataAutoConfiguration.class, org.springframework.boot.autoconfigure.data.elasticsearch.ElasticsearchRepositoriesAutoConfiguration.class, org.springframework.boot.autoconfigure.data.elasticsearch.ReactiveElasticsearchRepositoriesAutoConfiguration.class}, excludeFilters={}, includeFilters={}, properties={}, useDefaultFilters=true, value={com.bgpay.bgai.controller.AuthController.class, com.bgpay.bgai.controller.ServiceDiscoveryExampleController.class, com.bgpay.bgai.controller.FeignDemoController.class}), @org.springframework.test.context.ActiveProfiles(inheritProfiles=true, profiles={"test"}, resolver=org.springframework.test.context.ActiveProfilesResolver.class, value={"test"}), @org.springframework.context.annotation.Import({com.bgpay.bgai.config.WebClientCircularDependencyResolver.class, com.bgpay.bgai.config.WebClientConfigExcluder.class, com.bgpay.bgai.config.WebClientQualifierResolver.class, com.bgpay.bgai.config.GatewayRouteMockConfig.class, com.bgpay.bgai.config.GatewayRouteConfigMock.class, com.bgpay.bgai.config.UnifiedEnvironmentConfig.class, com.bgpay.bgai.config.MockMvcTestConfig.class, com.bgpay.bgai.config.WebMvcAutoConfigurationDisabler.class, com.bgpay.bgai.config.WebClientTestConfig.class, com.bgpay.bgai.config.WebClientBuilderUnifier.class, com.bgpay.bgai.config.WebClientTestOverrideConfig.class, com.bgpay.bgai.config.WebClientAutoConfigurationExcluder.class, com.bgpay.bgai.config.ExcludeMainWebClientConfig.class, com.bgpay.bgai.config.WebClientBeanExclusionConfig.class, com.bgpay.bgai.config.DeepSeekWebClientMockConfig.class, com.bgpay.bgai.config.WebClientConfigMock.class, com.bgpay.bgai.config.WebClientConfigOverrideConfig.class, com.bgpay.bgai.config.ReactiveWebMockConfig.class, com.bgpay.bgai.config.TestPropertySourceConfig.class, com.bgpay.bgai.config.EnhancedChatControllerMockConfig.class, com.bgpay.bgai.config.ChatWebFilterMockConfig.class, com.bgpay.bgai.config.ChatRecordRepositoryMockConfig.class, com.bgpay.bgai.config.ElasticsearchMockConfig.class, com.bgpay.bgai.config.ElasticsearchAutoConfigurationDisabler.class, com.bgpay.bgai.config.RocketMQMockConfig.class, com.bgpay.bgai.config.DataSourceAutoConfigurationDisabler.class, com.bgpay.bgai.config.FileTypeServiceMockConfig.class, com.bgpay.bgai.config.CacheWarmerMockConfig.class, com.bgpay.bgai.config.RedisAutoConfigurationDisabler.class, com.bgpay.bgai.config.FeignAutoConfigurationDisabler.class, com.bgpay.bgai.config.RedisTemplateQualifierConfig.class}), @org.springframework.boot.test.autoconfigure.OverrideAutoConfiguration(enabled=false)]], org.springframework.boot.test.context.filter.ExcludeFilterContextCustomizer@2ba33e2c, org.springframework.boot.test.json.DuplicateJsonObjectContextCustomizerFactory$DuplicateJsonObjectContextCustomizer@5fad41be, org.springframework.boot.test.mock.mockito.MockitoContextCustomizer@5440ce0c, org.springframework.boot.test.autoconfigure.OverrideAutoConfigurationContextCustomizerFactory$DisableAutoConfigurationContextCustomizer@14bf57b2, org.springframework.boot.test.autoconfigure.actuate.observability.ObservabilityContextCustomizerFactory$DisableObservabilityContextCustomizer@1f, org.springframework.boot.test.autoconfigure.filter.TypeExcludeFiltersContextCustomizer@a42c78c9, org.springframework.boot.test.autoconfigure.properties.PropertyMappingContextCustomizer@e96e84f5, org.springframework.boot.test.autoconfigure.web.servlet.WebDriverContextCustomizer@2125ad3, org.springframework.boot.test.context.SpringBootTestAnnotation@bf0f2f04], resourceBasePath = "src/main/webapp", contextLoader = org.springframework.boot.test.context.SpringBootContextLoader, parent = null]
	at org.springframework.test.context.cache.DefaultCacheAwareContextLoaderDelegate.loadContext(DefaultCacheAwareContextLoaderDelegate.java:180)
	at org.springframework.test.context.support.DefaultTestContext.getApplicationContext(DefaultTestContext.java:130)
	at org.springframework.boot.test.mock.mockito.MockitoTestExecutionListener.postProcessFields(MockitoTestExecutionListener.java:122)
	at org.springframework.boot.test.mock.mockito.MockitoTestExecutionListener.injectFields(MockitoTestExecutionListener.java:106)
	at org.springframework.boot.test.mock.mockito.MockitoTestExecutionListener.prepareTestInstance(MockitoTestExecutionListener.java:63)
	at org.springframework.test.context.TestContextManager.prepareTestInstance(TestContextManager.java:260)
	at org.springframework.test.context.testng.AbstractTestNGSpringContextTests.springTestContextPrepareTestInstance(AbstractTestNGSpringContextTests.java:119)
	at java.base/jdk.internal.reflect.DirectMethodHandleAccessor.invoke(DirectMethodHandleAccessor.java:103)
	at java.base/java.lang.reflect.Method.invoke(Method.java:580)
	at org.testng.internal.MethodInvocationHelper.invokeMethod(MethodInvocationHelper.java:134)
	at org.testng.internal.MethodInvocationHelper.invokeMethodConsideringTimeout(MethodInvocationHelper.java:63)
	at org.testng.internal.ConfigInvoker.invokeConfigurationMethod(ConfigInvoker.java:348)
	at org.testng.internal.ConfigInvoker.invokeConfigurations(ConfigInvoker.java:302)
	at org.testng.internal.TestMethodWorker.invokeBeforeClassMethods(TestMethodWorker.java:176)
	at org.testng.internal.TestMethodWorker.run(TestMethodWorker.java:122)
	at java.base/java.util.ArrayList.forEach(ArrayList.java:1596)
	at org.testng.TestRunner.privateRun(TestRunner.java:766)
	at org.testng.TestRunner.run(TestRunner.java:587)
	at org.testng.SuiteRunner.runTest(SuiteRunner.java:384)
	at org.testng.SuiteRunner.runSequentially(SuiteRunner.java:378)
	at org.testng.SuiteRunner.privateRun(SuiteRunner.java:337)
	at org.testng.SuiteRunner.run(SuiteRunner.java:286)
	at org.testng.SuiteRunnerWorker.runSuite(SuiteRunnerWorker.java:53)
	at org.testng.SuiteRunnerWorker.run(SuiteRunnerWorker.java:96)
	at org.testng.TestNG.runSuitesSequentially(TestNG.java:1187)
	at org.testng.TestNG.runSuitesLocally(TestNG.java:1109)
	at org.testng.TestNG.runSuites(TestNG.java:1039)
	at org.testng.TestNG.run(TestNG.java:1007)
	at com.intellij.rt.testng.IDEARemoteTestNG.run(IDEARemoteTestNG.java:65)
	at com.intellij.rt.testng.RemoteTestNGStarter.main(RemoteTestNGStarter.java:105)
Caused by: org.springframework.beans.factory.UnsatisfiedDependencyException: Error creating bean with name 'loadBalancedWebClient' defined in class path resource [com/bgpay/bgai/config/WebClientTestOverrideConfig.class]: Unsatisfied dependency expressed through method 'loadBalancedWebClient' parameter 0: No qualifying bean of type 'org.springframework.web.reactive.function.client.WebClient$Builder' available: more than one 'primary' bean found among candidates: [loadBalancedWebClientBuilder, webClientBuilder, discoveryWebClientBuilder]
	at org.springframework.beans.factory.support.ConstructorResolver.createArgumentArray(ConstructorResolver.java:795)
	at org.springframework.beans.factory.support.ConstructorResolver.instantiateUsingFactoryMethod(ConstructorResolver.java:542)
	at org.springframework.beans.factory.support.AbstractAutowireCapableBeanFactory.instantiateUsingFactoryMethod(AbstractAutowireCapableBeanFactory.java:1335)
	at org.springframework.beans.factory.support.AbstractAutowireCapableBeanFactory.createBeanInstance(AbstractAutowireCapableBeanFactory.java:1165)
	at org.springframework.beans.factory.support.AbstractAutowireCapableBeanFactory.doCreateBean(AbstractAutowireCapableBeanFactory.java:562)
	at org.springframework.beans.factory.support.AbstractAutowireCapableBeanFactory.createBean(AbstractAutowireCapableBeanFactory.java:522)
	at org.springframework.beans.factory.support.AbstractBeanFactory.lambda$doGetBean$0(AbstractBeanFactory.java:326)
	at org.springframework.beans.factory.support.DefaultSingletonBeanRegistry.getSingleton(DefaultSingletonBeanRegistry.java:234)
	at org.springframework.beans.factory.support.AbstractBeanFactory.doGetBean(AbstractBeanFactory.java:324)
	at org.springframework.beans.factory.support.AbstractBeanFactory.getBean(AbstractBeanFactory.java:200)
	at org.springframework.beans.factory.support.DefaultListableBeanFactory.preInstantiateSingletons(DefaultListableBeanFactory.java:975)
	at org.springframework.context.support.AbstractApplicationContext.finishBeanFactoryInitialization(AbstractApplicationContext.java:962)
	at org.springframework.context.support.AbstractApplicationContext.refresh(AbstractApplicationContext.java:624)
	at org.springframework.boot.SpringApplication.refresh(SpringApplication.java:754)
	at org.springframework.boot.SpringApplication.refreshContext(SpringApplication.java:456)
	at org.springframework.boot.SpringApplication.run(SpringApplication.java:334)
	at org.springframework.boot.test.context.SpringBootContextLoader.lambda$loadContext$3(SpringBootContextLoader.java:137)
	at org.springframework.util.function.ThrowingSupplier.get(ThrowingSupplier.java:58)
	at org.springframework.util.function.ThrowingSupplier.get(ThrowingSupplier.java:46)
	at org.springframework.boot.SpringApplication.withHook(SpringApplication.java:1454)
	at org.springframework.boot.test.context.SpringBootContextLoader$ContextLoaderHook.run(SpringBootContextLoader.java:553)
	at org.springframework.boot.test.context.SpringBootContextLoader.loadContext(SpringBootContextLoader.java:137)
	at org.springframework.boot.test.context.SpringBootContextLoader.loadContext(SpringBootContextLoader.java:108)
	at org.springframework.test.context.cache.DefaultCacheAwareContextLoaderDelegate.loadContextInternal(DefaultCacheAwareContextLoaderDelegate.java:225)
	at org.springframework.test.context.cache.DefaultCacheAwareContextLoaderDelegate.loadContext(DefaultCacheAwareContextLoaderDelegate.java:152)
	... 29 common frames omitted
Caused by: org.springframework.beans.factory.NoUniqueBeanDefinitionException: No qualifying bean of type 'org.springframework.web.reactive.function.client.WebClient$Builder' available: more than one 'primary' bean found among candidates: [loadBalancedWebClientBuilder, webClientBuilder, discoveryWebClientBuilder]
	at org.springframework.beans.factory.support.DefaultListableBeanFactory.determinePrimaryCandidate(DefaultListableBeanFactory.java:1755)
	at org.springframework.beans.factory.support.DefaultListableBeanFactory.determineAutowireCandidate(DefaultListableBeanFactory.java:1715)
	at org.springframework.beans.factory.support.DefaultListableBeanFactory.doResolveDependency(DefaultListableBeanFactory.java:1416)
	at org.springframework.beans.factory.support.DefaultListableBeanFactory.resolveDependency(DefaultListableBeanFactory.java:1353)
	at org.springframework.beans.factory.support.ConstructorResolver.resolveAutowiredArgument(ConstructorResolver.java:904)
	at org.springframework.beans.factory.support.ConstructorResolver.createArgumentArray(ConstructorResolver.java:782)
	... 53 common frames omitted
2025-07-10 11:41:43.358 [main] [traceId:] [userId:] INFO  com.bgpay.bgai.base.YamlDataProvider - 从YAML文件加载测试数据: src/test/resources/test-data/YamlDataDrivenApiTest/testLogin.yml
2025-07-10 11:41:43.359 [main] [traceId:] [userId:] WARN  com.bgpay.bgai.base.YamlDataProvider - YAML文件不存在: src/test/resources/test-data/YamlDataDrivenApiTest/testLogin.yml
2025-07-10 11:41:43.370 [main] [traceId:] [userId:] DEBUG o.s.t.c.s.DirtiesContextTestExecutionListener - After test class: class [YamlDataDrivenApiTest], class annotated with @DirtiesContext [false] with mode [null]
2025-07-10 11:41:43.385 [Thread-9] [traceId:] [userId:] WARN  com.alibaba.nacos.common.notify.NotifyCenter - [NotifyCenter] Start destroying Publisher
2025-07-10 11:41:43.385 [Thread-2] [traceId:] [userId:] WARN  c.alibaba.nacos.common.http.HttpClientBeanHolder - [HttpClientBeanHolder] Start destroying common HttpClient
2025-07-10 11:41:43.386 [Thread-9] [traceId:] [userId:] WARN  com.alibaba.nacos.common.notify.NotifyCenter - [NotifyCenter] Destruction of the end
2025-07-10 11:41:43.386 [Thread-2] [traceId:] [userId:] WARN  c.alibaba.nacos.common.http.HttpClientBeanHolder - [HttpClientBeanHolder] Destruction of the end
2025-07-10 23:53:14.468 [main] [traceId:] [userId:] WARN  com.alibaba.nacos.client.logging.NacosLogging - Load Logback Configuration of Nacos fail, message: Could not initialize Logback Nacos logging from classpath:nacos-logback.xml
2025-07-10 23:53:14.535 [main] [traceId:] [userId:] WARN  com.alibaba.nacos.client.logging.NacosLogging - Load Logback Configuration of Nacos fail, message: Could not initialize Logback Nacos logging from classpath:nacos-logback.xml
2025-07-10 23:53:14.736 [main] [traceId:] [userId:] WARN  com.alibaba.nacos.client.logging.NacosLogging - Load Logback Configuration of Nacos fail, message: Could not initialize Logback Nacos logging from classpath:nacos-logback.xml
2025-07-10 23:53:14.738 [main] [traceId:] [userId:] INFO  com.alibaba.nacos.client.utils.ParamUtil - [settings] [req-serv] nacos-server port:8848
2025-07-10 23:53:14.738 [main] [traceId:] [userId:] INFO  com.alibaba.nacos.client.utils.ParamUtil - [settings] [http-client] connect timeout:1000
2025-07-10 23:53:14.739 [main] [traceId:] [userId:] INFO  com.alibaba.nacos.client.utils.ParamUtil - PER_TASK_CONFIG_SIZE: 3000.0
2025-07-10 23:53:14.770 [main] [traceId:] [userId:] INFO  c.a.n.p.auth.spi.client.ClientAuthPluginManager - [ClientAuthPluginManager] Load ClientAuthService com.alibaba.nacos.client.auth.impl.NacosClientAuthServiceImpl success.
2025-07-10 23:53:14.770 [main] [traceId:] [userId:] INFO  c.a.n.p.auth.spi.client.ClientAuthPluginManager - [ClientAuthPluginManager] Load ClientAuthService com.alibaba.nacos.client.auth.ram.RamClientAuthServiceImpl success.
2025-07-10 23:53:14.774 [main] [traceId:] [userId:] INFO  c.a.n.client.auth.ram.identify.CredentialWatcher - null No credential found
2025-07-10 23:53:15.928 [main] [traceId:] [userId:] WARN  com.alibaba.nacos.client.logging.NacosLogging - Load Logback Configuration of Nacos fail, message: Could not initialize Logback Nacos logging from classpath:nacos-logback.xml
2025-07-10 23:53:15.956 [main] [traceId:] [userId:] INFO  c.a.n.client.config.impl.LocalConfigInfoProcessor - LOCAL_SNAPSHOT_PATH:C:\Users\Administrator\nacos\config
2025-07-10 23:53:15.960 [main] [traceId:] [userId:] INFO  com.alibaba.nacos.common.remote.client - [RpcClientFactory] create a new rpc client of cedc7dae-2c01-48f1-bb3d-a61b068c43b8_config-0
2025-07-10 23:53:15.980 [main] [traceId:] [userId:] INFO  com.alibaba.nacos.common.remote.client - [cedc7dae-2c01-48f1-bb3d-a61b068c43b8_config-0] Register server push request handler:com.alibaba.nacos.client.config.impl.ClientWorker$ConfigRpcTransportClient$$Lambda/0x000001844548f880
2025-07-10 23:53:15.980 [main] [traceId:] [userId:] INFO  com.alibaba.nacos.common.remote.client - [cedc7dae-2c01-48f1-bb3d-a61b068c43b8_config-0] Register server push request handler:com.alibaba.nacos.client.config.impl.ClientWorker$ConfigRpcTransportClient$$Lambda/0x000001844548fc90
2025-07-10 23:53:15.980 [main] [traceId:] [userId:] INFO  com.alibaba.nacos.common.remote.client - [cedc7dae-2c01-48f1-bb3d-a61b068c43b8_config-0] Registry connection listener to current client:com.alibaba.nacos.client.config.impl.ClientWorker$ConfigRpcTransportClient$1
2025-07-10 23:53:15.981 [main] [traceId:] [userId:] INFO  com.alibaba.nacos.common.remote.client - [cedc7dae-2c01-48f1-bb3d-a61b068c43b8_config-0] RpcClient init, ServerListFactory = com.alibaba.nacos.client.config.impl.ClientWorker$ConfigRpcTransportClient$2
2025-07-10 23:53:15.988 [main] [traceId:] [userId:] INFO  com.alibaba.nacos.common.remote.client - [cedc7dae-2c01-48f1-bb3d-a61b068c43b8_config-0] Try to connect to server on start up, server: {serverIp = '8.133.246.113', server main port = 8848}
2025-07-10 23:53:16.032 [main] [traceId:] [userId:] INFO  c.a.nacos.common.remote.client.grpc.GrpcClient - grpc client connection server:8.133.246.113 ip,serverPort:9848,grpcTslConfig:{"sslProvider":"OPENSSL","enableTls":false,"mutualAuthEnable":false,"trustAll":false}
2025-07-10 23:53:16.919 [main] [traceId:] [userId:] INFO  com.alibaba.nacos.common.remote.client - [cedc7dae-2c01-48f1-bb3d-a61b068c43b8_config-0] Success to connect to server [8.133.246.113:8848] on start up, connectionId = 1752162796775_139.226.176.198_12604
2025-07-10 23:53:16.920 [com.alibaba.nacos.client.remote.worker] [traceId:] [userId:] INFO  com.alibaba.nacos.common.remote.client - [cedc7dae-2c01-48f1-bb3d-a61b068c43b8_config-0] Notify connected event to listeners.
2025-07-10 23:53:16.920 [main] [traceId:] [userId:] INFO  com.alibaba.nacos.common.remote.client - [cedc7dae-2c01-48f1-bb3d-a61b068c43b8_config-0] Register server push request handler:com.alibaba.nacos.common.remote.client.RpcClient$ConnectResetRequestHandler
2025-07-10 23:53:16.920 [com.alibaba.nacos.client.remote.worker] [traceId:] [userId:] INFO  com.alibaba.nacos.client.config.impl.ClientWorker - [cedc7dae-2c01-48f1-bb3d-a61b068c43b8_config-0] Connected,notify listen context...
2025-07-10 23:53:16.921 [main] [traceId:] [userId:] INFO  com.alibaba.nacos.common.remote.client - [cedc7dae-2c01-48f1-bb3d-a61b068c43b8_config-0] Register server push request handler:com.alibaba.nacos.common.remote.client.RpcClient$$Lambda/0x00000184455cee20
2025-07-10 23:53:16.971 [main] [traceId:] [userId:] INFO  com.alibaba.nacos.client.config.impl.Limiter - limitTime:5.0
2025-07-10 23:53:17.013 [main] [traceId:] [userId:] WARN  c.a.cloud.nacos.client.NacosPropertySourceBuilder - Ignore the empty nacos configuration and get it based on dataId[common-dev.yaml] & group[DEFAULT_GROUP]
2025-07-10 23:53:17.025 [main] [traceId:] [userId:] WARN  c.a.cloud.nacos.client.NacosPropertySourceBuilder - Ignore the empty nacos configuration and get it based on dataId[bgtech-ai] & group[DEFAULT_GROUP]
2025-07-10 23:53:17.050 [main] [traceId:] [userId:] WARN  c.a.cloud.nacos.client.NacosPropertySourceBuilder - Ignore the empty nacos configuration and get it based on dataId[bgtech-ai.yaml] & group[DEFAULT_GROUP]
2025-07-10 23:53:17.090 [main] [traceId:] [userId:] INFO  com.alibaba.nacos.client.config.utils.JvmUtil - isMultiInstance:false
2025-07-10 23:53:17.102 [main] [traceId:] [userId:] INFO  o.s.c.b.c.PropertySourceBootstrapConfiguration - Located property source: [BootstrapPropertySource {name='bootstrapProperties-bgtech-ai-dev.yaml,DEFAULT_GROUP'}, BootstrapPropertySource {name='bootstrapProperties-bgtech-ai.yaml,DEFAULT_GROUP'}, BootstrapPropertySource {name='bootstrapProperties-bgtech-ai,DEFAULT_GROUP'}, BootstrapPropertySource {name='bootstrapProperties-common-dev.yaml,DEFAULT_GROUP'}]
2025-07-10 23:55:10.063 [main] [traceId:] [userId:] WARN  com.alibaba.nacos.client.logging.NacosLogging - Load Logback Configuration of Nacos fail, message: Could not initialize Logback Nacos logging from classpath:nacos-logback.xml
2025-07-10 23:55:10.136 [main] [traceId:] [userId:] WARN  com.alibaba.nacos.client.logging.NacosLogging - Load Logback Configuration of Nacos fail, message: Could not initialize Logback Nacos logging from classpath:nacos-logback.xml
2025-07-10 23:55:10.373 [main] [traceId:] [userId:] WARN  com.alibaba.nacos.client.logging.NacosLogging - Load Logback Configuration of Nacos fail, message: Could not initialize Logback Nacos logging from classpath:nacos-logback.xml
2025-07-10 23:55:10.375 [main] [traceId:] [userId:] INFO  com.alibaba.nacos.client.utils.ParamUtil - [settings] [req-serv] nacos-server port:8848
2025-07-10 23:55:10.376 [main] [traceId:] [userId:] INFO  com.alibaba.nacos.client.utils.ParamUtil - [settings] [http-client] connect timeout:1000
2025-07-10 23:55:10.377 [main] [traceId:] [userId:] INFO  com.alibaba.nacos.client.utils.ParamUtil - PER_TASK_CONFIG_SIZE: 3000.0
2025-07-10 23:55:10.403 [main] [traceId:] [userId:] INFO  c.a.n.p.auth.spi.client.ClientAuthPluginManager - [ClientAuthPluginManager] Load ClientAuthService com.alibaba.nacos.client.auth.impl.NacosClientAuthServiceImpl success.
2025-07-10 23:55:10.404 [main] [traceId:] [userId:] INFO  c.a.n.p.auth.spi.client.ClientAuthPluginManager - [ClientAuthPluginManager] Load ClientAuthService com.alibaba.nacos.client.auth.ram.RamClientAuthServiceImpl success.
2025-07-10 23:55:10.406 [main] [traceId:] [userId:] INFO  c.a.n.client.auth.ram.identify.CredentialWatcher - null No credential found
2025-07-10 23:55:11.553 [main] [traceId:] [userId:] WARN  com.alibaba.nacos.client.logging.NacosLogging - Load Logback Configuration of Nacos fail, message: Could not initialize Logback Nacos logging from classpath:nacos-logback.xml
2025-07-10 23:55:11.575 [main] [traceId:] [userId:] INFO  c.a.n.client.config.impl.LocalConfigInfoProcessor - LOCAL_SNAPSHOT_PATH:C:\Users\Administrator\nacos\config
2025-07-10 23:55:11.579 [main] [traceId:] [userId:] INFO  com.alibaba.nacos.common.remote.client - [RpcClientFactory] create a new rpc client of 4f08266e-b387-4291-997e-fc858de52ba9_config-0
2025-07-10 23:55:11.604 [main] [traceId:] [userId:] INFO  com.alibaba.nacos.common.remote.client - [4f08266e-b387-4291-997e-fc858de52ba9_config-0] Register server push request handler:com.alibaba.nacos.client.config.impl.ClientWorker$ConfigRpcTransportClient$$Lambda/0x0000023819490450
2025-07-10 23:55:11.605 [main] [traceId:] [userId:] INFO  com.alibaba.nacos.common.remote.client - [4f08266e-b387-4291-997e-fc858de52ba9_config-0] Register server push request handler:com.alibaba.nacos.client.config.impl.ClientWorker$ConfigRpcTransportClient$$Lambda/0x0000023819490860
2025-07-10 23:55:11.605 [main] [traceId:] [userId:] INFO  com.alibaba.nacos.common.remote.client - [4f08266e-b387-4291-997e-fc858de52ba9_config-0] Registry connection listener to current client:com.alibaba.nacos.client.config.impl.ClientWorker$ConfigRpcTransportClient$1
2025-07-10 23:55:11.606 [main] [traceId:] [userId:] INFO  com.alibaba.nacos.common.remote.client - [4f08266e-b387-4291-997e-fc858de52ba9_config-0] RpcClient init, ServerListFactory = com.alibaba.nacos.client.config.impl.ClientWorker$ConfigRpcTransportClient$2
2025-07-10 23:55:11.612 [main] [traceId:] [userId:] INFO  com.alibaba.nacos.common.remote.client - [4f08266e-b387-4291-997e-fc858de52ba9_config-0] Try to connect to server on start up, server: {serverIp = '8.133.246.113', server main port = 8848}
2025-07-10 23:55:11.644 [main] [traceId:] [userId:] INFO  c.a.nacos.common.remote.client.grpc.GrpcClient - grpc client connection server:8.133.246.113 ip,serverPort:9848,grpcTslConfig:{"sslProvider":"OPENSSL","enableTls":false,"mutualAuthEnable":false,"trustAll":false}
2025-07-10 23:55:12.366 [main] [traceId:] [userId:] INFO  com.alibaba.nacos.common.remote.client - [4f08266e-b387-4291-997e-fc858de52ba9_config-0] Success to connect to server [8.133.246.113:8848] on start up, connectionId = 1752162912265_139.226.176.198_13289
2025-07-10 23:55:12.367 [com.alibaba.nacos.client.remote.worker] [traceId:] [userId:] INFO  com.alibaba.nacos.common.remote.client - [4f08266e-b387-4291-997e-fc858de52ba9_config-0] Notify connected event to listeners.
2025-07-10 23:55:12.367 [com.alibaba.nacos.client.remote.worker] [traceId:] [userId:] INFO  com.alibaba.nacos.client.config.impl.ClientWorker - [4f08266e-b387-4291-997e-fc858de52ba9_config-0] Connected,notify listen context...
2025-07-10 23:55:12.367 [main] [traceId:] [userId:] INFO  com.alibaba.nacos.common.remote.client - [4f08266e-b387-4291-997e-fc858de52ba9_config-0] Register server push request handler:com.alibaba.nacos.common.remote.client.RpcClient$ConnectResetRequestHandler
2025-07-10 23:55:12.368 [main] [traceId:] [userId:] INFO  com.alibaba.nacos.common.remote.client - [4f08266e-b387-4291-997e-fc858de52ba9_config-0] Register server push request handler:com.alibaba.nacos.common.remote.client.RpcClient$$Lambda/0x00000238195cee20
2025-07-10 23:55:12.411 [main] [traceId:] [userId:] INFO  com.alibaba.nacos.client.config.impl.Limiter - limitTime:5.0
2025-07-10 23:55:12.434 [main] [traceId:] [userId:] WARN  c.a.cloud.nacos.client.NacosPropertySourceBuilder - Ignore the empty nacos configuration and get it based on dataId[common-dev.yaml] & group[DEFAULT_GROUP]
2025-07-10 23:55:12.447 [main] [traceId:] [userId:] WARN  c.a.cloud.nacos.client.NacosPropertySourceBuilder - Ignore the empty nacos configuration and get it based on dataId[bgtech-ai] & group[DEFAULT_GROUP]
2025-07-10 23:55:12.458 [main] [traceId:] [userId:] WARN  c.a.cloud.nacos.client.NacosPropertySourceBuilder - Ignore the empty nacos configuration and get it based on dataId[bgtech-ai.yaml] & group[DEFAULT_GROUP]
2025-07-10 23:55:12.476 [main] [traceId:] [userId:] INFO  com.alibaba.nacos.client.config.utils.JvmUtil - isMultiInstance:false
2025-07-10 23:55:12.488 [main] [traceId:] [userId:] INFO  o.s.c.b.c.PropertySourceBootstrapConfiguration - Located property source: [BootstrapPropertySource {name='bootstrapProperties-bgtech-ai-dev.yaml,DEFAULT_GROUP'}, BootstrapPropertySource {name='bootstrapProperties-bgtech-ai.yaml,DEFAULT_GROUP'}, BootstrapPropertySource {name='bootstrapProperties-bgtech-ai,DEFAULT_GROUP'}, BootstrapPropertySource {name='bootstrapProperties-common-dev.yaml,DEFAULT_GROUP'}]
