2025-07-14 14:53:50.805 [main] WARN  o.s.b.t.j.DuplicateJsonObjectContextCustomizerFactory$DuplicateJsonObjectContextCustomizer - 

Found multiple occurrences of org.json.JSONObject on the class path:

	jar:file:/C:/Users/Administrator/.m2/repository/com/vaadin/external/google/android-json/0.0.20131108.vaadin1/android-json-0.0.20131108.vaadin1.jar!/org/json/JSONObject.class
	jar:file:/C:/Users/Administrator/.m2/repository/org/json/json/20220320/json-20220320.jar!/org/json/JSONObject.class

You may wish to exclude one of them to ensure predictable runtime behavior

2025-07-14 14:53:50.830 [main] WARN  com.alibaba.nacos.client.logging.NacosLogging - Load Logback Configuration of Nacos fail, message: Could not initialize Logback Nacos logging from classpath:nacos-logback.xml
2025-07-14 14:53:50.833 [main] INFO  c.b.bgai.controller.ReactiveYamlDataDrivenApiTest - The following 1 profile is active: "dev"
2025-07-14 14:53:52.845 [main] WARN  org.mybatis.spring.mapper.ClassPathMapperScanner - Skipping MapperFactoryBean with name 'apiClientMapper' and 'com.bgpay.bgai.mapper.ApiClientMapper' mapperInterface. Bean already defined with the same name!
2025-07-14 14:53:52.846 [main] WARN  org.mybatis.spring.mapper.ClassPathMapperScanner - Skipping MapperFactoryBean with name 'apiConfigMapper' and 'com.bgpay.bgai.mapper.ApiConfigMapper' mapperInterface. Bean already defined with the same name!
2025-07-14 14:53:52.846 [main] WARN  org.mybatis.spring.mapper.ClassPathMapperScanner - Skipping MapperFactoryBean with name 'apiKeyMapper' and 'com.bgpay.bgai.mapper.ApiKeyMapper' mapperInterface. Bean already defined with the same name!
2025-07-14 14:53:52.846 [main] WARN  org.mybatis.spring.mapper.ClassPathMapperScanner - Skipping MapperFactoryBean with name 'chatCompletionsMapper' and 'com.bgpay.bgai.mapper.ChatCompletionsMapper' mapperInterface. Bean already defined with the same name!
2025-07-14 14:53:52.846 [main] WARN  org.mybatis.spring.mapper.ClassPathMapperScanner - Skipping MapperFactoryBean with name 'choicesMapper' and 'com.bgpay.bgai.mapper.ChoicesMapper' mapperInterface. Bean already defined with the same name!
2025-07-14 14:53:52.846 [main] WARN  org.mybatis.spring.mapper.ClassPathMapperScanner - Skipping MapperFactoryBean with name 'fileTypeMapper' and 'com.bgpay.bgai.mapper.FileTypeMapper' mapperInterface. Bean already defined with the same name!
2025-07-14 14:53:52.846 [main] WARN  org.mybatis.spring.mapper.ClassPathMapperScanner - Skipping MapperFactoryBean with name 'priceConfigMapper' and 'com.bgpay.bgai.mapper.PriceConfigMapper' mapperInterface. Bean already defined with the same name!
2025-07-14 14:53:52.846 [main] WARN  org.mybatis.spring.mapper.ClassPathMapperScanner - Skipping MapperFactoryBean with name 'priceVersionMapper' and 'com.bgpay.bgai.mapper.PriceVersionMapper' mapperInterface. Bean already defined with the same name!
2025-07-14 14:53:52.846 [main] WARN  org.mybatis.spring.mapper.ClassPathMapperScanner - Skipping MapperFactoryBean with name 'transactionLogMapper' and 'com.bgpay.bgai.mapper.TransactionLogMapper' mapperInterface. Bean already defined with the same name!
2025-07-14 14:53:52.847 [main] WARN  org.mybatis.spring.mapper.ClassPathMapperScanner - Skipping MapperFactoryBean with name 'usageInfoMapper' and 'com.bgpay.bgai.mapper.UsageInfoMapper' mapperInterface. Bean already defined with the same name!
2025-07-14 14:53:52.847 [main] WARN  org.mybatis.spring.mapper.ClassPathMapperScanner - Skipping MapperFactoryBean with name 'usageRecordMapper' and 'com.bgpay.bgai.mapper.UsageRecordMapper' mapperInterface. Bean already defined with the same name!
2025-07-14 14:53:52.847 [main] WARN  org.mybatis.spring.mapper.ClassPathMapperScanner - Skipping MapperFactoryBean with name 'userMapper' and 'com.bgpay.bgai.mapper.UserMapper' mapperInterface. Bean already defined with the same name!
2025-07-14 14:53:55.243 [main] WARN  o.s.c.s.PostProcessorRegistrationDelegate$BeanPostProcessorChecker - Bean 'simpleTestConfig' of type [com.bgpay.bgai.controller.SimpleTestConfig$$SpringCGLIB$$0] is not eligible for getting processed by all BeanPostProcessors (for example: not eligible for auto-proxying). Is this bean getting eagerly injected into a currently created BeanPostProcessor [methodValidationPostProcessor]? Check the corresponding BeanPostProcessor declaration and its dependencies.
2025-07-14 14:53:55.246 [main] WARN  o.s.c.s.PostProcessorRegistrationDelegate$BeanPostProcessorChecker - Bean 'environment' of type [org.springframework.mock.env.MockEnvironment] is not eligible for getting processed by all BeanPostProcessors (for example: not eligible for auto-proxying). Is this bean getting eagerly injected into a currently created BeanPostProcessor [methodValidationPostProcessor]? Check the corresponding BeanPostProcessor declaration and its dependencies.
2025-07-14 14:53:55.771 [main] WARN  o.s.c.s.PostProcessorRegistrationDelegate$BeanPostProcessorChecker - Bean 'mockListenerContainerConfig' of type [com.bgpay.bgai.config.MockListenerContainerConfig$$SpringCGLIB$$0] is not eligible for getting processed by all BeanPostProcessors (for example: not eligible for auto-proxying). Is this bean getting eagerly injected into a currently created BeanPostProcessor [org.apache.rocketmq.spring.annotation.RocketMQMessageListenerBeanPostProcessor]? Check the corresponding BeanPostProcessor declaration and its dependencies.
2025-07-14 14:53:55.852 [main] WARN  o.s.c.s.PostProcessorRegistrationDelegate$BeanPostProcessorChecker - Bean 'listenerContainerConfiguration' of type [org.apache.rocketmq.spring.autoconfigure.ListenerContainerConfiguration] is not eligible for getting processed by all BeanPostProcessors (for example: not eligible for auto-proxying). Is this bean getting eagerly injected into a currently created BeanPostProcessor [org.apache.rocketmq.spring.annotation.RocketMQMessageListenerBeanPostProcessor]? Check the corresponding BeanPostProcessor declaration and its dependencies.
2025-07-14 14:53:55.860 [main] WARN  o.s.c.s.PostProcessorRegistrationDelegate$BeanPostProcessorChecker - Bean 'testBeanPostProcessor' of type [com.bgpay.bgai.config.TestBeanPostProcessor$$SpringCGLIB$$0] is not eligible for getting processed by all BeanPostProcessors (for example: not eligible for auto-proxying). The currently created BeanPostProcessor [bgaiServiceImplInjector] is declared through a non-static factory method on that class; consider declaring it as static instead.
2025-07-14 14:53:56.221 [main] INFO  com.bgpay.bgai.config.SeataDisableConfiguration - SeataDisableConfiguration已加载，Seata在测试环境中被禁用
2025-07-14 14:53:56.221 [main] INFO  com.bgpay.bgai.config.SeataDisableConfiguration - 设置系统属性: seata.enabled=false, saga.enabled=false
2025-07-14 14:53:56.516 [main] INFO  com.bgpay.bgai.config.NacosRouteConfigListener - 初始化Nacos路由配置监听器
2025-07-14 14:53:56.519 [main] INFO  c.a.n.p.auth.spi.client.ClientAuthPluginManager - [ClientAuthPluginManager] Load ClientAuthService com.alibaba.nacos.client.auth.impl.NacosClientAuthServiceImpl success.
2025-07-14 14:53:56.519 [main] INFO  c.a.n.p.auth.spi.client.ClientAuthPluginManager - [ClientAuthPluginManager] Load ClientAuthService com.alibaba.nacos.client.auth.ram.RamClientAuthServiceImpl success.
2025-07-14 14:53:56.520 [main] INFO  com.alibaba.nacos.common.remote.client - [RpcClientFactory] create a new rpc client of cee6c8fe-1583-4916-912b-0575f8893441_config-0
2025-07-14 14:53:56.520 [main] INFO  com.alibaba.nacos.common.remote.client - [cee6c8fe-1583-4916-912b-0575f8893441_config-0] Register server push request handler:com.alibaba.nacos.client.config.impl.ClientWorker$ConfigRpcTransportClient$$Lambda/0x0000015d81531028
2025-07-14 14:53:56.520 [main] INFO  com.alibaba.nacos.common.remote.client - [cee6c8fe-1583-4916-912b-0575f8893441_config-0] Register server push request handler:com.alibaba.nacos.client.config.impl.ClientWorker$ConfigRpcTransportClient$$Lambda/0x0000015d81531438
2025-07-14 14:53:56.520 [main] INFO  com.alibaba.nacos.common.remote.client - [cee6c8fe-1583-4916-912b-0575f8893441_config-0] Registry connection listener to current client:com.alibaba.nacos.client.config.impl.ClientWorker$ConfigRpcTransportClient$1
2025-07-14 14:53:56.520 [main] INFO  com.alibaba.nacos.common.remote.client - [cee6c8fe-1583-4916-912b-0575f8893441_config-0] RpcClient init, ServerListFactory = com.alibaba.nacos.client.config.impl.ClientWorker$ConfigRpcTransportClient$2
2025-07-14 14:53:56.521 [main] INFO  com.alibaba.nacos.common.remote.client - [cee6c8fe-1583-4916-912b-0575f8893441_config-0] Try to connect to server on start up, server: {serverIp = '8.133.246.113', server main port = 8848}
2025-07-14 14:53:56.521 [main] INFO  c.a.nacos.common.remote.client.grpc.GrpcClient - grpc client connection server:8.133.246.113 ip,serverPort:9848,grpcTslConfig:{"sslProvider":"OPENSSL","enableTls":false,"mutualAuthEnable":false,"trustAll":false}
2025-07-14 14:53:56.654 [main] INFO  com.alibaba.nacos.common.remote.client - [cee6c8fe-1583-4916-912b-0575f8893441_config-0] Success to connect to server [8.133.246.113:8848] on start up, connectionId = 1752476036003_139.226.176.198_12599
2025-07-14 14:53:56.654 [main] INFO  com.alibaba.nacos.common.remote.client - [cee6c8fe-1583-4916-912b-0575f8893441_config-0] Register server push request handler:com.alibaba.nacos.common.remote.client.RpcClient$ConnectResetRequestHandler
2025-07-14 14:53:56.654 [main] INFO  com.alibaba.nacos.common.remote.client - [cee6c8fe-1583-4916-912b-0575f8893441_config-0] Register server push request handler:com.alibaba.nacos.common.remote.client.RpcClient$$Lambda/0x0000015d81692da8
2025-07-14 14:53:56.654 [com.alibaba.nacos.client.remote.worker] INFO  com.alibaba.nacos.common.remote.client - [cee6c8fe-1583-4916-912b-0575f8893441_config-0] Notify connected event to listeners.
2025-07-14 14:53:56.654 [com.alibaba.nacos.client.remote.worker] INFO  com.alibaba.nacos.client.config.impl.ClientWorker - [cee6c8fe-1583-4916-912b-0575f8893441_config-0] Connected,notify listen context...
2025-07-14 14:53:56.666 [main] WARN  com.bgpay.bgai.config.NacosRouteConfigListener - Nacos中未找到路由配置数据
2025-07-14 14:53:56.672 [main] INFO  com.alibaba.nacos.client.config.impl.CacheData - nacos.cache.data.init.snapshot = true 
2025-07-14 14:53:56.672 [main] INFO  com.alibaba.nacos.client.config.impl.ClientWorker - [fixed-d750d92e-152f-4055-a641-3bc9dda85a29-8.133.246.113_8848] [subscribe] gateway-routes+DEFAULT_GROUP+d750d92e-152f-4055-a641-3bc9dda85a29
2025-07-14 14:53:56.681 [main] INFO  com.alibaba.nacos.client.config.impl.CacheData - [fixed-d750d92e-152f-4055-a641-3bc9dda85a29-8.133.246.113_8848] [add-listener] ok, tenant=d750d92e-152f-4055-a641-3bc9dda85a29, dataId=gateway-routes, group=DEFAULT_GROUP, cnt=1
2025-07-14 14:53:56.685 [main] INFO  c.bgpay.bgai.config.NacosRouteDefinitionRepository - 初始化Nacos路由定义存储库
2025-07-14 14:53:56.687 [main] INFO  c.a.n.p.auth.spi.client.ClientAuthPluginManager - [ClientAuthPluginManager] Load ClientAuthService com.alibaba.nacos.client.auth.impl.NacosClientAuthServiceImpl success.
2025-07-14 14:53:56.687 [main] INFO  c.a.n.p.auth.spi.client.ClientAuthPluginManager - [ClientAuthPluginManager] Load ClientAuthService com.alibaba.nacos.client.auth.ram.RamClientAuthServiceImpl success.
2025-07-14 14:53:56.688 [main] INFO  com.alibaba.nacos.common.remote.client - [RpcClientFactory] create a new rpc client of bdbec2ba-8766-4d6b-bc17-b9ff44d1d63b_config-0
2025-07-14 14:53:56.688 [main] INFO  com.alibaba.nacos.common.remote.client - [bdbec2ba-8766-4d6b-bc17-b9ff44d1d63b_config-0] Register server push request handler:com.alibaba.nacos.client.config.impl.ClientWorker$ConfigRpcTransportClient$$Lambda/0x0000015d81531028
2025-07-14 14:53:56.688 [main] INFO  com.alibaba.nacos.common.remote.client - [bdbec2ba-8766-4d6b-bc17-b9ff44d1d63b_config-0] Register server push request handler:com.alibaba.nacos.client.config.impl.ClientWorker$ConfigRpcTransportClient$$Lambda/0x0000015d81531438
2025-07-14 14:53:56.688 [main] INFO  com.alibaba.nacos.common.remote.client - [bdbec2ba-8766-4d6b-bc17-b9ff44d1d63b_config-0] Registry connection listener to current client:com.alibaba.nacos.client.config.impl.ClientWorker$ConfigRpcTransportClient$1
2025-07-14 14:53:56.688 [main] INFO  com.alibaba.nacos.common.remote.client - [bdbec2ba-8766-4d6b-bc17-b9ff44d1d63b_config-0] RpcClient init, ServerListFactory = com.alibaba.nacos.client.config.impl.ClientWorker$ConfigRpcTransportClient$2
2025-07-14 14:53:56.689 [main] INFO  com.alibaba.nacos.common.remote.client - [bdbec2ba-8766-4d6b-bc17-b9ff44d1d63b_config-0] Try to connect to server on start up, server: {serverIp = '8.133.246.113', server main port = 8848}
2025-07-14 14:53:56.689 [main] INFO  c.a.nacos.common.remote.client.grpc.GrpcClient - grpc client connection server:8.133.246.113 ip,serverPort:9848,grpcTslConfig:{"sslProvider":"OPENSSL","enableTls":false,"mutualAuthEnable":false,"trustAll":false}
2025-07-14 14:53:56.824 [main] INFO  com.alibaba.nacos.common.remote.client - [bdbec2ba-8766-4d6b-bc17-b9ff44d1d63b_config-0] Success to connect to server [8.133.246.113:8848] on start up, connectionId = 1752476036173_139.226.176.198_12601
2025-07-14 14:53:56.824 [main] INFO  com.alibaba.nacos.common.remote.client - [bdbec2ba-8766-4d6b-bc17-b9ff44d1d63b_config-0] Register server push request handler:com.alibaba.nacos.common.remote.client.RpcClient$ConnectResetRequestHandler
2025-07-14 14:53:56.824 [com.alibaba.nacos.client.remote.worker] INFO  com.alibaba.nacos.common.remote.client - [bdbec2ba-8766-4d6b-bc17-b9ff44d1d63b_config-0] Notify connected event to listeners.
2025-07-14 14:53:56.824 [main] INFO  com.alibaba.nacos.common.remote.client - [bdbec2ba-8766-4d6b-bc17-b9ff44d1d63b_config-0] Register server push request handler:com.alibaba.nacos.common.remote.client.RpcClient$$Lambda/0x0000015d81692da8
2025-07-14 14:53:56.824 [com.alibaba.nacos.client.remote.worker] INFO  com.alibaba.nacos.client.config.impl.ClientWorker - [bdbec2ba-8766-4d6b-bc17-b9ff44d1d63b_config-0] Connected,notify listen context...
2025-07-14 14:53:56.883 [main] WARN  c.bgpay.bgai.config.NacosRouteDefinitionRepository - Nacos中未找到路由定义配置
2025-07-14 14:53:56.886 [main] INFO  com.alibaba.nacos.client.config.impl.ClientWorker - [fixed-d750d92e-152f-4055-a641-3bc9dda85a29-8.133.246.113_8848] [subscribe] gateway-routes+DEFAULT_GROUP+d750d92e-152f-4055-a641-3bc9dda85a29
2025-07-14 14:53:56.886 [main] INFO  com.alibaba.nacos.client.config.impl.CacheData - [fixed-d750d92e-152f-4055-a641-3bc9dda85a29-8.133.246.113_8848] [add-listener] ok, tenant=d750d92e-152f-4055-a641-3bc9dda85a29, dataId=gateway-routes, group=DEFAULT_GROUP, cnt=1
2025-07-14 14:53:57.431 [main] INFO  com.bgpay.bgai.config.RestTemplateConfig - Creating RestTemplate bean using SimpleClientHttpRequestFactory
2025-07-14 14:53:57.546 [main] INFO  com.bgpay.bgai.service.impl.UserServiceImpl - WebServerApplicationContext不可用或WebServer为null，使用配置端口: 8688
2025-07-14 14:53:57.547 [main] INFO  com.bgpay.bgai.service.impl.UserServiceImpl - 初始化SSO配置: clientId=bgai-client-id, 使用端口=8688
2025-07-14 14:53:57.547 [main] INFO  com.bgpay.bgai.service.impl.UserServiceImpl - 根据实际端口生成redirectUri: http://localhost:8688/api/auth/callback
2025-07-14 14:53:57.548 [main] INFO  com.bgpay.bgai.service.impl.UserServiceImpl - SSO URL配置已更新: redirectUri=http://localhost:8688/api/auth/callback, 系统实际运行端口=8688
2025-07-14 14:53:57.548 [main] INFO  com.bgpay.bgai.service.impl.UserServiceImpl - 测试环境中跳过Redis数据清理
2025-07-14 14:53:58.677 [main] INFO  com.bgpay.bgai.seata.SeataTransactionListener - Seata事务监听器初始化
2025-07-14 14:53:58.677 [main] INFO  com.bgpay.bgai.seata.SeataTransactionListener - 已设置seata.saga.state-machine.auto-register=false，防止状态机重复注册
2025-07-14 14:53:58.981 [main] INFO  c.bgpay.bgai.service.impl.DynamicRouteServiceImpl - 初始化动态路由服务
2025-07-14 14:53:58.984 [main] INFO  c.a.n.p.auth.spi.client.ClientAuthPluginManager - [ClientAuthPluginManager] Load ClientAuthService com.alibaba.nacos.client.auth.impl.NacosClientAuthServiceImpl success.
2025-07-14 14:53:58.984 [main] INFO  c.a.n.p.auth.spi.client.ClientAuthPluginManager - [ClientAuthPluginManager] Load ClientAuthService com.alibaba.nacos.client.auth.ram.RamClientAuthServiceImpl success.
2025-07-14 14:53:58.985 [main] INFO  com.alibaba.nacos.common.remote.client - [RpcClientFactory] create a new rpc client of 6a6cb600-a71d-4be8-b775-dfdef991442d_config-0
2025-07-14 14:53:58.985 [main] INFO  com.alibaba.nacos.common.remote.client - [6a6cb600-a71d-4be8-b775-dfdef991442d_config-0] Register server push request handler:com.alibaba.nacos.client.config.impl.ClientWorker$ConfigRpcTransportClient$$Lambda/0x0000015d81531028
2025-07-14 14:53:58.986 [main] INFO  com.alibaba.nacos.common.remote.client - [6a6cb600-a71d-4be8-b775-dfdef991442d_config-0] Register server push request handler:com.alibaba.nacos.client.config.impl.ClientWorker$ConfigRpcTransportClient$$Lambda/0x0000015d81531438
2025-07-14 14:53:58.986 [main] INFO  com.alibaba.nacos.common.remote.client - [6a6cb600-a71d-4be8-b775-dfdef991442d_config-0] Registry connection listener to current client:com.alibaba.nacos.client.config.impl.ClientWorker$ConfigRpcTransportClient$1
2025-07-14 14:53:58.986 [main] INFO  com.alibaba.nacos.common.remote.client - [6a6cb600-a71d-4be8-b775-dfdef991442d_config-0] RpcClient init, ServerListFactory = com.alibaba.nacos.client.config.impl.ClientWorker$ConfigRpcTransportClient$2
2025-07-14 14:53:58.986 [main] INFO  com.alibaba.nacos.common.remote.client - [6a6cb600-a71d-4be8-b775-dfdef991442d_config-0] Try to connect to server on start up, server: {serverIp = '8.133.246.113', server main port = 8848}
2025-07-14 14:53:58.986 [main] INFO  c.a.nacos.common.remote.client.grpc.GrpcClient - grpc client connection server:8.133.246.113 ip,serverPort:9848,grpcTslConfig:{"sslProvider":"OPENSSL","enableTls":false,"mutualAuthEnable":false,"trustAll":false}
2025-07-14 14:53:59.124 [main] INFO  com.alibaba.nacos.common.remote.client - [6a6cb600-a71d-4be8-b775-dfdef991442d_config-0] Success to connect to server [8.133.246.113:8848] on start up, connectionId = 1752476038469_139.226.176.198_12610
2025-07-14 14:53:59.124 [com.alibaba.nacos.client.remote.worker] INFO  com.alibaba.nacos.common.remote.client - [6a6cb600-a71d-4be8-b775-dfdef991442d_config-0] Notify connected event to listeners.
2025-07-14 14:53:59.124 [main] INFO  com.alibaba.nacos.common.remote.client - [6a6cb600-a71d-4be8-b775-dfdef991442d_config-0] Register server push request handler:com.alibaba.nacos.common.remote.client.RpcClient$ConnectResetRequestHandler
2025-07-14 14:53:59.124 [com.alibaba.nacos.client.remote.worker] INFO  com.alibaba.nacos.client.config.impl.ClientWorker - [6a6cb600-a71d-4be8-b775-dfdef991442d_config-0] Connected,notify listen context...
2025-07-14 14:53:59.124 [main] INFO  com.alibaba.nacos.common.remote.client - [6a6cb600-a71d-4be8-b775-dfdef991442d_config-0] Register server push request handler:com.alibaba.nacos.common.remote.client.RpcClient$$Lambda/0x0000015d81692da8
2025-07-14 14:53:59.138 [main] WARN  c.bgpay.bgai.service.impl.DynamicRouteServiceImpl - Nacos中没有找到路由配置，使用默认配置
2025-07-14 14:53:59.138 [main] INFO  com.alibaba.nacos.client.config.impl.ClientWorker - [fixed-d750d92e-152f-4055-a641-3bc9dda85a29-8.133.246.113_8848] [subscribe] gateway-routes+DEFAULT_GROUP+d750d92e-152f-4055-a641-3bc9dda85a29
2025-07-14 14:53:59.138 [main] INFO  com.alibaba.nacos.client.config.impl.CacheData - [fixed-d750d92e-152f-4055-a641-3bc9dda85a29-8.133.246.113_8848] [add-listener] ok, tenant=d750d92e-152f-4055-a641-3bc9dda85a29, dataId=gateway-routes, group=DEFAULT_GROUP, cnt=1
2025-07-14 14:53:59.138 [main] INFO  c.bgpay.bgai.service.impl.DynamicRouteServiceImpl - 注册Nacos配置监听器成功
2025-07-14 14:53:59.642 [main] INFO  org.redisson.Version - Redisson 3.24.3
2025-07-14 14:54:00.090 [redisson-netty-2-6] INFO  o.r.connection.pool.MasterPubSubConnectionPool - 1 connections initialized for 8.133.246.113/8.133.246.113:6379
2025-07-14 14:54:00.145 [redisson-netty-2-11] INFO  org.redisson.connection.pool.MasterConnectionPool - 4 connections initialized for 8.133.246.113/8.133.246.113:6379
2025-07-14 14:54:01.159 [main] INFO  com.bgpay.bgai.service.mq.RocketMQProducerService - Initializing RocketMQProducerService with producer group: billing-producer-group, nameServer: 8.133.246.113:9876
2025-07-14 14:54:01.168 [main] INFO  com.bgpay.bgai.service.mq.RocketMQProducerService - RocketMQ producer started successfully
2025-07-14 14:54:02.505 [main] INFO  com.alibaba.druid.pool.DruidDataSource - {dataSource-1} inited
2025-07-14 14:54:02.945 [main] INFO  io.seata.config.ConfigurationFactory - load Configuration from :Spring Configuration
2025-07-14 14:54:02.960 [main] INFO  c.a.n.p.auth.spi.client.ClientAuthPluginManager - [ClientAuthPluginManager] Load ClientAuthService com.alibaba.nacos.client.auth.impl.NacosClientAuthServiceImpl success.
2025-07-14 14:54:02.960 [main] INFO  c.a.n.p.auth.spi.client.ClientAuthPluginManager - [ClientAuthPluginManager] Load ClientAuthService com.alibaba.nacos.client.auth.ram.RamClientAuthServiceImpl success.
2025-07-14 14:54:02.961 [main] INFO  com.alibaba.nacos.common.remote.client - [RpcClientFactory] create a new rpc client of 0fc630b3-55ee-4a64-af12-0bd005c6d6da_config-0
2025-07-14 14:54:02.961 [main] INFO  com.alibaba.nacos.common.remote.client - [0fc630b3-55ee-4a64-af12-0bd005c6d6da_config-0] Register server push request handler:com.alibaba.nacos.client.config.impl.ClientWorker$ConfigRpcTransportClient$$Lambda/0x0000015d81531028
2025-07-14 14:54:02.961 [main] INFO  com.alibaba.nacos.common.remote.client - [0fc630b3-55ee-4a64-af12-0bd005c6d6da_config-0] Register server push request handler:com.alibaba.nacos.client.config.impl.ClientWorker$ConfigRpcTransportClient$$Lambda/0x0000015d81531438
2025-07-14 14:54:02.961 [main] INFO  com.alibaba.nacos.common.remote.client - [0fc630b3-55ee-4a64-af12-0bd005c6d6da_config-0] Registry connection listener to current client:com.alibaba.nacos.client.config.impl.ClientWorker$ConfigRpcTransportClient$1
2025-07-14 14:54:02.961 [main] INFO  com.alibaba.nacos.common.remote.client - [0fc630b3-55ee-4a64-af12-0bd005c6d6da_config-0] RpcClient init, ServerListFactory = com.alibaba.nacos.client.config.impl.ClientWorker$ConfigRpcTransportClient$2
2025-07-14 14:54:02.961 [main] INFO  com.alibaba.nacos.common.remote.client - [0fc630b3-55ee-4a64-af12-0bd005c6d6da_config-0] Try to connect to server on start up, server: {serverIp = '8.133.246.113', server main port = 8848}
2025-07-14 14:54:02.961 [main] INFO  c.a.nacos.common.remote.client.grpc.GrpcClient - grpc client connection server:8.133.246.113 ip,serverPort:9848,grpcTslConfig:{"sslProvider":"OPENSSL","enableTls":false,"mutualAuthEnable":false,"trustAll":false}
2025-07-14 14:54:03.100 [main] INFO  com.alibaba.nacos.common.remote.client - [0fc630b3-55ee-4a64-af12-0bd005c6d6da_config-0] Success to connect to server [8.133.246.113:8848] on start up, connectionId = 1752476042455_139.226.176.198_12626
2025-07-14 14:54:03.100 [main] INFO  com.alibaba.nacos.common.remote.client - [0fc630b3-55ee-4a64-af12-0bd005c6d6da_config-0] Register server push request handler:com.alibaba.nacos.common.remote.client.RpcClient$ConnectResetRequestHandler
2025-07-14 14:54:03.100 [com.alibaba.nacos.client.remote.worker] INFO  com.alibaba.nacos.common.remote.client - [0fc630b3-55ee-4a64-af12-0bd005c6d6da_config-0] Notify connected event to listeners.
2025-07-14 14:54:03.100 [main] INFO  com.alibaba.nacos.common.remote.client - [0fc630b3-55ee-4a64-af12-0bd005c6d6da_config-0] Register server push request handler:com.alibaba.nacos.common.remote.client.RpcClient$$Lambda/0x0000015d81692da8
2025-07-14 14:54:03.100 [com.alibaba.nacos.client.remote.worker] INFO  com.alibaba.nacos.client.config.impl.ClientWorker - [0fc630b3-55ee-4a64-af12-0bd005c6d6da_config-0] Connected,notify listen context...
2025-07-14 14:54:03.148 [main] INFO  io.seata.rm.datasource.AsyncWorker - Async Commit Buffer Limit: 10000
2025-07-14 14:54:03.149 [main] INFO  io.seata.rm.datasource.xa.ResourceManagerXA - ResourceManagerXA init ...
2025-07-14 14:54:03.348 [main] INFO  com.alibaba.nacos.client.config.impl.ClientWorker - [fixed-d750d92e-152f-4055-a641-3bc9dda85a29-8.133.246.113_8848] [subscribe] transport.enableRmClientBatchSendRequest+SEATA_GROUP+d750d92e-152f-4055-a641-3bc9dda85a29
2025-07-14 14:54:03.348 [main] INFO  com.alibaba.nacos.client.config.impl.CacheData - [fixed-d750d92e-152f-4055-a641-3bc9dda85a29-8.133.246.113_8848] [add-listener] ok, tenant=d750d92e-152f-4055-a641-3bc9dda85a29, dataId=transport.enableRmClientBatchSendRequest, group=SEATA_GROUP, cnt=1
2025-07-14 14:54:03.350 [main] INFO  com.alibaba.nacos.client.config.impl.CacheData - [fixed-d750d92e-152f-4055-a641-3bc9dda85a29-8.133.246.113_8848] [add-listener] ok, tenant=d750d92e-152f-4055-a641-3bc9dda85a29, dataId=transport.enableRmClientBatchSendRequest, group=SEATA_GROUP, cnt=2
2025-07-14 14:54:03.404 [main] INFO  com.alibaba.druid.pool.DruidDataSource - {dataSource-2} inited
2025-07-14 14:54:03.494 [main] INFO  com.bgpay.bgai.service.deepseek.ConfigLoader - 配置文件 deepseek-config.properties 加载成功
2025-07-14 14:54:04.689 [main] INFO  com.bgpay.bgai.config.GatewayRouteConfig - 初始化默认路由配置
2025-07-14 14:54:04.691 [main] WARN  o.s.b.w.r.c.GenericReactiveWebApplicationContext - Exception encountered during context initialization - cancelling refresh attempt: org.springframework.beans.factory.BeanCreationException: Error creating bean with name 'customRouteLocator' defined in class path resource [com/bgpay/bgai/config/GatewayRouteConfig.class]: Failed to instantiate [org.springframework.cloud.gateway.route.RouteLocator]: Factory method 'customRouteLocator' threw exception with message: Cannot invoke "org.springframework.cloud.gateway.route.builder.RouteLocatorBuilder$Builder.route(String, java.util.function.Function)" because the return value of "org.springframework.cloud.gateway.route.builder.RouteLocatorBuilder.routes()" is null
2025-07-14 14:54:04.726 [NettyClientSelector_1] INFO  RocketmqRemoting - closeChannel: close the connection to remote address[8.133.246.113:10911] result: true
2025-07-14 14:54:04.726 [main] INFO  com.bgpay.bgai.service.mq.RocketMQProducerService - RocketMQ producer shutdown
2025-07-14 14:54:04.727 [NettyClientSelector_1] INFO  RocketmqRemoting - closeChannel: close the connection to remote address[8.133.246.113:9876] result: true
2025-07-14 14:54:04.744 [NettyClientSelector_1] INFO  RocketmqRemoting - closeChannel: close the connection to remote address[8.133.246.113:10911] result: true
2025-07-14 14:54:04.745 [NettyClientSelector_1] INFO  RocketmqRemoting - closeChannel: close the connection to remote address[8.133.246.113:9876] result: true
2025-07-14 14:54:04.775 [main] INFO  c.bgpay.bgai.service.impl.DynamicRouteServiceImpl - 动态路由服务关闭，执行清理操作
2025-07-14 14:54:04.781 [main] INFO  o.s.b.a.logging.ConditionEvaluationReportLogger - 

Error starting ApplicationContext. To display the condition evaluation report re-run your application with 'debug' enabled.
2025-07-14 14:54:04.808 [main] ERROR org.springframework.boot.SpringApplication - Application run failed
org.springframework.beans.factory.BeanCreationException: Error creating bean with name 'customRouteLocator' defined in class path resource [com/bgpay/bgai/config/GatewayRouteConfig.class]: Failed to instantiate [org.springframework.cloud.gateway.route.RouteLocator]: Factory method 'customRouteLocator' threw exception with message: Cannot invoke "org.springframework.cloud.gateway.route.builder.RouteLocatorBuilder$Builder.route(String, java.util.function.Function)" because the return value of "org.springframework.cloud.gateway.route.builder.RouteLocatorBuilder.routes()" is null
	at org.springframework.beans.factory.support.ConstructorResolver.instantiate(ConstructorResolver.java:648)
	at org.springframework.beans.factory.support.ConstructorResolver.instantiateUsingFactoryMethod(ConstructorResolver.java:636)
	at org.springframework.beans.factory.support.AbstractAutowireCapableBeanFactory.instantiateUsingFactoryMethod(AbstractAutowireCapableBeanFactory.java:1335)
	at org.springframework.beans.factory.support.AbstractAutowireCapableBeanFactory.createBeanInstance(AbstractAutowireCapableBeanFactory.java:1165)
	at org.springframework.beans.factory.support.AbstractAutowireCapableBeanFactory.doCreateBean(AbstractAutowireCapableBeanFactory.java:562)
	at org.springframework.beans.factory.support.AbstractAutowireCapableBeanFactory.createBean(AbstractAutowireCapableBeanFactory.java:522)
	at org.springframework.beans.factory.support.AbstractBeanFactory.lambda$doGetBean$0(AbstractBeanFactory.java:326)
	at org.springframework.beans.factory.support.DefaultSingletonBeanRegistry.getSingleton(DefaultSingletonBeanRegistry.java:234)
	at org.springframework.beans.factory.support.AbstractBeanFactory.doGetBean(AbstractBeanFactory.java:324)
	at org.springframework.beans.factory.support.AbstractBeanFactory.getBean(AbstractBeanFactory.java:200)
	at org.springframework.beans.factory.support.DefaultListableBeanFactory.preInstantiateSingletons(DefaultListableBeanFactory.java:975)
	at org.springframework.context.support.AbstractApplicationContext.finishBeanFactoryInitialization(AbstractApplicationContext.java:962)
	at org.springframework.context.support.AbstractApplicationContext.refresh(AbstractApplicationContext.java:624)
	at org.springframework.boot.SpringApplication.refresh(SpringApplication.java:754)
	at org.springframework.boot.SpringApplication.refreshContext(SpringApplication.java:456)
	at org.springframework.boot.SpringApplication.run(SpringApplication.java:334)
	at org.springframework.boot.test.context.SpringBootContextLoader.lambda$loadContext$3(SpringBootContextLoader.java:137)
	at org.springframework.util.function.ThrowingSupplier.get(ThrowingSupplier.java:58)
	at org.springframework.util.function.ThrowingSupplier.get(ThrowingSupplier.java:46)
	at org.springframework.boot.SpringApplication.withHook(SpringApplication.java:1454)
	at org.springframework.boot.test.context.SpringBootContextLoader$ContextLoaderHook.run(SpringBootContextLoader.java:553)
	at org.springframework.boot.test.context.SpringBootContextLoader.loadContext(SpringBootContextLoader.java:137)
	at org.springframework.boot.test.context.SpringBootContextLoader.loadContext(SpringBootContextLoader.java:108)
	at org.springframework.test.context.cache.DefaultCacheAwareContextLoaderDelegate.loadContextInternal(DefaultCacheAwareContextLoaderDelegate.java:225)
	at org.springframework.test.context.cache.DefaultCacheAwareContextLoaderDelegate.loadContext(DefaultCacheAwareContextLoaderDelegate.java:152)
	at org.springframework.test.context.support.DefaultTestContext.getApplicationContext(DefaultTestContext.java:130)
	at org.springframework.test.context.support.DependencyInjectionTestExecutionListener.injectDependencies(DependencyInjectionTestExecutionListener.java:142)
	at org.springframework.test.context.support.DependencyInjectionTestExecutionListener.prepareTestInstance(DependencyInjectionTestExecutionListener.java:98)
	at org.springframework.test.context.TestContextManager.prepareTestInstance(TestContextManager.java:260)
	at org.springframework.test.context.testng.AbstractTestNGSpringContextTests.springTestContextPrepareTestInstance(AbstractTestNGSpringContextTests.java:119)
	at java.base/jdk.internal.reflect.DirectMethodHandleAccessor.invoke(DirectMethodHandleAccessor.java:103)
	at java.base/java.lang.reflect.Method.invoke(Method.java:580)
	at org.testng.internal.MethodInvocationHelper.invokeMethod(MethodInvocationHelper.java:134)
	at org.testng.internal.MethodInvocationHelper.invokeMethodConsideringTimeout(MethodInvocationHelper.java:63)
	at org.testng.internal.ConfigInvoker.invokeConfigurationMethod(ConfigInvoker.java:348)
	at org.testng.internal.ConfigInvoker.invokeConfigurations(ConfigInvoker.java:302)
	at org.testng.internal.TestMethodWorker.invokeBeforeClassMethods(TestMethodWorker.java:176)
	at org.testng.internal.TestMethodWorker.run(TestMethodWorker.java:122)
	at java.base/java.util.ArrayList.forEach(ArrayList.java:1596)
	at org.testng.TestRunner.privateRun(TestRunner.java:766)
	at org.testng.TestRunner.run(TestRunner.java:587)
	at org.testng.SuiteRunner.runTest(SuiteRunner.java:384)
	at org.testng.SuiteRunner.runSequentially(SuiteRunner.java:378)
	at org.testng.SuiteRunner.privateRun(SuiteRunner.java:337)
	at org.testng.SuiteRunner.run(SuiteRunner.java:286)
	at org.testng.SuiteRunnerWorker.runSuite(SuiteRunnerWorker.java:53)
	at org.testng.SuiteRunnerWorker.run(SuiteRunnerWorker.java:96)
	at org.testng.TestNG.runSuitesSequentially(TestNG.java:1187)
	at org.testng.TestNG.runSuitesLocally(TestNG.java:1109)
	at org.testng.TestNG.runSuites(TestNG.java:1039)
	at org.testng.TestNG.run(TestNG.java:1007)
	at com.intellij.rt.testng.IDEARemoteTestNG.run(IDEARemoteTestNG.java:65)
	at com.intellij.rt.testng.RemoteTestNGStarter.main(RemoteTestNGStarter.java:105)
Caused by: org.springframework.beans.BeanInstantiationException: Failed to instantiate [org.springframework.cloud.gateway.route.RouteLocator]: Factory method 'customRouteLocator' threw exception with message: Cannot invoke "org.springframework.cloud.gateway.route.builder.RouteLocatorBuilder$Builder.route(String, java.util.function.Function)" because the return value of "org.springframework.cloud.gateway.route.builder.RouteLocatorBuilder.routes()" is null
	at org.springframework.beans.factory.support.SimpleInstantiationStrategy.instantiate(SimpleInstantiationStrategy.java:177)
	at org.springframework.beans.factory.support.ConstructorResolver.instantiate(ConstructorResolver.java:644)
	... 52 common frames omitted
Caused by: java.lang.NullPointerException: Cannot invoke "org.springframework.cloud.gateway.route.builder.RouteLocatorBuilder$Builder.route(String, java.util.function.Function)" because the return value of "org.springframework.cloud.gateway.route.builder.RouteLocatorBuilder.routes()" is null
	at com.bgpay.bgai.config.GatewayRouteConfig.customRouteLocator(GatewayRouteConfig.java:33)
	at com.bgpay.bgai.config.GatewayRouteConfig$$SpringCGLIB$$0.CGLIB$customRouteLocator$1(<generated>)
	at com.bgpay.bgai.config.GatewayRouteConfig$$SpringCGLIB$$FastClass$$1.invoke(<generated>)
	at org.springframework.cglib.proxy.MethodProxy.invokeSuper(MethodProxy.java:258)
	at org.springframework.context.annotation.ConfigurationClassEnhancer$BeanMethodInterceptor.intercept(ConfigurationClassEnhancer.java:331)
	at com.bgpay.bgai.config.GatewayRouteConfig$$SpringCGLIB$$0.customRouteLocator(<generated>)
	at java.base/jdk.internal.reflect.DirectMethodHandleAccessor.invoke(DirectMethodHandleAccessor.java:103)
	at java.base/java.lang.reflect.Method.invoke(Method.java:580)
	at org.springframework.beans.factory.support.SimpleInstantiationStrategy.instantiate(SimpleInstantiationStrategy.java:140)
	... 53 common frames omitted
2025-07-14 14:54:04.824 [main] WARN  o.springframework.test.context.TestContextManager - Caught exception while allowing TestExecutionListener [org.springframework.test.context.support.DependencyInjectionTestExecutionListener] to prepare test instance [com.bgpay.bgai.controller.ReactiveYamlDataDrivenApiTest@6d099323]
java.lang.IllegalStateException: Failed to load ApplicationContext for [ReactiveWebMergedContextConfiguration@338b9bbf testClass = com.bgpay.bgai.controller.ReactiveYamlDataDrivenApiTest, locations = [], classes = [com.bgpay.bgai.BgaiApplication], contextInitializerClasses = [], activeProfiles = [], propertySourceDescriptors = [PropertySourceDescriptor[locations=[classpath:application-test.yml], ignoreResourceNotFound=false, name=null, propertySourceFactory=null, encoding=null]], propertySourceProperties = ["org.springframework.boot.test.autoconfigure.web.reactive.WebFluxTestContextBootstrapper=true"], contextCustomizers = [[ImportsContextCustomizer@77b7cc64 key = [com.bgpay.bgai.config.UsageInfoServiceMockConfig, com.bgpay.bgai.config.ApiKeyServiceMockConfig, org.springframework.boot.autoconfigure.security.reactive.ReactiveUserDetailsServiceAutoConfiguration, com.bgpay.bgai.config.MockEnvironmentConfig, org.springframework.boot.autoconfigure.context.MessageSourceAutoConfiguration, com.bgpay.bgai.config.ElasticsearchAutoConfigurationDisabler, org.springframework.boot.autoconfigure.security.oauth2.resource.reactive.ReactiveOAuth2ResourceServerAutoConfiguration, com.bgpay.bgai.config.PriceVersionServiceImplMockConfig, com.bgpay.bgai.config.MockListenerContainerConfig, com.bgpay.bgai.config.GatewayAutoConfigurationDisabler, com.bgpay.bgai.config.LoadBalancerTestConfig, com.bgpay.bgai.config.ChoicesMapperMockConfig, com.bgpay.bgai.config.RocketMQTestConfig, com.bgpay.bgai.config.WebClientBeanExclusionConfig, com.bgpay.bgai.config.CircuitBreakerTestConfig, com.bgpay.bgai.config.MockWebClientConfig, com.bgpay.bgai.config.ServiceDiscoveryMockConfig, com.bgpay.bgai.config.TestComponentScanFilterRegistrar, com.bgpay.bgai.config.WebClientTestOverrideConfig, com.bgpay.bgai.config.ElasticsearchMockConfig, com.bgpay.bgai.config.WebClientBuilderUnifier, org.springframework.boot.autoconfigure.jsonb.JsonbAutoConfiguration, com.bgpay.bgai.config.ChatCompletionsServiceImplMockConfig, org.springframework.boot.autoconfigure.web.reactive.WebFluxAutoConfiguration, com.bgpay.bgai.config.ApiConfigServiceMockConfig, org.springframework.boot.autoconfigure.http.codec.CodecsAutoConfiguration, com.bgpay.bgai.config.DeepSeekWebClientMockConfig, org.springframework.boot.autoconfigure.mustache.MustacheAutoConfiguration, com.bgpay.bgai.config.ExcludeMainWebClientConfig, com.bgpay.bgai.config.WebClientAutoConfigurationDisabler, com.bgpay.bgai.config.ReactiveWebMockConfig, org.springframework.boot.autoconfigure.cache.CacheAutoConfiguration, org.springframework.boot.autoconfigure.validation.ValidationAutoConfiguration, com.bgpay.bgai.config.TestWebFluxConfig, org.springframework.boot.autoconfigure.jackson.JacksonAutoConfiguration, com.bgpay.bgai.config.CircuitBreakerAutoConfigurationDisabler, org.springframework.boot.test.autoconfigure.web.reactive.WebTestClientAutoConfiguration, com.bgpay.bgai.config.UserServiceMockConfig, com.bgpay.bgai.config.MyBatisMockConfig, com.bgpay.bgai.config.BGAIServiceMockConfig, com.bgpay.bgai.config.ApplicationTestConfig, com.bgpay.bgai.config.PriceConfigServiceImplMockConfig, com.bgpay.bgai.config.CloudDiscoveryAutoConfigurationDisabler, com.bgpay.bgai.config.MockGatewayRouteConfig, com.bgpay.bgai.config.ChoicesServiceImplMockConfig, org.springframework.boot.autoconfigure.security.oauth2.client.reactive.ReactiveOAuth2ClientAutoConfiguration, com.bgpay.bgai.config.TestApplicationEnvironmentConfig, org.springframework.boot.autoconfigure.security.reactive.ReactiveSecurityAutoConfiguration, org.springframework.boot.autoconfigure.web.reactive.error.ErrorWebFluxAutoConfiguration, com.bgpay.bgai.config.WebClientConfigMock, com.bgpay.bgai.config.MockExtConsumerResetConfig, com.bgpay.bgai.config.ChatCompletionsMapperMockConfig, com.bgpay.bgai.config.DeepSeekServiceMockConfig, com.bgpay.bgai.config.ReactiveChatControllerMockConfig, org.springframework.boot.autoconfigure.thymeleaf.ThymeleafAutoConfiguration, com.bgpay.bgai.config.ReactiveLoadBalancerConfig, org.springframework.boot.autoconfigure.gson.GsonAutoConfiguration, com.bgpay.bgai.config.ValidationAutoConfigurationDisabler, org.springframework.boot.autoconfigure.freemarker.FreeMarkerAutoConfiguration, com.bgpay.bgai.config.AllMappersMockConfig, com.bgpay.bgai.config.LoadBalancerAutoConfigurationDisabler, com.bgpay.bgai.config.SpringTestConfig]], org.springframework.boot.test.context.filter.ExcludeFilterContextCustomizer@58f39564, org.springframework.boot.test.json.DuplicateJsonObjectContextCustomizerFactory$DuplicateJsonObjectContextCustomizer@77a074b4, org.springframework.boot.test.mock.mockito.MockitoContextCustomizer@0, org.springframework.boot.test.autoconfigure.OverrideAutoConfigurationContextCustomizerFactory$DisableAutoConfigurationContextCustomizer@1d805aa1, org.springframework.boot.test.autoconfigure.actuate.observability.ObservabilityContextCustomizerFactory$DisableObservabilityContextCustomizer@1f, org.springframework.boot.test.autoconfigure.filter.TypeExcludeFiltersContextCustomizer@1d156993, org.springframework.boot.test.autoconfigure.properties.PropertyMappingContextCustomizer@aa505725, org.springframework.boot.test.autoconfigure.web.servlet.WebDriverContextCustomizer@429f7919, org.springframework.boot.test.context.SpringBootTestAnnotation@e29c2804], contextLoader = org.springframework.boot.test.context.SpringBootContextLoader, parent = null]
	at org.springframework.test.context.cache.DefaultCacheAwareContextLoaderDelegate.loadContext(DefaultCacheAwareContextLoaderDelegate.java:180)
	at org.springframework.test.context.support.DefaultTestContext.getApplicationContext(DefaultTestContext.java:130)
	at org.springframework.test.context.support.DependencyInjectionTestExecutionListener.injectDependencies(DependencyInjectionTestExecutionListener.java:142)
	at org.springframework.test.context.support.DependencyInjectionTestExecutionListener.prepareTestInstance(DependencyInjectionTestExecutionListener.java:98)
	at org.springframework.test.context.TestContextManager.prepareTestInstance(TestContextManager.java:260)
	at org.springframework.test.context.testng.AbstractTestNGSpringContextTests.springTestContextPrepareTestInstance(AbstractTestNGSpringContextTests.java:119)
	at java.base/jdk.internal.reflect.DirectMethodHandleAccessor.invoke(DirectMethodHandleAccessor.java:103)
	at java.base/java.lang.reflect.Method.invoke(Method.java:580)
	at org.testng.internal.MethodInvocationHelper.invokeMethod(MethodInvocationHelper.java:134)
	at org.testng.internal.MethodInvocationHelper.invokeMethodConsideringTimeout(MethodInvocationHelper.java:63)
	at org.testng.internal.ConfigInvoker.invokeConfigurationMethod(ConfigInvoker.java:348)
	at org.testng.internal.ConfigInvoker.invokeConfigurations(ConfigInvoker.java:302)
	at org.testng.internal.TestMethodWorker.invokeBeforeClassMethods(TestMethodWorker.java:176)
	at org.testng.internal.TestMethodWorker.run(TestMethodWorker.java:122)
	at java.base/java.util.ArrayList.forEach(ArrayList.java:1596)
	at org.testng.TestRunner.privateRun(TestRunner.java:766)
	at org.testng.TestRunner.run(TestRunner.java:587)
	at org.testng.SuiteRunner.runTest(SuiteRunner.java:384)
	at org.testng.SuiteRunner.runSequentially(SuiteRunner.java:378)
	at org.testng.SuiteRunner.privateRun(SuiteRunner.java:337)
	at org.testng.SuiteRunner.run(SuiteRunner.java:286)
	at org.testng.SuiteRunnerWorker.runSuite(SuiteRunnerWorker.java:53)
	at org.testng.SuiteRunnerWorker.run(SuiteRunnerWorker.java:96)
	at org.testng.TestNG.runSuitesSequentially(TestNG.java:1187)
	at org.testng.TestNG.runSuitesLocally(TestNG.java:1109)
	at org.testng.TestNG.runSuites(TestNG.java:1039)
	at org.testng.TestNG.run(TestNG.java:1007)
	at com.intellij.rt.testng.IDEARemoteTestNG.run(IDEARemoteTestNG.java:65)
	at com.intellij.rt.testng.RemoteTestNGStarter.main(RemoteTestNGStarter.java:105)
Caused by: org.springframework.beans.factory.BeanCreationException: Error creating bean with name 'customRouteLocator' defined in class path resource [com/bgpay/bgai/config/GatewayRouteConfig.class]: Failed to instantiate [org.springframework.cloud.gateway.route.RouteLocator]: Factory method 'customRouteLocator' threw exception with message: Cannot invoke "org.springframework.cloud.gateway.route.builder.RouteLocatorBuilder$Builder.route(String, java.util.function.Function)" because the return value of "org.springframework.cloud.gateway.route.builder.RouteLocatorBuilder.routes()" is null
	at org.springframework.beans.factory.support.ConstructorResolver.instantiate(ConstructorResolver.java:648)
	at org.springframework.beans.factory.support.ConstructorResolver.instantiateUsingFactoryMethod(ConstructorResolver.java:636)
	at org.springframework.beans.factory.support.AbstractAutowireCapableBeanFactory.instantiateUsingFactoryMethod(AbstractAutowireCapableBeanFactory.java:1335)
	at org.springframework.beans.factory.support.AbstractAutowireCapableBeanFactory.createBeanInstance(AbstractAutowireCapableBeanFactory.java:1165)
	at org.springframework.beans.factory.support.AbstractAutowireCapableBeanFactory.doCreateBean(AbstractAutowireCapableBeanFactory.java:562)
	at org.springframework.beans.factory.support.AbstractAutowireCapableBeanFactory.createBean(AbstractAutowireCapableBeanFactory.java:522)
	at org.springframework.beans.factory.support.AbstractBeanFactory.lambda$doGetBean$0(AbstractBeanFactory.java:326)
	at org.springframework.beans.factory.support.DefaultSingletonBeanRegistry.getSingleton(DefaultSingletonBeanRegistry.java:234)
	at org.springframework.beans.factory.support.AbstractBeanFactory.doGetBean(AbstractBeanFactory.java:324)
	at org.springframework.beans.factory.support.AbstractBeanFactory.getBean(AbstractBeanFactory.java:200)
	at org.springframework.beans.factory.support.DefaultListableBeanFactory.preInstantiateSingletons(DefaultListableBeanFactory.java:975)
	at org.springframework.context.support.AbstractApplicationContext.finishBeanFactoryInitialization(AbstractApplicationContext.java:962)
	at org.springframework.context.support.AbstractApplicationContext.refresh(AbstractApplicationContext.java:624)
	at org.springframework.boot.SpringApplication.refresh(SpringApplication.java:754)
	at org.springframework.boot.SpringApplication.refreshContext(SpringApplication.java:456)
	at org.springframework.boot.SpringApplication.run(SpringApplication.java:334)
	at org.springframework.boot.test.context.SpringBootContextLoader.lambda$loadContext$3(SpringBootContextLoader.java:137)
	at org.springframework.util.function.ThrowingSupplier.get(ThrowingSupplier.java:58)
	at org.springframework.util.function.ThrowingSupplier.get(ThrowingSupplier.java:46)
	at org.springframework.boot.SpringApplication.withHook(SpringApplication.java:1454)
	at org.springframework.boot.test.context.SpringBootContextLoader$ContextLoaderHook.run(SpringBootContextLoader.java:553)
	at org.springframework.boot.test.context.SpringBootContextLoader.loadContext(SpringBootContextLoader.java:137)
	at org.springframework.boot.test.context.SpringBootContextLoader.loadContext(SpringBootContextLoader.java:108)
	at org.springframework.test.context.cache.DefaultCacheAwareContextLoaderDelegate.loadContextInternal(DefaultCacheAwareContextLoaderDelegate.java:225)
	at org.springframework.test.context.cache.DefaultCacheAwareContextLoaderDelegate.loadContext(DefaultCacheAwareContextLoaderDelegate.java:152)
	... 28 common frames omitted
Caused by: org.springframework.beans.BeanInstantiationException: Failed to instantiate [org.springframework.cloud.gateway.route.RouteLocator]: Factory method 'customRouteLocator' threw exception with message: Cannot invoke "org.springframework.cloud.gateway.route.builder.RouteLocatorBuilder$Builder.route(String, java.util.function.Function)" because the return value of "org.springframework.cloud.gateway.route.builder.RouteLocatorBuilder.routes()" is null
	at org.springframework.beans.factory.support.SimpleInstantiationStrategy.instantiate(SimpleInstantiationStrategy.java:177)
	at org.springframework.beans.factory.support.ConstructorResolver.instantiate(ConstructorResolver.java:644)
	... 52 common frames omitted
Caused by: java.lang.NullPointerException: Cannot invoke "org.springframework.cloud.gateway.route.builder.RouteLocatorBuilder$Builder.route(String, java.util.function.Function)" because the return value of "org.springframework.cloud.gateway.route.builder.RouteLocatorBuilder.routes()" is null
	at com.bgpay.bgai.config.GatewayRouteConfig.customRouteLocator(GatewayRouteConfig.java:33)
	at com.bgpay.bgai.config.GatewayRouteConfig$$SpringCGLIB$$0.CGLIB$customRouteLocator$1(<generated>)
	at com.bgpay.bgai.config.GatewayRouteConfig$$SpringCGLIB$$FastClass$$1.invoke(<generated>)
	at org.springframework.cglib.proxy.MethodProxy.invokeSuper(MethodProxy.java:258)
	at org.springframework.context.annotation.ConfigurationClassEnhancer$BeanMethodInterceptor.intercept(ConfigurationClassEnhancer.java:331)
	at com.bgpay.bgai.config.GatewayRouteConfig$$SpringCGLIB$$0.customRouteLocator(<generated>)
	at java.base/jdk.internal.reflect.DirectMethodHandleAccessor.invoke(DirectMethodHandleAccessor.java:103)
	at java.base/java.lang.reflect.Method.invoke(Method.java:580)
	at org.springframework.beans.factory.support.SimpleInstantiationStrategy.instantiate(SimpleInstantiationStrategy.java:140)
	... 53 common frames omitted
2025-07-14 14:54:05.002 [main] INFO  com.bgpay.bgai.base.YamlDataProvider - 从YAML文件加载测试数据: src/test/resources/test-data/ReactiveYamlDataDrivenApiTest/testChatApi.yml
2025-07-14 14:54:05.041 [main] ERROR io.qameta.allure.AllureLifecycle - Could not add attachment: no test is running
2025-07-14 14:54:05.069 [main] WARN  o.springframework.test.context.TestContextManager - Caught exception while invoking 'beforeTestMethod' callback on TestExecutionListener [org.springframework.boot.test.mock.mockito.ResetMocksTestExecutionListener] for test method [public void com.bgpay.bgai.controller.ReactiveYamlDataDrivenApiTest.testChatApi(java.util.Map)] and test instance [com.bgpay.bgai.controller.ReactiveYamlDataDrivenApiTest@6d099323]
java.lang.IllegalStateException: ApplicationContext failure threshold (1) exceeded: skipping repeated attempt to load context for [ReactiveWebMergedContextConfiguration@338b9bbf testClass = com.bgpay.bgai.controller.ReactiveYamlDataDrivenApiTest, locations = [], classes = [com.bgpay.bgai.BgaiApplication], contextInitializerClasses = [], activeProfiles = [], propertySourceDescriptors = [PropertySourceDescriptor[locations=[classpath:application-test.yml], ignoreResourceNotFound=false, name=null, propertySourceFactory=null, encoding=null]], propertySourceProperties = ["org.springframework.boot.test.autoconfigure.web.reactive.WebFluxTestContextBootstrapper=true"], contextCustomizers = [[ImportsContextCustomizer@77b7cc64 key = [com.bgpay.bgai.config.UsageInfoServiceMockConfig, com.bgpay.bgai.config.ApiKeyServiceMockConfig, org.springframework.boot.autoconfigure.security.reactive.ReactiveUserDetailsServiceAutoConfiguration, com.bgpay.bgai.config.MockEnvironmentConfig, org.springframework.boot.autoconfigure.context.MessageSourceAutoConfiguration, com.bgpay.bgai.config.ElasticsearchAutoConfigurationDisabler, org.springframework.boot.autoconfigure.security.oauth2.resource.reactive.ReactiveOAuth2ResourceServerAutoConfiguration, com.bgpay.bgai.config.PriceVersionServiceImplMockConfig, com.bgpay.bgai.config.MockListenerContainerConfig, com.bgpay.bgai.config.GatewayAutoConfigurationDisabler, com.bgpay.bgai.config.LoadBalancerTestConfig, com.bgpay.bgai.config.ChoicesMapperMockConfig, com.bgpay.bgai.config.RocketMQTestConfig, com.bgpay.bgai.config.WebClientBeanExclusionConfig, com.bgpay.bgai.config.CircuitBreakerTestConfig, com.bgpay.bgai.config.MockWebClientConfig, com.bgpay.bgai.config.ServiceDiscoveryMockConfig, com.bgpay.bgai.config.TestComponentScanFilterRegistrar, com.bgpay.bgai.config.WebClientTestOverrideConfig, com.bgpay.bgai.config.ElasticsearchMockConfig, com.bgpay.bgai.config.WebClientBuilderUnifier, org.springframework.boot.autoconfigure.jsonb.JsonbAutoConfiguration, com.bgpay.bgai.config.ChatCompletionsServiceImplMockConfig, org.springframework.boot.autoconfigure.web.reactive.WebFluxAutoConfiguration, com.bgpay.bgai.config.ApiConfigServiceMockConfig, org.springframework.boot.autoconfigure.http.codec.CodecsAutoConfiguration, com.bgpay.bgai.config.DeepSeekWebClientMockConfig, org.springframework.boot.autoconfigure.mustache.MustacheAutoConfiguration, com.bgpay.bgai.config.ExcludeMainWebClientConfig, com.bgpay.bgai.config.WebClientAutoConfigurationDisabler, com.bgpay.bgai.config.ReactiveWebMockConfig, org.springframework.boot.autoconfigure.cache.CacheAutoConfiguration, org.springframework.boot.autoconfigure.validation.ValidationAutoConfiguration, com.bgpay.bgai.config.TestWebFluxConfig, org.springframework.boot.autoconfigure.jackson.JacksonAutoConfiguration, com.bgpay.bgai.config.CircuitBreakerAutoConfigurationDisabler, org.springframework.boot.test.autoconfigure.web.reactive.WebTestClientAutoConfiguration, com.bgpay.bgai.config.UserServiceMockConfig, com.bgpay.bgai.config.MyBatisMockConfig, com.bgpay.bgai.config.BGAIServiceMockConfig, com.bgpay.bgai.config.ApplicationTestConfig, com.bgpay.bgai.config.PriceConfigServiceImplMockConfig, com.bgpay.bgai.config.CloudDiscoveryAutoConfigurationDisabler, com.bgpay.bgai.config.MockGatewayRouteConfig, com.bgpay.bgai.config.ChoicesServiceImplMockConfig, org.springframework.boot.autoconfigure.security.oauth2.client.reactive.ReactiveOAuth2ClientAutoConfiguration, com.bgpay.bgai.config.TestApplicationEnvironmentConfig, org.springframework.boot.autoconfigure.security.reactive.ReactiveSecurityAutoConfiguration, org.springframework.boot.autoconfigure.web.reactive.error.ErrorWebFluxAutoConfiguration, com.bgpay.bgai.config.WebClientConfigMock, com.bgpay.bgai.config.MockExtConsumerResetConfig, com.bgpay.bgai.config.ChatCompletionsMapperMockConfig, com.bgpay.bgai.config.DeepSeekServiceMockConfig, com.bgpay.bgai.config.ReactiveChatControllerMockConfig, org.springframework.boot.autoconfigure.thymeleaf.ThymeleafAutoConfiguration, com.bgpay.bgai.config.ReactiveLoadBalancerConfig, org.springframework.boot.autoconfigure.gson.GsonAutoConfiguration, com.bgpay.bgai.config.ValidationAutoConfigurationDisabler, org.springframework.boot.autoconfigure.freemarker.FreeMarkerAutoConfiguration, com.bgpay.bgai.config.AllMappersMockConfig, com.bgpay.bgai.config.LoadBalancerAutoConfigurationDisabler, com.bgpay.bgai.config.SpringTestConfig]], org.springframework.boot.test.context.filter.ExcludeFilterContextCustomizer@58f39564, org.springframework.boot.test.json.DuplicateJsonObjectContextCustomizerFactory$DuplicateJsonObjectContextCustomizer@77a074b4, org.springframework.boot.test.mock.mockito.MockitoContextCustomizer@0, org.springframework.boot.test.autoconfigure.OverrideAutoConfigurationContextCustomizerFactory$DisableAutoConfigurationContextCustomizer@1d805aa1, org.springframework.boot.test.autoconfigure.actuate.observability.ObservabilityContextCustomizerFactory$DisableObservabilityContextCustomizer@1f, org.springframework.boot.test.autoconfigure.filter.TypeExcludeFiltersContextCustomizer@1d156993, org.springframework.boot.test.autoconfigure.properties.PropertyMappingContextCustomizer@aa505725, org.springframework.boot.test.autoconfigure.web.servlet.WebDriverContextCustomizer@429f7919, org.springframework.boot.test.context.SpringBootTestAnnotation@e29c2804], contextLoader = org.springframework.boot.test.context.SpringBootContextLoader, parent = null]
	at org.springframework.test.context.cache.DefaultCacheAwareContextLoaderDelegate.loadContext(DefaultCacheAwareContextLoaderDelegate.java:145)
	at org.springframework.test.context.support.DefaultTestContext.getApplicationContext(DefaultTestContext.java:130)
	at org.springframework.boot.test.mock.mockito.ResetMocksTestExecutionListener.beforeTestMethod(ResetMocksTestExecutionListener.java:60)
	at org.springframework.test.context.TestContextManager.beforeTestMethod(TestContextManager.java:320)
	at org.springframework.test.context.testng.AbstractTestNGSpringContextTests.springTestContextBeforeTestMethod(AbstractTestNGSpringContextTests.java:131)
	at java.base/jdk.internal.reflect.DirectMethodHandleAccessor.invoke(DirectMethodHandleAccessor.java:103)
	at java.base/java.lang.reflect.Method.invoke(Method.java:580)
	at org.testng.internal.MethodInvocationHelper.invokeMethod(MethodInvocationHelper.java:134)
	at org.testng.internal.MethodInvocationHelper.invokeMethodConsideringTimeout(MethodInvocationHelper.java:63)
	at org.testng.internal.ConfigInvoker.invokeConfigurationMethod(ConfigInvoker.java:348)
	at org.testng.internal.ConfigInvoker.invokeConfigurations(ConfigInvoker.java:302)
	at org.testng.internal.TestInvoker.runConfigMethods(TestInvoker.java:695)
	at org.testng.internal.TestInvoker.invokeMethod(TestInvoker.java:523)
	at org.testng.internal.TestInvoker.invokeTestMethod(TestInvoker.java:173)
	at org.testng.internal.MethodRunner.runInSequence(MethodRunner.java:46)
	at org.testng.internal.TestInvoker$MethodInvocationAgent.invoke(TestInvoker.java:816)
	at org.testng.internal.TestInvoker.invokeTestMethods(TestInvoker.java:146)
	at org.testng.internal.TestMethodWorker.invokeTestMethods(TestMethodWorker.java:146)
	at org.testng.internal.TestMethodWorker.run(TestMethodWorker.java:128)
	at java.base/java.util.ArrayList.forEach(ArrayList.java:1596)
	at org.testng.TestRunner.privateRun(TestRunner.java:766)
	at org.testng.TestRunner.run(TestRunner.java:587)
	at org.testng.SuiteRunner.runTest(SuiteRunner.java:384)
	at org.testng.SuiteRunner.runSequentially(SuiteRunner.java:378)
	at org.testng.SuiteRunner.privateRun(SuiteRunner.java:337)
	at org.testng.SuiteRunner.run(SuiteRunner.java:286)
	at org.testng.SuiteRunnerWorker.runSuite(SuiteRunnerWorker.java:53)
	at org.testng.SuiteRunnerWorker.run(SuiteRunnerWorker.java:96)
	at org.testng.TestNG.runSuitesSequentially(TestNG.java:1187)
	at org.testng.TestNG.runSuitesLocally(TestNG.java:1109)
	at org.testng.TestNG.runSuites(TestNG.java:1039)
	at org.testng.TestNG.run(TestNG.java:1007)
	at com.intellij.rt.testng.IDEARemoteTestNG.run(IDEARemoteTestNG.java:65)
	at com.intellij.rt.testng.RemoteTestNGStarter.main(RemoteTestNGStarter.java:105)
2025-07-14 14:54:05.091 [main] INFO  c.b.bgai.controller.ReactiveYamlDataDrivenApiTest - 开始执行测试方法: testChatApi, testId: 0b63a07e-1cde-4c1e-ba30-68ed20e8f9ff
2025-07-14 14:54:05.093 [main] ERROR io.qameta.allure.AllureLifecycle - Could not update test case: test case with uuid c5f06b12-a63f-4782-a583-09758f1833c9 not found
2025-07-14 14:54:05.093 [main] ERROR io.qameta.allure.AllureLifecycle - Could not update test case: test case with uuid c5f06b12-a63f-4782-a583-09758f1833c9 not found
2025-07-14 14:54:05.107 [main] WARN  o.springframework.test.context.TestContextManager - Caught exception while invoking 'afterTestMethod' callback on TestExecutionListener [org.springframework.boot.test.autoconfigure.web.servlet.WebDriverTestExecutionListener] for test method [public void com.bgpay.bgai.controller.ReactiveYamlDataDrivenApiTest.testChatApi(java.util.Map)] and test instance [com.bgpay.bgai.controller.ReactiveYamlDataDrivenApiTest@6d099323]
java.lang.IllegalStateException: ApplicationContext failure threshold (1) exceeded: skipping repeated attempt to load context for [ReactiveWebMergedContextConfiguration@338b9bbf testClass = com.bgpay.bgai.controller.ReactiveYamlDataDrivenApiTest, locations = [], classes = [com.bgpay.bgai.BgaiApplication], contextInitializerClasses = [], activeProfiles = [], propertySourceDescriptors = [PropertySourceDescriptor[locations=[classpath:application-test.yml], ignoreResourceNotFound=false, name=null, propertySourceFactory=null, encoding=null]], propertySourceProperties = ["org.springframework.boot.test.autoconfigure.web.reactive.WebFluxTestContextBootstrapper=true"], contextCustomizers = [[ImportsContextCustomizer@77b7cc64 key = [com.bgpay.bgai.config.UsageInfoServiceMockConfig, com.bgpay.bgai.config.ApiKeyServiceMockConfig, org.springframework.boot.autoconfigure.security.reactive.ReactiveUserDetailsServiceAutoConfiguration, com.bgpay.bgai.config.MockEnvironmentConfig, org.springframework.boot.autoconfigure.context.MessageSourceAutoConfiguration, com.bgpay.bgai.config.ElasticsearchAutoConfigurationDisabler, org.springframework.boot.autoconfigure.security.oauth2.resource.reactive.ReactiveOAuth2ResourceServerAutoConfiguration, com.bgpay.bgai.config.PriceVersionServiceImplMockConfig, com.bgpay.bgai.config.MockListenerContainerConfig, com.bgpay.bgai.config.GatewayAutoConfigurationDisabler, com.bgpay.bgai.config.LoadBalancerTestConfig, com.bgpay.bgai.config.ChoicesMapperMockConfig, com.bgpay.bgai.config.RocketMQTestConfig, com.bgpay.bgai.config.WebClientBeanExclusionConfig, com.bgpay.bgai.config.CircuitBreakerTestConfig, com.bgpay.bgai.config.MockWebClientConfig, com.bgpay.bgai.config.ServiceDiscoveryMockConfig, com.bgpay.bgai.config.TestComponentScanFilterRegistrar, com.bgpay.bgai.config.WebClientTestOverrideConfig, com.bgpay.bgai.config.ElasticsearchMockConfig, com.bgpay.bgai.config.WebClientBuilderUnifier, org.springframework.boot.autoconfigure.jsonb.JsonbAutoConfiguration, com.bgpay.bgai.config.ChatCompletionsServiceImplMockConfig, org.springframework.boot.autoconfigure.web.reactive.WebFluxAutoConfiguration, com.bgpay.bgai.config.ApiConfigServiceMockConfig, org.springframework.boot.autoconfigure.http.codec.CodecsAutoConfiguration, com.bgpay.bgai.config.DeepSeekWebClientMockConfig, org.springframework.boot.autoconfigure.mustache.MustacheAutoConfiguration, com.bgpay.bgai.config.ExcludeMainWebClientConfig, com.bgpay.bgai.config.WebClientAutoConfigurationDisabler, com.bgpay.bgai.config.ReactiveWebMockConfig, org.springframework.boot.autoconfigure.cache.CacheAutoConfiguration, org.springframework.boot.autoconfigure.validation.ValidationAutoConfiguration, com.bgpay.bgai.config.TestWebFluxConfig, org.springframework.boot.autoconfigure.jackson.JacksonAutoConfiguration, com.bgpay.bgai.config.CircuitBreakerAutoConfigurationDisabler, org.springframework.boot.test.autoconfigure.web.reactive.WebTestClientAutoConfiguration, com.bgpay.bgai.config.UserServiceMockConfig, com.bgpay.bgai.config.MyBatisMockConfig, com.bgpay.bgai.config.BGAIServiceMockConfig, com.bgpay.bgai.config.ApplicationTestConfig, com.bgpay.bgai.config.PriceConfigServiceImplMockConfig, com.bgpay.bgai.config.CloudDiscoveryAutoConfigurationDisabler, com.bgpay.bgai.config.MockGatewayRouteConfig, com.bgpay.bgai.config.ChoicesServiceImplMockConfig, org.springframework.boot.autoconfigure.security.oauth2.client.reactive.ReactiveOAuth2ClientAutoConfiguration, com.bgpay.bgai.config.TestApplicationEnvironmentConfig, org.springframework.boot.autoconfigure.security.reactive.ReactiveSecurityAutoConfiguration, org.springframework.boot.autoconfigure.web.reactive.error.ErrorWebFluxAutoConfiguration, com.bgpay.bgai.config.WebClientConfigMock, com.bgpay.bgai.config.MockExtConsumerResetConfig, com.bgpay.bgai.config.ChatCompletionsMapperMockConfig, com.bgpay.bgai.config.DeepSeekServiceMockConfig, com.bgpay.bgai.config.ReactiveChatControllerMockConfig, org.springframework.boot.autoconfigure.thymeleaf.ThymeleafAutoConfiguration, com.bgpay.bgai.config.ReactiveLoadBalancerConfig, org.springframework.boot.autoconfigure.gson.GsonAutoConfiguration, com.bgpay.bgai.config.ValidationAutoConfigurationDisabler, org.springframework.boot.autoconfigure.freemarker.FreeMarkerAutoConfiguration, com.bgpay.bgai.config.AllMappersMockConfig, com.bgpay.bgai.config.LoadBalancerAutoConfigurationDisabler, com.bgpay.bgai.config.SpringTestConfig]], org.springframework.boot.test.context.filter.ExcludeFilterContextCustomizer@58f39564, org.springframework.boot.test.json.DuplicateJsonObjectContextCustomizerFactory$DuplicateJsonObjectContextCustomizer@77a074b4, org.springframework.boot.test.mock.mockito.MockitoContextCustomizer@0, org.springframework.boot.test.autoconfigure.OverrideAutoConfigurationContextCustomizerFactory$DisableAutoConfigurationContextCustomizer@1d805aa1, org.springframework.boot.test.autoconfigure.actuate.observability.ObservabilityContextCustomizerFactory$DisableObservabilityContextCustomizer@1f, org.springframework.boot.test.autoconfigure.filter.TypeExcludeFiltersContextCustomizer@1d156993, org.springframework.boot.test.autoconfigure.properties.PropertyMappingContextCustomizer@aa505725, org.springframework.boot.test.autoconfigure.web.servlet.WebDriverContextCustomizer@429f7919, org.springframework.boot.test.context.SpringBootTestAnnotation@e29c2804], contextLoader = org.springframework.boot.test.context.SpringBootContextLoader, parent = null]
	at org.springframework.test.context.cache.DefaultCacheAwareContextLoaderDelegate.loadContext(DefaultCacheAwareContextLoaderDelegate.java:145)
	at org.springframework.test.context.support.DefaultTestContext.getApplicationContext(DefaultTestContext.java:130)
	at org.springframework.boot.test.autoconfigure.web.servlet.WebDriverTestExecutionListener.afterTestMethod(WebDriverTestExecutionListener.java:42)
	at org.springframework.test.context.TestContextManager.afterTestMethod(TestContextManager.java:487)
	at org.springframework.test.context.testng.AbstractTestNGSpringContextTests.springTestContextAfterTestMethod(AbstractTestNGSpringContextTests.java:183)
	at java.base/jdk.internal.reflect.DirectMethodHandleAccessor.invoke(DirectMethodHandleAccessor.java:103)
	at java.base/java.lang.reflect.Method.invoke(Method.java:580)
	at org.testng.internal.MethodInvocationHelper.invokeMethod(MethodInvocationHelper.java:134)
	at org.testng.internal.MethodInvocationHelper.invokeMethodConsideringTimeout(MethodInvocationHelper.java:63)
	at org.testng.internal.ConfigInvoker.invokeConfigurationMethod(ConfigInvoker.java:348)
	at org.testng.internal.ConfigInvoker.invokeConfigurations(ConfigInvoker.java:302)
	at org.testng.internal.TestInvoker.runConfigMethods(TestInvoker.java:695)
	at org.testng.internal.TestInvoker.runAfterGroupsConfigurations(TestInvoker.java:671)
	at org.testng.internal.TestInvoker.invokeMethod(TestInvoker.java:543)
	at org.testng.internal.TestInvoker.invokeTestMethod(TestInvoker.java:173)
	at org.testng.internal.MethodRunner.runInSequence(MethodRunner.java:46)
	at org.testng.internal.TestInvoker$MethodInvocationAgent.invoke(TestInvoker.java:816)
	at org.testng.internal.TestInvoker.invokeTestMethods(TestInvoker.java:146)
	at org.testng.internal.TestMethodWorker.invokeTestMethods(TestMethodWorker.java:146)
	at org.testng.internal.TestMethodWorker.run(TestMethodWorker.java:128)
	at java.base/java.util.ArrayList.forEach(ArrayList.java:1596)
	at org.testng.TestRunner.privateRun(TestRunner.java:766)
	at org.testng.TestRunner.run(TestRunner.java:587)
	at org.testng.SuiteRunner.runTest(SuiteRunner.java:384)
	at org.testng.SuiteRunner.runSequentially(SuiteRunner.java:378)
	at org.testng.SuiteRunner.privateRun(SuiteRunner.java:337)
	at org.testng.SuiteRunner.run(SuiteRunner.java:286)
	at org.testng.SuiteRunnerWorker.runSuite(SuiteRunnerWorker.java:53)
	at org.testng.SuiteRunnerWorker.run(SuiteRunnerWorker.java:96)
	at org.testng.TestNG.runSuitesSequentially(TestNG.java:1187)
	at org.testng.TestNG.runSuitesLocally(TestNG.java:1109)
	at org.testng.TestNG.runSuites(TestNG.java:1039)
	at org.testng.TestNG.run(TestNG.java:1007)
	at com.intellij.rt.testng.IDEARemoteTestNG.run(IDEARemoteTestNG.java:65)
	at com.intellij.rt.testng.RemoteTestNGStarter.main(RemoteTestNGStarter.java:105)
2025-07-14 14:54:05.108 [main] WARN  o.springframework.test.context.TestContextManager - Caught exception while invoking 'afterTestMethod' callback on TestExecutionListener [org.springframework.boot.test.autoconfigure.web.servlet.MockMvcPrintOnlyOnFailureTestExecutionListener] for test method [public void com.bgpay.bgai.controller.ReactiveYamlDataDrivenApiTest.testChatApi(java.util.Map)] and test instance [com.bgpay.bgai.controller.ReactiveYamlDataDrivenApiTest@6d099323]
java.lang.IllegalStateException: ApplicationContext failure threshold (1) exceeded: skipping repeated attempt to load context for [ReactiveWebMergedContextConfiguration@338b9bbf testClass = com.bgpay.bgai.controller.ReactiveYamlDataDrivenApiTest, locations = [], classes = [com.bgpay.bgai.BgaiApplication], contextInitializerClasses = [], activeProfiles = [], propertySourceDescriptors = [PropertySourceDescriptor[locations=[classpath:application-test.yml], ignoreResourceNotFound=false, name=null, propertySourceFactory=null, encoding=null]], propertySourceProperties = ["org.springframework.boot.test.autoconfigure.web.reactive.WebFluxTestContextBootstrapper=true"], contextCustomizers = [[ImportsContextCustomizer@77b7cc64 key = [com.bgpay.bgai.config.UsageInfoServiceMockConfig, com.bgpay.bgai.config.ApiKeyServiceMockConfig, org.springframework.boot.autoconfigure.security.reactive.ReactiveUserDetailsServiceAutoConfiguration, com.bgpay.bgai.config.MockEnvironmentConfig, org.springframework.boot.autoconfigure.context.MessageSourceAutoConfiguration, com.bgpay.bgai.config.ElasticsearchAutoConfigurationDisabler, org.springframework.boot.autoconfigure.security.oauth2.resource.reactive.ReactiveOAuth2ResourceServerAutoConfiguration, com.bgpay.bgai.config.PriceVersionServiceImplMockConfig, com.bgpay.bgai.config.MockListenerContainerConfig, com.bgpay.bgai.config.GatewayAutoConfigurationDisabler, com.bgpay.bgai.config.LoadBalancerTestConfig, com.bgpay.bgai.config.ChoicesMapperMockConfig, com.bgpay.bgai.config.RocketMQTestConfig, com.bgpay.bgai.config.WebClientBeanExclusionConfig, com.bgpay.bgai.config.CircuitBreakerTestConfig, com.bgpay.bgai.config.MockWebClientConfig, com.bgpay.bgai.config.ServiceDiscoveryMockConfig, com.bgpay.bgai.config.TestComponentScanFilterRegistrar, com.bgpay.bgai.config.WebClientTestOverrideConfig, com.bgpay.bgai.config.ElasticsearchMockConfig, com.bgpay.bgai.config.WebClientBuilderUnifier, org.springframework.boot.autoconfigure.jsonb.JsonbAutoConfiguration, com.bgpay.bgai.config.ChatCompletionsServiceImplMockConfig, org.springframework.boot.autoconfigure.web.reactive.WebFluxAutoConfiguration, com.bgpay.bgai.config.ApiConfigServiceMockConfig, org.springframework.boot.autoconfigure.http.codec.CodecsAutoConfiguration, com.bgpay.bgai.config.DeepSeekWebClientMockConfig, org.springframework.boot.autoconfigure.mustache.MustacheAutoConfiguration, com.bgpay.bgai.config.ExcludeMainWebClientConfig, com.bgpay.bgai.config.WebClientAutoConfigurationDisabler, com.bgpay.bgai.config.ReactiveWebMockConfig, org.springframework.boot.autoconfigure.cache.CacheAutoConfiguration, org.springframework.boot.autoconfigure.validation.ValidationAutoConfiguration, com.bgpay.bgai.config.TestWebFluxConfig, org.springframework.boot.autoconfigure.jackson.JacksonAutoConfiguration, com.bgpay.bgai.config.CircuitBreakerAutoConfigurationDisabler, org.springframework.boot.test.autoconfigure.web.reactive.WebTestClientAutoConfiguration, com.bgpay.bgai.config.UserServiceMockConfig, com.bgpay.bgai.config.MyBatisMockConfig, com.bgpay.bgai.config.BGAIServiceMockConfig, com.bgpay.bgai.config.ApplicationTestConfig, com.bgpay.bgai.config.PriceConfigServiceImplMockConfig, com.bgpay.bgai.config.CloudDiscoveryAutoConfigurationDisabler, com.bgpay.bgai.config.MockGatewayRouteConfig, com.bgpay.bgai.config.ChoicesServiceImplMockConfig, org.springframework.boot.autoconfigure.security.oauth2.client.reactive.ReactiveOAuth2ClientAutoConfiguration, com.bgpay.bgai.config.TestApplicationEnvironmentConfig, org.springframework.boot.autoconfigure.security.reactive.ReactiveSecurityAutoConfiguration, org.springframework.boot.autoconfigure.web.reactive.error.ErrorWebFluxAutoConfiguration, com.bgpay.bgai.config.WebClientConfigMock, com.bgpay.bgai.config.MockExtConsumerResetConfig, com.bgpay.bgai.config.ChatCompletionsMapperMockConfig, com.bgpay.bgai.config.DeepSeekServiceMockConfig, com.bgpay.bgai.config.ReactiveChatControllerMockConfig, org.springframework.boot.autoconfigure.thymeleaf.ThymeleafAutoConfiguration, com.bgpay.bgai.config.ReactiveLoadBalancerConfig, org.springframework.boot.autoconfigure.gson.GsonAutoConfiguration, com.bgpay.bgai.config.ValidationAutoConfigurationDisabler, org.springframework.boot.autoconfigure.freemarker.FreeMarkerAutoConfiguration, com.bgpay.bgai.config.AllMappersMockConfig, com.bgpay.bgai.config.LoadBalancerAutoConfigurationDisabler, com.bgpay.bgai.config.SpringTestConfig]], org.springframework.boot.test.context.filter.ExcludeFilterContextCustomizer@58f39564, org.springframework.boot.test.json.DuplicateJsonObjectContextCustomizerFactory$DuplicateJsonObjectContextCustomizer@77a074b4, org.springframework.boot.test.mock.mockito.MockitoContextCustomizer@0, org.springframework.boot.test.autoconfigure.OverrideAutoConfigurationContextCustomizerFactory$DisableAutoConfigurationContextCustomizer@1d805aa1, org.springframework.boot.test.autoconfigure.actuate.observability.ObservabilityContextCustomizerFactory$DisableObservabilityContextCustomizer@1f, org.springframework.boot.test.autoconfigure.filter.TypeExcludeFiltersContextCustomizer@1d156993, org.springframework.boot.test.autoconfigure.properties.PropertyMappingContextCustomizer@aa505725, org.springframework.boot.test.autoconfigure.web.servlet.WebDriverContextCustomizer@429f7919, org.springframework.boot.test.context.SpringBootTestAnnotation@e29c2804], contextLoader = org.springframework.boot.test.context.SpringBootContextLoader, parent = null]
	at org.springframework.test.context.cache.DefaultCacheAwareContextLoaderDelegate.loadContext(DefaultCacheAwareContextLoaderDelegate.java:145)
	at org.springframework.test.context.support.DefaultTestContext.getApplicationContext(DefaultTestContext.java:130)
	at org.springframework.boot.test.autoconfigure.web.servlet.MockMvcPrintOnlyOnFailureTestExecutionListener.afterTestMethod(MockMvcPrintOnlyOnFailureTestExecutionListener.java:39)
	at org.springframework.test.context.TestContextManager.afterTestMethod(TestContextManager.java:487)
	at org.springframework.test.context.testng.AbstractTestNGSpringContextTests.springTestContextAfterTestMethod(AbstractTestNGSpringContextTests.java:183)
	at java.base/jdk.internal.reflect.DirectMethodHandleAccessor.invoke(DirectMethodHandleAccessor.java:103)
	at java.base/java.lang.reflect.Method.invoke(Method.java:580)
	at org.testng.internal.MethodInvocationHelper.invokeMethod(MethodInvocationHelper.java:134)
	at org.testng.internal.MethodInvocationHelper.invokeMethodConsideringTimeout(MethodInvocationHelper.java:63)
	at org.testng.internal.ConfigInvoker.invokeConfigurationMethod(ConfigInvoker.java:348)
	at org.testng.internal.ConfigInvoker.invokeConfigurations(ConfigInvoker.java:302)
	at org.testng.internal.TestInvoker.runConfigMethods(TestInvoker.java:695)
	at org.testng.internal.TestInvoker.runAfterGroupsConfigurations(TestInvoker.java:671)
	at org.testng.internal.TestInvoker.invokeMethod(TestInvoker.java:543)
	at org.testng.internal.TestInvoker.invokeTestMethod(TestInvoker.java:173)
	at org.testng.internal.MethodRunner.runInSequence(MethodRunner.java:46)
	at org.testng.internal.TestInvoker$MethodInvocationAgent.invoke(TestInvoker.java:816)
	at org.testng.internal.TestInvoker.invokeTestMethods(TestInvoker.java:146)
	at org.testng.internal.TestMethodWorker.invokeTestMethods(TestMethodWorker.java:146)
	at org.testng.internal.TestMethodWorker.run(TestMethodWorker.java:128)
	at java.base/java.util.ArrayList.forEach(ArrayList.java:1596)
	at org.testng.TestRunner.privateRun(TestRunner.java:766)
	at org.testng.TestRunner.run(TestRunner.java:587)
	at org.testng.SuiteRunner.runTest(SuiteRunner.java:384)
	at org.testng.SuiteRunner.runSequentially(SuiteRunner.java:378)
	at org.testng.SuiteRunner.privateRun(SuiteRunner.java:337)
	at org.testng.SuiteRunner.run(SuiteRunner.java:286)
	at org.testng.SuiteRunnerWorker.runSuite(SuiteRunnerWorker.java:53)
	at org.testng.SuiteRunnerWorker.run(SuiteRunnerWorker.java:96)
	at org.testng.TestNG.runSuitesSequentially(TestNG.java:1187)
	at org.testng.TestNG.runSuitesLocally(TestNG.java:1109)
	at org.testng.TestNG.runSuites(TestNG.java:1039)
	at org.testng.TestNG.run(TestNG.java:1007)
	at com.intellij.rt.testng.IDEARemoteTestNG.run(IDEARemoteTestNG.java:65)
	at com.intellij.rt.testng.RemoteTestNGStarter.main(RemoteTestNGStarter.java:105)
2025-07-14 14:54:05.109 [main] WARN  o.springframework.test.context.TestContextManager - Caught exception while invoking 'afterTestMethod' callback on TestExecutionListener [org.springframework.boot.test.autoconfigure.web.client.MockRestServiceServerResetTestExecutionListener] for test method [public void com.bgpay.bgai.controller.ReactiveYamlDataDrivenApiTest.testChatApi(java.util.Map)] and test instance [com.bgpay.bgai.controller.ReactiveYamlDataDrivenApiTest@6d099323]
java.lang.IllegalStateException: ApplicationContext failure threshold (1) exceeded: skipping repeated attempt to load context for [ReactiveWebMergedContextConfiguration@338b9bbf testClass = com.bgpay.bgai.controller.ReactiveYamlDataDrivenApiTest, locations = [], classes = [com.bgpay.bgai.BgaiApplication], contextInitializerClasses = [], activeProfiles = [], propertySourceDescriptors = [PropertySourceDescriptor[locations=[classpath:application-test.yml], ignoreResourceNotFound=false, name=null, propertySourceFactory=null, encoding=null]], propertySourceProperties = ["org.springframework.boot.test.autoconfigure.web.reactive.WebFluxTestContextBootstrapper=true"], contextCustomizers = [[ImportsContextCustomizer@77b7cc64 key = [com.bgpay.bgai.config.UsageInfoServiceMockConfig, com.bgpay.bgai.config.ApiKeyServiceMockConfig, org.springframework.boot.autoconfigure.security.reactive.ReactiveUserDetailsServiceAutoConfiguration, com.bgpay.bgai.config.MockEnvironmentConfig, org.springframework.boot.autoconfigure.context.MessageSourceAutoConfiguration, com.bgpay.bgai.config.ElasticsearchAutoConfigurationDisabler, org.springframework.boot.autoconfigure.security.oauth2.resource.reactive.ReactiveOAuth2ResourceServerAutoConfiguration, com.bgpay.bgai.config.PriceVersionServiceImplMockConfig, com.bgpay.bgai.config.MockListenerContainerConfig, com.bgpay.bgai.config.GatewayAutoConfigurationDisabler, com.bgpay.bgai.config.LoadBalancerTestConfig, com.bgpay.bgai.config.ChoicesMapperMockConfig, com.bgpay.bgai.config.RocketMQTestConfig, com.bgpay.bgai.config.WebClientBeanExclusionConfig, com.bgpay.bgai.config.CircuitBreakerTestConfig, com.bgpay.bgai.config.MockWebClientConfig, com.bgpay.bgai.config.ServiceDiscoveryMockConfig, com.bgpay.bgai.config.TestComponentScanFilterRegistrar, com.bgpay.bgai.config.WebClientTestOverrideConfig, com.bgpay.bgai.config.ElasticsearchMockConfig, com.bgpay.bgai.config.WebClientBuilderUnifier, org.springframework.boot.autoconfigure.jsonb.JsonbAutoConfiguration, com.bgpay.bgai.config.ChatCompletionsServiceImplMockConfig, org.springframework.boot.autoconfigure.web.reactive.WebFluxAutoConfiguration, com.bgpay.bgai.config.ApiConfigServiceMockConfig, org.springframework.boot.autoconfigure.http.codec.CodecsAutoConfiguration, com.bgpay.bgai.config.DeepSeekWebClientMockConfig, org.springframework.boot.autoconfigure.mustache.MustacheAutoConfiguration, com.bgpay.bgai.config.ExcludeMainWebClientConfig, com.bgpay.bgai.config.WebClientAutoConfigurationDisabler, com.bgpay.bgai.config.ReactiveWebMockConfig, org.springframework.boot.autoconfigure.cache.CacheAutoConfiguration, org.springframework.boot.autoconfigure.validation.ValidationAutoConfiguration, com.bgpay.bgai.config.TestWebFluxConfig, org.springframework.boot.autoconfigure.jackson.JacksonAutoConfiguration, com.bgpay.bgai.config.CircuitBreakerAutoConfigurationDisabler, org.springframework.boot.test.autoconfigure.web.reactive.WebTestClientAutoConfiguration, com.bgpay.bgai.config.UserServiceMockConfig, com.bgpay.bgai.config.MyBatisMockConfig, com.bgpay.bgai.config.BGAIServiceMockConfig, com.bgpay.bgai.config.ApplicationTestConfig, com.bgpay.bgai.config.PriceConfigServiceImplMockConfig, com.bgpay.bgai.config.CloudDiscoveryAutoConfigurationDisabler, com.bgpay.bgai.config.MockGatewayRouteConfig, com.bgpay.bgai.config.ChoicesServiceImplMockConfig, org.springframework.boot.autoconfigure.security.oauth2.client.reactive.ReactiveOAuth2ClientAutoConfiguration, com.bgpay.bgai.config.TestApplicationEnvironmentConfig, org.springframework.boot.autoconfigure.security.reactive.ReactiveSecurityAutoConfiguration, org.springframework.boot.autoconfigure.web.reactive.error.ErrorWebFluxAutoConfiguration, com.bgpay.bgai.config.WebClientConfigMock, com.bgpay.bgai.config.MockExtConsumerResetConfig, com.bgpay.bgai.config.ChatCompletionsMapperMockConfig, com.bgpay.bgai.config.DeepSeekServiceMockConfig, com.bgpay.bgai.config.ReactiveChatControllerMockConfig, org.springframework.boot.autoconfigure.thymeleaf.ThymeleafAutoConfiguration, com.bgpay.bgai.config.ReactiveLoadBalancerConfig, org.springframework.boot.autoconfigure.gson.GsonAutoConfiguration, com.bgpay.bgai.config.ValidationAutoConfigurationDisabler, org.springframework.boot.autoconfigure.freemarker.FreeMarkerAutoConfiguration, com.bgpay.bgai.config.AllMappersMockConfig, com.bgpay.bgai.config.LoadBalancerAutoConfigurationDisabler, com.bgpay.bgai.config.SpringTestConfig]], org.springframework.boot.test.context.filter.ExcludeFilterContextCustomizer@58f39564, org.springframework.boot.test.json.DuplicateJsonObjectContextCustomizerFactory$DuplicateJsonObjectContextCustomizer@77a074b4, org.springframework.boot.test.mock.mockito.MockitoContextCustomizer@0, org.springframework.boot.test.autoconfigure.OverrideAutoConfigurationContextCustomizerFactory$DisableAutoConfigurationContextCustomizer@1d805aa1, org.springframework.boot.test.autoconfigure.actuate.observability.ObservabilityContextCustomizerFactory$DisableObservabilityContextCustomizer@1f, org.springframework.boot.test.autoconfigure.filter.TypeExcludeFiltersContextCustomizer@1d156993, org.springframework.boot.test.autoconfigure.properties.PropertyMappingContextCustomizer@aa505725, org.springframework.boot.test.autoconfigure.web.servlet.WebDriverContextCustomizer@429f7919, org.springframework.boot.test.context.SpringBootTestAnnotation@e29c2804], contextLoader = org.springframework.boot.test.context.SpringBootContextLoader, parent = null]
	at org.springframework.test.context.cache.DefaultCacheAwareContextLoaderDelegate.loadContext(DefaultCacheAwareContextLoaderDelegate.java:145)
	at org.springframework.test.context.support.DefaultTestContext.getApplicationContext(DefaultTestContext.java:130)
	at org.springframework.boot.test.autoconfigure.web.client.MockRestServiceServerResetTestExecutionListener.afterTestMethod(MockRestServiceServerResetTestExecutionListener.java:40)
	at org.springframework.test.context.TestContextManager.afterTestMethod(TestContextManager.java:487)
	at org.springframework.test.context.testng.AbstractTestNGSpringContextTests.springTestContextAfterTestMethod(AbstractTestNGSpringContextTests.java:183)
	at java.base/jdk.internal.reflect.DirectMethodHandleAccessor.invoke(DirectMethodHandleAccessor.java:103)
	at java.base/java.lang.reflect.Method.invoke(Method.java:580)
	at org.testng.internal.MethodInvocationHelper.invokeMethod(MethodInvocationHelper.java:134)
	at org.testng.internal.MethodInvocationHelper.invokeMethodConsideringTimeout(MethodInvocationHelper.java:63)
	at org.testng.internal.ConfigInvoker.invokeConfigurationMethod(ConfigInvoker.java:348)
	at org.testng.internal.ConfigInvoker.invokeConfigurations(ConfigInvoker.java:302)
	at org.testng.internal.TestInvoker.runConfigMethods(TestInvoker.java:695)
	at org.testng.internal.TestInvoker.runAfterGroupsConfigurations(TestInvoker.java:671)
	at org.testng.internal.TestInvoker.invokeMethod(TestInvoker.java:543)
	at org.testng.internal.TestInvoker.invokeTestMethod(TestInvoker.java:173)
	at org.testng.internal.MethodRunner.runInSequence(MethodRunner.java:46)
	at org.testng.internal.TestInvoker$MethodInvocationAgent.invoke(TestInvoker.java:816)
	at org.testng.internal.TestInvoker.invokeTestMethods(TestInvoker.java:146)
	at org.testng.internal.TestMethodWorker.invokeTestMethods(TestMethodWorker.java:146)
	at org.testng.internal.TestMethodWorker.run(TestMethodWorker.java:128)
	at java.base/java.util.ArrayList.forEach(ArrayList.java:1596)
	at org.testng.TestRunner.privateRun(TestRunner.java:766)
	at org.testng.TestRunner.run(TestRunner.java:587)
	at org.testng.SuiteRunner.runTest(SuiteRunner.java:384)
	at org.testng.SuiteRunner.runSequentially(SuiteRunner.java:378)
	at org.testng.SuiteRunner.privateRun(SuiteRunner.java:337)
	at org.testng.SuiteRunner.run(SuiteRunner.java:286)
	at org.testng.SuiteRunnerWorker.runSuite(SuiteRunnerWorker.java:53)
	at org.testng.SuiteRunnerWorker.run(SuiteRunnerWorker.java:96)
	at org.testng.TestNG.runSuitesSequentially(TestNG.java:1187)
	at org.testng.TestNG.runSuitesLocally(TestNG.java:1109)
	at org.testng.TestNG.runSuites(TestNG.java:1039)
	at org.testng.TestNG.run(TestNG.java:1007)
	at com.intellij.rt.testng.IDEARemoteTestNG.run(IDEARemoteTestNG.java:65)
	at com.intellij.rt.testng.RemoteTestNGStarter.main(RemoteTestNGStarter.java:105)
2025-07-14 14:54:05.109 [main] WARN  o.springframework.test.context.TestContextManager - Caught exception while invoking 'afterTestMethod' callback on TestExecutionListener [org.springframework.boot.test.mock.mockito.ResetMocksTestExecutionListener] for test method [public void com.bgpay.bgai.controller.ReactiveYamlDataDrivenApiTest.testChatApi(java.util.Map)] and test instance [com.bgpay.bgai.controller.ReactiveYamlDataDrivenApiTest@6d099323]
java.lang.IllegalStateException: ApplicationContext failure threshold (1) exceeded: skipping repeated attempt to load context for [ReactiveWebMergedContextConfiguration@338b9bbf testClass = com.bgpay.bgai.controller.ReactiveYamlDataDrivenApiTest, locations = [], classes = [com.bgpay.bgai.BgaiApplication], contextInitializerClasses = [], activeProfiles = [], propertySourceDescriptors = [PropertySourceDescriptor[locations=[classpath:application-test.yml], ignoreResourceNotFound=false, name=null, propertySourceFactory=null, encoding=null]], propertySourceProperties = ["org.springframework.boot.test.autoconfigure.web.reactive.WebFluxTestContextBootstrapper=true"], contextCustomizers = [[ImportsContextCustomizer@77b7cc64 key = [com.bgpay.bgai.config.UsageInfoServiceMockConfig, com.bgpay.bgai.config.ApiKeyServiceMockConfig, org.springframework.boot.autoconfigure.security.reactive.ReactiveUserDetailsServiceAutoConfiguration, com.bgpay.bgai.config.MockEnvironmentConfig, org.springframework.boot.autoconfigure.context.MessageSourceAutoConfiguration, com.bgpay.bgai.config.ElasticsearchAutoConfigurationDisabler, org.springframework.boot.autoconfigure.security.oauth2.resource.reactive.ReactiveOAuth2ResourceServerAutoConfiguration, com.bgpay.bgai.config.PriceVersionServiceImplMockConfig, com.bgpay.bgai.config.MockListenerContainerConfig, com.bgpay.bgai.config.GatewayAutoConfigurationDisabler, com.bgpay.bgai.config.LoadBalancerTestConfig, com.bgpay.bgai.config.ChoicesMapperMockConfig, com.bgpay.bgai.config.RocketMQTestConfig, com.bgpay.bgai.config.WebClientBeanExclusionConfig, com.bgpay.bgai.config.CircuitBreakerTestConfig, com.bgpay.bgai.config.MockWebClientConfig, com.bgpay.bgai.config.ServiceDiscoveryMockConfig, com.bgpay.bgai.config.TestComponentScanFilterRegistrar, com.bgpay.bgai.config.WebClientTestOverrideConfig, com.bgpay.bgai.config.ElasticsearchMockConfig, com.bgpay.bgai.config.WebClientBuilderUnifier, org.springframework.boot.autoconfigure.jsonb.JsonbAutoConfiguration, com.bgpay.bgai.config.ChatCompletionsServiceImplMockConfig, org.springframework.boot.autoconfigure.web.reactive.WebFluxAutoConfiguration, com.bgpay.bgai.config.ApiConfigServiceMockConfig, org.springframework.boot.autoconfigure.http.codec.CodecsAutoConfiguration, com.bgpay.bgai.config.DeepSeekWebClientMockConfig, org.springframework.boot.autoconfigure.mustache.MustacheAutoConfiguration, com.bgpay.bgai.config.ExcludeMainWebClientConfig, com.bgpay.bgai.config.WebClientAutoConfigurationDisabler, com.bgpay.bgai.config.ReactiveWebMockConfig, org.springframework.boot.autoconfigure.cache.CacheAutoConfiguration, org.springframework.boot.autoconfigure.validation.ValidationAutoConfiguration, com.bgpay.bgai.config.TestWebFluxConfig, org.springframework.boot.autoconfigure.jackson.JacksonAutoConfiguration, com.bgpay.bgai.config.CircuitBreakerAutoConfigurationDisabler, org.springframework.boot.test.autoconfigure.web.reactive.WebTestClientAutoConfiguration, com.bgpay.bgai.config.UserServiceMockConfig, com.bgpay.bgai.config.MyBatisMockConfig, com.bgpay.bgai.config.BGAIServiceMockConfig, com.bgpay.bgai.config.ApplicationTestConfig, com.bgpay.bgai.config.PriceConfigServiceImplMockConfig, com.bgpay.bgai.config.CloudDiscoveryAutoConfigurationDisabler, com.bgpay.bgai.config.MockGatewayRouteConfig, com.bgpay.bgai.config.ChoicesServiceImplMockConfig, org.springframework.boot.autoconfigure.security.oauth2.client.reactive.ReactiveOAuth2ClientAutoConfiguration, com.bgpay.bgai.config.TestApplicationEnvironmentConfig, org.springframework.boot.autoconfigure.security.reactive.ReactiveSecurityAutoConfiguration, org.springframework.boot.autoconfigure.web.reactive.error.ErrorWebFluxAutoConfiguration, com.bgpay.bgai.config.WebClientConfigMock, com.bgpay.bgai.config.MockExtConsumerResetConfig, com.bgpay.bgai.config.ChatCompletionsMapperMockConfig, com.bgpay.bgai.config.DeepSeekServiceMockConfig, com.bgpay.bgai.config.ReactiveChatControllerMockConfig, org.springframework.boot.autoconfigure.thymeleaf.ThymeleafAutoConfiguration, com.bgpay.bgai.config.ReactiveLoadBalancerConfig, org.springframework.boot.autoconfigure.gson.GsonAutoConfiguration, com.bgpay.bgai.config.ValidationAutoConfigurationDisabler, org.springframework.boot.autoconfigure.freemarker.FreeMarkerAutoConfiguration, com.bgpay.bgai.config.AllMappersMockConfig, com.bgpay.bgai.config.LoadBalancerAutoConfigurationDisabler, com.bgpay.bgai.config.SpringTestConfig]], org.springframework.boot.test.context.filter.ExcludeFilterContextCustomizer@58f39564, org.springframework.boot.test.json.DuplicateJsonObjectContextCustomizerFactory$DuplicateJsonObjectContextCustomizer@77a074b4, org.springframework.boot.test.mock.mockito.MockitoContextCustomizer@0, org.springframework.boot.test.autoconfigure.OverrideAutoConfigurationContextCustomizerFactory$DisableAutoConfigurationContextCustomizer@1d805aa1, org.springframework.boot.test.autoconfigure.actuate.observability.ObservabilityContextCustomizerFactory$DisableObservabilityContextCustomizer@1f, org.springframework.boot.test.autoconfigure.filter.TypeExcludeFiltersContextCustomizer@1d156993, org.springframework.boot.test.autoconfigure.properties.PropertyMappingContextCustomizer@aa505725, org.springframework.boot.test.autoconfigure.web.servlet.WebDriverContextCustomizer@429f7919, org.springframework.boot.test.context.SpringBootTestAnnotation@e29c2804], contextLoader = org.springframework.boot.test.context.SpringBootContextLoader, parent = null]
	at org.springframework.test.context.cache.DefaultCacheAwareContextLoaderDelegate.loadContext(DefaultCacheAwareContextLoaderDelegate.java:145)
	at org.springframework.test.context.support.DefaultTestContext.getApplicationContext(DefaultTestContext.java:130)
	at org.springframework.boot.test.mock.mockito.ResetMocksTestExecutionListener.afterTestMethod(ResetMocksTestExecutionListener.java:67)
	at org.springframework.test.context.TestContextManager.afterTestMethod(TestContextManager.java:487)
	at org.springframework.test.context.testng.AbstractTestNGSpringContextTests.springTestContextAfterTestMethod(AbstractTestNGSpringContextTests.java:183)
	at java.base/jdk.internal.reflect.DirectMethodHandleAccessor.invoke(DirectMethodHandleAccessor.java:103)
	at java.base/java.lang.reflect.Method.invoke(Method.java:580)
	at org.testng.internal.MethodInvocationHelper.invokeMethod(MethodInvocationHelper.java:134)
	at org.testng.internal.MethodInvocationHelper.invokeMethodConsideringTimeout(MethodInvocationHelper.java:63)
	at org.testng.internal.ConfigInvoker.invokeConfigurationMethod(ConfigInvoker.java:348)
	at org.testng.internal.ConfigInvoker.invokeConfigurations(ConfigInvoker.java:302)
	at org.testng.internal.TestInvoker.runConfigMethods(TestInvoker.java:695)
	at org.testng.internal.TestInvoker.runAfterGroupsConfigurations(TestInvoker.java:671)
	at org.testng.internal.TestInvoker.invokeMethod(TestInvoker.java:543)
	at org.testng.internal.TestInvoker.invokeTestMethod(TestInvoker.java:173)
	at org.testng.internal.MethodRunner.runInSequence(MethodRunner.java:46)
	at org.testng.internal.TestInvoker$MethodInvocationAgent.invoke(TestInvoker.java:816)
	at org.testng.internal.TestInvoker.invokeTestMethods(TestInvoker.java:146)
	at org.testng.internal.TestMethodWorker.invokeTestMethods(TestMethodWorker.java:146)
	at org.testng.internal.TestMethodWorker.run(TestMethodWorker.java:128)
	at java.base/java.util.ArrayList.forEach(ArrayList.java:1596)
	at org.testng.TestRunner.privateRun(TestRunner.java:766)
	at org.testng.TestRunner.run(TestRunner.java:587)
	at org.testng.SuiteRunner.runTest(SuiteRunner.java:384)
	at org.testng.SuiteRunner.runSequentially(SuiteRunner.java:378)
	at org.testng.SuiteRunner.privateRun(SuiteRunner.java:337)
	at org.testng.SuiteRunner.run(SuiteRunner.java:286)
	at org.testng.SuiteRunnerWorker.runSuite(SuiteRunnerWorker.java:53)
	at org.testng.SuiteRunnerWorker.run(SuiteRunnerWorker.java:96)
	at org.testng.TestNG.runSuitesSequentially(TestNG.java:1187)
	at org.testng.TestNG.runSuitesLocally(TestNG.java:1109)
	at org.testng.TestNG.runSuites(TestNG.java:1039)
	at org.testng.TestNG.run(TestNG.java:1007)
	at com.intellij.rt.testng.IDEARemoteTestNG.run(IDEARemoteTestNG.java:65)
	at com.intellij.rt.testng.RemoteTestNGStarter.main(RemoteTestNGStarter.java:105)
2025-07-14 14:54:05.129 [main] WARN  o.springframework.test.context.TestContextManager - Caught exception while invoking 'beforeTestMethod' callback on TestExecutionListener [org.springframework.boot.test.mock.mockito.ResetMocksTestExecutionListener] for test method [public void com.bgpay.bgai.controller.ReactiveYamlDataDrivenApiTest.testChatApi(java.util.Map)] and test instance [com.bgpay.bgai.controller.ReactiveYamlDataDrivenApiTest@6d099323]
java.lang.IllegalStateException: ApplicationContext failure threshold (1) exceeded: skipping repeated attempt to load context for [ReactiveWebMergedContextConfiguration@338b9bbf testClass = com.bgpay.bgai.controller.ReactiveYamlDataDrivenApiTest, locations = [], classes = [com.bgpay.bgai.BgaiApplication], contextInitializerClasses = [], activeProfiles = [], propertySourceDescriptors = [PropertySourceDescriptor[locations=[classpath:application-test.yml], ignoreResourceNotFound=false, name=null, propertySourceFactory=null, encoding=null]], propertySourceProperties = ["org.springframework.boot.test.autoconfigure.web.reactive.WebFluxTestContextBootstrapper=true"], contextCustomizers = [[ImportsContextCustomizer@77b7cc64 key = [com.bgpay.bgai.config.UsageInfoServiceMockConfig, com.bgpay.bgai.config.ApiKeyServiceMockConfig, org.springframework.boot.autoconfigure.security.reactive.ReactiveUserDetailsServiceAutoConfiguration, com.bgpay.bgai.config.MockEnvironmentConfig, org.springframework.boot.autoconfigure.context.MessageSourceAutoConfiguration, com.bgpay.bgai.config.ElasticsearchAutoConfigurationDisabler, org.springframework.boot.autoconfigure.security.oauth2.resource.reactive.ReactiveOAuth2ResourceServerAutoConfiguration, com.bgpay.bgai.config.PriceVersionServiceImplMockConfig, com.bgpay.bgai.config.MockListenerContainerConfig, com.bgpay.bgai.config.GatewayAutoConfigurationDisabler, com.bgpay.bgai.config.LoadBalancerTestConfig, com.bgpay.bgai.config.ChoicesMapperMockConfig, com.bgpay.bgai.config.RocketMQTestConfig, com.bgpay.bgai.config.WebClientBeanExclusionConfig, com.bgpay.bgai.config.CircuitBreakerTestConfig, com.bgpay.bgai.config.MockWebClientConfig, com.bgpay.bgai.config.ServiceDiscoveryMockConfig, com.bgpay.bgai.config.TestComponentScanFilterRegistrar, com.bgpay.bgai.config.WebClientTestOverrideConfig, com.bgpay.bgai.config.ElasticsearchMockConfig, com.bgpay.bgai.config.WebClientBuilderUnifier, org.springframework.boot.autoconfigure.jsonb.JsonbAutoConfiguration, com.bgpay.bgai.config.ChatCompletionsServiceImplMockConfig, org.springframework.boot.autoconfigure.web.reactive.WebFluxAutoConfiguration, com.bgpay.bgai.config.ApiConfigServiceMockConfig, org.springframework.boot.autoconfigure.http.codec.CodecsAutoConfiguration, com.bgpay.bgai.config.DeepSeekWebClientMockConfig, org.springframework.boot.autoconfigure.mustache.MustacheAutoConfiguration, com.bgpay.bgai.config.ExcludeMainWebClientConfig, com.bgpay.bgai.config.WebClientAutoConfigurationDisabler, com.bgpay.bgai.config.ReactiveWebMockConfig, org.springframework.boot.autoconfigure.cache.CacheAutoConfiguration, org.springframework.boot.autoconfigure.validation.ValidationAutoConfiguration, com.bgpay.bgai.config.TestWebFluxConfig, org.springframework.boot.autoconfigure.jackson.JacksonAutoConfiguration, com.bgpay.bgai.config.CircuitBreakerAutoConfigurationDisabler, org.springframework.boot.test.autoconfigure.web.reactive.WebTestClientAutoConfiguration, com.bgpay.bgai.config.UserServiceMockConfig, com.bgpay.bgai.config.MyBatisMockConfig, com.bgpay.bgai.config.BGAIServiceMockConfig, com.bgpay.bgai.config.ApplicationTestConfig, com.bgpay.bgai.config.PriceConfigServiceImplMockConfig, com.bgpay.bgai.config.CloudDiscoveryAutoConfigurationDisabler, com.bgpay.bgai.config.MockGatewayRouteConfig, com.bgpay.bgai.config.ChoicesServiceImplMockConfig, org.springframework.boot.autoconfigure.security.oauth2.client.reactive.ReactiveOAuth2ClientAutoConfiguration, com.bgpay.bgai.config.TestApplicationEnvironmentConfig, org.springframework.boot.autoconfigure.security.reactive.ReactiveSecurityAutoConfiguration, org.springframework.boot.autoconfigure.web.reactive.error.ErrorWebFluxAutoConfiguration, com.bgpay.bgai.config.WebClientConfigMock, com.bgpay.bgai.config.MockExtConsumerResetConfig, com.bgpay.bgai.config.ChatCompletionsMapperMockConfig, com.bgpay.bgai.config.DeepSeekServiceMockConfig, com.bgpay.bgai.config.ReactiveChatControllerMockConfig, org.springframework.boot.autoconfigure.thymeleaf.ThymeleafAutoConfiguration, com.bgpay.bgai.config.ReactiveLoadBalancerConfig, org.springframework.boot.autoconfigure.gson.GsonAutoConfiguration, com.bgpay.bgai.config.ValidationAutoConfigurationDisabler, org.springframework.boot.autoconfigure.freemarker.FreeMarkerAutoConfiguration, com.bgpay.bgai.config.AllMappersMockConfig, com.bgpay.bgai.config.LoadBalancerAutoConfigurationDisabler, com.bgpay.bgai.config.SpringTestConfig]], org.springframework.boot.test.context.filter.ExcludeFilterContextCustomizer@58f39564, org.springframework.boot.test.json.DuplicateJsonObjectContextCustomizerFactory$DuplicateJsonObjectContextCustomizer@77a074b4, org.springframework.boot.test.mock.mockito.MockitoContextCustomizer@0, org.springframework.boot.test.autoconfigure.OverrideAutoConfigurationContextCustomizerFactory$DisableAutoConfigurationContextCustomizer@1d805aa1, org.springframework.boot.test.autoconfigure.actuate.observability.ObservabilityContextCustomizerFactory$DisableObservabilityContextCustomizer@1f, org.springframework.boot.test.autoconfigure.filter.TypeExcludeFiltersContextCustomizer@1d156993, org.springframework.boot.test.autoconfigure.properties.PropertyMappingContextCustomizer@aa505725, org.springframework.boot.test.autoconfigure.web.servlet.WebDriverContextCustomizer@429f7919, org.springframework.boot.test.context.SpringBootTestAnnotation@e29c2804], contextLoader = org.springframework.boot.test.context.SpringBootContextLoader, parent = null]
	at org.springframework.test.context.cache.DefaultCacheAwareContextLoaderDelegate.loadContext(DefaultCacheAwareContextLoaderDelegate.java:145)
	at org.springframework.test.context.support.DefaultTestContext.getApplicationContext(DefaultTestContext.java:130)
	at org.springframework.boot.test.mock.mockito.ResetMocksTestExecutionListener.beforeTestMethod(ResetMocksTestExecutionListener.java:60)
	at org.springframework.test.context.TestContextManager.beforeTestMethod(TestContextManager.java:320)
	at org.springframework.test.context.testng.AbstractTestNGSpringContextTests.springTestContextBeforeTestMethod(AbstractTestNGSpringContextTests.java:131)
	at java.base/jdk.internal.reflect.DirectMethodHandleAccessor.invoke(DirectMethodHandleAccessor.java:103)
	at java.base/java.lang.reflect.Method.invoke(Method.java:580)
	at org.testng.internal.MethodInvocationHelper.invokeMethod(MethodInvocationHelper.java:134)
	at org.testng.internal.MethodInvocationHelper.invokeMethodConsideringTimeout(MethodInvocationHelper.java:63)
	at org.testng.internal.ConfigInvoker.invokeConfigurationMethod(ConfigInvoker.java:348)
	at org.testng.internal.ConfigInvoker.invokeConfigurations(ConfigInvoker.java:302)
	at org.testng.internal.TestInvoker.runConfigMethods(TestInvoker.java:695)
	at org.testng.internal.TestInvoker.invokeMethod(TestInvoker.java:523)
	at org.testng.internal.TestInvoker.invokeTestMethod(TestInvoker.java:173)
	at org.testng.internal.MethodRunner.runInSequence(MethodRunner.java:46)
	at org.testng.internal.TestInvoker$MethodInvocationAgent.invoke(TestInvoker.java:816)
	at org.testng.internal.TestInvoker.invokeTestMethods(TestInvoker.java:146)
	at org.testng.internal.TestMethodWorker.invokeTestMethods(TestMethodWorker.java:146)
	at org.testng.internal.TestMethodWorker.run(TestMethodWorker.java:128)
	at java.base/java.util.ArrayList.forEach(ArrayList.java:1596)
	at org.testng.TestRunner.privateRun(TestRunner.java:766)
	at org.testng.TestRunner.run(TestRunner.java:587)
	at org.testng.SuiteRunner.runTest(SuiteRunner.java:384)
	at org.testng.SuiteRunner.runSequentially(SuiteRunner.java:378)
	at org.testng.SuiteRunner.privateRun(SuiteRunner.java:337)
	at org.testng.SuiteRunner.run(SuiteRunner.java:286)
	at org.testng.SuiteRunnerWorker.runSuite(SuiteRunnerWorker.java:53)
	at org.testng.SuiteRunnerWorker.run(SuiteRunnerWorker.java:96)
	at org.testng.TestNG.runSuitesSequentially(TestNG.java:1187)
	at org.testng.TestNG.runSuitesLocally(TestNG.java:1109)
	at org.testng.TestNG.runSuites(TestNG.java:1039)
	at org.testng.TestNG.run(TestNG.java:1007)
	at com.intellij.rt.testng.IDEARemoteTestNG.run(IDEARemoteTestNG.java:65)
	at com.intellij.rt.testng.RemoteTestNGStarter.main(RemoteTestNGStarter.java:105)
2025-07-14 14:54:05.139 [main] INFO  c.b.bgai.controller.ReactiveYamlDataDrivenApiTest - 开始执行测试方法: testChatApi, testId: 92cf5ce6-3f12-482e-ad24-ad80607731a1
2025-07-14 14:54:05.139 [main] ERROR io.qameta.allure.AllureLifecycle - Could not update test case: test case with uuid 21482531-174a-48c0-a17c-9715da623a25 not found
2025-07-14 14:54:05.139 [main] ERROR io.qameta.allure.AllureLifecycle - Could not update test case: test case with uuid 21482531-174a-48c0-a17c-9715da623a25 not found
2025-07-14 14:54:05.146 [main] WARN  o.springframework.test.context.TestContextManager - Caught exception while invoking 'afterTestMethod' callback on TestExecutionListener [org.springframework.boot.test.autoconfigure.web.servlet.WebDriverTestExecutionListener] for test method [public void com.bgpay.bgai.controller.ReactiveYamlDataDrivenApiTest.testChatApi(java.util.Map)] and test instance [com.bgpay.bgai.controller.ReactiveYamlDataDrivenApiTest@6d099323]
java.lang.IllegalStateException: ApplicationContext failure threshold (1) exceeded: skipping repeated attempt to load context for [ReactiveWebMergedContextConfiguration@338b9bbf testClass = com.bgpay.bgai.controller.ReactiveYamlDataDrivenApiTest, locations = [], classes = [com.bgpay.bgai.BgaiApplication], contextInitializerClasses = [], activeProfiles = [], propertySourceDescriptors = [PropertySourceDescriptor[locations=[classpath:application-test.yml], ignoreResourceNotFound=false, name=null, propertySourceFactory=null, encoding=null]], propertySourceProperties = ["org.springframework.boot.test.autoconfigure.web.reactive.WebFluxTestContextBootstrapper=true"], contextCustomizers = [[ImportsContextCustomizer@77b7cc64 key = [com.bgpay.bgai.config.UsageInfoServiceMockConfig, com.bgpay.bgai.config.ApiKeyServiceMockConfig, org.springframework.boot.autoconfigure.security.reactive.ReactiveUserDetailsServiceAutoConfiguration, com.bgpay.bgai.config.MockEnvironmentConfig, org.springframework.boot.autoconfigure.context.MessageSourceAutoConfiguration, com.bgpay.bgai.config.ElasticsearchAutoConfigurationDisabler, org.springframework.boot.autoconfigure.security.oauth2.resource.reactive.ReactiveOAuth2ResourceServerAutoConfiguration, com.bgpay.bgai.config.PriceVersionServiceImplMockConfig, com.bgpay.bgai.config.MockListenerContainerConfig, com.bgpay.bgai.config.GatewayAutoConfigurationDisabler, com.bgpay.bgai.config.LoadBalancerTestConfig, com.bgpay.bgai.config.ChoicesMapperMockConfig, com.bgpay.bgai.config.RocketMQTestConfig, com.bgpay.bgai.config.WebClientBeanExclusionConfig, com.bgpay.bgai.config.CircuitBreakerTestConfig, com.bgpay.bgai.config.MockWebClientConfig, com.bgpay.bgai.config.ServiceDiscoveryMockConfig, com.bgpay.bgai.config.TestComponentScanFilterRegistrar, com.bgpay.bgai.config.WebClientTestOverrideConfig, com.bgpay.bgai.config.ElasticsearchMockConfig, com.bgpay.bgai.config.WebClientBuilderUnifier, org.springframework.boot.autoconfigure.jsonb.JsonbAutoConfiguration, com.bgpay.bgai.config.ChatCompletionsServiceImplMockConfig, org.springframework.boot.autoconfigure.web.reactive.WebFluxAutoConfiguration, com.bgpay.bgai.config.ApiConfigServiceMockConfig, org.springframework.boot.autoconfigure.http.codec.CodecsAutoConfiguration, com.bgpay.bgai.config.DeepSeekWebClientMockConfig, org.springframework.boot.autoconfigure.mustache.MustacheAutoConfiguration, com.bgpay.bgai.config.ExcludeMainWebClientConfig, com.bgpay.bgai.config.WebClientAutoConfigurationDisabler, com.bgpay.bgai.config.ReactiveWebMockConfig, org.springframework.boot.autoconfigure.cache.CacheAutoConfiguration, org.springframework.boot.autoconfigure.validation.ValidationAutoConfiguration, com.bgpay.bgai.config.TestWebFluxConfig, org.springframework.boot.autoconfigure.jackson.JacksonAutoConfiguration, com.bgpay.bgai.config.CircuitBreakerAutoConfigurationDisabler, org.springframework.boot.test.autoconfigure.web.reactive.WebTestClientAutoConfiguration, com.bgpay.bgai.config.UserServiceMockConfig, com.bgpay.bgai.config.MyBatisMockConfig, com.bgpay.bgai.config.BGAIServiceMockConfig, com.bgpay.bgai.config.ApplicationTestConfig, com.bgpay.bgai.config.PriceConfigServiceImplMockConfig, com.bgpay.bgai.config.CloudDiscoveryAutoConfigurationDisabler, com.bgpay.bgai.config.MockGatewayRouteConfig, com.bgpay.bgai.config.ChoicesServiceImplMockConfig, org.springframework.boot.autoconfigure.security.oauth2.client.reactive.ReactiveOAuth2ClientAutoConfiguration, com.bgpay.bgai.config.TestApplicationEnvironmentConfig, org.springframework.boot.autoconfigure.security.reactive.ReactiveSecurityAutoConfiguration, org.springframework.boot.autoconfigure.web.reactive.error.ErrorWebFluxAutoConfiguration, com.bgpay.bgai.config.WebClientConfigMock, com.bgpay.bgai.config.MockExtConsumerResetConfig, com.bgpay.bgai.config.ChatCompletionsMapperMockConfig, com.bgpay.bgai.config.DeepSeekServiceMockConfig, com.bgpay.bgai.config.ReactiveChatControllerMockConfig, org.springframework.boot.autoconfigure.thymeleaf.ThymeleafAutoConfiguration, com.bgpay.bgai.config.ReactiveLoadBalancerConfig, org.springframework.boot.autoconfigure.gson.GsonAutoConfiguration, com.bgpay.bgai.config.ValidationAutoConfigurationDisabler, org.springframework.boot.autoconfigure.freemarker.FreeMarkerAutoConfiguration, com.bgpay.bgai.config.AllMappersMockConfig, com.bgpay.bgai.config.LoadBalancerAutoConfigurationDisabler, com.bgpay.bgai.config.SpringTestConfig]], org.springframework.boot.test.context.filter.ExcludeFilterContextCustomizer@58f39564, org.springframework.boot.test.json.DuplicateJsonObjectContextCustomizerFactory$DuplicateJsonObjectContextCustomizer@77a074b4, org.springframework.boot.test.mock.mockito.MockitoContextCustomizer@0, org.springframework.boot.test.autoconfigure.OverrideAutoConfigurationContextCustomizerFactory$DisableAutoConfigurationContextCustomizer@1d805aa1, org.springframework.boot.test.autoconfigure.actuate.observability.ObservabilityContextCustomizerFactory$DisableObservabilityContextCustomizer@1f, org.springframework.boot.test.autoconfigure.filter.TypeExcludeFiltersContextCustomizer@1d156993, org.springframework.boot.test.autoconfigure.properties.PropertyMappingContextCustomizer@aa505725, org.springframework.boot.test.autoconfigure.web.servlet.WebDriverContextCustomizer@429f7919, org.springframework.boot.test.context.SpringBootTestAnnotation@e29c2804], contextLoader = org.springframework.boot.test.context.SpringBootContextLoader, parent = null]
	at org.springframework.test.context.cache.DefaultCacheAwareContextLoaderDelegate.loadContext(DefaultCacheAwareContextLoaderDelegate.java:145)
	at org.springframework.test.context.support.DefaultTestContext.getApplicationContext(DefaultTestContext.java:130)
	at org.springframework.boot.test.autoconfigure.web.servlet.WebDriverTestExecutionListener.afterTestMethod(WebDriverTestExecutionListener.java:42)
	at org.springframework.test.context.TestContextManager.afterTestMethod(TestContextManager.java:487)
	at org.springframework.test.context.testng.AbstractTestNGSpringContextTests.springTestContextAfterTestMethod(AbstractTestNGSpringContextTests.java:183)
	at java.base/jdk.internal.reflect.DirectMethodHandleAccessor.invoke(DirectMethodHandleAccessor.java:103)
	at java.base/java.lang.reflect.Method.invoke(Method.java:580)
	at org.testng.internal.MethodInvocationHelper.invokeMethod(MethodInvocationHelper.java:134)
	at org.testng.internal.MethodInvocationHelper.invokeMethodConsideringTimeout(MethodInvocationHelper.java:63)
	at org.testng.internal.ConfigInvoker.invokeConfigurationMethod(ConfigInvoker.java:348)
	at org.testng.internal.ConfigInvoker.invokeConfigurations(ConfigInvoker.java:302)
	at org.testng.internal.TestInvoker.runConfigMethods(TestInvoker.java:695)
	at org.testng.internal.TestInvoker.runAfterGroupsConfigurations(TestInvoker.java:671)
	at org.testng.internal.TestInvoker.invokeMethod(TestInvoker.java:543)
	at org.testng.internal.TestInvoker.invokeTestMethod(TestInvoker.java:173)
	at org.testng.internal.MethodRunner.runInSequence(MethodRunner.java:46)
	at org.testng.internal.TestInvoker$MethodInvocationAgent.invoke(TestInvoker.java:816)
	at org.testng.internal.TestInvoker.invokeTestMethods(TestInvoker.java:146)
	at org.testng.internal.TestMethodWorker.invokeTestMethods(TestMethodWorker.java:146)
	at org.testng.internal.TestMethodWorker.run(TestMethodWorker.java:128)
	at java.base/java.util.ArrayList.forEach(ArrayList.java:1596)
	at org.testng.TestRunner.privateRun(TestRunner.java:766)
	at org.testng.TestRunner.run(TestRunner.java:587)
	at org.testng.SuiteRunner.runTest(SuiteRunner.java:384)
	at org.testng.SuiteRunner.runSequentially(SuiteRunner.java:378)
	at org.testng.SuiteRunner.privateRun(SuiteRunner.java:337)
	at org.testng.SuiteRunner.run(SuiteRunner.java:286)
	at org.testng.SuiteRunnerWorker.runSuite(SuiteRunnerWorker.java:53)
	at org.testng.SuiteRunnerWorker.run(SuiteRunnerWorker.java:96)
	at org.testng.TestNG.runSuitesSequentially(TestNG.java:1187)
	at org.testng.TestNG.runSuitesLocally(TestNG.java:1109)
	at org.testng.TestNG.runSuites(TestNG.java:1039)
	at org.testng.TestNG.run(TestNG.java:1007)
	at com.intellij.rt.testng.IDEARemoteTestNG.run(IDEARemoteTestNG.java:65)
	at com.intellij.rt.testng.RemoteTestNGStarter.main(RemoteTestNGStarter.java:105)
2025-07-14 14:54:05.146 [main] WARN  o.springframework.test.context.TestContextManager - Caught exception while invoking 'afterTestMethod' callback on TestExecutionListener [org.springframework.boot.test.autoconfigure.web.servlet.MockMvcPrintOnlyOnFailureTestExecutionListener] for test method [public void com.bgpay.bgai.controller.ReactiveYamlDataDrivenApiTest.testChatApi(java.util.Map)] and test instance [com.bgpay.bgai.controller.ReactiveYamlDataDrivenApiTest@6d099323]
java.lang.IllegalStateException: ApplicationContext failure threshold (1) exceeded: skipping repeated attempt to load context for [ReactiveWebMergedContextConfiguration@338b9bbf testClass = com.bgpay.bgai.controller.ReactiveYamlDataDrivenApiTest, locations = [], classes = [com.bgpay.bgai.BgaiApplication], contextInitializerClasses = [], activeProfiles = [], propertySourceDescriptors = [PropertySourceDescriptor[locations=[classpath:application-test.yml], ignoreResourceNotFound=false, name=null, propertySourceFactory=null, encoding=null]], propertySourceProperties = ["org.springframework.boot.test.autoconfigure.web.reactive.WebFluxTestContextBootstrapper=true"], contextCustomizers = [[ImportsContextCustomizer@77b7cc64 key = [com.bgpay.bgai.config.UsageInfoServiceMockConfig, com.bgpay.bgai.config.ApiKeyServiceMockConfig, org.springframework.boot.autoconfigure.security.reactive.ReactiveUserDetailsServiceAutoConfiguration, com.bgpay.bgai.config.MockEnvironmentConfig, org.springframework.boot.autoconfigure.context.MessageSourceAutoConfiguration, com.bgpay.bgai.config.ElasticsearchAutoConfigurationDisabler, org.springframework.boot.autoconfigure.security.oauth2.resource.reactive.ReactiveOAuth2ResourceServerAutoConfiguration, com.bgpay.bgai.config.PriceVersionServiceImplMockConfig, com.bgpay.bgai.config.MockListenerContainerConfig, com.bgpay.bgai.config.GatewayAutoConfigurationDisabler, com.bgpay.bgai.config.LoadBalancerTestConfig, com.bgpay.bgai.config.ChoicesMapperMockConfig, com.bgpay.bgai.config.RocketMQTestConfig, com.bgpay.bgai.config.WebClientBeanExclusionConfig, com.bgpay.bgai.config.CircuitBreakerTestConfig, com.bgpay.bgai.config.MockWebClientConfig, com.bgpay.bgai.config.ServiceDiscoveryMockConfig, com.bgpay.bgai.config.TestComponentScanFilterRegistrar, com.bgpay.bgai.config.WebClientTestOverrideConfig, com.bgpay.bgai.config.ElasticsearchMockConfig, com.bgpay.bgai.config.WebClientBuilderUnifier, org.springframework.boot.autoconfigure.jsonb.JsonbAutoConfiguration, com.bgpay.bgai.config.ChatCompletionsServiceImplMockConfig, org.springframework.boot.autoconfigure.web.reactive.WebFluxAutoConfiguration, com.bgpay.bgai.config.ApiConfigServiceMockConfig, org.springframework.boot.autoconfigure.http.codec.CodecsAutoConfiguration, com.bgpay.bgai.config.DeepSeekWebClientMockConfig, org.springframework.boot.autoconfigure.mustache.MustacheAutoConfiguration, com.bgpay.bgai.config.ExcludeMainWebClientConfig, com.bgpay.bgai.config.WebClientAutoConfigurationDisabler, com.bgpay.bgai.config.ReactiveWebMockConfig, org.springframework.boot.autoconfigure.cache.CacheAutoConfiguration, org.springframework.boot.autoconfigure.validation.ValidationAutoConfiguration, com.bgpay.bgai.config.TestWebFluxConfig, org.springframework.boot.autoconfigure.jackson.JacksonAutoConfiguration, com.bgpay.bgai.config.CircuitBreakerAutoConfigurationDisabler, org.springframework.boot.test.autoconfigure.web.reactive.WebTestClientAutoConfiguration, com.bgpay.bgai.config.UserServiceMockConfig, com.bgpay.bgai.config.MyBatisMockConfig, com.bgpay.bgai.config.BGAIServiceMockConfig, com.bgpay.bgai.config.ApplicationTestConfig, com.bgpay.bgai.config.PriceConfigServiceImplMockConfig, com.bgpay.bgai.config.CloudDiscoveryAutoConfigurationDisabler, com.bgpay.bgai.config.MockGatewayRouteConfig, com.bgpay.bgai.config.ChoicesServiceImplMockConfig, org.springframework.boot.autoconfigure.security.oauth2.client.reactive.ReactiveOAuth2ClientAutoConfiguration, com.bgpay.bgai.config.TestApplicationEnvironmentConfig, org.springframework.boot.autoconfigure.security.reactive.ReactiveSecurityAutoConfiguration, org.springframework.boot.autoconfigure.web.reactive.error.ErrorWebFluxAutoConfiguration, com.bgpay.bgai.config.WebClientConfigMock, com.bgpay.bgai.config.MockExtConsumerResetConfig, com.bgpay.bgai.config.ChatCompletionsMapperMockConfig, com.bgpay.bgai.config.DeepSeekServiceMockConfig, com.bgpay.bgai.config.ReactiveChatControllerMockConfig, org.springframework.boot.autoconfigure.thymeleaf.ThymeleafAutoConfiguration, com.bgpay.bgai.config.ReactiveLoadBalancerConfig, org.springframework.boot.autoconfigure.gson.GsonAutoConfiguration, com.bgpay.bgai.config.ValidationAutoConfigurationDisabler, org.springframework.boot.autoconfigure.freemarker.FreeMarkerAutoConfiguration, com.bgpay.bgai.config.AllMappersMockConfig, com.bgpay.bgai.config.LoadBalancerAutoConfigurationDisabler, com.bgpay.bgai.config.SpringTestConfig]], org.springframework.boot.test.context.filter.ExcludeFilterContextCustomizer@58f39564, org.springframework.boot.test.json.DuplicateJsonObjectContextCustomizerFactory$DuplicateJsonObjectContextCustomizer@77a074b4, org.springframework.boot.test.mock.mockito.MockitoContextCustomizer@0, org.springframework.boot.test.autoconfigure.OverrideAutoConfigurationContextCustomizerFactory$DisableAutoConfigurationContextCustomizer@1d805aa1, org.springframework.boot.test.autoconfigure.actuate.observability.ObservabilityContextCustomizerFactory$DisableObservabilityContextCustomizer@1f, org.springframework.boot.test.autoconfigure.filter.TypeExcludeFiltersContextCustomizer@1d156993, org.springframework.boot.test.autoconfigure.properties.PropertyMappingContextCustomizer@aa505725, org.springframework.boot.test.autoconfigure.web.servlet.WebDriverContextCustomizer@429f7919, org.springframework.boot.test.context.SpringBootTestAnnotation@e29c2804], contextLoader = org.springframework.boot.test.context.SpringBootContextLoader, parent = null]
	at org.springframework.test.context.cache.DefaultCacheAwareContextLoaderDelegate.loadContext(DefaultCacheAwareContextLoaderDelegate.java:145)
	at org.springframework.test.context.support.DefaultTestContext.getApplicationContext(DefaultTestContext.java:130)
	at org.springframework.boot.test.autoconfigure.web.servlet.MockMvcPrintOnlyOnFailureTestExecutionListener.afterTestMethod(MockMvcPrintOnlyOnFailureTestExecutionListener.java:39)
	at org.springframework.test.context.TestContextManager.afterTestMethod(TestContextManager.java:487)
	at org.springframework.test.context.testng.AbstractTestNGSpringContextTests.springTestContextAfterTestMethod(AbstractTestNGSpringContextTests.java:183)
	at java.base/jdk.internal.reflect.DirectMethodHandleAccessor.invoke(DirectMethodHandleAccessor.java:103)
	at java.base/java.lang.reflect.Method.invoke(Method.java:580)
	at org.testng.internal.MethodInvocationHelper.invokeMethod(MethodInvocationHelper.java:134)
	at org.testng.internal.MethodInvocationHelper.invokeMethodConsideringTimeout(MethodInvocationHelper.java:63)
	at org.testng.internal.ConfigInvoker.invokeConfigurationMethod(ConfigInvoker.java:348)
	at org.testng.internal.ConfigInvoker.invokeConfigurations(ConfigInvoker.java:302)
	at org.testng.internal.TestInvoker.runConfigMethods(TestInvoker.java:695)
	at org.testng.internal.TestInvoker.runAfterGroupsConfigurations(TestInvoker.java:671)
	at org.testng.internal.TestInvoker.invokeMethod(TestInvoker.java:543)
	at org.testng.internal.TestInvoker.invokeTestMethod(TestInvoker.java:173)
	at org.testng.internal.MethodRunner.runInSequence(MethodRunner.java:46)
	at org.testng.internal.TestInvoker$MethodInvocationAgent.invoke(TestInvoker.java:816)
	at org.testng.internal.TestInvoker.invokeTestMethods(TestInvoker.java:146)
	at org.testng.internal.TestMethodWorker.invokeTestMethods(TestMethodWorker.java:146)
	at org.testng.internal.TestMethodWorker.run(TestMethodWorker.java:128)
	at java.base/java.util.ArrayList.forEach(ArrayList.java:1596)
	at org.testng.TestRunner.privateRun(TestRunner.java:766)
	at org.testng.TestRunner.run(TestRunner.java:587)
	at org.testng.SuiteRunner.runTest(SuiteRunner.java:384)
	at org.testng.SuiteRunner.runSequentially(SuiteRunner.java:378)
	at org.testng.SuiteRunner.privateRun(SuiteRunner.java:337)
	at org.testng.SuiteRunner.run(SuiteRunner.java:286)
	at org.testng.SuiteRunnerWorker.runSuite(SuiteRunnerWorker.java:53)
	at org.testng.SuiteRunnerWorker.run(SuiteRunnerWorker.java:96)
	at org.testng.TestNG.runSuitesSequentially(TestNG.java:1187)
	at org.testng.TestNG.runSuitesLocally(TestNG.java:1109)
	at org.testng.TestNG.runSuites(TestNG.java:1039)
	at org.testng.TestNG.run(TestNG.java:1007)
	at com.intellij.rt.testng.IDEARemoteTestNG.run(IDEARemoteTestNG.java:65)
	at com.intellij.rt.testng.RemoteTestNGStarter.main(RemoteTestNGStarter.java:105)
2025-07-14 14:54:05.147 [main] WARN  o.springframework.test.context.TestContextManager - Caught exception while invoking 'afterTestMethod' callback on TestExecutionListener [org.springframework.boot.test.autoconfigure.web.client.MockRestServiceServerResetTestExecutionListener] for test method [public void com.bgpay.bgai.controller.ReactiveYamlDataDrivenApiTest.testChatApi(java.util.Map)] and test instance [com.bgpay.bgai.controller.ReactiveYamlDataDrivenApiTest@6d099323]
java.lang.IllegalStateException: ApplicationContext failure threshold (1) exceeded: skipping repeated attempt to load context for [ReactiveWebMergedContextConfiguration@338b9bbf testClass = com.bgpay.bgai.controller.ReactiveYamlDataDrivenApiTest, locations = [], classes = [com.bgpay.bgai.BgaiApplication], contextInitializerClasses = [], activeProfiles = [], propertySourceDescriptors = [PropertySourceDescriptor[locations=[classpath:application-test.yml], ignoreResourceNotFound=false, name=null, propertySourceFactory=null, encoding=null]], propertySourceProperties = ["org.springframework.boot.test.autoconfigure.web.reactive.WebFluxTestContextBootstrapper=true"], contextCustomizers = [[ImportsContextCustomizer@77b7cc64 key = [com.bgpay.bgai.config.UsageInfoServiceMockConfig, com.bgpay.bgai.config.ApiKeyServiceMockConfig, org.springframework.boot.autoconfigure.security.reactive.ReactiveUserDetailsServiceAutoConfiguration, com.bgpay.bgai.config.MockEnvironmentConfig, org.springframework.boot.autoconfigure.context.MessageSourceAutoConfiguration, com.bgpay.bgai.config.ElasticsearchAutoConfigurationDisabler, org.springframework.boot.autoconfigure.security.oauth2.resource.reactive.ReactiveOAuth2ResourceServerAutoConfiguration, com.bgpay.bgai.config.PriceVersionServiceImplMockConfig, com.bgpay.bgai.config.MockListenerContainerConfig, com.bgpay.bgai.config.GatewayAutoConfigurationDisabler, com.bgpay.bgai.config.LoadBalancerTestConfig, com.bgpay.bgai.config.ChoicesMapperMockConfig, com.bgpay.bgai.config.RocketMQTestConfig, com.bgpay.bgai.config.WebClientBeanExclusionConfig, com.bgpay.bgai.config.CircuitBreakerTestConfig, com.bgpay.bgai.config.MockWebClientConfig, com.bgpay.bgai.config.ServiceDiscoveryMockConfig, com.bgpay.bgai.config.TestComponentScanFilterRegistrar, com.bgpay.bgai.config.WebClientTestOverrideConfig, com.bgpay.bgai.config.ElasticsearchMockConfig, com.bgpay.bgai.config.WebClientBuilderUnifier, org.springframework.boot.autoconfigure.jsonb.JsonbAutoConfiguration, com.bgpay.bgai.config.ChatCompletionsServiceImplMockConfig, org.springframework.boot.autoconfigure.web.reactive.WebFluxAutoConfiguration, com.bgpay.bgai.config.ApiConfigServiceMockConfig, org.springframework.boot.autoconfigure.http.codec.CodecsAutoConfiguration, com.bgpay.bgai.config.DeepSeekWebClientMockConfig, org.springframework.boot.autoconfigure.mustache.MustacheAutoConfiguration, com.bgpay.bgai.config.ExcludeMainWebClientConfig, com.bgpay.bgai.config.WebClientAutoConfigurationDisabler, com.bgpay.bgai.config.ReactiveWebMockConfig, org.springframework.boot.autoconfigure.cache.CacheAutoConfiguration, org.springframework.boot.autoconfigure.validation.ValidationAutoConfiguration, com.bgpay.bgai.config.TestWebFluxConfig, org.springframework.boot.autoconfigure.jackson.JacksonAutoConfiguration, com.bgpay.bgai.config.CircuitBreakerAutoConfigurationDisabler, org.springframework.boot.test.autoconfigure.web.reactive.WebTestClientAutoConfiguration, com.bgpay.bgai.config.UserServiceMockConfig, com.bgpay.bgai.config.MyBatisMockConfig, com.bgpay.bgai.config.BGAIServiceMockConfig, com.bgpay.bgai.config.ApplicationTestConfig, com.bgpay.bgai.config.PriceConfigServiceImplMockConfig, com.bgpay.bgai.config.CloudDiscoveryAutoConfigurationDisabler, com.bgpay.bgai.config.MockGatewayRouteConfig, com.bgpay.bgai.config.ChoicesServiceImplMockConfig, org.springframework.boot.autoconfigure.security.oauth2.client.reactive.ReactiveOAuth2ClientAutoConfiguration, com.bgpay.bgai.config.TestApplicationEnvironmentConfig, org.springframework.boot.autoconfigure.security.reactive.ReactiveSecurityAutoConfiguration, org.springframework.boot.autoconfigure.web.reactive.error.ErrorWebFluxAutoConfiguration, com.bgpay.bgai.config.WebClientConfigMock, com.bgpay.bgai.config.MockExtConsumerResetConfig, com.bgpay.bgai.config.ChatCompletionsMapperMockConfig, com.bgpay.bgai.config.DeepSeekServiceMockConfig, com.bgpay.bgai.config.ReactiveChatControllerMockConfig, org.springframework.boot.autoconfigure.thymeleaf.ThymeleafAutoConfiguration, com.bgpay.bgai.config.ReactiveLoadBalancerConfig, org.springframework.boot.autoconfigure.gson.GsonAutoConfiguration, com.bgpay.bgai.config.ValidationAutoConfigurationDisabler, org.springframework.boot.autoconfigure.freemarker.FreeMarkerAutoConfiguration, com.bgpay.bgai.config.AllMappersMockConfig, com.bgpay.bgai.config.LoadBalancerAutoConfigurationDisabler, com.bgpay.bgai.config.SpringTestConfig]], org.springframework.boot.test.context.filter.ExcludeFilterContextCustomizer@58f39564, org.springframework.boot.test.json.DuplicateJsonObjectContextCustomizerFactory$DuplicateJsonObjectContextCustomizer@77a074b4, org.springframework.boot.test.mock.mockito.MockitoContextCustomizer@0, org.springframework.boot.test.autoconfigure.OverrideAutoConfigurationContextCustomizerFactory$DisableAutoConfigurationContextCustomizer@1d805aa1, org.springframework.boot.test.autoconfigure.actuate.observability.ObservabilityContextCustomizerFactory$DisableObservabilityContextCustomizer@1f, org.springframework.boot.test.autoconfigure.filter.TypeExcludeFiltersContextCustomizer@1d156993, org.springframework.boot.test.autoconfigure.properties.PropertyMappingContextCustomizer@aa505725, org.springframework.boot.test.autoconfigure.web.servlet.WebDriverContextCustomizer@429f7919, org.springframework.boot.test.context.SpringBootTestAnnotation@e29c2804], contextLoader = org.springframework.boot.test.context.SpringBootContextLoader, parent = null]
	at org.springframework.test.context.cache.DefaultCacheAwareContextLoaderDelegate.loadContext(DefaultCacheAwareContextLoaderDelegate.java:145)
	at org.springframework.test.context.support.DefaultTestContext.getApplicationContext(DefaultTestContext.java:130)
	at org.springframework.boot.test.autoconfigure.web.client.MockRestServiceServerResetTestExecutionListener.afterTestMethod(MockRestServiceServerResetTestExecutionListener.java:40)
	at org.springframework.test.context.TestContextManager.afterTestMethod(TestContextManager.java:487)
	at org.springframework.test.context.testng.AbstractTestNGSpringContextTests.springTestContextAfterTestMethod(AbstractTestNGSpringContextTests.java:183)
	at java.base/jdk.internal.reflect.DirectMethodHandleAccessor.invoke(DirectMethodHandleAccessor.java:103)
	at java.base/java.lang.reflect.Method.invoke(Method.java:580)
	at org.testng.internal.MethodInvocationHelper.invokeMethod(MethodInvocationHelper.java:134)
	at org.testng.internal.MethodInvocationHelper.invokeMethodConsideringTimeout(MethodInvocationHelper.java:63)
	at org.testng.internal.ConfigInvoker.invokeConfigurationMethod(ConfigInvoker.java:348)
	at org.testng.internal.ConfigInvoker.invokeConfigurations(ConfigInvoker.java:302)
	at org.testng.internal.TestInvoker.runConfigMethods(TestInvoker.java:695)
	at org.testng.internal.TestInvoker.runAfterGroupsConfigurations(TestInvoker.java:671)
	at org.testng.internal.TestInvoker.invokeMethod(TestInvoker.java:543)
	at org.testng.internal.TestInvoker.invokeTestMethod(TestInvoker.java:173)
	at org.testng.internal.MethodRunner.runInSequence(MethodRunner.java:46)
	at org.testng.internal.TestInvoker$MethodInvocationAgent.invoke(TestInvoker.java:816)
	at org.testng.internal.TestInvoker.invokeTestMethods(TestInvoker.java:146)
	at org.testng.internal.TestMethodWorker.invokeTestMethods(TestMethodWorker.java:146)
	at org.testng.internal.TestMethodWorker.run(TestMethodWorker.java:128)
	at java.base/java.util.ArrayList.forEach(ArrayList.java:1596)
	at org.testng.TestRunner.privateRun(TestRunner.java:766)
	at org.testng.TestRunner.run(TestRunner.java:587)
	at org.testng.SuiteRunner.runTest(SuiteRunner.java:384)
	at org.testng.SuiteRunner.runSequentially(SuiteRunner.java:378)
	at org.testng.SuiteRunner.privateRun(SuiteRunner.java:337)
	at org.testng.SuiteRunner.run(SuiteRunner.java:286)
	at org.testng.SuiteRunnerWorker.runSuite(SuiteRunnerWorker.java:53)
	at org.testng.SuiteRunnerWorker.run(SuiteRunnerWorker.java:96)
	at org.testng.TestNG.runSuitesSequentially(TestNG.java:1187)
	at org.testng.TestNG.runSuitesLocally(TestNG.java:1109)
	at org.testng.TestNG.runSuites(TestNG.java:1039)
	at org.testng.TestNG.run(TestNG.java:1007)
	at com.intellij.rt.testng.IDEARemoteTestNG.run(IDEARemoteTestNG.java:65)
	at com.intellij.rt.testng.RemoteTestNGStarter.main(RemoteTestNGStarter.java:105)
2025-07-14 14:54:05.148 [main] WARN  o.springframework.test.context.TestContextManager - Caught exception while invoking 'afterTestMethod' callback on TestExecutionListener [org.springframework.boot.test.mock.mockito.ResetMocksTestExecutionListener] for test method [public void com.bgpay.bgai.controller.ReactiveYamlDataDrivenApiTest.testChatApi(java.util.Map)] and test instance [com.bgpay.bgai.controller.ReactiveYamlDataDrivenApiTest@6d099323]
java.lang.IllegalStateException: ApplicationContext failure threshold (1) exceeded: skipping repeated attempt to load context for [ReactiveWebMergedContextConfiguration@338b9bbf testClass = com.bgpay.bgai.controller.ReactiveYamlDataDrivenApiTest, locations = [], classes = [com.bgpay.bgai.BgaiApplication], contextInitializerClasses = [], activeProfiles = [], propertySourceDescriptors = [PropertySourceDescriptor[locations=[classpath:application-test.yml], ignoreResourceNotFound=false, name=null, propertySourceFactory=null, encoding=null]], propertySourceProperties = ["org.springframework.boot.test.autoconfigure.web.reactive.WebFluxTestContextBootstrapper=true"], contextCustomizers = [[ImportsContextCustomizer@77b7cc64 key = [com.bgpay.bgai.config.UsageInfoServiceMockConfig, com.bgpay.bgai.config.ApiKeyServiceMockConfig, org.springframework.boot.autoconfigure.security.reactive.ReactiveUserDetailsServiceAutoConfiguration, com.bgpay.bgai.config.MockEnvironmentConfig, org.springframework.boot.autoconfigure.context.MessageSourceAutoConfiguration, com.bgpay.bgai.config.ElasticsearchAutoConfigurationDisabler, org.springframework.boot.autoconfigure.security.oauth2.resource.reactive.ReactiveOAuth2ResourceServerAutoConfiguration, com.bgpay.bgai.config.PriceVersionServiceImplMockConfig, com.bgpay.bgai.config.MockListenerContainerConfig, com.bgpay.bgai.config.GatewayAutoConfigurationDisabler, com.bgpay.bgai.config.LoadBalancerTestConfig, com.bgpay.bgai.config.ChoicesMapperMockConfig, com.bgpay.bgai.config.RocketMQTestConfig, com.bgpay.bgai.config.WebClientBeanExclusionConfig, com.bgpay.bgai.config.CircuitBreakerTestConfig, com.bgpay.bgai.config.MockWebClientConfig, com.bgpay.bgai.config.ServiceDiscoveryMockConfig, com.bgpay.bgai.config.TestComponentScanFilterRegistrar, com.bgpay.bgai.config.WebClientTestOverrideConfig, com.bgpay.bgai.config.ElasticsearchMockConfig, com.bgpay.bgai.config.WebClientBuilderUnifier, org.springframework.boot.autoconfigure.jsonb.JsonbAutoConfiguration, com.bgpay.bgai.config.ChatCompletionsServiceImplMockConfig, org.springframework.boot.autoconfigure.web.reactive.WebFluxAutoConfiguration, com.bgpay.bgai.config.ApiConfigServiceMockConfig, org.springframework.boot.autoconfigure.http.codec.CodecsAutoConfiguration, com.bgpay.bgai.config.DeepSeekWebClientMockConfig, org.springframework.boot.autoconfigure.mustache.MustacheAutoConfiguration, com.bgpay.bgai.config.ExcludeMainWebClientConfig, com.bgpay.bgai.config.WebClientAutoConfigurationDisabler, com.bgpay.bgai.config.ReactiveWebMockConfig, org.springframework.boot.autoconfigure.cache.CacheAutoConfiguration, org.springframework.boot.autoconfigure.validation.ValidationAutoConfiguration, com.bgpay.bgai.config.TestWebFluxConfig, org.springframework.boot.autoconfigure.jackson.JacksonAutoConfiguration, com.bgpay.bgai.config.CircuitBreakerAutoConfigurationDisabler, org.springframework.boot.test.autoconfigure.web.reactive.WebTestClientAutoConfiguration, com.bgpay.bgai.config.UserServiceMockConfig, com.bgpay.bgai.config.MyBatisMockConfig, com.bgpay.bgai.config.BGAIServiceMockConfig, com.bgpay.bgai.config.ApplicationTestConfig, com.bgpay.bgai.config.PriceConfigServiceImplMockConfig, com.bgpay.bgai.config.CloudDiscoveryAutoConfigurationDisabler, com.bgpay.bgai.config.MockGatewayRouteConfig, com.bgpay.bgai.config.ChoicesServiceImplMockConfig, org.springframework.boot.autoconfigure.security.oauth2.client.reactive.ReactiveOAuth2ClientAutoConfiguration, com.bgpay.bgai.config.TestApplicationEnvironmentConfig, org.springframework.boot.autoconfigure.security.reactive.ReactiveSecurityAutoConfiguration, org.springframework.boot.autoconfigure.web.reactive.error.ErrorWebFluxAutoConfiguration, com.bgpay.bgai.config.WebClientConfigMock, com.bgpay.bgai.config.MockExtConsumerResetConfig, com.bgpay.bgai.config.ChatCompletionsMapperMockConfig, com.bgpay.bgai.config.DeepSeekServiceMockConfig, com.bgpay.bgai.config.ReactiveChatControllerMockConfig, org.springframework.boot.autoconfigure.thymeleaf.ThymeleafAutoConfiguration, com.bgpay.bgai.config.ReactiveLoadBalancerConfig, org.springframework.boot.autoconfigure.gson.GsonAutoConfiguration, com.bgpay.bgai.config.ValidationAutoConfigurationDisabler, org.springframework.boot.autoconfigure.freemarker.FreeMarkerAutoConfiguration, com.bgpay.bgai.config.AllMappersMockConfig, com.bgpay.bgai.config.LoadBalancerAutoConfigurationDisabler, com.bgpay.bgai.config.SpringTestConfig]], org.springframework.boot.test.context.filter.ExcludeFilterContextCustomizer@58f39564, org.springframework.boot.test.json.DuplicateJsonObjectContextCustomizerFactory$DuplicateJsonObjectContextCustomizer@77a074b4, org.springframework.boot.test.mock.mockito.MockitoContextCustomizer@0, org.springframework.boot.test.autoconfigure.OverrideAutoConfigurationContextCustomizerFactory$DisableAutoConfigurationContextCustomizer@1d805aa1, org.springframework.boot.test.autoconfigure.actuate.observability.ObservabilityContextCustomizerFactory$DisableObservabilityContextCustomizer@1f, org.springframework.boot.test.autoconfigure.filter.TypeExcludeFiltersContextCustomizer@1d156993, org.springframework.boot.test.autoconfigure.properties.PropertyMappingContextCustomizer@aa505725, org.springframework.boot.test.autoconfigure.web.servlet.WebDriverContextCustomizer@429f7919, org.springframework.boot.test.context.SpringBootTestAnnotation@e29c2804], contextLoader = org.springframework.boot.test.context.SpringBootContextLoader, parent = null]
	at org.springframework.test.context.cache.DefaultCacheAwareContextLoaderDelegate.loadContext(DefaultCacheAwareContextLoaderDelegate.java:145)
	at org.springframework.test.context.support.DefaultTestContext.getApplicationContext(DefaultTestContext.java:130)
	at org.springframework.boot.test.mock.mockito.ResetMocksTestExecutionListener.afterTestMethod(ResetMocksTestExecutionListener.java:67)
	at org.springframework.test.context.TestContextManager.afterTestMethod(TestContextManager.java:487)
	at org.springframework.test.context.testng.AbstractTestNGSpringContextTests.springTestContextAfterTestMethod(AbstractTestNGSpringContextTests.java:183)
	at java.base/jdk.internal.reflect.DirectMethodHandleAccessor.invoke(DirectMethodHandleAccessor.java:103)
	at java.base/java.lang.reflect.Method.invoke(Method.java:580)
	at org.testng.internal.MethodInvocationHelper.invokeMethod(MethodInvocationHelper.java:134)
	at org.testng.internal.MethodInvocationHelper.invokeMethodConsideringTimeout(MethodInvocationHelper.java:63)
	at org.testng.internal.ConfigInvoker.invokeConfigurationMethod(ConfigInvoker.java:348)
	at org.testng.internal.ConfigInvoker.invokeConfigurations(ConfigInvoker.java:302)
	at org.testng.internal.TestInvoker.runConfigMethods(TestInvoker.java:695)
	at org.testng.internal.TestInvoker.runAfterGroupsConfigurations(TestInvoker.java:671)
	at org.testng.internal.TestInvoker.invokeMethod(TestInvoker.java:543)
	at org.testng.internal.TestInvoker.invokeTestMethod(TestInvoker.java:173)
	at org.testng.internal.MethodRunner.runInSequence(MethodRunner.java:46)
	at org.testng.internal.TestInvoker$MethodInvocationAgent.invoke(TestInvoker.java:816)
	at org.testng.internal.TestInvoker.invokeTestMethods(TestInvoker.java:146)
	at org.testng.internal.TestMethodWorker.invokeTestMethods(TestMethodWorker.java:146)
	at org.testng.internal.TestMethodWorker.run(TestMethodWorker.java:128)
	at java.base/java.util.ArrayList.forEach(ArrayList.java:1596)
	at org.testng.TestRunner.privateRun(TestRunner.java:766)
	at org.testng.TestRunner.run(TestRunner.java:587)
	at org.testng.SuiteRunner.runTest(SuiteRunner.java:384)
	at org.testng.SuiteRunner.runSequentially(SuiteRunner.java:378)
	at org.testng.SuiteRunner.privateRun(SuiteRunner.java:337)
	at org.testng.SuiteRunner.run(SuiteRunner.java:286)
	at org.testng.SuiteRunnerWorker.runSuite(SuiteRunnerWorker.java:53)
	at org.testng.SuiteRunnerWorker.run(SuiteRunnerWorker.java:96)
	at org.testng.TestNG.runSuitesSequentially(TestNG.java:1187)
	at org.testng.TestNG.runSuitesLocally(TestNG.java:1109)
	at org.testng.TestNG.runSuites(TestNG.java:1039)
	at org.testng.TestNG.run(TestNG.java:1007)
	at com.intellij.rt.testng.IDEARemoteTestNG.run(IDEARemoteTestNG.java:65)
	at com.intellij.rt.testng.RemoteTestNGStarter.main(RemoteTestNGStarter.java:105)
2025-07-14 14:54:05.159 [main] WARN  o.springframework.test.context.TestContextManager - Caught exception while invoking 'beforeTestMethod' callback on TestExecutionListener [org.springframework.boot.test.mock.mockito.ResetMocksTestExecutionListener] for test method [public void com.bgpay.bgai.controller.ReactiveYamlDataDrivenApiTest.testChatApi(java.util.Map)] and test instance [com.bgpay.bgai.controller.ReactiveYamlDataDrivenApiTest@6d099323]
java.lang.IllegalStateException: ApplicationContext failure threshold (1) exceeded: skipping repeated attempt to load context for [ReactiveWebMergedContextConfiguration@338b9bbf testClass = com.bgpay.bgai.controller.ReactiveYamlDataDrivenApiTest, locations = [], classes = [com.bgpay.bgai.BgaiApplication], contextInitializerClasses = [], activeProfiles = [], propertySourceDescriptors = [PropertySourceDescriptor[locations=[classpath:application-test.yml], ignoreResourceNotFound=false, name=null, propertySourceFactory=null, encoding=null]], propertySourceProperties = ["org.springframework.boot.test.autoconfigure.web.reactive.WebFluxTestContextBootstrapper=true"], contextCustomizers = [[ImportsContextCustomizer@77b7cc64 key = [com.bgpay.bgai.config.UsageInfoServiceMockConfig, com.bgpay.bgai.config.ApiKeyServiceMockConfig, org.springframework.boot.autoconfigure.security.reactive.ReactiveUserDetailsServiceAutoConfiguration, com.bgpay.bgai.config.MockEnvironmentConfig, org.springframework.boot.autoconfigure.context.MessageSourceAutoConfiguration, com.bgpay.bgai.config.ElasticsearchAutoConfigurationDisabler, org.springframework.boot.autoconfigure.security.oauth2.resource.reactive.ReactiveOAuth2ResourceServerAutoConfiguration, com.bgpay.bgai.config.PriceVersionServiceImplMockConfig, com.bgpay.bgai.config.MockListenerContainerConfig, com.bgpay.bgai.config.GatewayAutoConfigurationDisabler, com.bgpay.bgai.config.LoadBalancerTestConfig, com.bgpay.bgai.config.ChoicesMapperMockConfig, com.bgpay.bgai.config.RocketMQTestConfig, com.bgpay.bgai.config.WebClientBeanExclusionConfig, com.bgpay.bgai.config.CircuitBreakerTestConfig, com.bgpay.bgai.config.MockWebClientConfig, com.bgpay.bgai.config.ServiceDiscoveryMockConfig, com.bgpay.bgai.config.TestComponentScanFilterRegistrar, com.bgpay.bgai.config.WebClientTestOverrideConfig, com.bgpay.bgai.config.ElasticsearchMockConfig, com.bgpay.bgai.config.WebClientBuilderUnifier, org.springframework.boot.autoconfigure.jsonb.JsonbAutoConfiguration, com.bgpay.bgai.config.ChatCompletionsServiceImplMockConfig, org.springframework.boot.autoconfigure.web.reactive.WebFluxAutoConfiguration, com.bgpay.bgai.config.ApiConfigServiceMockConfig, org.springframework.boot.autoconfigure.http.codec.CodecsAutoConfiguration, com.bgpay.bgai.config.DeepSeekWebClientMockConfig, org.springframework.boot.autoconfigure.mustache.MustacheAutoConfiguration, com.bgpay.bgai.config.ExcludeMainWebClientConfig, com.bgpay.bgai.config.WebClientAutoConfigurationDisabler, com.bgpay.bgai.config.ReactiveWebMockConfig, org.springframework.boot.autoconfigure.cache.CacheAutoConfiguration, org.springframework.boot.autoconfigure.validation.ValidationAutoConfiguration, com.bgpay.bgai.config.TestWebFluxConfig, org.springframework.boot.autoconfigure.jackson.JacksonAutoConfiguration, com.bgpay.bgai.config.CircuitBreakerAutoConfigurationDisabler, org.springframework.boot.test.autoconfigure.web.reactive.WebTestClientAutoConfiguration, com.bgpay.bgai.config.UserServiceMockConfig, com.bgpay.bgai.config.MyBatisMockConfig, com.bgpay.bgai.config.BGAIServiceMockConfig, com.bgpay.bgai.config.ApplicationTestConfig, com.bgpay.bgai.config.PriceConfigServiceImplMockConfig, com.bgpay.bgai.config.CloudDiscoveryAutoConfigurationDisabler, com.bgpay.bgai.config.MockGatewayRouteConfig, com.bgpay.bgai.config.ChoicesServiceImplMockConfig, org.springframework.boot.autoconfigure.security.oauth2.client.reactive.ReactiveOAuth2ClientAutoConfiguration, com.bgpay.bgai.config.TestApplicationEnvironmentConfig, org.springframework.boot.autoconfigure.security.reactive.ReactiveSecurityAutoConfiguration, org.springframework.boot.autoconfigure.web.reactive.error.ErrorWebFluxAutoConfiguration, com.bgpay.bgai.config.WebClientConfigMock, com.bgpay.bgai.config.MockExtConsumerResetConfig, com.bgpay.bgai.config.ChatCompletionsMapperMockConfig, com.bgpay.bgai.config.DeepSeekServiceMockConfig, com.bgpay.bgai.config.ReactiveChatControllerMockConfig, org.springframework.boot.autoconfigure.thymeleaf.ThymeleafAutoConfiguration, com.bgpay.bgai.config.ReactiveLoadBalancerConfig, org.springframework.boot.autoconfigure.gson.GsonAutoConfiguration, com.bgpay.bgai.config.ValidationAutoConfigurationDisabler, org.springframework.boot.autoconfigure.freemarker.FreeMarkerAutoConfiguration, com.bgpay.bgai.config.AllMappersMockConfig, com.bgpay.bgai.config.LoadBalancerAutoConfigurationDisabler, com.bgpay.bgai.config.SpringTestConfig]], org.springframework.boot.test.context.filter.ExcludeFilterContextCustomizer@58f39564, org.springframework.boot.test.json.DuplicateJsonObjectContextCustomizerFactory$DuplicateJsonObjectContextCustomizer@77a074b4, org.springframework.boot.test.mock.mockito.MockitoContextCustomizer@0, org.springframework.boot.test.autoconfigure.OverrideAutoConfigurationContextCustomizerFactory$DisableAutoConfigurationContextCustomizer@1d805aa1, org.springframework.boot.test.autoconfigure.actuate.observability.ObservabilityContextCustomizerFactory$DisableObservabilityContextCustomizer@1f, org.springframework.boot.test.autoconfigure.filter.TypeExcludeFiltersContextCustomizer@1d156993, org.springframework.boot.test.autoconfigure.properties.PropertyMappingContextCustomizer@aa505725, org.springframework.boot.test.autoconfigure.web.servlet.WebDriverContextCustomizer@429f7919, org.springframework.boot.test.context.SpringBootTestAnnotation@e29c2804], contextLoader = org.springframework.boot.test.context.SpringBootContextLoader, parent = null]
	at org.springframework.test.context.cache.DefaultCacheAwareContextLoaderDelegate.loadContext(DefaultCacheAwareContextLoaderDelegate.java:145)
	at org.springframework.test.context.support.DefaultTestContext.getApplicationContext(DefaultTestContext.java:130)
	at org.springframework.boot.test.mock.mockito.ResetMocksTestExecutionListener.beforeTestMethod(ResetMocksTestExecutionListener.java:60)
	at org.springframework.test.context.TestContextManager.beforeTestMethod(TestContextManager.java:320)
	at org.springframework.test.context.testng.AbstractTestNGSpringContextTests.springTestContextBeforeTestMethod(AbstractTestNGSpringContextTests.java:131)
	at java.base/jdk.internal.reflect.DirectMethodHandleAccessor.invoke(DirectMethodHandleAccessor.java:103)
	at java.base/java.lang.reflect.Method.invoke(Method.java:580)
	at org.testng.internal.MethodInvocationHelper.invokeMethod(MethodInvocationHelper.java:134)
	at org.testng.internal.MethodInvocationHelper.invokeMethodConsideringTimeout(MethodInvocationHelper.java:63)
	at org.testng.internal.ConfigInvoker.invokeConfigurationMethod(ConfigInvoker.java:348)
	at org.testng.internal.ConfigInvoker.invokeConfigurations(ConfigInvoker.java:302)
	at org.testng.internal.TestInvoker.runConfigMethods(TestInvoker.java:695)
	at org.testng.internal.TestInvoker.invokeMethod(TestInvoker.java:523)
	at org.testng.internal.TestInvoker.invokeTestMethod(TestInvoker.java:173)
	at org.testng.internal.MethodRunner.runInSequence(MethodRunner.java:46)
	at org.testng.internal.TestInvoker$MethodInvocationAgent.invoke(TestInvoker.java:816)
	at org.testng.internal.TestInvoker.invokeTestMethods(TestInvoker.java:146)
	at org.testng.internal.TestMethodWorker.invokeTestMethods(TestMethodWorker.java:146)
	at org.testng.internal.TestMethodWorker.run(TestMethodWorker.java:128)
	at java.base/java.util.ArrayList.forEach(ArrayList.java:1596)
	at org.testng.TestRunner.privateRun(TestRunner.java:766)
	at org.testng.TestRunner.run(TestRunner.java:587)
	at org.testng.SuiteRunner.runTest(SuiteRunner.java:384)
	at org.testng.SuiteRunner.runSequentially(SuiteRunner.java:378)
	at org.testng.SuiteRunner.privateRun(SuiteRunner.java:337)
	at org.testng.SuiteRunner.run(SuiteRunner.java:286)
	at org.testng.SuiteRunnerWorker.runSuite(SuiteRunnerWorker.java:53)
	at org.testng.SuiteRunnerWorker.run(SuiteRunnerWorker.java:96)
	at org.testng.TestNG.runSuitesSequentially(TestNG.java:1187)
	at org.testng.TestNG.runSuitesLocally(TestNG.java:1109)
	at org.testng.TestNG.runSuites(TestNG.java:1039)
	at org.testng.TestNG.run(TestNG.java:1007)
	at com.intellij.rt.testng.IDEARemoteTestNG.run(IDEARemoteTestNG.java:65)
	at com.intellij.rt.testng.RemoteTestNGStarter.main(RemoteTestNGStarter.java:105)
2025-07-14 14:54:05.165 [main] INFO  c.b.bgai.controller.ReactiveYamlDataDrivenApiTest - 开始执行测试方法: testChatApi, testId: 9c3d733d-b639-4dfe-b7e6-660aa9f2a8de
2025-07-14 14:54:05.165 [main] ERROR io.qameta.allure.AllureLifecycle - Could not update test case: test case with uuid 453b285c-1857-4965-bf44-dd7218c6439a not found
2025-07-14 14:54:05.165 [main] ERROR io.qameta.allure.AllureLifecycle - Could not update test case: test case with uuid 453b285c-1857-4965-bf44-dd7218c6439a not found
2025-07-14 14:54:05.172 [main] WARN  o.springframework.test.context.TestContextManager - Caught exception while invoking 'afterTestMethod' callback on TestExecutionListener [org.springframework.boot.test.autoconfigure.web.servlet.WebDriverTestExecutionListener] for test method [public void com.bgpay.bgai.controller.ReactiveYamlDataDrivenApiTest.testChatApi(java.util.Map)] and test instance [com.bgpay.bgai.controller.ReactiveYamlDataDrivenApiTest@6d099323]
java.lang.IllegalStateException: ApplicationContext failure threshold (1) exceeded: skipping repeated attempt to load context for [ReactiveWebMergedContextConfiguration@338b9bbf testClass = com.bgpay.bgai.controller.ReactiveYamlDataDrivenApiTest, locations = [], classes = [com.bgpay.bgai.BgaiApplication], contextInitializerClasses = [], activeProfiles = [], propertySourceDescriptors = [PropertySourceDescriptor[locations=[classpath:application-test.yml], ignoreResourceNotFound=false, name=null, propertySourceFactory=null, encoding=null]], propertySourceProperties = ["org.springframework.boot.test.autoconfigure.web.reactive.WebFluxTestContextBootstrapper=true"], contextCustomizers = [[ImportsContextCustomizer@77b7cc64 key = [com.bgpay.bgai.config.UsageInfoServiceMockConfig, com.bgpay.bgai.config.ApiKeyServiceMockConfig, org.springframework.boot.autoconfigure.security.reactive.ReactiveUserDetailsServiceAutoConfiguration, com.bgpay.bgai.config.MockEnvironmentConfig, org.springframework.boot.autoconfigure.context.MessageSourceAutoConfiguration, com.bgpay.bgai.config.ElasticsearchAutoConfigurationDisabler, org.springframework.boot.autoconfigure.security.oauth2.resource.reactive.ReactiveOAuth2ResourceServerAutoConfiguration, com.bgpay.bgai.config.PriceVersionServiceImplMockConfig, com.bgpay.bgai.config.MockListenerContainerConfig, com.bgpay.bgai.config.GatewayAutoConfigurationDisabler, com.bgpay.bgai.config.LoadBalancerTestConfig, com.bgpay.bgai.config.ChoicesMapperMockConfig, com.bgpay.bgai.config.RocketMQTestConfig, com.bgpay.bgai.config.WebClientBeanExclusionConfig, com.bgpay.bgai.config.CircuitBreakerTestConfig, com.bgpay.bgai.config.MockWebClientConfig, com.bgpay.bgai.config.ServiceDiscoveryMockConfig, com.bgpay.bgai.config.TestComponentScanFilterRegistrar, com.bgpay.bgai.config.WebClientTestOverrideConfig, com.bgpay.bgai.config.ElasticsearchMockConfig, com.bgpay.bgai.config.WebClientBuilderUnifier, org.springframework.boot.autoconfigure.jsonb.JsonbAutoConfiguration, com.bgpay.bgai.config.ChatCompletionsServiceImplMockConfig, org.springframework.boot.autoconfigure.web.reactive.WebFluxAutoConfiguration, com.bgpay.bgai.config.ApiConfigServiceMockConfig, org.springframework.boot.autoconfigure.http.codec.CodecsAutoConfiguration, com.bgpay.bgai.config.DeepSeekWebClientMockConfig, org.springframework.boot.autoconfigure.mustache.MustacheAutoConfiguration, com.bgpay.bgai.config.ExcludeMainWebClientConfig, com.bgpay.bgai.config.WebClientAutoConfigurationDisabler, com.bgpay.bgai.config.ReactiveWebMockConfig, org.springframework.boot.autoconfigure.cache.CacheAutoConfiguration, org.springframework.boot.autoconfigure.validation.ValidationAutoConfiguration, com.bgpay.bgai.config.TestWebFluxConfig, org.springframework.boot.autoconfigure.jackson.JacksonAutoConfiguration, com.bgpay.bgai.config.CircuitBreakerAutoConfigurationDisabler, org.springframework.boot.test.autoconfigure.web.reactive.WebTestClientAutoConfiguration, com.bgpay.bgai.config.UserServiceMockConfig, com.bgpay.bgai.config.MyBatisMockConfig, com.bgpay.bgai.config.BGAIServiceMockConfig, com.bgpay.bgai.config.ApplicationTestConfig, com.bgpay.bgai.config.PriceConfigServiceImplMockConfig, com.bgpay.bgai.config.CloudDiscoveryAutoConfigurationDisabler, com.bgpay.bgai.config.MockGatewayRouteConfig, com.bgpay.bgai.config.ChoicesServiceImplMockConfig, org.springframework.boot.autoconfigure.security.oauth2.client.reactive.ReactiveOAuth2ClientAutoConfiguration, com.bgpay.bgai.config.TestApplicationEnvironmentConfig, org.springframework.boot.autoconfigure.security.reactive.ReactiveSecurityAutoConfiguration, org.springframework.boot.autoconfigure.web.reactive.error.ErrorWebFluxAutoConfiguration, com.bgpay.bgai.config.WebClientConfigMock, com.bgpay.bgai.config.MockExtConsumerResetConfig, com.bgpay.bgai.config.ChatCompletionsMapperMockConfig, com.bgpay.bgai.config.DeepSeekServiceMockConfig, com.bgpay.bgai.config.ReactiveChatControllerMockConfig, org.springframework.boot.autoconfigure.thymeleaf.ThymeleafAutoConfiguration, com.bgpay.bgai.config.ReactiveLoadBalancerConfig, org.springframework.boot.autoconfigure.gson.GsonAutoConfiguration, com.bgpay.bgai.config.ValidationAutoConfigurationDisabler, org.springframework.boot.autoconfigure.freemarker.FreeMarkerAutoConfiguration, com.bgpay.bgai.config.AllMappersMockConfig, com.bgpay.bgai.config.LoadBalancerAutoConfigurationDisabler, com.bgpay.bgai.config.SpringTestConfig]], org.springframework.boot.test.context.filter.ExcludeFilterContextCustomizer@58f39564, org.springframework.boot.test.json.DuplicateJsonObjectContextCustomizerFactory$DuplicateJsonObjectContextCustomizer@77a074b4, org.springframework.boot.test.mock.mockito.MockitoContextCustomizer@0, org.springframework.boot.test.autoconfigure.OverrideAutoConfigurationContextCustomizerFactory$DisableAutoConfigurationContextCustomizer@1d805aa1, org.springframework.boot.test.autoconfigure.actuate.observability.ObservabilityContextCustomizerFactory$DisableObservabilityContextCustomizer@1f, org.springframework.boot.test.autoconfigure.filter.TypeExcludeFiltersContextCustomizer@1d156993, org.springframework.boot.test.autoconfigure.properties.PropertyMappingContextCustomizer@aa505725, org.springframework.boot.test.autoconfigure.web.servlet.WebDriverContextCustomizer@429f7919, org.springframework.boot.test.context.SpringBootTestAnnotation@e29c2804], contextLoader = org.springframework.boot.test.context.SpringBootContextLoader, parent = null]
	at org.springframework.test.context.cache.DefaultCacheAwareContextLoaderDelegate.loadContext(DefaultCacheAwareContextLoaderDelegate.java:145)
	at org.springframework.test.context.support.DefaultTestContext.getApplicationContext(DefaultTestContext.java:130)
	at org.springframework.boot.test.autoconfigure.web.servlet.WebDriverTestExecutionListener.afterTestMethod(WebDriverTestExecutionListener.java:42)
	at org.springframework.test.context.TestContextManager.afterTestMethod(TestContextManager.java:487)
	at org.springframework.test.context.testng.AbstractTestNGSpringContextTests.springTestContextAfterTestMethod(AbstractTestNGSpringContextTests.java:183)
	at java.base/jdk.internal.reflect.DirectMethodHandleAccessor.invoke(DirectMethodHandleAccessor.java:103)
	at java.base/java.lang.reflect.Method.invoke(Method.java:580)
	at org.testng.internal.MethodInvocationHelper.invokeMethod(MethodInvocationHelper.java:134)
	at org.testng.internal.MethodInvocationHelper.invokeMethodConsideringTimeout(MethodInvocationHelper.java:63)
	at org.testng.internal.ConfigInvoker.invokeConfigurationMethod(ConfigInvoker.java:348)
	at org.testng.internal.ConfigInvoker.invokeConfigurations(ConfigInvoker.java:302)
	at org.testng.internal.TestInvoker.runConfigMethods(TestInvoker.java:695)
	at org.testng.internal.TestInvoker.runAfterGroupsConfigurations(TestInvoker.java:671)
	at org.testng.internal.TestInvoker.invokeMethod(TestInvoker.java:543)
	at org.testng.internal.TestInvoker.invokeTestMethod(TestInvoker.java:173)
	at org.testng.internal.MethodRunner.runInSequence(MethodRunner.java:46)
	at org.testng.internal.TestInvoker$MethodInvocationAgent.invoke(TestInvoker.java:816)
	at org.testng.internal.TestInvoker.invokeTestMethods(TestInvoker.java:146)
	at org.testng.internal.TestMethodWorker.invokeTestMethods(TestMethodWorker.java:146)
	at org.testng.internal.TestMethodWorker.run(TestMethodWorker.java:128)
	at java.base/java.util.ArrayList.forEach(ArrayList.java:1596)
	at org.testng.TestRunner.privateRun(TestRunner.java:766)
	at org.testng.TestRunner.run(TestRunner.java:587)
	at org.testng.SuiteRunner.runTest(SuiteRunner.java:384)
	at org.testng.SuiteRunner.runSequentially(SuiteRunner.java:378)
	at org.testng.SuiteRunner.privateRun(SuiteRunner.java:337)
	at org.testng.SuiteRunner.run(SuiteRunner.java:286)
	at org.testng.SuiteRunnerWorker.runSuite(SuiteRunnerWorker.java:53)
	at org.testng.SuiteRunnerWorker.run(SuiteRunnerWorker.java:96)
	at org.testng.TestNG.runSuitesSequentially(TestNG.java:1187)
	at org.testng.TestNG.runSuitesLocally(TestNG.java:1109)
	at org.testng.TestNG.runSuites(TestNG.java:1039)
	at org.testng.TestNG.run(TestNG.java:1007)
	at com.intellij.rt.testng.IDEARemoteTestNG.run(IDEARemoteTestNG.java:65)
	at com.intellij.rt.testng.RemoteTestNGStarter.main(RemoteTestNGStarter.java:105)
2025-07-14 14:54:05.172 [main] WARN  o.springframework.test.context.TestContextManager - Caught exception while invoking 'afterTestMethod' callback on TestExecutionListener [org.springframework.boot.test.autoconfigure.web.servlet.MockMvcPrintOnlyOnFailureTestExecutionListener] for test method [public void com.bgpay.bgai.controller.ReactiveYamlDataDrivenApiTest.testChatApi(java.util.Map)] and test instance [com.bgpay.bgai.controller.ReactiveYamlDataDrivenApiTest@6d099323]
java.lang.IllegalStateException: ApplicationContext failure threshold (1) exceeded: skipping repeated attempt to load context for [ReactiveWebMergedContextConfiguration@338b9bbf testClass = com.bgpay.bgai.controller.ReactiveYamlDataDrivenApiTest, locations = [], classes = [com.bgpay.bgai.BgaiApplication], contextInitializerClasses = [], activeProfiles = [], propertySourceDescriptors = [PropertySourceDescriptor[locations=[classpath:application-test.yml], ignoreResourceNotFound=false, name=null, propertySourceFactory=null, encoding=null]], propertySourceProperties = ["org.springframework.boot.test.autoconfigure.web.reactive.WebFluxTestContextBootstrapper=true"], contextCustomizers = [[ImportsContextCustomizer@77b7cc64 key = [com.bgpay.bgai.config.UsageInfoServiceMockConfig, com.bgpay.bgai.config.ApiKeyServiceMockConfig, org.springframework.boot.autoconfigure.security.reactive.ReactiveUserDetailsServiceAutoConfiguration, com.bgpay.bgai.config.MockEnvironmentConfig, org.springframework.boot.autoconfigure.context.MessageSourceAutoConfiguration, com.bgpay.bgai.config.ElasticsearchAutoConfigurationDisabler, org.springframework.boot.autoconfigure.security.oauth2.resource.reactive.ReactiveOAuth2ResourceServerAutoConfiguration, com.bgpay.bgai.config.PriceVersionServiceImplMockConfig, com.bgpay.bgai.config.MockListenerContainerConfig, com.bgpay.bgai.config.GatewayAutoConfigurationDisabler, com.bgpay.bgai.config.LoadBalancerTestConfig, com.bgpay.bgai.config.ChoicesMapperMockConfig, com.bgpay.bgai.config.RocketMQTestConfig, com.bgpay.bgai.config.WebClientBeanExclusionConfig, com.bgpay.bgai.config.CircuitBreakerTestConfig, com.bgpay.bgai.config.MockWebClientConfig, com.bgpay.bgai.config.ServiceDiscoveryMockConfig, com.bgpay.bgai.config.TestComponentScanFilterRegistrar, com.bgpay.bgai.config.WebClientTestOverrideConfig, com.bgpay.bgai.config.ElasticsearchMockConfig, com.bgpay.bgai.config.WebClientBuilderUnifier, org.springframework.boot.autoconfigure.jsonb.JsonbAutoConfiguration, com.bgpay.bgai.config.ChatCompletionsServiceImplMockConfig, org.springframework.boot.autoconfigure.web.reactive.WebFluxAutoConfiguration, com.bgpay.bgai.config.ApiConfigServiceMockConfig, org.springframework.boot.autoconfigure.http.codec.CodecsAutoConfiguration, com.bgpay.bgai.config.DeepSeekWebClientMockConfig, org.springframework.boot.autoconfigure.mustache.MustacheAutoConfiguration, com.bgpay.bgai.config.ExcludeMainWebClientConfig, com.bgpay.bgai.config.WebClientAutoConfigurationDisabler, com.bgpay.bgai.config.ReactiveWebMockConfig, org.springframework.boot.autoconfigure.cache.CacheAutoConfiguration, org.springframework.boot.autoconfigure.validation.ValidationAutoConfiguration, com.bgpay.bgai.config.TestWebFluxConfig, org.springframework.boot.autoconfigure.jackson.JacksonAutoConfiguration, com.bgpay.bgai.config.CircuitBreakerAutoConfigurationDisabler, org.springframework.boot.test.autoconfigure.web.reactive.WebTestClientAutoConfiguration, com.bgpay.bgai.config.UserServiceMockConfig, com.bgpay.bgai.config.MyBatisMockConfig, com.bgpay.bgai.config.BGAIServiceMockConfig, com.bgpay.bgai.config.ApplicationTestConfig, com.bgpay.bgai.config.PriceConfigServiceImplMockConfig, com.bgpay.bgai.config.CloudDiscoveryAutoConfigurationDisabler, com.bgpay.bgai.config.MockGatewayRouteConfig, com.bgpay.bgai.config.ChoicesServiceImplMockConfig, org.springframework.boot.autoconfigure.security.oauth2.client.reactive.ReactiveOAuth2ClientAutoConfiguration, com.bgpay.bgai.config.TestApplicationEnvironmentConfig, org.springframework.boot.autoconfigure.security.reactive.ReactiveSecurityAutoConfiguration, org.springframework.boot.autoconfigure.web.reactive.error.ErrorWebFluxAutoConfiguration, com.bgpay.bgai.config.WebClientConfigMock, com.bgpay.bgai.config.MockExtConsumerResetConfig, com.bgpay.bgai.config.ChatCompletionsMapperMockConfig, com.bgpay.bgai.config.DeepSeekServiceMockConfig, com.bgpay.bgai.config.ReactiveChatControllerMockConfig, org.springframework.boot.autoconfigure.thymeleaf.ThymeleafAutoConfiguration, com.bgpay.bgai.config.ReactiveLoadBalancerConfig, org.springframework.boot.autoconfigure.gson.GsonAutoConfiguration, com.bgpay.bgai.config.ValidationAutoConfigurationDisabler, org.springframework.boot.autoconfigure.freemarker.FreeMarkerAutoConfiguration, com.bgpay.bgai.config.AllMappersMockConfig, com.bgpay.bgai.config.LoadBalancerAutoConfigurationDisabler, com.bgpay.bgai.config.SpringTestConfig]], org.springframework.boot.test.context.filter.ExcludeFilterContextCustomizer@58f39564, org.springframework.boot.test.json.DuplicateJsonObjectContextCustomizerFactory$DuplicateJsonObjectContextCustomizer@77a074b4, org.springframework.boot.test.mock.mockito.MockitoContextCustomizer@0, org.springframework.boot.test.autoconfigure.OverrideAutoConfigurationContextCustomizerFactory$DisableAutoConfigurationContextCustomizer@1d805aa1, org.springframework.boot.test.autoconfigure.actuate.observability.ObservabilityContextCustomizerFactory$DisableObservabilityContextCustomizer@1f, org.springframework.boot.test.autoconfigure.filter.TypeExcludeFiltersContextCustomizer@1d156993, org.springframework.boot.test.autoconfigure.properties.PropertyMappingContextCustomizer@aa505725, org.springframework.boot.test.autoconfigure.web.servlet.WebDriverContextCustomizer@429f7919, org.springframework.boot.test.context.SpringBootTestAnnotation@e29c2804], contextLoader = org.springframework.boot.test.context.SpringBootContextLoader, parent = null]
	at org.springframework.test.context.cache.DefaultCacheAwareContextLoaderDelegate.loadContext(DefaultCacheAwareContextLoaderDelegate.java:145)
	at org.springframework.test.context.support.DefaultTestContext.getApplicationContext(DefaultTestContext.java:130)
	at org.springframework.boot.test.autoconfigure.web.servlet.MockMvcPrintOnlyOnFailureTestExecutionListener.afterTestMethod(MockMvcPrintOnlyOnFailureTestExecutionListener.java:39)
	at org.springframework.test.context.TestContextManager.afterTestMethod(TestContextManager.java:487)
	at org.springframework.test.context.testng.AbstractTestNGSpringContextTests.springTestContextAfterTestMethod(AbstractTestNGSpringContextTests.java:183)
	at java.base/jdk.internal.reflect.DirectMethodHandleAccessor.invoke(DirectMethodHandleAccessor.java:103)
	at java.base/java.lang.reflect.Method.invoke(Method.java:580)
	at org.testng.internal.MethodInvocationHelper.invokeMethod(MethodInvocationHelper.java:134)
	at org.testng.internal.MethodInvocationHelper.invokeMethodConsideringTimeout(MethodInvocationHelper.java:63)
	at org.testng.internal.ConfigInvoker.invokeConfigurationMethod(ConfigInvoker.java:348)
	at org.testng.internal.ConfigInvoker.invokeConfigurations(ConfigInvoker.java:302)
	at org.testng.internal.TestInvoker.runConfigMethods(TestInvoker.java:695)
	at org.testng.internal.TestInvoker.runAfterGroupsConfigurations(TestInvoker.java:671)
	at org.testng.internal.TestInvoker.invokeMethod(TestInvoker.java:543)
	at org.testng.internal.TestInvoker.invokeTestMethod(TestInvoker.java:173)
	at org.testng.internal.MethodRunner.runInSequence(MethodRunner.java:46)
	at org.testng.internal.TestInvoker$MethodInvocationAgent.invoke(TestInvoker.java:816)
	at org.testng.internal.TestInvoker.invokeTestMethods(TestInvoker.java:146)
	at org.testng.internal.TestMethodWorker.invokeTestMethods(TestMethodWorker.java:146)
	at org.testng.internal.TestMethodWorker.run(TestMethodWorker.java:128)
	at java.base/java.util.ArrayList.forEach(ArrayList.java:1596)
	at org.testng.TestRunner.privateRun(TestRunner.java:766)
	at org.testng.TestRunner.run(TestRunner.java:587)
	at org.testng.SuiteRunner.runTest(SuiteRunner.java:384)
	at org.testng.SuiteRunner.runSequentially(SuiteRunner.java:378)
	at org.testng.SuiteRunner.privateRun(SuiteRunner.java:337)
	at org.testng.SuiteRunner.run(SuiteRunner.java:286)
	at org.testng.SuiteRunnerWorker.runSuite(SuiteRunnerWorker.java:53)
	at org.testng.SuiteRunnerWorker.run(SuiteRunnerWorker.java:96)
	at org.testng.TestNG.runSuitesSequentially(TestNG.java:1187)
	at org.testng.TestNG.runSuitesLocally(TestNG.java:1109)
	at org.testng.TestNG.runSuites(TestNG.java:1039)
	at org.testng.TestNG.run(TestNG.java:1007)
	at com.intellij.rt.testng.IDEARemoteTestNG.run(IDEARemoteTestNG.java:65)
	at com.intellij.rt.testng.RemoteTestNGStarter.main(RemoteTestNGStarter.java:105)
2025-07-14 14:54:05.173 [main] WARN  o.springframework.test.context.TestContextManager - Caught exception while invoking 'afterTestMethod' callback on TestExecutionListener [org.springframework.boot.test.autoconfigure.web.client.MockRestServiceServerResetTestExecutionListener] for test method [public void com.bgpay.bgai.controller.ReactiveYamlDataDrivenApiTest.testChatApi(java.util.Map)] and test instance [com.bgpay.bgai.controller.ReactiveYamlDataDrivenApiTest@6d099323]
java.lang.IllegalStateException: ApplicationContext failure threshold (1) exceeded: skipping repeated attempt to load context for [ReactiveWebMergedContextConfiguration@338b9bbf testClass = com.bgpay.bgai.controller.ReactiveYamlDataDrivenApiTest, locations = [], classes = [com.bgpay.bgai.BgaiApplication], contextInitializerClasses = [], activeProfiles = [], propertySourceDescriptors = [PropertySourceDescriptor[locations=[classpath:application-test.yml], ignoreResourceNotFound=false, name=null, propertySourceFactory=null, encoding=null]], propertySourceProperties = ["org.springframework.boot.test.autoconfigure.web.reactive.WebFluxTestContextBootstrapper=true"], contextCustomizers = [[ImportsContextCustomizer@77b7cc64 key = [com.bgpay.bgai.config.UsageInfoServiceMockConfig, com.bgpay.bgai.config.ApiKeyServiceMockConfig, org.springframework.boot.autoconfigure.security.reactive.ReactiveUserDetailsServiceAutoConfiguration, com.bgpay.bgai.config.MockEnvironmentConfig, org.springframework.boot.autoconfigure.context.MessageSourceAutoConfiguration, com.bgpay.bgai.config.ElasticsearchAutoConfigurationDisabler, org.springframework.boot.autoconfigure.security.oauth2.resource.reactive.ReactiveOAuth2ResourceServerAutoConfiguration, com.bgpay.bgai.config.PriceVersionServiceImplMockConfig, com.bgpay.bgai.config.MockListenerContainerConfig, com.bgpay.bgai.config.GatewayAutoConfigurationDisabler, com.bgpay.bgai.config.LoadBalancerTestConfig, com.bgpay.bgai.config.ChoicesMapperMockConfig, com.bgpay.bgai.config.RocketMQTestConfig, com.bgpay.bgai.config.WebClientBeanExclusionConfig, com.bgpay.bgai.config.CircuitBreakerTestConfig, com.bgpay.bgai.config.MockWebClientConfig, com.bgpay.bgai.config.ServiceDiscoveryMockConfig, com.bgpay.bgai.config.TestComponentScanFilterRegistrar, com.bgpay.bgai.config.WebClientTestOverrideConfig, com.bgpay.bgai.config.ElasticsearchMockConfig, com.bgpay.bgai.config.WebClientBuilderUnifier, org.springframework.boot.autoconfigure.jsonb.JsonbAutoConfiguration, com.bgpay.bgai.config.ChatCompletionsServiceImplMockConfig, org.springframework.boot.autoconfigure.web.reactive.WebFluxAutoConfiguration, com.bgpay.bgai.config.ApiConfigServiceMockConfig, org.springframework.boot.autoconfigure.http.codec.CodecsAutoConfiguration, com.bgpay.bgai.config.DeepSeekWebClientMockConfig, org.springframework.boot.autoconfigure.mustache.MustacheAutoConfiguration, com.bgpay.bgai.config.ExcludeMainWebClientConfig, com.bgpay.bgai.config.WebClientAutoConfigurationDisabler, com.bgpay.bgai.config.ReactiveWebMockConfig, org.springframework.boot.autoconfigure.cache.CacheAutoConfiguration, org.springframework.boot.autoconfigure.validation.ValidationAutoConfiguration, com.bgpay.bgai.config.TestWebFluxConfig, org.springframework.boot.autoconfigure.jackson.JacksonAutoConfiguration, com.bgpay.bgai.config.CircuitBreakerAutoConfigurationDisabler, org.springframework.boot.test.autoconfigure.web.reactive.WebTestClientAutoConfiguration, com.bgpay.bgai.config.UserServiceMockConfig, com.bgpay.bgai.config.MyBatisMockConfig, com.bgpay.bgai.config.BGAIServiceMockConfig, com.bgpay.bgai.config.ApplicationTestConfig, com.bgpay.bgai.config.PriceConfigServiceImplMockConfig, com.bgpay.bgai.config.CloudDiscoveryAutoConfigurationDisabler, com.bgpay.bgai.config.MockGatewayRouteConfig, com.bgpay.bgai.config.ChoicesServiceImplMockConfig, org.springframework.boot.autoconfigure.security.oauth2.client.reactive.ReactiveOAuth2ClientAutoConfiguration, com.bgpay.bgai.config.TestApplicationEnvironmentConfig, org.springframework.boot.autoconfigure.security.reactive.ReactiveSecurityAutoConfiguration, org.springframework.boot.autoconfigure.web.reactive.error.ErrorWebFluxAutoConfiguration, com.bgpay.bgai.config.WebClientConfigMock, com.bgpay.bgai.config.MockExtConsumerResetConfig, com.bgpay.bgai.config.ChatCompletionsMapperMockConfig, com.bgpay.bgai.config.DeepSeekServiceMockConfig, com.bgpay.bgai.config.ReactiveChatControllerMockConfig, org.springframework.boot.autoconfigure.thymeleaf.ThymeleafAutoConfiguration, com.bgpay.bgai.config.ReactiveLoadBalancerConfig, org.springframework.boot.autoconfigure.gson.GsonAutoConfiguration, com.bgpay.bgai.config.ValidationAutoConfigurationDisabler, org.springframework.boot.autoconfigure.freemarker.FreeMarkerAutoConfiguration, com.bgpay.bgai.config.AllMappersMockConfig, com.bgpay.bgai.config.LoadBalancerAutoConfigurationDisabler, com.bgpay.bgai.config.SpringTestConfig]], org.springframework.boot.test.context.filter.ExcludeFilterContextCustomizer@58f39564, org.springframework.boot.test.json.DuplicateJsonObjectContextCustomizerFactory$DuplicateJsonObjectContextCustomizer@77a074b4, org.springframework.boot.test.mock.mockito.MockitoContextCustomizer@0, org.springframework.boot.test.autoconfigure.OverrideAutoConfigurationContextCustomizerFactory$DisableAutoConfigurationContextCustomizer@1d805aa1, org.springframework.boot.test.autoconfigure.actuate.observability.ObservabilityContextCustomizerFactory$DisableObservabilityContextCustomizer@1f, org.springframework.boot.test.autoconfigure.filter.TypeExcludeFiltersContextCustomizer@1d156993, org.springframework.boot.test.autoconfigure.properties.PropertyMappingContextCustomizer@aa505725, org.springframework.boot.test.autoconfigure.web.servlet.WebDriverContextCustomizer@429f7919, org.springframework.boot.test.context.SpringBootTestAnnotation@e29c2804], contextLoader = org.springframework.boot.test.context.SpringBootContextLoader, parent = null]
	at org.springframework.test.context.cache.DefaultCacheAwareContextLoaderDelegate.loadContext(DefaultCacheAwareContextLoaderDelegate.java:145)
	at org.springframework.test.context.support.DefaultTestContext.getApplicationContext(DefaultTestContext.java:130)
	at org.springframework.boot.test.autoconfigure.web.client.MockRestServiceServerResetTestExecutionListener.afterTestMethod(MockRestServiceServerResetTestExecutionListener.java:40)
	at org.springframework.test.context.TestContextManager.afterTestMethod(TestContextManager.java:487)
	at org.springframework.test.context.testng.AbstractTestNGSpringContextTests.springTestContextAfterTestMethod(AbstractTestNGSpringContextTests.java:183)
	at java.base/jdk.internal.reflect.DirectMethodHandleAccessor.invoke(DirectMethodHandleAccessor.java:103)
	at java.base/java.lang.reflect.Method.invoke(Method.java:580)
	at org.testng.internal.MethodInvocationHelper.invokeMethod(MethodInvocationHelper.java:134)
	at org.testng.internal.MethodInvocationHelper.invokeMethodConsideringTimeout(MethodInvocationHelper.java:63)
	at org.testng.internal.ConfigInvoker.invokeConfigurationMethod(ConfigInvoker.java:348)
	at org.testng.internal.ConfigInvoker.invokeConfigurations(ConfigInvoker.java:302)
	at org.testng.internal.TestInvoker.runConfigMethods(TestInvoker.java:695)
	at org.testng.internal.TestInvoker.runAfterGroupsConfigurations(TestInvoker.java:671)
	at org.testng.internal.TestInvoker.invokeMethod(TestInvoker.java:543)
	at org.testng.internal.TestInvoker.invokeTestMethod(TestInvoker.java:173)
	at org.testng.internal.MethodRunner.runInSequence(MethodRunner.java:46)
	at org.testng.internal.TestInvoker$MethodInvocationAgent.invoke(TestInvoker.java:816)
	at org.testng.internal.TestInvoker.invokeTestMethods(TestInvoker.java:146)
	at org.testng.internal.TestMethodWorker.invokeTestMethods(TestMethodWorker.java:146)
	at org.testng.internal.TestMethodWorker.run(TestMethodWorker.java:128)
	at java.base/java.util.ArrayList.forEach(ArrayList.java:1596)
	at org.testng.TestRunner.privateRun(TestRunner.java:766)
	at org.testng.TestRunner.run(TestRunner.java:587)
	at org.testng.SuiteRunner.runTest(SuiteRunner.java:384)
	at org.testng.SuiteRunner.runSequentially(SuiteRunner.java:378)
	at org.testng.SuiteRunner.privateRun(SuiteRunner.java:337)
	at org.testng.SuiteRunner.run(SuiteRunner.java:286)
	at org.testng.SuiteRunnerWorker.runSuite(SuiteRunnerWorker.java:53)
	at org.testng.SuiteRunnerWorker.run(SuiteRunnerWorker.java:96)
	at org.testng.TestNG.runSuitesSequentially(TestNG.java:1187)
	at org.testng.TestNG.runSuitesLocally(TestNG.java:1109)
	at org.testng.TestNG.runSuites(TestNG.java:1039)
	at org.testng.TestNG.run(TestNG.java:1007)
	at com.intellij.rt.testng.IDEARemoteTestNG.run(IDEARemoteTestNG.java:65)
	at com.intellij.rt.testng.RemoteTestNGStarter.main(RemoteTestNGStarter.java:105)
2025-07-14 14:54:05.174 [main] WARN  o.springframework.test.context.TestContextManager - Caught exception while invoking 'afterTestMethod' callback on TestExecutionListener [org.springframework.boot.test.mock.mockito.ResetMocksTestExecutionListener] for test method [public void com.bgpay.bgai.controller.ReactiveYamlDataDrivenApiTest.testChatApi(java.util.Map)] and test instance [com.bgpay.bgai.controller.ReactiveYamlDataDrivenApiTest@6d099323]
java.lang.IllegalStateException: ApplicationContext failure threshold (1) exceeded: skipping repeated attempt to load context for [ReactiveWebMergedContextConfiguration@338b9bbf testClass = com.bgpay.bgai.controller.ReactiveYamlDataDrivenApiTest, locations = [], classes = [com.bgpay.bgai.BgaiApplication], contextInitializerClasses = [], activeProfiles = [], propertySourceDescriptors = [PropertySourceDescriptor[locations=[classpath:application-test.yml], ignoreResourceNotFound=false, name=null, propertySourceFactory=null, encoding=null]], propertySourceProperties = ["org.springframework.boot.test.autoconfigure.web.reactive.WebFluxTestContextBootstrapper=true"], contextCustomizers = [[ImportsContextCustomizer@77b7cc64 key = [com.bgpay.bgai.config.UsageInfoServiceMockConfig, com.bgpay.bgai.config.ApiKeyServiceMockConfig, org.springframework.boot.autoconfigure.security.reactive.ReactiveUserDetailsServiceAutoConfiguration, com.bgpay.bgai.config.MockEnvironmentConfig, org.springframework.boot.autoconfigure.context.MessageSourceAutoConfiguration, com.bgpay.bgai.config.ElasticsearchAutoConfigurationDisabler, org.springframework.boot.autoconfigure.security.oauth2.resource.reactive.ReactiveOAuth2ResourceServerAutoConfiguration, com.bgpay.bgai.config.PriceVersionServiceImplMockConfig, com.bgpay.bgai.config.MockListenerContainerConfig, com.bgpay.bgai.config.GatewayAutoConfigurationDisabler, com.bgpay.bgai.config.LoadBalancerTestConfig, com.bgpay.bgai.config.ChoicesMapperMockConfig, com.bgpay.bgai.config.RocketMQTestConfig, com.bgpay.bgai.config.WebClientBeanExclusionConfig, com.bgpay.bgai.config.CircuitBreakerTestConfig, com.bgpay.bgai.config.MockWebClientConfig, com.bgpay.bgai.config.ServiceDiscoveryMockConfig, com.bgpay.bgai.config.TestComponentScanFilterRegistrar, com.bgpay.bgai.config.WebClientTestOverrideConfig, com.bgpay.bgai.config.ElasticsearchMockConfig, com.bgpay.bgai.config.WebClientBuilderUnifier, org.springframework.boot.autoconfigure.jsonb.JsonbAutoConfiguration, com.bgpay.bgai.config.ChatCompletionsServiceImplMockConfig, org.springframework.boot.autoconfigure.web.reactive.WebFluxAutoConfiguration, com.bgpay.bgai.config.ApiConfigServiceMockConfig, org.springframework.boot.autoconfigure.http.codec.CodecsAutoConfiguration, com.bgpay.bgai.config.DeepSeekWebClientMockConfig, org.springframework.boot.autoconfigure.mustache.MustacheAutoConfiguration, com.bgpay.bgai.config.ExcludeMainWebClientConfig, com.bgpay.bgai.config.WebClientAutoConfigurationDisabler, com.bgpay.bgai.config.ReactiveWebMockConfig, org.springframework.boot.autoconfigure.cache.CacheAutoConfiguration, org.springframework.boot.autoconfigure.validation.ValidationAutoConfiguration, com.bgpay.bgai.config.TestWebFluxConfig, org.springframework.boot.autoconfigure.jackson.JacksonAutoConfiguration, com.bgpay.bgai.config.CircuitBreakerAutoConfigurationDisabler, org.springframework.boot.test.autoconfigure.web.reactive.WebTestClientAutoConfiguration, com.bgpay.bgai.config.UserServiceMockConfig, com.bgpay.bgai.config.MyBatisMockConfig, com.bgpay.bgai.config.BGAIServiceMockConfig, com.bgpay.bgai.config.ApplicationTestConfig, com.bgpay.bgai.config.PriceConfigServiceImplMockConfig, com.bgpay.bgai.config.CloudDiscoveryAutoConfigurationDisabler, com.bgpay.bgai.config.MockGatewayRouteConfig, com.bgpay.bgai.config.ChoicesServiceImplMockConfig, org.springframework.boot.autoconfigure.security.oauth2.client.reactive.ReactiveOAuth2ClientAutoConfiguration, com.bgpay.bgai.config.TestApplicationEnvironmentConfig, org.springframework.boot.autoconfigure.security.reactive.ReactiveSecurityAutoConfiguration, org.springframework.boot.autoconfigure.web.reactive.error.ErrorWebFluxAutoConfiguration, com.bgpay.bgai.config.WebClientConfigMock, com.bgpay.bgai.config.MockExtConsumerResetConfig, com.bgpay.bgai.config.ChatCompletionsMapperMockConfig, com.bgpay.bgai.config.DeepSeekServiceMockConfig, com.bgpay.bgai.config.ReactiveChatControllerMockConfig, org.springframework.boot.autoconfigure.thymeleaf.ThymeleafAutoConfiguration, com.bgpay.bgai.config.ReactiveLoadBalancerConfig, org.springframework.boot.autoconfigure.gson.GsonAutoConfiguration, com.bgpay.bgai.config.ValidationAutoConfigurationDisabler, org.springframework.boot.autoconfigure.freemarker.FreeMarkerAutoConfiguration, com.bgpay.bgai.config.AllMappersMockConfig, com.bgpay.bgai.config.LoadBalancerAutoConfigurationDisabler, com.bgpay.bgai.config.SpringTestConfig]], org.springframework.boot.test.context.filter.ExcludeFilterContextCustomizer@58f39564, org.springframework.boot.test.json.DuplicateJsonObjectContextCustomizerFactory$DuplicateJsonObjectContextCustomizer@77a074b4, org.springframework.boot.test.mock.mockito.MockitoContextCustomizer@0, org.springframework.boot.test.autoconfigure.OverrideAutoConfigurationContextCustomizerFactory$DisableAutoConfigurationContextCustomizer@1d805aa1, org.springframework.boot.test.autoconfigure.actuate.observability.ObservabilityContextCustomizerFactory$DisableObservabilityContextCustomizer@1f, org.springframework.boot.test.autoconfigure.filter.TypeExcludeFiltersContextCustomizer@1d156993, org.springframework.boot.test.autoconfigure.properties.PropertyMappingContextCustomizer@aa505725, org.springframework.boot.test.autoconfigure.web.servlet.WebDriverContextCustomizer@429f7919, org.springframework.boot.test.context.SpringBootTestAnnotation@e29c2804], contextLoader = org.springframework.boot.test.context.SpringBootContextLoader, parent = null]
	at org.springframework.test.context.cache.DefaultCacheAwareContextLoaderDelegate.loadContext(DefaultCacheAwareContextLoaderDelegate.java:145)
	at org.springframework.test.context.support.DefaultTestContext.getApplicationContext(DefaultTestContext.java:130)
	at org.springframework.boot.test.mock.mockito.ResetMocksTestExecutionListener.afterTestMethod(ResetMocksTestExecutionListener.java:67)
	at org.springframework.test.context.TestContextManager.afterTestMethod(TestContextManager.java:487)
	at org.springframework.test.context.testng.AbstractTestNGSpringContextTests.springTestContextAfterTestMethod(AbstractTestNGSpringContextTests.java:183)
	at java.base/jdk.internal.reflect.DirectMethodHandleAccessor.invoke(DirectMethodHandleAccessor.java:103)
	at java.base/java.lang.reflect.Method.invoke(Method.java:580)
	at org.testng.internal.MethodInvocationHelper.invokeMethod(MethodInvocationHelper.java:134)
	at org.testng.internal.MethodInvocationHelper.invokeMethodConsideringTimeout(MethodInvocationHelper.java:63)
	at org.testng.internal.ConfigInvoker.invokeConfigurationMethod(ConfigInvoker.java:348)
	at org.testng.internal.ConfigInvoker.invokeConfigurations(ConfigInvoker.java:302)
	at org.testng.internal.TestInvoker.runConfigMethods(TestInvoker.java:695)
	at org.testng.internal.TestInvoker.runAfterGroupsConfigurations(TestInvoker.java:671)
	at org.testng.internal.TestInvoker.invokeMethod(TestInvoker.java:543)
	at org.testng.internal.TestInvoker.invokeTestMethod(TestInvoker.java:173)
	at org.testng.internal.MethodRunner.runInSequence(MethodRunner.java:46)
	at org.testng.internal.TestInvoker$MethodInvocationAgent.invoke(TestInvoker.java:816)
	at org.testng.internal.TestInvoker.invokeTestMethods(TestInvoker.java:146)
	at org.testng.internal.TestMethodWorker.invokeTestMethods(TestMethodWorker.java:146)
	at org.testng.internal.TestMethodWorker.run(TestMethodWorker.java:128)
	at java.base/java.util.ArrayList.forEach(ArrayList.java:1596)
	at org.testng.TestRunner.privateRun(TestRunner.java:766)
	at org.testng.TestRunner.run(TestRunner.java:587)
	at org.testng.SuiteRunner.runTest(SuiteRunner.java:384)
	at org.testng.SuiteRunner.runSequentially(SuiteRunner.java:378)
	at org.testng.SuiteRunner.privateRun(SuiteRunner.java:337)
	at org.testng.SuiteRunner.run(SuiteRunner.java:286)
	at org.testng.SuiteRunnerWorker.runSuite(SuiteRunnerWorker.java:53)
	at org.testng.SuiteRunnerWorker.run(SuiteRunnerWorker.java:96)
	at org.testng.TestNG.runSuitesSequentially(TestNG.java:1187)
	at org.testng.TestNG.runSuitesLocally(TestNG.java:1109)
	at org.testng.TestNG.runSuites(TestNG.java:1039)
	at org.testng.TestNG.run(TestNG.java:1007)
	at com.intellij.rt.testng.IDEARemoteTestNG.run(IDEARemoteTestNG.java:65)
	at com.intellij.rt.testng.RemoteTestNGStarter.main(RemoteTestNGStarter.java:105)
2025-07-14 14:54:05.183 [main] WARN  o.springframework.test.context.TestContextManager - Caught exception while invoking 'beforeTestMethod' callback on TestExecutionListener [org.springframework.boot.test.mock.mockito.ResetMocksTestExecutionListener] for test method [public void com.bgpay.bgai.controller.ReactiveYamlDataDrivenApiTest.testChatApi(java.util.Map)] and test instance [com.bgpay.bgai.controller.ReactiveYamlDataDrivenApiTest@6d099323]
java.lang.IllegalStateException: ApplicationContext failure threshold (1) exceeded: skipping repeated attempt to load context for [ReactiveWebMergedContextConfiguration@338b9bbf testClass = com.bgpay.bgai.controller.ReactiveYamlDataDrivenApiTest, locations = [], classes = [com.bgpay.bgai.BgaiApplication], contextInitializerClasses = [], activeProfiles = [], propertySourceDescriptors = [PropertySourceDescriptor[locations=[classpath:application-test.yml], ignoreResourceNotFound=false, name=null, propertySourceFactory=null, encoding=null]], propertySourceProperties = ["org.springframework.boot.test.autoconfigure.web.reactive.WebFluxTestContextBootstrapper=true"], contextCustomizers = [[ImportsContextCustomizer@77b7cc64 key = [com.bgpay.bgai.config.UsageInfoServiceMockConfig, com.bgpay.bgai.config.ApiKeyServiceMockConfig, org.springframework.boot.autoconfigure.security.reactive.ReactiveUserDetailsServiceAutoConfiguration, com.bgpay.bgai.config.MockEnvironmentConfig, org.springframework.boot.autoconfigure.context.MessageSourceAutoConfiguration, com.bgpay.bgai.config.ElasticsearchAutoConfigurationDisabler, org.springframework.boot.autoconfigure.security.oauth2.resource.reactive.ReactiveOAuth2ResourceServerAutoConfiguration, com.bgpay.bgai.config.PriceVersionServiceImplMockConfig, com.bgpay.bgai.config.MockListenerContainerConfig, com.bgpay.bgai.config.GatewayAutoConfigurationDisabler, com.bgpay.bgai.config.LoadBalancerTestConfig, com.bgpay.bgai.config.ChoicesMapperMockConfig, com.bgpay.bgai.config.RocketMQTestConfig, com.bgpay.bgai.config.WebClientBeanExclusionConfig, com.bgpay.bgai.config.CircuitBreakerTestConfig, com.bgpay.bgai.config.MockWebClientConfig, com.bgpay.bgai.config.ServiceDiscoveryMockConfig, com.bgpay.bgai.config.TestComponentScanFilterRegistrar, com.bgpay.bgai.config.WebClientTestOverrideConfig, com.bgpay.bgai.config.ElasticsearchMockConfig, com.bgpay.bgai.config.WebClientBuilderUnifier, org.springframework.boot.autoconfigure.jsonb.JsonbAutoConfiguration, com.bgpay.bgai.config.ChatCompletionsServiceImplMockConfig, org.springframework.boot.autoconfigure.web.reactive.WebFluxAutoConfiguration, com.bgpay.bgai.config.ApiConfigServiceMockConfig, org.springframework.boot.autoconfigure.http.codec.CodecsAutoConfiguration, com.bgpay.bgai.config.DeepSeekWebClientMockConfig, org.springframework.boot.autoconfigure.mustache.MustacheAutoConfiguration, com.bgpay.bgai.config.ExcludeMainWebClientConfig, com.bgpay.bgai.config.WebClientAutoConfigurationDisabler, com.bgpay.bgai.config.ReactiveWebMockConfig, org.springframework.boot.autoconfigure.cache.CacheAutoConfiguration, org.springframework.boot.autoconfigure.validation.ValidationAutoConfiguration, com.bgpay.bgai.config.TestWebFluxConfig, org.springframework.boot.autoconfigure.jackson.JacksonAutoConfiguration, com.bgpay.bgai.config.CircuitBreakerAutoConfigurationDisabler, org.springframework.boot.test.autoconfigure.web.reactive.WebTestClientAutoConfiguration, com.bgpay.bgai.config.UserServiceMockConfig, com.bgpay.bgai.config.MyBatisMockConfig, com.bgpay.bgai.config.BGAIServiceMockConfig, com.bgpay.bgai.config.ApplicationTestConfig, com.bgpay.bgai.config.PriceConfigServiceImplMockConfig, com.bgpay.bgai.config.CloudDiscoveryAutoConfigurationDisabler, com.bgpay.bgai.config.MockGatewayRouteConfig, com.bgpay.bgai.config.ChoicesServiceImplMockConfig, org.springframework.boot.autoconfigure.security.oauth2.client.reactive.ReactiveOAuth2ClientAutoConfiguration, com.bgpay.bgai.config.TestApplicationEnvironmentConfig, org.springframework.boot.autoconfigure.security.reactive.ReactiveSecurityAutoConfiguration, org.springframework.boot.autoconfigure.web.reactive.error.ErrorWebFluxAutoConfiguration, com.bgpay.bgai.config.WebClientConfigMock, com.bgpay.bgai.config.MockExtConsumerResetConfig, com.bgpay.bgai.config.ChatCompletionsMapperMockConfig, com.bgpay.bgai.config.DeepSeekServiceMockConfig, com.bgpay.bgai.config.ReactiveChatControllerMockConfig, org.springframework.boot.autoconfigure.thymeleaf.ThymeleafAutoConfiguration, com.bgpay.bgai.config.ReactiveLoadBalancerConfig, org.springframework.boot.autoconfigure.gson.GsonAutoConfiguration, com.bgpay.bgai.config.ValidationAutoConfigurationDisabler, org.springframework.boot.autoconfigure.freemarker.FreeMarkerAutoConfiguration, com.bgpay.bgai.config.AllMappersMockConfig, com.bgpay.bgai.config.LoadBalancerAutoConfigurationDisabler, com.bgpay.bgai.config.SpringTestConfig]], org.springframework.boot.test.context.filter.ExcludeFilterContextCustomizer@58f39564, org.springframework.boot.test.json.DuplicateJsonObjectContextCustomizerFactory$DuplicateJsonObjectContextCustomizer@77a074b4, org.springframework.boot.test.mock.mockito.MockitoContextCustomizer@0, org.springframework.boot.test.autoconfigure.OverrideAutoConfigurationContextCustomizerFactory$DisableAutoConfigurationContextCustomizer@1d805aa1, org.springframework.boot.test.autoconfigure.actuate.observability.ObservabilityContextCustomizerFactory$DisableObservabilityContextCustomizer@1f, org.springframework.boot.test.autoconfigure.filter.TypeExcludeFiltersContextCustomizer@1d156993, org.springframework.boot.test.autoconfigure.properties.PropertyMappingContextCustomizer@aa505725, org.springframework.boot.test.autoconfigure.web.servlet.WebDriverContextCustomizer@429f7919, org.springframework.boot.test.context.SpringBootTestAnnotation@e29c2804], contextLoader = org.springframework.boot.test.context.SpringBootContextLoader, parent = null]
	at org.springframework.test.context.cache.DefaultCacheAwareContextLoaderDelegate.loadContext(DefaultCacheAwareContextLoaderDelegate.java:145)
	at org.springframework.test.context.support.DefaultTestContext.getApplicationContext(DefaultTestContext.java:130)
	at org.springframework.boot.test.mock.mockito.ResetMocksTestExecutionListener.beforeTestMethod(ResetMocksTestExecutionListener.java:60)
	at org.springframework.test.context.TestContextManager.beforeTestMethod(TestContextManager.java:320)
	at org.springframework.test.context.testng.AbstractTestNGSpringContextTests.springTestContextBeforeTestMethod(AbstractTestNGSpringContextTests.java:131)
	at java.base/jdk.internal.reflect.DirectMethodHandleAccessor.invoke(DirectMethodHandleAccessor.java:103)
	at java.base/java.lang.reflect.Method.invoke(Method.java:580)
	at org.testng.internal.MethodInvocationHelper.invokeMethod(MethodInvocationHelper.java:134)
	at org.testng.internal.MethodInvocationHelper.invokeMethodConsideringTimeout(MethodInvocationHelper.java:63)
	at org.testng.internal.ConfigInvoker.invokeConfigurationMethod(ConfigInvoker.java:348)
	at org.testng.internal.ConfigInvoker.invokeConfigurations(ConfigInvoker.java:302)
	at org.testng.internal.TestInvoker.runConfigMethods(TestInvoker.java:695)
	at org.testng.internal.TestInvoker.invokeMethod(TestInvoker.java:523)
	at org.testng.internal.TestInvoker.invokeTestMethod(TestInvoker.java:173)
	at org.testng.internal.MethodRunner.runInSequence(MethodRunner.java:46)
	at org.testng.internal.TestInvoker$MethodInvocationAgent.invoke(TestInvoker.java:816)
	at org.testng.internal.TestInvoker.invokeTestMethods(TestInvoker.java:146)
	at org.testng.internal.TestMethodWorker.invokeTestMethods(TestMethodWorker.java:146)
	at org.testng.internal.TestMethodWorker.run(TestMethodWorker.java:128)
	at java.base/java.util.ArrayList.forEach(ArrayList.java:1596)
	at org.testng.TestRunner.privateRun(TestRunner.java:766)
	at org.testng.TestRunner.run(TestRunner.java:587)
	at org.testng.SuiteRunner.runTest(SuiteRunner.java:384)
	at org.testng.SuiteRunner.runSequentially(SuiteRunner.java:378)
	at org.testng.SuiteRunner.privateRun(SuiteRunner.java:337)
	at org.testng.SuiteRunner.run(SuiteRunner.java:286)
	at org.testng.SuiteRunnerWorker.runSuite(SuiteRunnerWorker.java:53)
	at org.testng.SuiteRunnerWorker.run(SuiteRunnerWorker.java:96)
	at org.testng.TestNG.runSuitesSequentially(TestNG.java:1187)
	at org.testng.TestNG.runSuitesLocally(TestNG.java:1109)
	at org.testng.TestNG.runSuites(TestNG.java:1039)
	at org.testng.TestNG.run(TestNG.java:1007)
	at com.intellij.rt.testng.IDEARemoteTestNG.run(IDEARemoteTestNG.java:65)
	at com.intellij.rt.testng.RemoteTestNGStarter.main(RemoteTestNGStarter.java:105)
2025-07-14 14:54:05.191 [main] INFO  c.b.bgai.controller.ReactiveYamlDataDrivenApiTest - 开始执行测试方法: testChatApi, testId: 834a69ac-dba3-4f77-8ab7-d4c1cc88bd9c
2025-07-14 14:54:05.192 [main] ERROR io.qameta.allure.AllureLifecycle - Could not update test case: test case with uuid 964967bf-86c8-4d5a-9041-15308e99df2e not found
2025-07-14 14:54:05.192 [main] ERROR io.qameta.allure.AllureLifecycle - Could not update test case: test case with uuid 964967bf-86c8-4d5a-9041-15308e99df2e not found
2025-07-14 14:54:05.199 [main] WARN  o.springframework.test.context.TestContextManager - Caught exception while invoking 'afterTestMethod' callback on TestExecutionListener [org.springframework.boot.test.autoconfigure.web.servlet.WebDriverTestExecutionListener] for test method [public void com.bgpay.bgai.controller.ReactiveYamlDataDrivenApiTest.testChatApi(java.util.Map)] and test instance [com.bgpay.bgai.controller.ReactiveYamlDataDrivenApiTest@6d099323]
java.lang.IllegalStateException: ApplicationContext failure threshold (1) exceeded: skipping repeated attempt to load context for [ReactiveWebMergedContextConfiguration@338b9bbf testClass = com.bgpay.bgai.controller.ReactiveYamlDataDrivenApiTest, locations = [], classes = [com.bgpay.bgai.BgaiApplication], contextInitializerClasses = [], activeProfiles = [], propertySourceDescriptors = [PropertySourceDescriptor[locations=[classpath:application-test.yml], ignoreResourceNotFound=false, name=null, propertySourceFactory=null, encoding=null]], propertySourceProperties = ["org.springframework.boot.test.autoconfigure.web.reactive.WebFluxTestContextBootstrapper=true"], contextCustomizers = [[ImportsContextCustomizer@77b7cc64 key = [com.bgpay.bgai.config.UsageInfoServiceMockConfig, com.bgpay.bgai.config.ApiKeyServiceMockConfig, org.springframework.boot.autoconfigure.security.reactive.ReactiveUserDetailsServiceAutoConfiguration, com.bgpay.bgai.config.MockEnvironmentConfig, org.springframework.boot.autoconfigure.context.MessageSourceAutoConfiguration, com.bgpay.bgai.config.ElasticsearchAutoConfigurationDisabler, org.springframework.boot.autoconfigure.security.oauth2.resource.reactive.ReactiveOAuth2ResourceServerAutoConfiguration, com.bgpay.bgai.config.PriceVersionServiceImplMockConfig, com.bgpay.bgai.config.MockListenerContainerConfig, com.bgpay.bgai.config.GatewayAutoConfigurationDisabler, com.bgpay.bgai.config.LoadBalancerTestConfig, com.bgpay.bgai.config.ChoicesMapperMockConfig, com.bgpay.bgai.config.RocketMQTestConfig, com.bgpay.bgai.config.WebClientBeanExclusionConfig, com.bgpay.bgai.config.CircuitBreakerTestConfig, com.bgpay.bgai.config.MockWebClientConfig, com.bgpay.bgai.config.ServiceDiscoveryMockConfig, com.bgpay.bgai.config.TestComponentScanFilterRegistrar, com.bgpay.bgai.config.WebClientTestOverrideConfig, com.bgpay.bgai.config.ElasticsearchMockConfig, com.bgpay.bgai.config.WebClientBuilderUnifier, org.springframework.boot.autoconfigure.jsonb.JsonbAutoConfiguration, com.bgpay.bgai.config.ChatCompletionsServiceImplMockConfig, org.springframework.boot.autoconfigure.web.reactive.WebFluxAutoConfiguration, com.bgpay.bgai.config.ApiConfigServiceMockConfig, org.springframework.boot.autoconfigure.http.codec.CodecsAutoConfiguration, com.bgpay.bgai.config.DeepSeekWebClientMockConfig, org.springframework.boot.autoconfigure.mustache.MustacheAutoConfiguration, com.bgpay.bgai.config.ExcludeMainWebClientConfig, com.bgpay.bgai.config.WebClientAutoConfigurationDisabler, com.bgpay.bgai.config.ReactiveWebMockConfig, org.springframework.boot.autoconfigure.cache.CacheAutoConfiguration, org.springframework.boot.autoconfigure.validation.ValidationAutoConfiguration, com.bgpay.bgai.config.TestWebFluxConfig, org.springframework.boot.autoconfigure.jackson.JacksonAutoConfiguration, com.bgpay.bgai.config.CircuitBreakerAutoConfigurationDisabler, org.springframework.boot.test.autoconfigure.web.reactive.WebTestClientAutoConfiguration, com.bgpay.bgai.config.UserServiceMockConfig, com.bgpay.bgai.config.MyBatisMockConfig, com.bgpay.bgai.config.BGAIServiceMockConfig, com.bgpay.bgai.config.ApplicationTestConfig, com.bgpay.bgai.config.PriceConfigServiceImplMockConfig, com.bgpay.bgai.config.CloudDiscoveryAutoConfigurationDisabler, com.bgpay.bgai.config.MockGatewayRouteConfig, com.bgpay.bgai.config.ChoicesServiceImplMockConfig, org.springframework.boot.autoconfigure.security.oauth2.client.reactive.ReactiveOAuth2ClientAutoConfiguration, com.bgpay.bgai.config.TestApplicationEnvironmentConfig, org.springframework.boot.autoconfigure.security.reactive.ReactiveSecurityAutoConfiguration, org.springframework.boot.autoconfigure.web.reactive.error.ErrorWebFluxAutoConfiguration, com.bgpay.bgai.config.WebClientConfigMock, com.bgpay.bgai.config.MockExtConsumerResetConfig, com.bgpay.bgai.config.ChatCompletionsMapperMockConfig, com.bgpay.bgai.config.DeepSeekServiceMockConfig, com.bgpay.bgai.config.ReactiveChatControllerMockConfig, org.springframework.boot.autoconfigure.thymeleaf.ThymeleafAutoConfiguration, com.bgpay.bgai.config.ReactiveLoadBalancerConfig, org.springframework.boot.autoconfigure.gson.GsonAutoConfiguration, com.bgpay.bgai.config.ValidationAutoConfigurationDisabler, org.springframework.boot.autoconfigure.freemarker.FreeMarkerAutoConfiguration, com.bgpay.bgai.config.AllMappersMockConfig, com.bgpay.bgai.config.LoadBalancerAutoConfigurationDisabler, com.bgpay.bgai.config.SpringTestConfig]], org.springframework.boot.test.context.filter.ExcludeFilterContextCustomizer@58f39564, org.springframework.boot.test.json.DuplicateJsonObjectContextCustomizerFactory$DuplicateJsonObjectContextCustomizer@77a074b4, org.springframework.boot.test.mock.mockito.MockitoContextCustomizer@0, org.springframework.boot.test.autoconfigure.OverrideAutoConfigurationContextCustomizerFactory$DisableAutoConfigurationContextCustomizer@1d805aa1, org.springframework.boot.test.autoconfigure.actuate.observability.ObservabilityContextCustomizerFactory$DisableObservabilityContextCustomizer@1f, org.springframework.boot.test.autoconfigure.filter.TypeExcludeFiltersContextCustomizer@1d156993, org.springframework.boot.test.autoconfigure.properties.PropertyMappingContextCustomizer@aa505725, org.springframework.boot.test.autoconfigure.web.servlet.WebDriverContextCustomizer@429f7919, org.springframework.boot.test.context.SpringBootTestAnnotation@e29c2804], contextLoader = org.springframework.boot.test.context.SpringBootContextLoader, parent = null]
	at org.springframework.test.context.cache.DefaultCacheAwareContextLoaderDelegate.loadContext(DefaultCacheAwareContextLoaderDelegate.java:145)
	at org.springframework.test.context.support.DefaultTestContext.getApplicationContext(DefaultTestContext.java:130)
	at org.springframework.boot.test.autoconfigure.web.servlet.WebDriverTestExecutionListener.afterTestMethod(WebDriverTestExecutionListener.java:42)
	at org.springframework.test.context.TestContextManager.afterTestMethod(TestContextManager.java:487)
	at org.springframework.test.context.testng.AbstractTestNGSpringContextTests.springTestContextAfterTestMethod(AbstractTestNGSpringContextTests.java:183)
	at java.base/jdk.internal.reflect.DirectMethodHandleAccessor.invoke(DirectMethodHandleAccessor.java:103)
	at java.base/java.lang.reflect.Method.invoke(Method.java:580)
	at org.testng.internal.MethodInvocationHelper.invokeMethod(MethodInvocationHelper.java:134)
	at org.testng.internal.MethodInvocationHelper.invokeMethodConsideringTimeout(MethodInvocationHelper.java:63)
	at org.testng.internal.ConfigInvoker.invokeConfigurationMethod(ConfigInvoker.java:348)
	at org.testng.internal.ConfigInvoker.invokeConfigurations(ConfigInvoker.java:302)
	at org.testng.internal.TestInvoker.runConfigMethods(TestInvoker.java:695)
	at org.testng.internal.TestInvoker.runAfterGroupsConfigurations(TestInvoker.java:671)
	at org.testng.internal.TestInvoker.invokeMethod(TestInvoker.java:543)
	at org.testng.internal.TestInvoker.invokeTestMethod(TestInvoker.java:173)
	at org.testng.internal.MethodRunner.runInSequence(MethodRunner.java:46)
	at org.testng.internal.TestInvoker$MethodInvocationAgent.invoke(TestInvoker.java:816)
	at org.testng.internal.TestInvoker.invokeTestMethods(TestInvoker.java:146)
	at org.testng.internal.TestMethodWorker.invokeTestMethods(TestMethodWorker.java:146)
	at org.testng.internal.TestMethodWorker.run(TestMethodWorker.java:128)
	at java.base/java.util.ArrayList.forEach(ArrayList.java:1596)
	at org.testng.TestRunner.privateRun(TestRunner.java:766)
	at org.testng.TestRunner.run(TestRunner.java:587)
	at org.testng.SuiteRunner.runTest(SuiteRunner.java:384)
	at org.testng.SuiteRunner.runSequentially(SuiteRunner.java:378)
	at org.testng.SuiteRunner.privateRun(SuiteRunner.java:337)
	at org.testng.SuiteRunner.run(SuiteRunner.java:286)
	at org.testng.SuiteRunnerWorker.runSuite(SuiteRunnerWorker.java:53)
	at org.testng.SuiteRunnerWorker.run(SuiteRunnerWorker.java:96)
	at org.testng.TestNG.runSuitesSequentially(TestNG.java:1187)
	at org.testng.TestNG.runSuitesLocally(TestNG.java:1109)
	at org.testng.TestNG.runSuites(TestNG.java:1039)
	at org.testng.TestNG.run(TestNG.java:1007)
	at com.intellij.rt.testng.IDEARemoteTestNG.run(IDEARemoteTestNG.java:65)
	at com.intellij.rt.testng.RemoteTestNGStarter.main(RemoteTestNGStarter.java:105)
2025-07-14 14:54:05.200 [main] WARN  o.springframework.test.context.TestContextManager - Caught exception while invoking 'afterTestMethod' callback on TestExecutionListener [org.springframework.boot.test.autoconfigure.web.servlet.MockMvcPrintOnlyOnFailureTestExecutionListener] for test method [public void com.bgpay.bgai.controller.ReactiveYamlDataDrivenApiTest.testChatApi(java.util.Map)] and test instance [com.bgpay.bgai.controller.ReactiveYamlDataDrivenApiTest@6d099323]
java.lang.IllegalStateException: ApplicationContext failure threshold (1) exceeded: skipping repeated attempt to load context for [ReactiveWebMergedContextConfiguration@338b9bbf testClass = com.bgpay.bgai.controller.ReactiveYamlDataDrivenApiTest, locations = [], classes = [com.bgpay.bgai.BgaiApplication], contextInitializerClasses = [], activeProfiles = [], propertySourceDescriptors = [PropertySourceDescriptor[locations=[classpath:application-test.yml], ignoreResourceNotFound=false, name=null, propertySourceFactory=null, encoding=null]], propertySourceProperties = ["org.springframework.boot.test.autoconfigure.web.reactive.WebFluxTestContextBootstrapper=true"], contextCustomizers = [[ImportsContextCustomizer@77b7cc64 key = [com.bgpay.bgai.config.UsageInfoServiceMockConfig, com.bgpay.bgai.config.ApiKeyServiceMockConfig, org.springframework.boot.autoconfigure.security.reactive.ReactiveUserDetailsServiceAutoConfiguration, com.bgpay.bgai.config.MockEnvironmentConfig, org.springframework.boot.autoconfigure.context.MessageSourceAutoConfiguration, com.bgpay.bgai.config.ElasticsearchAutoConfigurationDisabler, org.springframework.boot.autoconfigure.security.oauth2.resource.reactive.ReactiveOAuth2ResourceServerAutoConfiguration, com.bgpay.bgai.config.PriceVersionServiceImplMockConfig, com.bgpay.bgai.config.MockListenerContainerConfig, com.bgpay.bgai.config.GatewayAutoConfigurationDisabler, com.bgpay.bgai.config.LoadBalancerTestConfig, com.bgpay.bgai.config.ChoicesMapperMockConfig, com.bgpay.bgai.config.RocketMQTestConfig, com.bgpay.bgai.config.WebClientBeanExclusionConfig, com.bgpay.bgai.config.CircuitBreakerTestConfig, com.bgpay.bgai.config.MockWebClientConfig, com.bgpay.bgai.config.ServiceDiscoveryMockConfig, com.bgpay.bgai.config.TestComponentScanFilterRegistrar, com.bgpay.bgai.config.WebClientTestOverrideConfig, com.bgpay.bgai.config.ElasticsearchMockConfig, com.bgpay.bgai.config.WebClientBuilderUnifier, org.springframework.boot.autoconfigure.jsonb.JsonbAutoConfiguration, com.bgpay.bgai.config.ChatCompletionsServiceImplMockConfig, org.springframework.boot.autoconfigure.web.reactive.WebFluxAutoConfiguration, com.bgpay.bgai.config.ApiConfigServiceMockConfig, org.springframework.boot.autoconfigure.http.codec.CodecsAutoConfiguration, com.bgpay.bgai.config.DeepSeekWebClientMockConfig, org.springframework.boot.autoconfigure.mustache.MustacheAutoConfiguration, com.bgpay.bgai.config.ExcludeMainWebClientConfig, com.bgpay.bgai.config.WebClientAutoConfigurationDisabler, com.bgpay.bgai.config.ReactiveWebMockConfig, org.springframework.boot.autoconfigure.cache.CacheAutoConfiguration, org.springframework.boot.autoconfigure.validation.ValidationAutoConfiguration, com.bgpay.bgai.config.TestWebFluxConfig, org.springframework.boot.autoconfigure.jackson.JacksonAutoConfiguration, com.bgpay.bgai.config.CircuitBreakerAutoConfigurationDisabler, org.springframework.boot.test.autoconfigure.web.reactive.WebTestClientAutoConfiguration, com.bgpay.bgai.config.UserServiceMockConfig, com.bgpay.bgai.config.MyBatisMockConfig, com.bgpay.bgai.config.BGAIServiceMockConfig, com.bgpay.bgai.config.ApplicationTestConfig, com.bgpay.bgai.config.PriceConfigServiceImplMockConfig, com.bgpay.bgai.config.CloudDiscoveryAutoConfigurationDisabler, com.bgpay.bgai.config.MockGatewayRouteConfig, com.bgpay.bgai.config.ChoicesServiceImplMockConfig, org.springframework.boot.autoconfigure.security.oauth2.client.reactive.ReactiveOAuth2ClientAutoConfiguration, com.bgpay.bgai.config.TestApplicationEnvironmentConfig, org.springframework.boot.autoconfigure.security.reactive.ReactiveSecurityAutoConfiguration, org.springframework.boot.autoconfigure.web.reactive.error.ErrorWebFluxAutoConfiguration, com.bgpay.bgai.config.WebClientConfigMock, com.bgpay.bgai.config.MockExtConsumerResetConfig, com.bgpay.bgai.config.ChatCompletionsMapperMockConfig, com.bgpay.bgai.config.DeepSeekServiceMockConfig, com.bgpay.bgai.config.ReactiveChatControllerMockConfig, org.springframework.boot.autoconfigure.thymeleaf.ThymeleafAutoConfiguration, com.bgpay.bgai.config.ReactiveLoadBalancerConfig, org.springframework.boot.autoconfigure.gson.GsonAutoConfiguration, com.bgpay.bgai.config.ValidationAutoConfigurationDisabler, org.springframework.boot.autoconfigure.freemarker.FreeMarkerAutoConfiguration, com.bgpay.bgai.config.AllMappersMockConfig, com.bgpay.bgai.config.LoadBalancerAutoConfigurationDisabler, com.bgpay.bgai.config.SpringTestConfig]], org.springframework.boot.test.context.filter.ExcludeFilterContextCustomizer@58f39564, org.springframework.boot.test.json.DuplicateJsonObjectContextCustomizerFactory$DuplicateJsonObjectContextCustomizer@77a074b4, org.springframework.boot.test.mock.mockito.MockitoContextCustomizer@0, org.springframework.boot.test.autoconfigure.OverrideAutoConfigurationContextCustomizerFactory$DisableAutoConfigurationContextCustomizer@1d805aa1, org.springframework.boot.test.autoconfigure.actuate.observability.ObservabilityContextCustomizerFactory$DisableObservabilityContextCustomizer@1f, org.springframework.boot.test.autoconfigure.filter.TypeExcludeFiltersContextCustomizer@1d156993, org.springframework.boot.test.autoconfigure.properties.PropertyMappingContextCustomizer@aa505725, org.springframework.boot.test.autoconfigure.web.servlet.WebDriverContextCustomizer@429f7919, org.springframework.boot.test.context.SpringBootTestAnnotation@e29c2804], contextLoader = org.springframework.boot.test.context.SpringBootContextLoader, parent = null]
	at org.springframework.test.context.cache.DefaultCacheAwareContextLoaderDelegate.loadContext(DefaultCacheAwareContextLoaderDelegate.java:145)
	at org.springframework.test.context.support.DefaultTestContext.getApplicationContext(DefaultTestContext.java:130)
	at org.springframework.boot.test.autoconfigure.web.servlet.MockMvcPrintOnlyOnFailureTestExecutionListener.afterTestMethod(MockMvcPrintOnlyOnFailureTestExecutionListener.java:39)
	at org.springframework.test.context.TestContextManager.afterTestMethod(TestContextManager.java:487)
	at org.springframework.test.context.testng.AbstractTestNGSpringContextTests.springTestContextAfterTestMethod(AbstractTestNGSpringContextTests.java:183)
	at java.base/jdk.internal.reflect.DirectMethodHandleAccessor.invoke(DirectMethodHandleAccessor.java:103)
	at java.base/java.lang.reflect.Method.invoke(Method.java:580)
	at org.testng.internal.MethodInvocationHelper.invokeMethod(MethodInvocationHelper.java:134)
	at org.testng.internal.MethodInvocationHelper.invokeMethodConsideringTimeout(MethodInvocationHelper.java:63)
	at org.testng.internal.ConfigInvoker.invokeConfigurationMethod(ConfigInvoker.java:348)
	at org.testng.internal.ConfigInvoker.invokeConfigurations(ConfigInvoker.java:302)
	at org.testng.internal.TestInvoker.runConfigMethods(TestInvoker.java:695)
	at org.testng.internal.TestInvoker.runAfterGroupsConfigurations(TestInvoker.java:671)
	at org.testng.internal.TestInvoker.invokeMethod(TestInvoker.java:543)
	at org.testng.internal.TestInvoker.invokeTestMethod(TestInvoker.java:173)
	at org.testng.internal.MethodRunner.runInSequence(MethodRunner.java:46)
	at org.testng.internal.TestInvoker$MethodInvocationAgent.invoke(TestInvoker.java:816)
	at org.testng.internal.TestInvoker.invokeTestMethods(TestInvoker.java:146)
	at org.testng.internal.TestMethodWorker.invokeTestMethods(TestMethodWorker.java:146)
	at org.testng.internal.TestMethodWorker.run(TestMethodWorker.java:128)
	at java.base/java.util.ArrayList.forEach(ArrayList.java:1596)
	at org.testng.TestRunner.privateRun(TestRunner.java:766)
	at org.testng.TestRunner.run(TestRunner.java:587)
	at org.testng.SuiteRunner.runTest(SuiteRunner.java:384)
	at org.testng.SuiteRunner.runSequentially(SuiteRunner.java:378)
	at org.testng.SuiteRunner.privateRun(SuiteRunner.java:337)
	at org.testng.SuiteRunner.run(SuiteRunner.java:286)
	at org.testng.SuiteRunnerWorker.runSuite(SuiteRunnerWorker.java:53)
	at org.testng.SuiteRunnerWorker.run(SuiteRunnerWorker.java:96)
	at org.testng.TestNG.runSuitesSequentially(TestNG.java:1187)
	at org.testng.TestNG.runSuitesLocally(TestNG.java:1109)
	at org.testng.TestNG.runSuites(TestNG.java:1039)
	at org.testng.TestNG.run(TestNG.java:1007)
	at com.intellij.rt.testng.IDEARemoteTestNG.run(IDEARemoteTestNG.java:65)
	at com.intellij.rt.testng.RemoteTestNGStarter.main(RemoteTestNGStarter.java:105)
2025-07-14 14:54:05.200 [main] WARN  o.springframework.test.context.TestContextManager - Caught exception while invoking 'afterTestMethod' callback on TestExecutionListener [org.springframework.boot.test.autoconfigure.web.client.MockRestServiceServerResetTestExecutionListener] for test method [public void com.bgpay.bgai.controller.ReactiveYamlDataDrivenApiTest.testChatApi(java.util.Map)] and test instance [com.bgpay.bgai.controller.ReactiveYamlDataDrivenApiTest@6d099323]
java.lang.IllegalStateException: ApplicationContext failure threshold (1) exceeded: skipping repeated attempt to load context for [ReactiveWebMergedContextConfiguration@338b9bbf testClass = com.bgpay.bgai.controller.ReactiveYamlDataDrivenApiTest, locations = [], classes = [com.bgpay.bgai.BgaiApplication], contextInitializerClasses = [], activeProfiles = [], propertySourceDescriptors = [PropertySourceDescriptor[locations=[classpath:application-test.yml], ignoreResourceNotFound=false, name=null, propertySourceFactory=null, encoding=null]], propertySourceProperties = ["org.springframework.boot.test.autoconfigure.web.reactive.WebFluxTestContextBootstrapper=true"], contextCustomizers = [[ImportsContextCustomizer@77b7cc64 key = [com.bgpay.bgai.config.UsageInfoServiceMockConfig, com.bgpay.bgai.config.ApiKeyServiceMockConfig, org.springframework.boot.autoconfigure.security.reactive.ReactiveUserDetailsServiceAutoConfiguration, com.bgpay.bgai.config.MockEnvironmentConfig, org.springframework.boot.autoconfigure.context.MessageSourceAutoConfiguration, com.bgpay.bgai.config.ElasticsearchAutoConfigurationDisabler, org.springframework.boot.autoconfigure.security.oauth2.resource.reactive.ReactiveOAuth2ResourceServerAutoConfiguration, com.bgpay.bgai.config.PriceVersionServiceImplMockConfig, com.bgpay.bgai.config.MockListenerContainerConfig, com.bgpay.bgai.config.GatewayAutoConfigurationDisabler, com.bgpay.bgai.config.LoadBalancerTestConfig, com.bgpay.bgai.config.ChoicesMapperMockConfig, com.bgpay.bgai.config.RocketMQTestConfig, com.bgpay.bgai.config.WebClientBeanExclusionConfig, com.bgpay.bgai.config.CircuitBreakerTestConfig, com.bgpay.bgai.config.MockWebClientConfig, com.bgpay.bgai.config.ServiceDiscoveryMockConfig, com.bgpay.bgai.config.TestComponentScanFilterRegistrar, com.bgpay.bgai.config.WebClientTestOverrideConfig, com.bgpay.bgai.config.ElasticsearchMockConfig, com.bgpay.bgai.config.WebClientBuilderUnifier, org.springframework.boot.autoconfigure.jsonb.JsonbAutoConfiguration, com.bgpay.bgai.config.ChatCompletionsServiceImplMockConfig, org.springframework.boot.autoconfigure.web.reactive.WebFluxAutoConfiguration, com.bgpay.bgai.config.ApiConfigServiceMockConfig, org.springframework.boot.autoconfigure.http.codec.CodecsAutoConfiguration, com.bgpay.bgai.config.DeepSeekWebClientMockConfig, org.springframework.boot.autoconfigure.mustache.MustacheAutoConfiguration, com.bgpay.bgai.config.ExcludeMainWebClientConfig, com.bgpay.bgai.config.WebClientAutoConfigurationDisabler, com.bgpay.bgai.config.ReactiveWebMockConfig, org.springframework.boot.autoconfigure.cache.CacheAutoConfiguration, org.springframework.boot.autoconfigure.validation.ValidationAutoConfiguration, com.bgpay.bgai.config.TestWebFluxConfig, org.springframework.boot.autoconfigure.jackson.JacksonAutoConfiguration, com.bgpay.bgai.config.CircuitBreakerAutoConfigurationDisabler, org.springframework.boot.test.autoconfigure.web.reactive.WebTestClientAutoConfiguration, com.bgpay.bgai.config.UserServiceMockConfig, com.bgpay.bgai.config.MyBatisMockConfig, com.bgpay.bgai.config.BGAIServiceMockConfig, com.bgpay.bgai.config.ApplicationTestConfig, com.bgpay.bgai.config.PriceConfigServiceImplMockConfig, com.bgpay.bgai.config.CloudDiscoveryAutoConfigurationDisabler, com.bgpay.bgai.config.MockGatewayRouteConfig, com.bgpay.bgai.config.ChoicesServiceImplMockConfig, org.springframework.boot.autoconfigure.security.oauth2.client.reactive.ReactiveOAuth2ClientAutoConfiguration, com.bgpay.bgai.config.TestApplicationEnvironmentConfig, org.springframework.boot.autoconfigure.security.reactive.ReactiveSecurityAutoConfiguration, org.springframework.boot.autoconfigure.web.reactive.error.ErrorWebFluxAutoConfiguration, com.bgpay.bgai.config.WebClientConfigMock, com.bgpay.bgai.config.MockExtConsumerResetConfig, com.bgpay.bgai.config.ChatCompletionsMapperMockConfig, com.bgpay.bgai.config.DeepSeekServiceMockConfig, com.bgpay.bgai.config.ReactiveChatControllerMockConfig, org.springframework.boot.autoconfigure.thymeleaf.ThymeleafAutoConfiguration, com.bgpay.bgai.config.ReactiveLoadBalancerConfig, org.springframework.boot.autoconfigure.gson.GsonAutoConfiguration, com.bgpay.bgai.config.ValidationAutoConfigurationDisabler, org.springframework.boot.autoconfigure.freemarker.FreeMarkerAutoConfiguration, com.bgpay.bgai.config.AllMappersMockConfig, com.bgpay.bgai.config.LoadBalancerAutoConfigurationDisabler, com.bgpay.bgai.config.SpringTestConfig]], org.springframework.boot.test.context.filter.ExcludeFilterContextCustomizer@58f39564, org.springframework.boot.test.json.DuplicateJsonObjectContextCustomizerFactory$DuplicateJsonObjectContextCustomizer@77a074b4, org.springframework.boot.test.mock.mockito.MockitoContextCustomizer@0, org.springframework.boot.test.autoconfigure.OverrideAutoConfigurationContextCustomizerFactory$DisableAutoConfigurationContextCustomizer@1d805aa1, org.springframework.boot.test.autoconfigure.actuate.observability.ObservabilityContextCustomizerFactory$DisableObservabilityContextCustomizer@1f, org.springframework.boot.test.autoconfigure.filter.TypeExcludeFiltersContextCustomizer@1d156993, org.springframework.boot.test.autoconfigure.properties.PropertyMappingContextCustomizer@aa505725, org.springframework.boot.test.autoconfigure.web.servlet.WebDriverContextCustomizer@429f7919, org.springframework.boot.test.context.SpringBootTestAnnotation@e29c2804], contextLoader = org.springframework.boot.test.context.SpringBootContextLoader, parent = null]
	at org.springframework.test.context.cache.DefaultCacheAwareContextLoaderDelegate.loadContext(DefaultCacheAwareContextLoaderDelegate.java:145)
	at org.springframework.test.context.support.DefaultTestContext.getApplicationContext(DefaultTestContext.java:130)
	at org.springframework.boot.test.autoconfigure.web.client.MockRestServiceServerResetTestExecutionListener.afterTestMethod(MockRestServiceServerResetTestExecutionListener.java:40)
	at org.springframework.test.context.TestContextManager.afterTestMethod(TestContextManager.java:487)
	at org.springframework.test.context.testng.AbstractTestNGSpringContextTests.springTestContextAfterTestMethod(AbstractTestNGSpringContextTests.java:183)
	at java.base/jdk.internal.reflect.DirectMethodHandleAccessor.invoke(DirectMethodHandleAccessor.java:103)
	at java.base/java.lang.reflect.Method.invoke(Method.java:580)
	at org.testng.internal.MethodInvocationHelper.invokeMethod(MethodInvocationHelper.java:134)
	at org.testng.internal.MethodInvocationHelper.invokeMethodConsideringTimeout(MethodInvocationHelper.java:63)
	at org.testng.internal.ConfigInvoker.invokeConfigurationMethod(ConfigInvoker.java:348)
	at org.testng.internal.ConfigInvoker.invokeConfigurations(ConfigInvoker.java:302)
	at org.testng.internal.TestInvoker.runConfigMethods(TestInvoker.java:695)
	at org.testng.internal.TestInvoker.runAfterGroupsConfigurations(TestInvoker.java:671)
	at org.testng.internal.TestInvoker.invokeMethod(TestInvoker.java:543)
	at org.testng.internal.TestInvoker.invokeTestMethod(TestInvoker.java:173)
	at org.testng.internal.MethodRunner.runInSequence(MethodRunner.java:46)
	at org.testng.internal.TestInvoker$MethodInvocationAgent.invoke(TestInvoker.java:816)
	at org.testng.internal.TestInvoker.invokeTestMethods(TestInvoker.java:146)
	at org.testng.internal.TestMethodWorker.invokeTestMethods(TestMethodWorker.java:146)
	at org.testng.internal.TestMethodWorker.run(TestMethodWorker.java:128)
	at java.base/java.util.ArrayList.forEach(ArrayList.java:1596)
	at org.testng.TestRunner.privateRun(TestRunner.java:766)
	at org.testng.TestRunner.run(TestRunner.java:587)
	at org.testng.SuiteRunner.runTest(SuiteRunner.java:384)
	at org.testng.SuiteRunner.runSequentially(SuiteRunner.java:378)
	at org.testng.SuiteRunner.privateRun(SuiteRunner.java:337)
	at org.testng.SuiteRunner.run(SuiteRunner.java:286)
	at org.testng.SuiteRunnerWorker.runSuite(SuiteRunnerWorker.java:53)
	at org.testng.SuiteRunnerWorker.run(SuiteRunnerWorker.java:96)
	at org.testng.TestNG.runSuitesSequentially(TestNG.java:1187)
	at org.testng.TestNG.runSuitesLocally(TestNG.java:1109)
	at org.testng.TestNG.runSuites(TestNG.java:1039)
	at org.testng.TestNG.run(TestNG.java:1007)
	at com.intellij.rt.testng.IDEARemoteTestNG.run(IDEARemoteTestNG.java:65)
	at com.intellij.rt.testng.RemoteTestNGStarter.main(RemoteTestNGStarter.java:105)
2025-07-14 14:54:05.201 [main] WARN  o.springframework.test.context.TestContextManager - Caught exception while invoking 'afterTestMethod' callback on TestExecutionListener [org.springframework.boot.test.mock.mockito.ResetMocksTestExecutionListener] for test method [public void com.bgpay.bgai.controller.ReactiveYamlDataDrivenApiTest.testChatApi(java.util.Map)] and test instance [com.bgpay.bgai.controller.ReactiveYamlDataDrivenApiTest@6d099323]
java.lang.IllegalStateException: ApplicationContext failure threshold (1) exceeded: skipping repeated attempt to load context for [ReactiveWebMergedContextConfiguration@338b9bbf testClass = com.bgpay.bgai.controller.ReactiveYamlDataDrivenApiTest, locations = [], classes = [com.bgpay.bgai.BgaiApplication], contextInitializerClasses = [], activeProfiles = [], propertySourceDescriptors = [PropertySourceDescriptor[locations=[classpath:application-test.yml], ignoreResourceNotFound=false, name=null, propertySourceFactory=null, encoding=null]], propertySourceProperties = ["org.springframework.boot.test.autoconfigure.web.reactive.WebFluxTestContextBootstrapper=true"], contextCustomizers = [[ImportsContextCustomizer@77b7cc64 key = [com.bgpay.bgai.config.UsageInfoServiceMockConfig, com.bgpay.bgai.config.ApiKeyServiceMockConfig, org.springframework.boot.autoconfigure.security.reactive.ReactiveUserDetailsServiceAutoConfiguration, com.bgpay.bgai.config.MockEnvironmentConfig, org.springframework.boot.autoconfigure.context.MessageSourceAutoConfiguration, com.bgpay.bgai.config.ElasticsearchAutoConfigurationDisabler, org.springframework.boot.autoconfigure.security.oauth2.resource.reactive.ReactiveOAuth2ResourceServerAutoConfiguration, com.bgpay.bgai.config.PriceVersionServiceImplMockConfig, com.bgpay.bgai.config.MockListenerContainerConfig, com.bgpay.bgai.config.GatewayAutoConfigurationDisabler, com.bgpay.bgai.config.LoadBalancerTestConfig, com.bgpay.bgai.config.ChoicesMapperMockConfig, com.bgpay.bgai.config.RocketMQTestConfig, com.bgpay.bgai.config.WebClientBeanExclusionConfig, com.bgpay.bgai.config.CircuitBreakerTestConfig, com.bgpay.bgai.config.MockWebClientConfig, com.bgpay.bgai.config.ServiceDiscoveryMockConfig, com.bgpay.bgai.config.TestComponentScanFilterRegistrar, com.bgpay.bgai.config.WebClientTestOverrideConfig, com.bgpay.bgai.config.ElasticsearchMockConfig, com.bgpay.bgai.config.WebClientBuilderUnifier, org.springframework.boot.autoconfigure.jsonb.JsonbAutoConfiguration, com.bgpay.bgai.config.ChatCompletionsServiceImplMockConfig, org.springframework.boot.autoconfigure.web.reactive.WebFluxAutoConfiguration, com.bgpay.bgai.config.ApiConfigServiceMockConfig, org.springframework.boot.autoconfigure.http.codec.CodecsAutoConfiguration, com.bgpay.bgai.config.DeepSeekWebClientMockConfig, org.springframework.boot.autoconfigure.mustache.MustacheAutoConfiguration, com.bgpay.bgai.config.ExcludeMainWebClientConfig, com.bgpay.bgai.config.WebClientAutoConfigurationDisabler, com.bgpay.bgai.config.ReactiveWebMockConfig, org.springframework.boot.autoconfigure.cache.CacheAutoConfiguration, org.springframework.boot.autoconfigure.validation.ValidationAutoConfiguration, com.bgpay.bgai.config.TestWebFluxConfig, org.springframework.boot.autoconfigure.jackson.JacksonAutoConfiguration, com.bgpay.bgai.config.CircuitBreakerAutoConfigurationDisabler, org.springframework.boot.test.autoconfigure.web.reactive.WebTestClientAutoConfiguration, com.bgpay.bgai.config.UserServiceMockConfig, com.bgpay.bgai.config.MyBatisMockConfig, com.bgpay.bgai.config.BGAIServiceMockConfig, com.bgpay.bgai.config.ApplicationTestConfig, com.bgpay.bgai.config.PriceConfigServiceImplMockConfig, com.bgpay.bgai.config.CloudDiscoveryAutoConfigurationDisabler, com.bgpay.bgai.config.MockGatewayRouteConfig, com.bgpay.bgai.config.ChoicesServiceImplMockConfig, org.springframework.boot.autoconfigure.security.oauth2.client.reactive.ReactiveOAuth2ClientAutoConfiguration, com.bgpay.bgai.config.TestApplicationEnvironmentConfig, org.springframework.boot.autoconfigure.security.reactive.ReactiveSecurityAutoConfiguration, org.springframework.boot.autoconfigure.web.reactive.error.ErrorWebFluxAutoConfiguration, com.bgpay.bgai.config.WebClientConfigMock, com.bgpay.bgai.config.MockExtConsumerResetConfig, com.bgpay.bgai.config.ChatCompletionsMapperMockConfig, com.bgpay.bgai.config.DeepSeekServiceMockConfig, com.bgpay.bgai.config.ReactiveChatControllerMockConfig, org.springframework.boot.autoconfigure.thymeleaf.ThymeleafAutoConfiguration, com.bgpay.bgai.config.ReactiveLoadBalancerConfig, org.springframework.boot.autoconfigure.gson.GsonAutoConfiguration, com.bgpay.bgai.config.ValidationAutoConfigurationDisabler, org.springframework.boot.autoconfigure.freemarker.FreeMarkerAutoConfiguration, com.bgpay.bgai.config.AllMappersMockConfig, com.bgpay.bgai.config.LoadBalancerAutoConfigurationDisabler, com.bgpay.bgai.config.SpringTestConfig]], org.springframework.boot.test.context.filter.ExcludeFilterContextCustomizer@58f39564, org.springframework.boot.test.json.DuplicateJsonObjectContextCustomizerFactory$DuplicateJsonObjectContextCustomizer@77a074b4, org.springframework.boot.test.mock.mockito.MockitoContextCustomizer@0, org.springframework.boot.test.autoconfigure.OverrideAutoConfigurationContextCustomizerFactory$DisableAutoConfigurationContextCustomizer@1d805aa1, org.springframework.boot.test.autoconfigure.actuate.observability.ObservabilityContextCustomizerFactory$DisableObservabilityContextCustomizer@1f, org.springframework.boot.test.autoconfigure.filter.TypeExcludeFiltersContextCustomizer@1d156993, org.springframework.boot.test.autoconfigure.properties.PropertyMappingContextCustomizer@aa505725, org.springframework.boot.test.autoconfigure.web.servlet.WebDriverContextCustomizer@429f7919, org.springframework.boot.test.context.SpringBootTestAnnotation@e29c2804], contextLoader = org.springframework.boot.test.context.SpringBootContextLoader, parent = null]
	at org.springframework.test.context.cache.DefaultCacheAwareContextLoaderDelegate.loadContext(DefaultCacheAwareContextLoaderDelegate.java:145)
	at org.springframework.test.context.support.DefaultTestContext.getApplicationContext(DefaultTestContext.java:130)
	at org.springframework.boot.test.mock.mockito.ResetMocksTestExecutionListener.afterTestMethod(ResetMocksTestExecutionListener.java:67)
	at org.springframework.test.context.TestContextManager.afterTestMethod(TestContextManager.java:487)
	at org.springframework.test.context.testng.AbstractTestNGSpringContextTests.springTestContextAfterTestMethod(AbstractTestNGSpringContextTests.java:183)
	at java.base/jdk.internal.reflect.DirectMethodHandleAccessor.invoke(DirectMethodHandleAccessor.java:103)
	at java.base/java.lang.reflect.Method.invoke(Method.java:580)
	at org.testng.internal.MethodInvocationHelper.invokeMethod(MethodInvocationHelper.java:134)
	at org.testng.internal.MethodInvocationHelper.invokeMethodConsideringTimeout(MethodInvocationHelper.java:63)
	at org.testng.internal.ConfigInvoker.invokeConfigurationMethod(ConfigInvoker.java:348)
	at org.testng.internal.ConfigInvoker.invokeConfigurations(ConfigInvoker.java:302)
	at org.testng.internal.TestInvoker.runConfigMethods(TestInvoker.java:695)
	at org.testng.internal.TestInvoker.runAfterGroupsConfigurations(TestInvoker.java:671)
	at org.testng.internal.TestInvoker.invokeMethod(TestInvoker.java:543)
	at org.testng.internal.TestInvoker.invokeTestMethod(TestInvoker.java:173)
	at org.testng.internal.MethodRunner.runInSequence(MethodRunner.java:46)
	at org.testng.internal.TestInvoker$MethodInvocationAgent.invoke(TestInvoker.java:816)
	at org.testng.internal.TestInvoker.invokeTestMethods(TestInvoker.java:146)
	at org.testng.internal.TestMethodWorker.invokeTestMethods(TestMethodWorker.java:146)
	at org.testng.internal.TestMethodWorker.run(TestMethodWorker.java:128)
	at java.base/java.util.ArrayList.forEach(ArrayList.java:1596)
	at org.testng.TestRunner.privateRun(TestRunner.java:766)
	at org.testng.TestRunner.run(TestRunner.java:587)
	at org.testng.SuiteRunner.runTest(SuiteRunner.java:384)
	at org.testng.SuiteRunner.runSequentially(SuiteRunner.java:378)
	at org.testng.SuiteRunner.privateRun(SuiteRunner.java:337)
	at org.testng.SuiteRunner.run(SuiteRunner.java:286)
	at org.testng.SuiteRunnerWorker.runSuite(SuiteRunnerWorker.java:53)
	at org.testng.SuiteRunnerWorker.run(SuiteRunnerWorker.java:96)
	at org.testng.TestNG.runSuitesSequentially(TestNG.java:1187)
	at org.testng.TestNG.runSuitesLocally(TestNG.java:1109)
	at org.testng.TestNG.runSuites(TestNG.java:1039)
	at org.testng.TestNG.run(TestNG.java:1007)
	at com.intellij.rt.testng.IDEARemoteTestNG.run(IDEARemoteTestNG.java:65)
	at com.intellij.rt.testng.RemoteTestNGStarter.main(RemoteTestNGStarter.java:105)
2025-07-14 14:54:05.210 [main] WARN  o.springframework.test.context.TestContextManager - Caught exception while invoking 'beforeTestMethod' callback on TestExecutionListener [org.springframework.boot.test.mock.mockito.ResetMocksTestExecutionListener] for test method [public void com.bgpay.bgai.controller.ReactiveYamlDataDrivenApiTest.testChatApi(java.util.Map)] and test instance [com.bgpay.bgai.controller.ReactiveYamlDataDrivenApiTest@6d099323]
java.lang.IllegalStateException: ApplicationContext failure threshold (1) exceeded: skipping repeated attempt to load context for [ReactiveWebMergedContextConfiguration@338b9bbf testClass = com.bgpay.bgai.controller.ReactiveYamlDataDrivenApiTest, locations = [], classes = [com.bgpay.bgai.BgaiApplication], contextInitializerClasses = [], activeProfiles = [], propertySourceDescriptors = [PropertySourceDescriptor[locations=[classpath:application-test.yml], ignoreResourceNotFound=false, name=null, propertySourceFactory=null, encoding=null]], propertySourceProperties = ["org.springframework.boot.test.autoconfigure.web.reactive.WebFluxTestContextBootstrapper=true"], contextCustomizers = [[ImportsContextCustomizer@77b7cc64 key = [com.bgpay.bgai.config.UsageInfoServiceMockConfig, com.bgpay.bgai.config.ApiKeyServiceMockConfig, org.springframework.boot.autoconfigure.security.reactive.ReactiveUserDetailsServiceAutoConfiguration, com.bgpay.bgai.config.MockEnvironmentConfig, org.springframework.boot.autoconfigure.context.MessageSourceAutoConfiguration, com.bgpay.bgai.config.ElasticsearchAutoConfigurationDisabler, org.springframework.boot.autoconfigure.security.oauth2.resource.reactive.ReactiveOAuth2ResourceServerAutoConfiguration, com.bgpay.bgai.config.PriceVersionServiceImplMockConfig, com.bgpay.bgai.config.MockListenerContainerConfig, com.bgpay.bgai.config.GatewayAutoConfigurationDisabler, com.bgpay.bgai.config.LoadBalancerTestConfig, com.bgpay.bgai.config.ChoicesMapperMockConfig, com.bgpay.bgai.config.RocketMQTestConfig, com.bgpay.bgai.config.WebClientBeanExclusionConfig, com.bgpay.bgai.config.CircuitBreakerTestConfig, com.bgpay.bgai.config.MockWebClientConfig, com.bgpay.bgai.config.ServiceDiscoveryMockConfig, com.bgpay.bgai.config.TestComponentScanFilterRegistrar, com.bgpay.bgai.config.WebClientTestOverrideConfig, com.bgpay.bgai.config.ElasticsearchMockConfig, com.bgpay.bgai.config.WebClientBuilderUnifier, org.springframework.boot.autoconfigure.jsonb.JsonbAutoConfiguration, com.bgpay.bgai.config.ChatCompletionsServiceImplMockConfig, org.springframework.boot.autoconfigure.web.reactive.WebFluxAutoConfiguration, com.bgpay.bgai.config.ApiConfigServiceMockConfig, org.springframework.boot.autoconfigure.http.codec.CodecsAutoConfiguration, com.bgpay.bgai.config.DeepSeekWebClientMockConfig, org.springframework.boot.autoconfigure.mustache.MustacheAutoConfiguration, com.bgpay.bgai.config.ExcludeMainWebClientConfig, com.bgpay.bgai.config.WebClientAutoConfigurationDisabler, com.bgpay.bgai.config.ReactiveWebMockConfig, org.springframework.boot.autoconfigure.cache.CacheAutoConfiguration, org.springframework.boot.autoconfigure.validation.ValidationAutoConfiguration, com.bgpay.bgai.config.TestWebFluxConfig, org.springframework.boot.autoconfigure.jackson.JacksonAutoConfiguration, com.bgpay.bgai.config.CircuitBreakerAutoConfigurationDisabler, org.springframework.boot.test.autoconfigure.web.reactive.WebTestClientAutoConfiguration, com.bgpay.bgai.config.UserServiceMockConfig, com.bgpay.bgai.config.MyBatisMockConfig, com.bgpay.bgai.config.BGAIServiceMockConfig, com.bgpay.bgai.config.ApplicationTestConfig, com.bgpay.bgai.config.PriceConfigServiceImplMockConfig, com.bgpay.bgai.config.CloudDiscoveryAutoConfigurationDisabler, com.bgpay.bgai.config.MockGatewayRouteConfig, com.bgpay.bgai.config.ChoicesServiceImplMockConfig, org.springframework.boot.autoconfigure.security.oauth2.client.reactive.ReactiveOAuth2ClientAutoConfiguration, com.bgpay.bgai.config.TestApplicationEnvironmentConfig, org.springframework.boot.autoconfigure.security.reactive.ReactiveSecurityAutoConfiguration, org.springframework.boot.autoconfigure.web.reactive.error.ErrorWebFluxAutoConfiguration, com.bgpay.bgai.config.WebClientConfigMock, com.bgpay.bgai.config.MockExtConsumerResetConfig, com.bgpay.bgai.config.ChatCompletionsMapperMockConfig, com.bgpay.bgai.config.DeepSeekServiceMockConfig, com.bgpay.bgai.config.ReactiveChatControllerMockConfig, org.springframework.boot.autoconfigure.thymeleaf.ThymeleafAutoConfiguration, com.bgpay.bgai.config.ReactiveLoadBalancerConfig, org.springframework.boot.autoconfigure.gson.GsonAutoConfiguration, com.bgpay.bgai.config.ValidationAutoConfigurationDisabler, org.springframework.boot.autoconfigure.freemarker.FreeMarkerAutoConfiguration, com.bgpay.bgai.config.AllMappersMockConfig, com.bgpay.bgai.config.LoadBalancerAutoConfigurationDisabler, com.bgpay.bgai.config.SpringTestConfig]], org.springframework.boot.test.context.filter.ExcludeFilterContextCustomizer@58f39564, org.springframework.boot.test.json.DuplicateJsonObjectContextCustomizerFactory$DuplicateJsonObjectContextCustomizer@77a074b4, org.springframework.boot.test.mock.mockito.MockitoContextCustomizer@0, org.springframework.boot.test.autoconfigure.OverrideAutoConfigurationContextCustomizerFactory$DisableAutoConfigurationContextCustomizer@1d805aa1, org.springframework.boot.test.autoconfigure.actuate.observability.ObservabilityContextCustomizerFactory$DisableObservabilityContextCustomizer@1f, org.springframework.boot.test.autoconfigure.filter.TypeExcludeFiltersContextCustomizer@1d156993, org.springframework.boot.test.autoconfigure.properties.PropertyMappingContextCustomizer@aa505725, org.springframework.boot.test.autoconfigure.web.servlet.WebDriverContextCustomizer@429f7919, org.springframework.boot.test.context.SpringBootTestAnnotation@e29c2804], contextLoader = org.springframework.boot.test.context.SpringBootContextLoader, parent = null]
	at org.springframework.test.context.cache.DefaultCacheAwareContextLoaderDelegate.loadContext(DefaultCacheAwareContextLoaderDelegate.java:145)
	at org.springframework.test.context.support.DefaultTestContext.getApplicationContext(DefaultTestContext.java:130)
	at org.springframework.boot.test.mock.mockito.ResetMocksTestExecutionListener.beforeTestMethod(ResetMocksTestExecutionListener.java:60)
	at org.springframework.test.context.TestContextManager.beforeTestMethod(TestContextManager.java:320)
	at org.springframework.test.context.testng.AbstractTestNGSpringContextTests.springTestContextBeforeTestMethod(AbstractTestNGSpringContextTests.java:131)
	at java.base/jdk.internal.reflect.DirectMethodHandleAccessor.invoke(DirectMethodHandleAccessor.java:103)
	at java.base/java.lang.reflect.Method.invoke(Method.java:580)
	at org.testng.internal.MethodInvocationHelper.invokeMethod(MethodInvocationHelper.java:134)
	at org.testng.internal.MethodInvocationHelper.invokeMethodConsideringTimeout(MethodInvocationHelper.java:63)
	at org.testng.internal.ConfigInvoker.invokeConfigurationMethod(ConfigInvoker.java:348)
	at org.testng.internal.ConfigInvoker.invokeConfigurations(ConfigInvoker.java:302)
	at org.testng.internal.TestInvoker.runConfigMethods(TestInvoker.java:695)
	at org.testng.internal.TestInvoker.invokeMethod(TestInvoker.java:523)
	at org.testng.internal.TestInvoker.invokeTestMethod(TestInvoker.java:173)
	at org.testng.internal.MethodRunner.runInSequence(MethodRunner.java:46)
	at org.testng.internal.TestInvoker$MethodInvocationAgent.invoke(TestInvoker.java:816)
	at org.testng.internal.TestInvoker.invokeTestMethods(TestInvoker.java:146)
	at org.testng.internal.TestMethodWorker.invokeTestMethods(TestMethodWorker.java:146)
	at org.testng.internal.TestMethodWorker.run(TestMethodWorker.java:128)
	at java.base/java.util.ArrayList.forEach(ArrayList.java:1596)
	at org.testng.TestRunner.privateRun(TestRunner.java:766)
	at org.testng.TestRunner.run(TestRunner.java:587)
	at org.testng.SuiteRunner.runTest(SuiteRunner.java:384)
	at org.testng.SuiteRunner.runSequentially(SuiteRunner.java:378)
	at org.testng.SuiteRunner.privateRun(SuiteRunner.java:337)
	at org.testng.SuiteRunner.run(SuiteRunner.java:286)
	at org.testng.SuiteRunnerWorker.runSuite(SuiteRunnerWorker.java:53)
	at org.testng.SuiteRunnerWorker.run(SuiteRunnerWorker.java:96)
	at org.testng.TestNG.runSuitesSequentially(TestNG.java:1187)
	at org.testng.TestNG.runSuitesLocally(TestNG.java:1109)
	at org.testng.TestNG.runSuites(TestNG.java:1039)
	at org.testng.TestNG.run(TestNG.java:1007)
	at com.intellij.rt.testng.IDEARemoteTestNG.run(IDEARemoteTestNG.java:65)
	at com.intellij.rt.testng.RemoteTestNGStarter.main(RemoteTestNGStarter.java:105)
2025-07-14 14:54:05.219 [main] INFO  c.b.bgai.controller.ReactiveYamlDataDrivenApiTest - 开始执行测试方法: testChatApi, testId: 293b1d05-aece-492f-8bfb-82f9a2b964d8
2025-07-14 14:54:05.219 [main] ERROR io.qameta.allure.AllureLifecycle - Could not update test case: test case with uuid 2a405be2-a4d8-4e5f-917e-b40c50ea0d65 not found
2025-07-14 14:54:05.219 [main] ERROR io.qameta.allure.AllureLifecycle - Could not update test case: test case with uuid 2a405be2-a4d8-4e5f-917e-b40c50ea0d65 not found
2025-07-14 14:54:05.226 [main] WARN  o.springframework.test.context.TestContextManager - Caught exception while invoking 'afterTestMethod' callback on TestExecutionListener [org.springframework.boot.test.autoconfigure.web.servlet.WebDriverTestExecutionListener] for test method [public void com.bgpay.bgai.controller.ReactiveYamlDataDrivenApiTest.testChatApi(java.util.Map)] and test instance [com.bgpay.bgai.controller.ReactiveYamlDataDrivenApiTest@6d099323]
java.lang.IllegalStateException: ApplicationContext failure threshold (1) exceeded: skipping repeated attempt to load context for [ReactiveWebMergedContextConfiguration@338b9bbf testClass = com.bgpay.bgai.controller.ReactiveYamlDataDrivenApiTest, locations = [], classes = [com.bgpay.bgai.BgaiApplication], contextInitializerClasses = [], activeProfiles = [], propertySourceDescriptors = [PropertySourceDescriptor[locations=[classpath:application-test.yml], ignoreResourceNotFound=false, name=null, propertySourceFactory=null, encoding=null]], propertySourceProperties = ["org.springframework.boot.test.autoconfigure.web.reactive.WebFluxTestContextBootstrapper=true"], contextCustomizers = [[ImportsContextCustomizer@77b7cc64 key = [com.bgpay.bgai.config.UsageInfoServiceMockConfig, com.bgpay.bgai.config.ApiKeyServiceMockConfig, org.springframework.boot.autoconfigure.security.reactive.ReactiveUserDetailsServiceAutoConfiguration, com.bgpay.bgai.config.MockEnvironmentConfig, org.springframework.boot.autoconfigure.context.MessageSourceAutoConfiguration, com.bgpay.bgai.config.ElasticsearchAutoConfigurationDisabler, org.springframework.boot.autoconfigure.security.oauth2.resource.reactive.ReactiveOAuth2ResourceServerAutoConfiguration, com.bgpay.bgai.config.PriceVersionServiceImplMockConfig, com.bgpay.bgai.config.MockListenerContainerConfig, com.bgpay.bgai.config.GatewayAutoConfigurationDisabler, com.bgpay.bgai.config.LoadBalancerTestConfig, com.bgpay.bgai.config.ChoicesMapperMockConfig, com.bgpay.bgai.config.RocketMQTestConfig, com.bgpay.bgai.config.WebClientBeanExclusionConfig, com.bgpay.bgai.config.CircuitBreakerTestConfig, com.bgpay.bgai.config.MockWebClientConfig, com.bgpay.bgai.config.ServiceDiscoveryMockConfig, com.bgpay.bgai.config.TestComponentScanFilterRegistrar, com.bgpay.bgai.config.WebClientTestOverrideConfig, com.bgpay.bgai.config.ElasticsearchMockConfig, com.bgpay.bgai.config.WebClientBuilderUnifier, org.springframework.boot.autoconfigure.jsonb.JsonbAutoConfiguration, com.bgpay.bgai.config.ChatCompletionsServiceImplMockConfig, org.springframework.boot.autoconfigure.web.reactive.WebFluxAutoConfiguration, com.bgpay.bgai.config.ApiConfigServiceMockConfig, org.springframework.boot.autoconfigure.http.codec.CodecsAutoConfiguration, com.bgpay.bgai.config.DeepSeekWebClientMockConfig, org.springframework.boot.autoconfigure.mustache.MustacheAutoConfiguration, com.bgpay.bgai.config.ExcludeMainWebClientConfig, com.bgpay.bgai.config.WebClientAutoConfigurationDisabler, com.bgpay.bgai.config.ReactiveWebMockConfig, org.springframework.boot.autoconfigure.cache.CacheAutoConfiguration, org.springframework.boot.autoconfigure.validation.ValidationAutoConfiguration, com.bgpay.bgai.config.TestWebFluxConfig, org.springframework.boot.autoconfigure.jackson.JacksonAutoConfiguration, com.bgpay.bgai.config.CircuitBreakerAutoConfigurationDisabler, org.springframework.boot.test.autoconfigure.web.reactive.WebTestClientAutoConfiguration, com.bgpay.bgai.config.UserServiceMockConfig, com.bgpay.bgai.config.MyBatisMockConfig, com.bgpay.bgai.config.BGAIServiceMockConfig, com.bgpay.bgai.config.ApplicationTestConfig, com.bgpay.bgai.config.PriceConfigServiceImplMockConfig, com.bgpay.bgai.config.CloudDiscoveryAutoConfigurationDisabler, com.bgpay.bgai.config.MockGatewayRouteConfig, com.bgpay.bgai.config.ChoicesServiceImplMockConfig, org.springframework.boot.autoconfigure.security.oauth2.client.reactive.ReactiveOAuth2ClientAutoConfiguration, com.bgpay.bgai.config.TestApplicationEnvironmentConfig, org.springframework.boot.autoconfigure.security.reactive.ReactiveSecurityAutoConfiguration, org.springframework.boot.autoconfigure.web.reactive.error.ErrorWebFluxAutoConfiguration, com.bgpay.bgai.config.WebClientConfigMock, com.bgpay.bgai.config.MockExtConsumerResetConfig, com.bgpay.bgai.config.ChatCompletionsMapperMockConfig, com.bgpay.bgai.config.DeepSeekServiceMockConfig, com.bgpay.bgai.config.ReactiveChatControllerMockConfig, org.springframework.boot.autoconfigure.thymeleaf.ThymeleafAutoConfiguration, com.bgpay.bgai.config.ReactiveLoadBalancerConfig, org.springframework.boot.autoconfigure.gson.GsonAutoConfiguration, com.bgpay.bgai.config.ValidationAutoConfigurationDisabler, org.springframework.boot.autoconfigure.freemarker.FreeMarkerAutoConfiguration, com.bgpay.bgai.config.AllMappersMockConfig, com.bgpay.bgai.config.LoadBalancerAutoConfigurationDisabler, com.bgpay.bgai.config.SpringTestConfig]], org.springframework.boot.test.context.filter.ExcludeFilterContextCustomizer@58f39564, org.springframework.boot.test.json.DuplicateJsonObjectContextCustomizerFactory$DuplicateJsonObjectContextCustomizer@77a074b4, org.springframework.boot.test.mock.mockito.MockitoContextCustomizer@0, org.springframework.boot.test.autoconfigure.OverrideAutoConfigurationContextCustomizerFactory$DisableAutoConfigurationContextCustomizer@1d805aa1, org.springframework.boot.test.autoconfigure.actuate.observability.ObservabilityContextCustomizerFactory$DisableObservabilityContextCustomizer@1f, org.springframework.boot.test.autoconfigure.filter.TypeExcludeFiltersContextCustomizer@1d156993, org.springframework.boot.test.autoconfigure.properties.PropertyMappingContextCustomizer@aa505725, org.springframework.boot.test.autoconfigure.web.servlet.WebDriverContextCustomizer@429f7919, org.springframework.boot.test.context.SpringBootTestAnnotation@e29c2804], contextLoader = org.springframework.boot.test.context.SpringBootContextLoader, parent = null]
	at org.springframework.test.context.cache.DefaultCacheAwareContextLoaderDelegate.loadContext(DefaultCacheAwareContextLoaderDelegate.java:145)
	at org.springframework.test.context.support.DefaultTestContext.getApplicationContext(DefaultTestContext.java:130)
	at org.springframework.boot.test.autoconfigure.web.servlet.WebDriverTestExecutionListener.afterTestMethod(WebDriverTestExecutionListener.java:42)
	at org.springframework.test.context.TestContextManager.afterTestMethod(TestContextManager.java:487)
	at org.springframework.test.context.testng.AbstractTestNGSpringContextTests.springTestContextAfterTestMethod(AbstractTestNGSpringContextTests.java:183)
	at java.base/jdk.internal.reflect.DirectMethodHandleAccessor.invoke(DirectMethodHandleAccessor.java:103)
	at java.base/java.lang.reflect.Method.invoke(Method.java:580)
	at org.testng.internal.MethodInvocationHelper.invokeMethod(MethodInvocationHelper.java:134)
	at org.testng.internal.MethodInvocationHelper.invokeMethodConsideringTimeout(MethodInvocationHelper.java:63)
	at org.testng.internal.ConfigInvoker.invokeConfigurationMethod(ConfigInvoker.java:348)
	at org.testng.internal.ConfigInvoker.invokeConfigurations(ConfigInvoker.java:302)
	at org.testng.internal.TestInvoker.runConfigMethods(TestInvoker.java:695)
	at org.testng.internal.TestInvoker.runAfterGroupsConfigurations(TestInvoker.java:671)
	at org.testng.internal.TestInvoker.invokeMethod(TestInvoker.java:543)
	at org.testng.internal.TestInvoker.invokeTestMethod(TestInvoker.java:173)
	at org.testng.internal.MethodRunner.runInSequence(MethodRunner.java:46)
	at org.testng.internal.TestInvoker$MethodInvocationAgent.invoke(TestInvoker.java:816)
	at org.testng.internal.TestInvoker.invokeTestMethods(TestInvoker.java:146)
	at org.testng.internal.TestMethodWorker.invokeTestMethods(TestMethodWorker.java:146)
	at org.testng.internal.TestMethodWorker.run(TestMethodWorker.java:128)
	at java.base/java.util.ArrayList.forEach(ArrayList.java:1596)
	at org.testng.TestRunner.privateRun(TestRunner.java:766)
	at org.testng.TestRunner.run(TestRunner.java:587)
	at org.testng.SuiteRunner.runTest(SuiteRunner.java:384)
	at org.testng.SuiteRunner.runSequentially(SuiteRunner.java:378)
	at org.testng.SuiteRunner.privateRun(SuiteRunner.java:337)
	at org.testng.SuiteRunner.run(SuiteRunner.java:286)
	at org.testng.SuiteRunnerWorker.runSuite(SuiteRunnerWorker.java:53)
	at org.testng.SuiteRunnerWorker.run(SuiteRunnerWorker.java:96)
	at org.testng.TestNG.runSuitesSequentially(TestNG.java:1187)
	at org.testng.TestNG.runSuitesLocally(TestNG.java:1109)
	at org.testng.TestNG.runSuites(TestNG.java:1039)
	at org.testng.TestNG.run(TestNG.java:1007)
	at com.intellij.rt.testng.IDEARemoteTestNG.run(IDEARemoteTestNG.java:65)
	at com.intellij.rt.testng.RemoteTestNGStarter.main(RemoteTestNGStarter.java:105)
2025-07-14 14:54:05.227 [main] WARN  o.springframework.test.context.TestContextManager - Caught exception while invoking 'afterTestMethod' callback on TestExecutionListener [org.springframework.boot.test.autoconfigure.web.servlet.MockMvcPrintOnlyOnFailureTestExecutionListener] for test method [public void com.bgpay.bgai.controller.ReactiveYamlDataDrivenApiTest.testChatApi(java.util.Map)] and test instance [com.bgpay.bgai.controller.ReactiveYamlDataDrivenApiTest@6d099323]
java.lang.IllegalStateException: ApplicationContext failure threshold (1) exceeded: skipping repeated attempt to load context for [ReactiveWebMergedContextConfiguration@338b9bbf testClass = com.bgpay.bgai.controller.ReactiveYamlDataDrivenApiTest, locations = [], classes = [com.bgpay.bgai.BgaiApplication], contextInitializerClasses = [], activeProfiles = [], propertySourceDescriptors = [PropertySourceDescriptor[locations=[classpath:application-test.yml], ignoreResourceNotFound=false, name=null, propertySourceFactory=null, encoding=null]], propertySourceProperties = ["org.springframework.boot.test.autoconfigure.web.reactive.WebFluxTestContextBootstrapper=true"], contextCustomizers = [[ImportsContextCustomizer@77b7cc64 key = [com.bgpay.bgai.config.UsageInfoServiceMockConfig, com.bgpay.bgai.config.ApiKeyServiceMockConfig, org.springframework.boot.autoconfigure.security.reactive.ReactiveUserDetailsServiceAutoConfiguration, com.bgpay.bgai.config.MockEnvironmentConfig, org.springframework.boot.autoconfigure.context.MessageSourceAutoConfiguration, com.bgpay.bgai.config.ElasticsearchAutoConfigurationDisabler, org.springframework.boot.autoconfigure.security.oauth2.resource.reactive.ReactiveOAuth2ResourceServerAutoConfiguration, com.bgpay.bgai.config.PriceVersionServiceImplMockConfig, com.bgpay.bgai.config.MockListenerContainerConfig, com.bgpay.bgai.config.GatewayAutoConfigurationDisabler, com.bgpay.bgai.config.LoadBalancerTestConfig, com.bgpay.bgai.config.ChoicesMapperMockConfig, com.bgpay.bgai.config.RocketMQTestConfig, com.bgpay.bgai.config.WebClientBeanExclusionConfig, com.bgpay.bgai.config.CircuitBreakerTestConfig, com.bgpay.bgai.config.MockWebClientConfig, com.bgpay.bgai.config.ServiceDiscoveryMockConfig, com.bgpay.bgai.config.TestComponentScanFilterRegistrar, com.bgpay.bgai.config.WebClientTestOverrideConfig, com.bgpay.bgai.config.ElasticsearchMockConfig, com.bgpay.bgai.config.WebClientBuilderUnifier, org.springframework.boot.autoconfigure.jsonb.JsonbAutoConfiguration, com.bgpay.bgai.config.ChatCompletionsServiceImplMockConfig, org.springframework.boot.autoconfigure.web.reactive.WebFluxAutoConfiguration, com.bgpay.bgai.config.ApiConfigServiceMockConfig, org.springframework.boot.autoconfigure.http.codec.CodecsAutoConfiguration, com.bgpay.bgai.config.DeepSeekWebClientMockConfig, org.springframework.boot.autoconfigure.mustache.MustacheAutoConfiguration, com.bgpay.bgai.config.ExcludeMainWebClientConfig, com.bgpay.bgai.config.WebClientAutoConfigurationDisabler, com.bgpay.bgai.config.ReactiveWebMockConfig, org.springframework.boot.autoconfigure.cache.CacheAutoConfiguration, org.springframework.boot.autoconfigure.validation.ValidationAutoConfiguration, com.bgpay.bgai.config.TestWebFluxConfig, org.springframework.boot.autoconfigure.jackson.JacksonAutoConfiguration, com.bgpay.bgai.config.CircuitBreakerAutoConfigurationDisabler, org.springframework.boot.test.autoconfigure.web.reactive.WebTestClientAutoConfiguration, com.bgpay.bgai.config.UserServiceMockConfig, com.bgpay.bgai.config.MyBatisMockConfig, com.bgpay.bgai.config.BGAIServiceMockConfig, com.bgpay.bgai.config.ApplicationTestConfig, com.bgpay.bgai.config.PriceConfigServiceImplMockConfig, com.bgpay.bgai.config.CloudDiscoveryAutoConfigurationDisabler, com.bgpay.bgai.config.MockGatewayRouteConfig, com.bgpay.bgai.config.ChoicesServiceImplMockConfig, org.springframework.boot.autoconfigure.security.oauth2.client.reactive.ReactiveOAuth2ClientAutoConfiguration, com.bgpay.bgai.config.TestApplicationEnvironmentConfig, org.springframework.boot.autoconfigure.security.reactive.ReactiveSecurityAutoConfiguration, org.springframework.boot.autoconfigure.web.reactive.error.ErrorWebFluxAutoConfiguration, com.bgpay.bgai.config.WebClientConfigMock, com.bgpay.bgai.config.MockExtConsumerResetConfig, com.bgpay.bgai.config.ChatCompletionsMapperMockConfig, com.bgpay.bgai.config.DeepSeekServiceMockConfig, com.bgpay.bgai.config.ReactiveChatControllerMockConfig, org.springframework.boot.autoconfigure.thymeleaf.ThymeleafAutoConfiguration, com.bgpay.bgai.config.ReactiveLoadBalancerConfig, org.springframework.boot.autoconfigure.gson.GsonAutoConfiguration, com.bgpay.bgai.config.ValidationAutoConfigurationDisabler, org.springframework.boot.autoconfigure.freemarker.FreeMarkerAutoConfiguration, com.bgpay.bgai.config.AllMappersMockConfig, com.bgpay.bgai.config.LoadBalancerAutoConfigurationDisabler, com.bgpay.bgai.config.SpringTestConfig]], org.springframework.boot.test.context.filter.ExcludeFilterContextCustomizer@58f39564, org.springframework.boot.test.json.DuplicateJsonObjectContextCustomizerFactory$DuplicateJsonObjectContextCustomizer@77a074b4, org.springframework.boot.test.mock.mockito.MockitoContextCustomizer@0, org.springframework.boot.test.autoconfigure.OverrideAutoConfigurationContextCustomizerFactory$DisableAutoConfigurationContextCustomizer@1d805aa1, org.springframework.boot.test.autoconfigure.actuate.observability.ObservabilityContextCustomizerFactory$DisableObservabilityContextCustomizer@1f, org.springframework.boot.test.autoconfigure.filter.TypeExcludeFiltersContextCustomizer@1d156993, org.springframework.boot.test.autoconfigure.properties.PropertyMappingContextCustomizer@aa505725, org.springframework.boot.test.autoconfigure.web.servlet.WebDriverContextCustomizer@429f7919, org.springframework.boot.test.context.SpringBootTestAnnotation@e29c2804], contextLoader = org.springframework.boot.test.context.SpringBootContextLoader, parent = null]
	at org.springframework.test.context.cache.DefaultCacheAwareContextLoaderDelegate.loadContext(DefaultCacheAwareContextLoaderDelegate.java:145)
	at org.springframework.test.context.support.DefaultTestContext.getApplicationContext(DefaultTestContext.java:130)
	at org.springframework.boot.test.autoconfigure.web.servlet.MockMvcPrintOnlyOnFailureTestExecutionListener.afterTestMethod(MockMvcPrintOnlyOnFailureTestExecutionListener.java:39)
	at org.springframework.test.context.TestContextManager.afterTestMethod(TestContextManager.java:487)
	at org.springframework.test.context.testng.AbstractTestNGSpringContextTests.springTestContextAfterTestMethod(AbstractTestNGSpringContextTests.java:183)
	at java.base/jdk.internal.reflect.DirectMethodHandleAccessor.invoke(DirectMethodHandleAccessor.java:103)
	at java.base/java.lang.reflect.Method.invoke(Method.java:580)
	at org.testng.internal.MethodInvocationHelper.invokeMethod(MethodInvocationHelper.java:134)
	at org.testng.internal.MethodInvocationHelper.invokeMethodConsideringTimeout(MethodInvocationHelper.java:63)
	at org.testng.internal.ConfigInvoker.invokeConfigurationMethod(ConfigInvoker.java:348)
	at org.testng.internal.ConfigInvoker.invokeConfigurations(ConfigInvoker.java:302)
	at org.testng.internal.TestInvoker.runConfigMethods(TestInvoker.java:695)
	at org.testng.internal.TestInvoker.runAfterGroupsConfigurations(TestInvoker.java:671)
	at org.testng.internal.TestInvoker.invokeMethod(TestInvoker.java:543)
	at org.testng.internal.TestInvoker.invokeTestMethod(TestInvoker.java:173)
	at org.testng.internal.MethodRunner.runInSequence(MethodRunner.java:46)
	at org.testng.internal.TestInvoker$MethodInvocationAgent.invoke(TestInvoker.java:816)
	at org.testng.internal.TestInvoker.invokeTestMethods(TestInvoker.java:146)
	at org.testng.internal.TestMethodWorker.invokeTestMethods(TestMethodWorker.java:146)
	at org.testng.internal.TestMethodWorker.run(TestMethodWorker.java:128)
	at java.base/java.util.ArrayList.forEach(ArrayList.java:1596)
	at org.testng.TestRunner.privateRun(TestRunner.java:766)
	at org.testng.TestRunner.run(TestRunner.java:587)
	at org.testng.SuiteRunner.runTest(SuiteRunner.java:384)
	at org.testng.SuiteRunner.runSequentially(SuiteRunner.java:378)
	at org.testng.SuiteRunner.privateRun(SuiteRunner.java:337)
	at org.testng.SuiteRunner.run(SuiteRunner.java:286)
	at org.testng.SuiteRunnerWorker.runSuite(SuiteRunnerWorker.java:53)
	at org.testng.SuiteRunnerWorker.run(SuiteRunnerWorker.java:96)
	at org.testng.TestNG.runSuitesSequentially(TestNG.java:1187)
	at org.testng.TestNG.runSuitesLocally(TestNG.java:1109)
	at org.testng.TestNG.runSuites(TestNG.java:1039)
	at org.testng.TestNG.run(TestNG.java:1007)
	at com.intellij.rt.testng.IDEARemoteTestNG.run(IDEARemoteTestNG.java:65)
	at com.intellij.rt.testng.RemoteTestNGStarter.main(RemoteTestNGStarter.java:105)
2025-07-14 14:54:05.227 [main] WARN  o.springframework.test.context.TestContextManager - Caught exception while invoking 'afterTestMethod' callback on TestExecutionListener [org.springframework.boot.test.autoconfigure.web.client.MockRestServiceServerResetTestExecutionListener] for test method [public void com.bgpay.bgai.controller.ReactiveYamlDataDrivenApiTest.testChatApi(java.util.Map)] and test instance [com.bgpay.bgai.controller.ReactiveYamlDataDrivenApiTest@6d099323]
java.lang.IllegalStateException: ApplicationContext failure threshold (1) exceeded: skipping repeated attempt to load context for [ReactiveWebMergedContextConfiguration@338b9bbf testClass = com.bgpay.bgai.controller.ReactiveYamlDataDrivenApiTest, locations = [], classes = [com.bgpay.bgai.BgaiApplication], contextInitializerClasses = [], activeProfiles = [], propertySourceDescriptors = [PropertySourceDescriptor[locations=[classpath:application-test.yml], ignoreResourceNotFound=false, name=null, propertySourceFactory=null, encoding=null]], propertySourceProperties = ["org.springframework.boot.test.autoconfigure.web.reactive.WebFluxTestContextBootstrapper=true"], contextCustomizers = [[ImportsContextCustomizer@77b7cc64 key = [com.bgpay.bgai.config.UsageInfoServiceMockConfig, com.bgpay.bgai.config.ApiKeyServiceMockConfig, org.springframework.boot.autoconfigure.security.reactive.ReactiveUserDetailsServiceAutoConfiguration, com.bgpay.bgai.config.MockEnvironmentConfig, org.springframework.boot.autoconfigure.context.MessageSourceAutoConfiguration, com.bgpay.bgai.config.ElasticsearchAutoConfigurationDisabler, org.springframework.boot.autoconfigure.security.oauth2.resource.reactive.ReactiveOAuth2ResourceServerAutoConfiguration, com.bgpay.bgai.config.PriceVersionServiceImplMockConfig, com.bgpay.bgai.config.MockListenerContainerConfig, com.bgpay.bgai.config.GatewayAutoConfigurationDisabler, com.bgpay.bgai.config.LoadBalancerTestConfig, com.bgpay.bgai.config.ChoicesMapperMockConfig, com.bgpay.bgai.config.RocketMQTestConfig, com.bgpay.bgai.config.WebClientBeanExclusionConfig, com.bgpay.bgai.config.CircuitBreakerTestConfig, com.bgpay.bgai.config.MockWebClientConfig, com.bgpay.bgai.config.ServiceDiscoveryMockConfig, com.bgpay.bgai.config.TestComponentScanFilterRegistrar, com.bgpay.bgai.config.WebClientTestOverrideConfig, com.bgpay.bgai.config.ElasticsearchMockConfig, com.bgpay.bgai.config.WebClientBuilderUnifier, org.springframework.boot.autoconfigure.jsonb.JsonbAutoConfiguration, com.bgpay.bgai.config.ChatCompletionsServiceImplMockConfig, org.springframework.boot.autoconfigure.web.reactive.WebFluxAutoConfiguration, com.bgpay.bgai.config.ApiConfigServiceMockConfig, org.springframework.boot.autoconfigure.http.codec.CodecsAutoConfiguration, com.bgpay.bgai.config.DeepSeekWebClientMockConfig, org.springframework.boot.autoconfigure.mustache.MustacheAutoConfiguration, com.bgpay.bgai.config.ExcludeMainWebClientConfig, com.bgpay.bgai.config.WebClientAutoConfigurationDisabler, com.bgpay.bgai.config.ReactiveWebMockConfig, org.springframework.boot.autoconfigure.cache.CacheAutoConfiguration, org.springframework.boot.autoconfigure.validation.ValidationAutoConfiguration, com.bgpay.bgai.config.TestWebFluxConfig, org.springframework.boot.autoconfigure.jackson.JacksonAutoConfiguration, com.bgpay.bgai.config.CircuitBreakerAutoConfigurationDisabler, org.springframework.boot.test.autoconfigure.web.reactive.WebTestClientAutoConfiguration, com.bgpay.bgai.config.UserServiceMockConfig, com.bgpay.bgai.config.MyBatisMockConfig, com.bgpay.bgai.config.BGAIServiceMockConfig, com.bgpay.bgai.config.ApplicationTestConfig, com.bgpay.bgai.config.PriceConfigServiceImplMockConfig, com.bgpay.bgai.config.CloudDiscoveryAutoConfigurationDisabler, com.bgpay.bgai.config.MockGatewayRouteConfig, com.bgpay.bgai.config.ChoicesServiceImplMockConfig, org.springframework.boot.autoconfigure.security.oauth2.client.reactive.ReactiveOAuth2ClientAutoConfiguration, com.bgpay.bgai.config.TestApplicationEnvironmentConfig, org.springframework.boot.autoconfigure.security.reactive.ReactiveSecurityAutoConfiguration, org.springframework.boot.autoconfigure.web.reactive.error.ErrorWebFluxAutoConfiguration, com.bgpay.bgai.config.WebClientConfigMock, com.bgpay.bgai.config.MockExtConsumerResetConfig, com.bgpay.bgai.config.ChatCompletionsMapperMockConfig, com.bgpay.bgai.config.DeepSeekServiceMockConfig, com.bgpay.bgai.config.ReactiveChatControllerMockConfig, org.springframework.boot.autoconfigure.thymeleaf.ThymeleafAutoConfiguration, com.bgpay.bgai.config.ReactiveLoadBalancerConfig, org.springframework.boot.autoconfigure.gson.GsonAutoConfiguration, com.bgpay.bgai.config.ValidationAutoConfigurationDisabler, org.springframework.boot.autoconfigure.freemarker.FreeMarkerAutoConfiguration, com.bgpay.bgai.config.AllMappersMockConfig, com.bgpay.bgai.config.LoadBalancerAutoConfigurationDisabler, com.bgpay.bgai.config.SpringTestConfig]], org.springframework.boot.test.context.filter.ExcludeFilterContextCustomizer@58f39564, org.springframework.boot.test.json.DuplicateJsonObjectContextCustomizerFactory$DuplicateJsonObjectContextCustomizer@77a074b4, org.springframework.boot.test.mock.mockito.MockitoContextCustomizer@0, org.springframework.boot.test.autoconfigure.OverrideAutoConfigurationContextCustomizerFactory$DisableAutoConfigurationContextCustomizer@1d805aa1, org.springframework.boot.test.autoconfigure.actuate.observability.ObservabilityContextCustomizerFactory$DisableObservabilityContextCustomizer@1f, org.springframework.boot.test.autoconfigure.filter.TypeExcludeFiltersContextCustomizer@1d156993, org.springframework.boot.test.autoconfigure.properties.PropertyMappingContextCustomizer@aa505725, org.springframework.boot.test.autoconfigure.web.servlet.WebDriverContextCustomizer@429f7919, org.springframework.boot.test.context.SpringBootTestAnnotation@e29c2804], contextLoader = org.springframework.boot.test.context.SpringBootContextLoader, parent = null]
	at org.springframework.test.context.cache.DefaultCacheAwareContextLoaderDelegate.loadContext(DefaultCacheAwareContextLoaderDelegate.java:145)
	at org.springframework.test.context.support.DefaultTestContext.getApplicationContext(DefaultTestContext.java:130)
	at org.springframework.boot.test.autoconfigure.web.client.MockRestServiceServerResetTestExecutionListener.afterTestMethod(MockRestServiceServerResetTestExecutionListener.java:40)
	at org.springframework.test.context.TestContextManager.afterTestMethod(TestContextManager.java:487)
	at org.springframework.test.context.testng.AbstractTestNGSpringContextTests.springTestContextAfterTestMethod(AbstractTestNGSpringContextTests.java:183)
	at java.base/jdk.internal.reflect.DirectMethodHandleAccessor.invoke(DirectMethodHandleAccessor.java:103)
	at java.base/java.lang.reflect.Method.invoke(Method.java:580)
	at org.testng.internal.MethodInvocationHelper.invokeMethod(MethodInvocationHelper.java:134)
	at org.testng.internal.MethodInvocationHelper.invokeMethodConsideringTimeout(MethodInvocationHelper.java:63)
	at org.testng.internal.ConfigInvoker.invokeConfigurationMethod(ConfigInvoker.java:348)
	at org.testng.internal.ConfigInvoker.invokeConfigurations(ConfigInvoker.java:302)
	at org.testng.internal.TestInvoker.runConfigMethods(TestInvoker.java:695)
	at org.testng.internal.TestInvoker.runAfterGroupsConfigurations(TestInvoker.java:671)
	at org.testng.internal.TestInvoker.invokeMethod(TestInvoker.java:543)
	at org.testng.internal.TestInvoker.invokeTestMethod(TestInvoker.java:173)
	at org.testng.internal.MethodRunner.runInSequence(MethodRunner.java:46)
	at org.testng.internal.TestInvoker$MethodInvocationAgent.invoke(TestInvoker.java:816)
	at org.testng.internal.TestInvoker.invokeTestMethods(TestInvoker.java:146)
	at org.testng.internal.TestMethodWorker.invokeTestMethods(TestMethodWorker.java:146)
	at org.testng.internal.TestMethodWorker.run(TestMethodWorker.java:128)
	at java.base/java.util.ArrayList.forEach(ArrayList.java:1596)
	at org.testng.TestRunner.privateRun(TestRunner.java:766)
	at org.testng.TestRunner.run(TestRunner.java:587)
	at org.testng.SuiteRunner.runTest(SuiteRunner.java:384)
	at org.testng.SuiteRunner.runSequentially(SuiteRunner.java:378)
	at org.testng.SuiteRunner.privateRun(SuiteRunner.java:337)
	at org.testng.SuiteRunner.run(SuiteRunner.java:286)
	at org.testng.SuiteRunnerWorker.runSuite(SuiteRunnerWorker.java:53)
	at org.testng.SuiteRunnerWorker.run(SuiteRunnerWorker.java:96)
	at org.testng.TestNG.runSuitesSequentially(TestNG.java:1187)
	at org.testng.TestNG.runSuitesLocally(TestNG.java:1109)
	at org.testng.TestNG.runSuites(TestNG.java:1039)
	at org.testng.TestNG.run(TestNG.java:1007)
	at com.intellij.rt.testng.IDEARemoteTestNG.run(IDEARemoteTestNG.java:65)
	at com.intellij.rt.testng.RemoteTestNGStarter.main(RemoteTestNGStarter.java:105)
2025-07-14 14:54:05.228 [main] WARN  o.springframework.test.context.TestContextManager - Caught exception while invoking 'afterTestMethod' callback on TestExecutionListener [org.springframework.boot.test.mock.mockito.ResetMocksTestExecutionListener] for test method [public void com.bgpay.bgai.controller.ReactiveYamlDataDrivenApiTest.testChatApi(java.util.Map)] and test instance [com.bgpay.bgai.controller.ReactiveYamlDataDrivenApiTest@6d099323]
java.lang.IllegalStateException: ApplicationContext failure threshold (1) exceeded: skipping repeated attempt to load context for [ReactiveWebMergedContextConfiguration@338b9bbf testClass = com.bgpay.bgai.controller.ReactiveYamlDataDrivenApiTest, locations = [], classes = [com.bgpay.bgai.BgaiApplication], contextInitializerClasses = [], activeProfiles = [], propertySourceDescriptors = [PropertySourceDescriptor[locations=[classpath:application-test.yml], ignoreResourceNotFound=false, name=null, propertySourceFactory=null, encoding=null]], propertySourceProperties = ["org.springframework.boot.test.autoconfigure.web.reactive.WebFluxTestContextBootstrapper=true"], contextCustomizers = [[ImportsContextCustomizer@77b7cc64 key = [com.bgpay.bgai.config.UsageInfoServiceMockConfig, com.bgpay.bgai.config.ApiKeyServiceMockConfig, org.springframework.boot.autoconfigure.security.reactive.ReactiveUserDetailsServiceAutoConfiguration, com.bgpay.bgai.config.MockEnvironmentConfig, org.springframework.boot.autoconfigure.context.MessageSourceAutoConfiguration, com.bgpay.bgai.config.ElasticsearchAutoConfigurationDisabler, org.springframework.boot.autoconfigure.security.oauth2.resource.reactive.ReactiveOAuth2ResourceServerAutoConfiguration, com.bgpay.bgai.config.PriceVersionServiceImplMockConfig, com.bgpay.bgai.config.MockListenerContainerConfig, com.bgpay.bgai.config.GatewayAutoConfigurationDisabler, com.bgpay.bgai.config.LoadBalancerTestConfig, com.bgpay.bgai.config.ChoicesMapperMockConfig, com.bgpay.bgai.config.RocketMQTestConfig, com.bgpay.bgai.config.WebClientBeanExclusionConfig, com.bgpay.bgai.config.CircuitBreakerTestConfig, com.bgpay.bgai.config.MockWebClientConfig, com.bgpay.bgai.config.ServiceDiscoveryMockConfig, com.bgpay.bgai.config.TestComponentScanFilterRegistrar, com.bgpay.bgai.config.WebClientTestOverrideConfig, com.bgpay.bgai.config.ElasticsearchMockConfig, com.bgpay.bgai.config.WebClientBuilderUnifier, org.springframework.boot.autoconfigure.jsonb.JsonbAutoConfiguration, com.bgpay.bgai.config.ChatCompletionsServiceImplMockConfig, org.springframework.boot.autoconfigure.web.reactive.WebFluxAutoConfiguration, com.bgpay.bgai.config.ApiConfigServiceMockConfig, org.springframework.boot.autoconfigure.http.codec.CodecsAutoConfiguration, com.bgpay.bgai.config.DeepSeekWebClientMockConfig, org.springframework.boot.autoconfigure.mustache.MustacheAutoConfiguration, com.bgpay.bgai.config.ExcludeMainWebClientConfig, com.bgpay.bgai.config.WebClientAutoConfigurationDisabler, com.bgpay.bgai.config.ReactiveWebMockConfig, org.springframework.boot.autoconfigure.cache.CacheAutoConfiguration, org.springframework.boot.autoconfigure.validation.ValidationAutoConfiguration, com.bgpay.bgai.config.TestWebFluxConfig, org.springframework.boot.autoconfigure.jackson.JacksonAutoConfiguration, com.bgpay.bgai.config.CircuitBreakerAutoConfigurationDisabler, org.springframework.boot.test.autoconfigure.web.reactive.WebTestClientAutoConfiguration, com.bgpay.bgai.config.UserServiceMockConfig, com.bgpay.bgai.config.MyBatisMockConfig, com.bgpay.bgai.config.BGAIServiceMockConfig, com.bgpay.bgai.config.ApplicationTestConfig, com.bgpay.bgai.config.PriceConfigServiceImplMockConfig, com.bgpay.bgai.config.CloudDiscoveryAutoConfigurationDisabler, com.bgpay.bgai.config.MockGatewayRouteConfig, com.bgpay.bgai.config.ChoicesServiceImplMockConfig, org.springframework.boot.autoconfigure.security.oauth2.client.reactive.ReactiveOAuth2ClientAutoConfiguration, com.bgpay.bgai.config.TestApplicationEnvironmentConfig, org.springframework.boot.autoconfigure.security.reactive.ReactiveSecurityAutoConfiguration, org.springframework.boot.autoconfigure.web.reactive.error.ErrorWebFluxAutoConfiguration, com.bgpay.bgai.config.WebClientConfigMock, com.bgpay.bgai.config.MockExtConsumerResetConfig, com.bgpay.bgai.config.ChatCompletionsMapperMockConfig, com.bgpay.bgai.config.DeepSeekServiceMockConfig, com.bgpay.bgai.config.ReactiveChatControllerMockConfig, org.springframework.boot.autoconfigure.thymeleaf.ThymeleafAutoConfiguration, com.bgpay.bgai.config.ReactiveLoadBalancerConfig, org.springframework.boot.autoconfigure.gson.GsonAutoConfiguration, com.bgpay.bgai.config.ValidationAutoConfigurationDisabler, org.springframework.boot.autoconfigure.freemarker.FreeMarkerAutoConfiguration, com.bgpay.bgai.config.AllMappersMockConfig, com.bgpay.bgai.config.LoadBalancerAutoConfigurationDisabler, com.bgpay.bgai.config.SpringTestConfig]], org.springframework.boot.test.context.filter.ExcludeFilterContextCustomizer@58f39564, org.springframework.boot.test.json.DuplicateJsonObjectContextCustomizerFactory$DuplicateJsonObjectContextCustomizer@77a074b4, org.springframework.boot.test.mock.mockito.MockitoContextCustomizer@0, org.springframework.boot.test.autoconfigure.OverrideAutoConfigurationContextCustomizerFactory$DisableAutoConfigurationContextCustomizer@1d805aa1, org.springframework.boot.test.autoconfigure.actuate.observability.ObservabilityContextCustomizerFactory$DisableObservabilityContextCustomizer@1f, org.springframework.boot.test.autoconfigure.filter.TypeExcludeFiltersContextCustomizer@1d156993, org.springframework.boot.test.autoconfigure.properties.PropertyMappingContextCustomizer@aa505725, org.springframework.boot.test.autoconfigure.web.servlet.WebDriverContextCustomizer@429f7919, org.springframework.boot.test.context.SpringBootTestAnnotation@e29c2804], contextLoader = org.springframework.boot.test.context.SpringBootContextLoader, parent = null]
	at org.springframework.test.context.cache.DefaultCacheAwareContextLoaderDelegate.loadContext(DefaultCacheAwareContextLoaderDelegate.java:145)
	at org.springframework.test.context.support.DefaultTestContext.getApplicationContext(DefaultTestContext.java:130)
	at org.springframework.boot.test.mock.mockito.ResetMocksTestExecutionListener.afterTestMethod(ResetMocksTestExecutionListener.java:67)
	at org.springframework.test.context.TestContextManager.afterTestMethod(TestContextManager.java:487)
	at org.springframework.test.context.testng.AbstractTestNGSpringContextTests.springTestContextAfterTestMethod(AbstractTestNGSpringContextTests.java:183)
	at java.base/jdk.internal.reflect.DirectMethodHandleAccessor.invoke(DirectMethodHandleAccessor.java:103)
	at java.base/java.lang.reflect.Method.invoke(Method.java:580)
	at org.testng.internal.MethodInvocationHelper.invokeMethod(MethodInvocationHelper.java:134)
	at org.testng.internal.MethodInvocationHelper.invokeMethodConsideringTimeout(MethodInvocationHelper.java:63)
	at org.testng.internal.ConfigInvoker.invokeConfigurationMethod(ConfigInvoker.java:348)
	at org.testng.internal.ConfigInvoker.invokeConfigurations(ConfigInvoker.java:302)
	at org.testng.internal.TestInvoker.runConfigMethods(TestInvoker.java:695)
	at org.testng.internal.TestInvoker.runAfterGroupsConfigurations(TestInvoker.java:671)
	at org.testng.internal.TestInvoker.invokeMethod(TestInvoker.java:543)
	at org.testng.internal.TestInvoker.invokeTestMethod(TestInvoker.java:173)
	at org.testng.internal.MethodRunner.runInSequence(MethodRunner.java:46)
	at org.testng.internal.TestInvoker$MethodInvocationAgent.invoke(TestInvoker.java:816)
	at org.testng.internal.TestInvoker.invokeTestMethods(TestInvoker.java:146)
	at org.testng.internal.TestMethodWorker.invokeTestMethods(TestMethodWorker.java:146)
	at org.testng.internal.TestMethodWorker.run(TestMethodWorker.java:128)
	at java.base/java.util.ArrayList.forEach(ArrayList.java:1596)
	at org.testng.TestRunner.privateRun(TestRunner.java:766)
	at org.testng.TestRunner.run(TestRunner.java:587)
	at org.testng.SuiteRunner.runTest(SuiteRunner.java:384)
	at org.testng.SuiteRunner.runSequentially(SuiteRunner.java:378)
	at org.testng.SuiteRunner.privateRun(SuiteRunner.java:337)
	at org.testng.SuiteRunner.run(SuiteRunner.java:286)
	at org.testng.SuiteRunnerWorker.runSuite(SuiteRunnerWorker.java:53)
	at org.testng.SuiteRunnerWorker.run(SuiteRunnerWorker.java:96)
	at org.testng.TestNG.runSuitesSequentially(TestNG.java:1187)
	at org.testng.TestNG.runSuitesLocally(TestNG.java:1109)
	at org.testng.TestNG.runSuites(TestNG.java:1039)
	at org.testng.TestNG.run(TestNG.java:1007)
	at com.intellij.rt.testng.IDEARemoteTestNG.run(IDEARemoteTestNG.java:65)
	at com.intellij.rt.testng.RemoteTestNGStarter.main(RemoteTestNGStarter.java:105)
2025-07-14 14:54:05.254 [Thread-7] WARN  com.alibaba.nacos.common.notify.NotifyCenter - [NotifyCenter] Start destroying Publisher
2025-07-14 14:54:05.254 [Thread-1] WARN  c.alibaba.nacos.common.http.HttpClientBeanHolder - [HttpClientBeanHolder] Start destroying common HttpClient
2025-07-14 14:54:05.254 [Thread-7] WARN  com.alibaba.nacos.common.notify.NotifyCenter - [NotifyCenter] Destruction of the end
2025-07-14 14:54:05.255 [Thread-1] WARN  c.alibaba.nacos.common.http.HttpClientBeanHolder - [HttpClientBeanHolder] Destruction of the end
