2025-06-08 23:08:23.328 [main] WARN  com.alibaba.nacos.client.logging.NacosLogging - Load Logback Configuration of Nacos fail, message: Could not initialize Logback Nacos logging from classpath:nacos-logback.xml
2025-06-08 23:08:23.330 [main] INFO  com.bgpay.bgai.BgaiApplication - The following 1 profile is active: "dev"
2025-06-08 23:08:24.409 [main] INFO  o.s.d.r.config.RepositoryConfigurationDelegate - Multiple Spring Data modules found, entering strict repository configuration mode
2025-06-08 23:08:24.410 [main] INFO  o.s.d.r.config.RepositoryConfigurationDelegate - Bootstrapping Spring Data Elasticsearch repositories in DEFAULT mode.
2025-06-08 23:08:24.795 [main] INFO  o.s.d.r.config.RepositoryConfigurationDelegate - Finished Spring Data repository scanning in 380 ms. Found 1 Elasticsearch repository interfaces.
2025-06-08 23:08:25.554 [main] INFO  o.s.d.r.config.RepositoryConfigurationDelegate - Multiple Spring Data modules found, entering strict repository configuration mode
2025-06-08 23:08:25.555 [main] INFO  o.s.d.r.config.RepositoryConfigurationDelegate - Bootstrapping Spring Data Reactive Elasticsearch repositories in DEFAULT mode.
2025-06-08 23:08:25.576 [main] INFO  o.s.d.r.config.RepositoryConfigurationDelegate - Finished Spring Data repository scanning in 20 ms. Found 0 Reactive Elasticsearch repository interfaces.
2025-06-08 23:08:25.585 [main] INFO  o.s.d.r.config.RepositoryConfigurationDelegate - Multiple Spring Data modules found, entering strict repository configuration mode
2025-06-08 23:08:25.586 [main] INFO  o.s.d.r.config.RepositoryConfigurationDelegate - Bootstrapping Spring Data JPA repositories in DEFAULT mode.
2025-06-08 23:08:25.598 [main] INFO  o.s.d.r.c.RepositoryConfigurationExtensionSupport - Spring Data JPA - Could not safely identify store assignment for repository candidate interface com.bgpay.bgai.repository.es.ChatRecordRepository; If you want this repository to be a JPA repository, consider annotating your entities with one of these annotations: jakarta.persistence.Entity, jakarta.persistence.MappedSuperclass (preferred), or consider extending one of the following types with your repository: org.springframework.data.jpa.repository.JpaRepository
2025-06-08 23:08:25.598 [main] INFO  o.s.d.r.config.RepositoryConfigurationDelegate - Finished Spring Data repository scanning in 8 ms. Found 0 JPA repository interfaces.
2025-06-08 23:08:25.613 [main] INFO  o.s.d.r.config.RepositoryConfigurationDelegate - Multiple Spring Data modules found, entering strict repository configuration mode
2025-06-08 23:08:25.614 [main] INFO  o.s.d.r.config.RepositoryConfigurationDelegate - Bootstrapping Spring Data Redis repositories in DEFAULT mode.
2025-06-08 23:08:25.629 [main] INFO  o.s.d.r.c.RepositoryConfigurationExtensionSupport - Spring Data Redis - Could not safely identify store assignment for repository candidate interface com.bgpay.bgai.repository.es.ChatRecordRepository; If you want this repository to be a Redis repository, consider annotating your entities with one of these annotations: org.springframework.data.redis.core.RedisHash (preferred), or consider extending one of the following types with your repository: org.springframework.data.keyvalue.repository.KeyValueRepository
2025-06-08 23:08:25.630 [main] INFO  o.s.d.r.config.RepositoryConfigurationDelegate - Finished Spring Data repository scanning in 6 ms. Found 0 Redis repository interfaces.
2025-06-08 23:08:26.349 [main] INFO  io.seata.config.ConfigurationFactory - load Configuration from :Spring Configuration
2025-06-08 23:08:26.360 [main] INFO  io.seata.config.ConfigurationFactory - load Configuration from :Spring Configuration
2025-06-08 23:08:26.368 [main] INFO  i.seata.spring.annotation.GlobalTransactionScanner - Initializing Global Transaction Clients ... 
2025-06-08 23:08:26.513 [main] INFO  io.seata.core.rpc.netty.NettyClientBootstrap - NettyClientBootstrap has started
2025-06-08 23:08:26.514 [main] INFO  io.seata.discovery.registry.RegistryFactory - use registry center type: file
2025-06-08 23:08:26.524 [main] INFO  io.seata.core.rpc.netty.NettyClientChannelManager - will connect to 8.133.246.113:8091
2025-06-08 23:08:26.528 [main] INFO  io.seata.core.rpc.netty.NettyPoolableFactory - NettyPool create channel to transactionRole:TMROLE,address:8.133.246.113:8091,msg:< RegisterTMRequest{version='1.7.0', applicationId='bgai', transactionServiceGroup='default-tx-group', extraData='ak=null
digest=default-tx-group,192.168.86.8,1749395306527
timestamp=1749395306527
authVersion=V4
vgroup=default-tx-group
ip=192.168.86.8
'} >
2025-06-08 23:08:26.989 [main] INFO  io.seata.core.rpc.netty.TmNettyRemotingClient - register TM success. client version:1.7.0, server version:1.8.1-SNAPSHOT,channel:[id: 0xdcd9077c, L:/192.168.86.8:52755 - R:/8.133.246.113:8091]
2025-06-08 23:08:26.996 [main] INFO  io.seata.core.rpc.netty.NettyPoolableFactory - register success, cost 357 ms, version:1.8.1-SNAPSHOT,role:TMROLE,channel:[id: 0xdcd9077c, L:/192.168.86.8:52755 - R:/8.133.246.113:8091]
2025-06-08 23:08:26.996 [main] INFO  i.seata.spring.annotation.GlobalTransactionScanner - Transaction Manager Client is initialized. applicationId[bgai] txServiceGroup[default-tx-group]
2025-06-08 23:08:27.012 [main] INFO  io.seata.rm.datasource.AsyncWorker - Async Commit Buffer Limit: 10000
2025-06-08 23:08:27.012 [main] INFO  io.seata.rm.datasource.xa.ResourceManagerXA - ResourceManagerXA init ...
2025-06-08 23:08:27.021 [main] INFO  io.seata.core.rpc.netty.NettyClientBootstrap - NettyClientBootstrap has started
2025-06-08 23:08:27.021 [main] INFO  i.seata.spring.annotation.GlobalTransactionScanner - Resource Manager is initialized. applicationId[bgai] txServiceGroup[default-tx-group]
2025-06-08 23:08:27.021 [main] INFO  i.seata.spring.annotation.GlobalTransactionScanner - Global Transaction Clients are initialized. 
2025-06-08 23:08:28.087 [main] INFO  o.s.boot.web.embedded.tomcat.TomcatWebServer - Tomcat initialized with port(s): 8080 (http)
2025-06-08 23:08:28.099 [main] INFO  org.apache.coyote.http11.Http11NioProtocol - The ["http-nio-8080"] connector has been configured to support HTTP upgrade to [h2c]
2025-06-08 23:08:28.099 [main] INFO  org.apache.coyote.http11.Http11NioProtocol - Initializing ProtocolHandler ["http-nio-8080"]
2025-06-08 23:08:28.102 [main] INFO  org.apache.catalina.core.StandardService - Starting service [Tomcat]
2025-06-08 23:08:28.102 [main] INFO  org.apache.catalina.core.StandardEngine - Starting Servlet engine: [Apache Tomcat/10.1.15]
2025-06-08 23:08:28.564 [main] INFO  com.alibaba.druid.pool.DruidDataSource - {dataSource-1} inited
2025-06-08 23:08:28.838 [main] INFO  io.seata.core.rpc.netty.NettyClientChannelManager - will connect to 8.133.246.113:8091
2025-06-08 23:08:28.838 [main] INFO  io.seata.core.rpc.netty.RmNettyRemotingClient - RM will register :jdbc:mysql://8.133.246.113:3306/deepseek
2025-06-08 23:08:28.839 [main] INFO  io.seata.core.rpc.netty.NettyPoolableFactory - NettyPool create channel to transactionRole:RMROLE,address:8.133.246.113:8091,msg:< RegisterRMRequest{resourceIds='jdbc:mysql://8.133.246.113:3306/deepseek', version='1.7.0', applicationId='bgai', transactionServiceGroup='default-tx-group', extraData='null'} >
2025-06-08 23:08:28.863 [main] INFO  io.seata.core.rpc.netty.RmNettyRemotingClient - register RM success. client version:1.7.0, server version:1.8.1-SNAPSHOT,channel:[id: 0x22a32b3b, L:/192.168.86.8:52759 - R:/8.133.246.113:8091]
2025-06-08 23:08:28.863 [main] INFO  io.seata.core.rpc.netty.NettyPoolableFactory - register success, cost 16 ms, version:1.8.1-SNAPSHOT,role:RMROLE,channel:[id: 0x22a32b3b, L:/192.168.86.8:52759 - R:/8.133.246.113:8091]
2025-06-08 23:08:28.866 [main] INFO  i.s.s.a.datasource.SeataAutoDataSourceProxyCreator - Auto proxy data source 'masterDataSource' by 'AT' mode.
2025-06-08 23:08:28.943 [main] INFO  com.alibaba.druid.pool.DruidDataSource - {dataSource-2} inited
2025-06-08 23:08:29.046 [main] INFO  io.seata.core.rpc.netty.RmNettyRemotingClient - will register resourceId:jdbc:mysql://8.133.246.113:3306/deepseek
2025-06-08 23:08:29.047 [main] INFO  i.s.s.a.datasource.SeataAutoDataSourceProxyCreator - Auto proxy data source 'slaveDataSource' by 'AT' mode.
2025-06-08 23:08:29.061 [NettyClientSelector_RMROLE_1_1] INFO  io.seata.rm.AbstractRMHandler - the rm client received response msg [RegisterRMResponse{version='1.8.1-SNAPSHOT', extraData='null', identified=true, resultCode=null, msg='null'}] from tc server.
2025-06-08 23:08:29.076 [main] INFO  io.seata.core.rpc.netty.RmNettyRemotingClient - will register resourceId:jdbc:mysql://8.133.246.113:3306/deepseek
2025-06-08 23:08:29.077 [main] INFO  i.s.s.a.datasource.SeataAutoDataSourceProxyCreator - Auto proxy data source 'dynamicDataSource' by 'AT' mode.
2025-06-08 23:08:29.090 [NettyClientSelector_RMROLE_1_1] INFO  io.seata.rm.AbstractRMHandler - the rm client received response msg [RegisterRMResponse{version='1.8.1-SNAPSHOT', extraData='null', identified=true, resultCode=null, msg='null'}] from tc server.
2025-06-08 23:08:29.202 [main] INFO  org.hibernate.jpa.internal.util.LogHelper - HHH000204: Processing PersistenceUnitInfo [name: default]
2025-06-08 23:08:29.275 [main] INFO  org.hibernate.Version - HHH000412: Hibernate ORM core version 6.1.7.Final
2025-06-08 23:08:29.835 [main] INFO  SQL dialect - HHH000400: Using dialect: org.hibernate.dialect.MySQL8Dialect
2025-06-08 23:08:29.838 [main] WARN  org.hibernate.orm.deprecation - HHH90000026: MySQL8Dialect has been deprecated; use org.hibernate.dialect.MySQLDialect instead
2025-06-08 23:08:30.277 [main] INFO  o.h.e.t.jta.platform.internal.JtaPlatformInitiator - HHH000490: Using JtaPlatform implementation: [org.hibernate.engine.transaction.jta.platform.internal.NoJtaPlatform]
2025-06-08 23:08:30.292 [main] INFO  o.s.orm.jpa.LocalContainerEntityManagerFactoryBean - Initialized JPA EntityManagerFactory for persistence unit 'default'
2025-06-08 23:08:30.805 [main] DEBUG c.b.b.mapper.FileTypeMapper.selectActiveMimeTypes - ==>  Preparing: SELECT * FROM mime_type_config WHERE enabled = true
2025-06-08 23:08:30.816 [main] DEBUG c.b.b.mapper.FileTypeMapper.selectActiveMimeTypes - ==> Parameters: 
2025-06-08 23:08:30.852 [main] DEBUG c.b.b.mapper.FileTypeMapper.selectActiveMimeTypes - <==      Total: 52
2025-06-08 23:08:30.855 [main] DEBUG c.b.bgai.mapper.FileTypeMapper.selectAllowedTypes - ==>  Preparing: SELECT mime_type FROM allowed_file_type WHERE enabled = true
2025-06-08 23:08:30.855 [main] DEBUG c.b.bgai.mapper.FileTypeMapper.selectAllowedTypes - ==> Parameters: 
2025-06-08 23:08:30.870 [main] DEBUG c.b.bgai.mapper.FileTypeMapper.selectAllowedTypes - <==      Total: 52
2025-06-08 23:08:31.763 [main] INFO  com.bgpay.bgai.service.impl.UserServiceImpl - 初始化SSO配置: clientId=bgai-client-id, redirectUri=http://localhost:8080/api/auth/callback
2025-06-08 23:08:31.813 [main] INFO  com.bgpay.bgai.controller.AuthController - 初始化认证控制器: clientId=bgai-client-id, redirectUri=http://localhost:8080/api/auth/callback
2025-06-08 23:08:32.852 [main] INFO  org.redisson.Version - Redisson 3.24.3
2025-06-08 23:08:33.007 [redisson-netty-4-6] INFO  o.r.connection.pool.MasterPubSubConnectionPool - 1 connections initialized for 8.133.246.113/8.133.246.113:6379
2025-06-08 23:08:33.426 [redisson-netty-4-19] INFO  org.redisson.connection.pool.MasterConnectionPool - 24 connections initialized for 8.133.246.113/8.133.246.113:6379
2025-06-08 23:08:33.824 [main] INFO  com.bgpay.bgai.service.mq.RocketMQProducerService - RocketMQProducerService initialized with producer group: null
2025-06-08 23:08:34.331 [main] INFO  i.seata.spring.annotation.GlobalTransactionScanner - Bean [com.bgpay.bgai.service.deepseek.DeepSeekServiceImp$$SpringCGLIB$$0] with name [deepSeekServiceImp] would use interceptor [io.seata.spring.annotation.GlobalTransactionalInterceptor]
2025-06-08 23:08:34.729 [main] WARN  i.s.s.b.a.provider.SpringBootConfigurationProvider - The get method not found for the field 'SeataProperties#accesskey'.
2025-06-08 23:08:34.729 [main] WARN  i.s.s.b.a.provider.SpringBootConfigurationProvider - The get method not found for the field 'SeataProperties#secretkey'.
2025-06-08 23:08:34.734 [main] INFO  com.bgpay.bgai.seata.SagaStateMachineConfig - 加载到2个Saga状态机定义文件
2025-06-08 23:08:34.921 [main] INFO  com.bgpay.bgai.saga.CustomSagaJsonParser - 开始解析状态机定义: bgai-saga-transaction
2025-06-08 23:08:34.921 [main] INFO  com.bgpay.bgai.saga.CustomSagaJsonParser - 状态机定义解析成功: bgai-saga-transaction
2025-06-08 23:08:34.921 [main] INFO  com.bgpay.bgai.seata.SagaStateMachineConfig - 成功加载状态机定义: /E:/project/bgai/target/classes/statelang/bgai-saga-transaction.json
2025-06-08 23:08:34.925 [main] INFO  com.bgpay.bgai.saga.CustomSagaJsonParser - 开始解析状态机定义: ChatCompletionSaga
2025-06-08 23:08:34.925 [main] INFO  com.bgpay.bgai.saga.CustomSagaJsonParser - 状态机定义解析成功: ChatCompletionSaga
2025-06-08 23:08:34.926 [main] INFO  com.bgpay.bgai.seata.SagaStateMachineConfig - 成功加载状态机定义: /E:/project/bgai/target/classes/statelang/chat_completion_saga.json
2025-06-08 23:08:35.113 [main] INFO  com.bgpay.bgai.service.mq.MQConsumerService - MQ consumer startup successful [group=billing-consumer-group, topic=BILLING_TOPIC, tag=USER_BILLING]
2025-06-08 23:08:35.113 [main] INFO  c.bgpay.bgai.service.mq.RocketMQBillingServiceImpl - Billing consumer initialized successfully. Ready to process unconsumed messages.
2025-06-08 23:08:36.180 [main] INFO  io.seata.core.rpc.netty.RmNettyRemotingClient - will register resourceId:jdbc:mysql://8.133.246.113:3306/deepseek
2025-06-08 23:08:36.181 [main] INFO  io.seata.core.rpc.netty.RmNettyRemotingClient - will register resourceId:bgai:default
2025-06-08 23:08:36.182 [main] INFO  com.bgpay.bgai.seata.SeataResourceManagerListener - Resource registered: bgai:default
2025-06-08 23:08:36.182 [main] INFO  com.bgpay.bgai.seata.SeataResourceManagerListener - Seata Resource Manager registered successfully for application: bgai
2025-06-08 23:08:36.190 [NettyClientSelector_RMROLE_1_1] INFO  io.seata.rm.AbstractRMHandler - the rm client received response msg [RegisterRMResponse{version='1.8.1-SNAPSHOT', extraData='null', identified=true, resultCode=null, msg='null'}] from tc server.
2025-06-08 23:08:36.191 [NettyClientSelector_RMROLE_1_1] INFO  io.seata.rm.AbstractRMHandler - the rm client received response msg [RegisterRMResponse{version='1.8.1-SNAPSHOT', extraData='null', identified=true, resultCode=null, msg='null'}] from tc server.
2025-06-08 23:08:36.327 [main] INFO  i.seata.spring.annotation.GlobalTransactionScanner - Bean [com.bgpay.bgai.service.mq.BillingTransactionListenerImpl$$SpringCGLIB$$0] with name [billingTransactionListenerImpl] would use interceptor [io.seata.spring.annotation.GlobalTransactionalInterceptor]
2025-06-08 23:08:36.447 [main] INFO  o.a.r.s.autoconfigure.RocketMQAutoConfiguration - a producer (billing-producer-group) init on namesrv 8.133.246.113:9876
2025-06-08 23:08:36.479 [main] DEBUG com.bgpay.bgai.config.AsyncConfig$1 - Initializing ExecutorService 'blockingExecutor'
2025-06-08 23:08:36.535 [main] INFO  c.b.bgai.config.NacosConfig$NacosWarningHandler - Nacos警告处理器已启用，将忽略配置中心连接警告
2025-06-08 23:08:37.777 [main] INFO  o.s.c.gateway.route.RouteDefinitionRouteLocator - Loaded RoutePredicateFactory [After]
2025-06-08 23:08:37.777 [main] INFO  o.s.c.gateway.route.RouteDefinitionRouteLocator - Loaded RoutePredicateFactory [Before]
2025-06-08 23:08:37.777 [main] INFO  o.s.c.gateway.route.RouteDefinitionRouteLocator - Loaded RoutePredicateFactory [Between]
2025-06-08 23:08:37.777 [main] INFO  o.s.c.gateway.route.RouteDefinitionRouteLocator - Loaded RoutePredicateFactory [Cookie]
2025-06-08 23:08:37.777 [main] INFO  o.s.c.gateway.route.RouteDefinitionRouteLocator - Loaded RoutePredicateFactory [Header]
2025-06-08 23:08:37.777 [main] INFO  o.s.c.gateway.route.RouteDefinitionRouteLocator - Loaded RoutePredicateFactory [Host]
2025-06-08 23:08:37.777 [main] INFO  o.s.c.gateway.route.RouteDefinitionRouteLocator - Loaded RoutePredicateFactory [Method]
2025-06-08 23:08:37.777 [main] INFO  o.s.c.gateway.route.RouteDefinitionRouteLocator - Loaded RoutePredicateFactory [Path]
2025-06-08 23:08:37.777 [main] INFO  o.s.c.gateway.route.RouteDefinitionRouteLocator - Loaded RoutePredicateFactory [Query]
2025-06-08 23:08:37.778 [main] INFO  o.s.c.gateway.route.RouteDefinitionRouteLocator - Loaded RoutePredicateFactory [ReadBody]
2025-06-08 23:08:37.778 [main] INFO  o.s.c.gateway.route.RouteDefinitionRouteLocator - Loaded RoutePredicateFactory [RemoteAddr]
2025-06-08 23:08:37.778 [main] INFO  o.s.c.gateway.route.RouteDefinitionRouteLocator - Loaded RoutePredicateFactory [XForwardedRemoteAddr]
2025-06-08 23:08:37.778 [main] INFO  o.s.c.gateway.route.RouteDefinitionRouteLocator - Loaded RoutePredicateFactory [Weight]
2025-06-08 23:08:37.778 [main] INFO  o.s.c.gateway.route.RouteDefinitionRouteLocator - Loaded RoutePredicateFactory [CloudFoundryRouteService]
2025-06-08 23:08:39.399 [main] INFO  o.s.b.actuate.endpoint.web.EndpointLinksResolver - Exposing 3 endpoint(s) beneath base path '/actuator'
2025-06-08 23:08:41.440 [main] INFO  org.apache.coyote.http11.Http11NioProtocol - Starting ProtocolHandler ["http-nio-8080"]
2025-06-08 23:08:41.462 [main] INFO  o.s.boot.web.embedded.tomcat.TomcatWebServer - Tomcat started on port(s): 8080 (http) with context path ''
2025-06-08 23:08:41.481 [main] INFO  com.alibaba.nacos.client.naming - initializer namespace from ans.namespace attribute : null
2025-06-08 23:08:41.482 [main] INFO  com.alibaba.nacos.client.naming - initializer namespace from ALIBABA_ALIWARE_NAMESPACE attribute :null
2025-06-08 23:08:41.484 [main] INFO  com.alibaba.nacos.client.naming - initializer namespace from namespace attribute :null
2025-06-08 23:08:41.496 [main] INFO  c.a.n.p.auth.spi.client.ClientAuthPluginManager - [ClientAuthPluginManager] Load ClientAuthService com.alibaba.nacos.client.auth.impl.NacosClientAuthServiceImpl success.
2025-06-08 23:08:41.496 [main] INFO  c.a.n.p.auth.spi.client.ClientAuthPluginManager - [ClientAuthPluginManager] Load ClientAuthService com.alibaba.nacos.client.auth.ram.RamClientAuthServiceImpl success.
2025-06-08 23:08:41.503 [main] INFO  com.alibaba.nacos.common.remote.client - [RpcClientFactory] create a new rpc client of 53bdd7b3-ef86-4113-99d6-ea1bca3521b9
2025-06-08 23:08:41.505 [main] INFO  com.alibaba.nacos.common.remote.client - [53bdd7b3-ef86-4113-99d6-ea1bca3521b9] RpcClient init, ServerListFactory = com.alibaba.nacos.client.naming.core.ServerListManager
2025-06-08 23:08:41.505 [main] INFO  com.alibaba.nacos.common.remote.client - [53bdd7b3-ef86-4113-99d6-ea1bca3521b9] Registry connection listener to current client:com.alibaba.nacos.client.naming.remote.gprc.redo.NamingGrpcRedoService
2025-06-08 23:08:41.506 [main] INFO  com.alibaba.nacos.common.remote.client - [53bdd7b3-ef86-4113-99d6-ea1bca3521b9] Register server push request handler:com.alibaba.nacos.client.naming.remote.gprc.NamingPushRequestHandler
2025-06-08 23:08:41.506 [main] INFO  com.alibaba.nacos.common.remote.client - [53bdd7b3-ef86-4113-99d6-ea1bca3521b9] Try to connect to server on start up, server: {serverIp = '8.133.246.113', server main port = 8848}
2025-06-08 23:08:41.506 [main] INFO  c.a.nacos.common.remote.client.grpc.GrpcClient - grpc client connection server:8.133.246.113 ip,serverPort:9848,grpcTslConfig:{"sslProvider":"OPENSSL","enableTls":false,"mutualAuthEnable":false,"trustAll":false}
2025-06-08 23:08:41.637 [main] INFO  com.alibaba.nacos.common.remote.client - [53bdd7b3-ef86-4113-99d6-ea1bca3521b9] Success to connect to server [8.133.246.113:8848] on start up, connectionId = 1749395321542_139.227.195.166_39916
2025-06-08 23:08:41.637 [main] INFO  com.alibaba.nacos.common.remote.client - [53bdd7b3-ef86-4113-99d6-ea1bca3521b9] Register server push request handler:com.alibaba.nacos.common.remote.client.RpcClient$ConnectResetRequestHandler
2025-06-08 23:08:41.637 [com.alibaba.nacos.client.remote.worker] INFO  com.alibaba.nacos.common.remote.client - [53bdd7b3-ef86-4113-99d6-ea1bca3521b9] Notify connected event to listeners.
2025-06-08 23:08:41.637 [main] INFO  com.alibaba.nacos.common.remote.client - [53bdd7b3-ef86-4113-99d6-ea1bca3521b9] Register server push request handler:com.alibaba.nacos.common.remote.client.RpcClient$$Lambda/0x000001f1555a74a0
2025-06-08 23:08:41.637 [com.alibaba.nacos.client.remote.worker] INFO  com.alibaba.nacos.client.naming - Grpc connection connect
2025-06-08 23:08:41.639 [main] INFO  com.alibaba.nacos.client.naming - [REGISTER-SERVICE] d750d92e-152f-4055-a641-3bc9dda85a29 registering service bgai with instance Instance{instanceId='null', ip='192.168.86.8', port=8080, weight=1.0, healthy=true, enabled=true, ephemeral=true, clusterName='DEFAULT', serviceName='null', metadata={IPv6=[2408:820c:7528:d042:883f:4494:3393:c9e5], preserved.register.source=SPRING_CLOUD}}
2025-06-08 23:08:41.665 [main] INFO  c.a.cloud.nacos.registry.NacosServiceRegistry - nacos registry, DEFAULT_GROUP bgai 192.168.86.8:8080 register finished
2025-06-08 23:08:41.730 [main] INFO  com.bgpay.bgai.config.NacosConfig - 应用启动完成，当前环境: dev
2025-06-08 23:08:41.730 [main] INFO  com.bgpay.bgai.config.NacosConfig - Nacos配置中心: 8.133.246.113:8848, 命名空间: d750d92e-152f-4055-a641-3bc9dda85a29
2025-06-08 23:08:41.730 [main] INFO  com.bgpay.bgai.config.NacosConfig - 注意: 如果看到Nacos配置加载警告，但应用正常启动，说明应用正在使用本地配置文件
2025-06-08 23:08:41.732 [main] INFO  com.bgpay.bgai.BgaiApplication - Started BgaiApplication in 23.409 seconds (process running for 25.356)
2025-06-08 23:08:41.737 [scheduling-1] DEBUG c.b.b.mapper.FileTypeMapper.selectActiveMimeTypes - ==>  Preparing: SELECT * FROM mime_type_config WHERE enabled = true
2025-06-08 23:08:41.737 [scheduling-1] DEBUG c.b.b.mapper.FileTypeMapper.selectActiveMimeTypes - ==> Parameters: 
2025-06-08 23:08:41.749 [scheduling-1] DEBUG c.b.b.mapper.FileTypeMapper.selectActiveMimeTypes - <==      Total: 52
2025-06-08 23:08:41.749 [main] DEBUG c.b.b.mapper.FileTypeMapper.selectActiveMimeTypes - ==>  Preparing: SELECT * FROM mime_type_config WHERE enabled = true
2025-06-08 23:08:41.750 [main] DEBUG c.b.b.mapper.FileTypeMapper.selectActiveMimeTypes - ==> Parameters: 
2025-06-08 23:08:41.760 [main] DEBUG c.b.b.mapper.FileTypeMapper.selectActiveMimeTypes - <==      Total: 52
2025-06-08 23:08:41.760 [scheduling-1] DEBUG c.b.bgai.mapper.FileTypeMapper.selectAllowedTypes - ==>  Preparing: SELECT mime_type FROM allowed_file_type WHERE enabled = true
2025-06-08 23:08:41.761 [scheduling-1] DEBUG c.b.bgai.mapper.FileTypeMapper.selectAllowedTypes - ==> Parameters: 
2025-06-08 23:08:41.767 [scheduling-1] DEBUG c.b.bgai.mapper.FileTypeMapper.selectAllowedTypes - <==      Total: 52
2025-06-08 23:08:41.768 [main] DEBUG c.b.bgai.mapper.FileTypeMapper.selectAllowedTypes - ==>  Preparing: SELECT mime_type FROM allowed_file_type WHERE enabled = true
2025-06-08 23:08:41.768 [main] DEBUG c.b.bgai.mapper.FileTypeMapper.selectAllowedTypes - ==> Parameters: 
2025-06-08 23:08:41.774 [main] DEBUG c.b.bgai.mapper.FileTypeMapper.selectAllowedTypes - <==      Total: 52
2025-06-08 23:08:41.774 [main] INFO  com.bgpay.bgai.seata.SagaStateMachineConfig - ==================== Saga状态机加载报告 ====================
2025-06-08 23:08:41.774 [main] INFO  com.bgpay.bgai.seata.SagaStateMachineConfig - Saga状态机配置加载状态: 成功
2025-06-08 23:08:41.774 [main] INFO  com.bgpay.bgai.seata.SagaStateMachineConfig - 已加载的状态机定义文件数量: 2
2025-06-08 23:08:41.774 [main] INFO  com.bgpay.bgai.seata.SagaStateMachineConfig - 已加载的状态机定义文件:
2025-06-08 23:08:41.774 [main] INFO  com.bgpay.bgai.seata.SagaStateMachineConfig -  - /E:/project/bgai/target/classes/statelang/bgai-saga-transaction.json
2025-06-08 23:08:41.774 [main] INFO  com.bgpay.bgai.seata.SagaStateMachineConfig -  - /E:/project/bgai/target/classes/statelang/chat_completion_saga.json
2025-06-08 23:08:41.774 [main] INFO  com.bgpay.bgai.seata.SagaStateMachineConfig - Saga解析器状态: CUSTOM_FASTJSON2
2025-06-08 23:08:41.774 [main] INFO  com.bgpay.bgai.seata.SagaStateMachineConfig - 状态机解析结果: 成功 2 个, 失败 0 个
2025-06-08 23:08:41.774 [main] INFO  com.bgpay.bgai.seata.SagaStateMachineConfig - =============================================================
2025-06-08 23:08:41.779 [main] INFO  com.alibaba.nacos.client.config.impl.CacheData - nacos.cache.data.init.snapshot = true 
2025-06-08 23:08:41.779 [main] INFO  com.alibaba.nacos.client.config.impl.ClientWorker - [fixed-d750d92e-152f-4055-a641-3bc9dda85a29-8.133.246.113_8848] [subscribe] common-dev.yaml+DEFAULT_GROUP+d750d92e-152f-4055-a641-3bc9dda85a29
2025-06-08 23:08:41.790 [main] INFO  com.alibaba.nacos.client.config.impl.CacheData - [fixed-d750d92e-152f-4055-a641-3bc9dda85a29-8.133.246.113_8848] [add-listener] ok, tenant=d750d92e-152f-4055-a641-3bc9dda85a29, dataId=common-dev.yaml, group=DEFAULT_GROUP, cnt=1
2025-06-08 23:08:41.790 [main] INFO  c.a.cloud.nacos.refresh.NacosContextRefresher - [Nacos Config] Listening config: dataId=common-dev.yaml, group=DEFAULT_GROUP
2025-06-08 23:08:41.790 [main] INFO  com.alibaba.nacos.client.config.impl.ClientWorker - [fixed-d750d92e-152f-4055-a641-3bc9dda85a29-8.133.246.113_8848] [subscribe] bgtech-ai.yaml+DEFAULT_GROUP+d750d92e-152f-4055-a641-3bc9dda85a29
2025-06-08 23:08:41.790 [main] INFO  com.alibaba.nacos.client.config.impl.CacheData - [fixed-d750d92e-152f-4055-a641-3bc9dda85a29-8.133.246.113_8848] [add-listener] ok, tenant=d750d92e-152f-4055-a641-3bc9dda85a29, dataId=bgtech-ai.yaml, group=DEFAULT_GROUP, cnt=1
2025-06-08 23:08:41.790 [main] INFO  c.a.cloud.nacos.refresh.NacosContextRefresher - [Nacos Config] Listening config: dataId=bgtech-ai.yaml, group=DEFAULT_GROUP
2025-06-08 23:08:41.792 [main] INFO  com.alibaba.nacos.client.config.impl.ClientWorker - [fixed-d750d92e-152f-4055-a641-3bc9dda85a29-8.133.246.113_8848] [subscribe] bgtech-ai-dev.yaml+DEFAULT_GROUP+d750d92e-152f-4055-a641-3bc9dda85a29
2025-06-08 23:08:41.792 [main] INFO  com.alibaba.nacos.client.config.impl.CacheData - [fixed-d750d92e-152f-4055-a641-3bc9dda85a29-8.133.246.113_8848] [add-listener] ok, tenant=d750d92e-152f-4055-a641-3bc9dda85a29, dataId=bgtech-ai-dev.yaml, group=DEFAULT_GROUP, cnt=1
2025-06-08 23:08:41.792 [main] INFO  c.a.cloud.nacos.refresh.NacosContextRefresher - [Nacos Config] Listening config: dataId=bgtech-ai-dev.yaml, group=DEFAULT_GROUP
2025-06-08 23:08:41.793 [main] INFO  com.alibaba.nacos.client.config.impl.ClientWorker - [fixed-d750d92e-152f-4055-a641-3bc9dda85a29-8.133.246.113_8848] [subscribe] bgtech-ai+DEFAULT_GROUP+d750d92e-152f-4055-a641-3bc9dda85a29
2025-06-08 23:08:41.793 [main] INFO  com.alibaba.nacos.client.config.impl.CacheData - [fixed-d750d92e-152f-4055-a641-3bc9dda85a29-8.133.246.113_8848] [add-listener] ok, tenant=d750d92e-152f-4055-a641-3bc9dda85a29, dataId=bgtech-ai, group=DEFAULT_GROUP, cnt=1
2025-06-08 23:08:41.793 [main] INFO  c.a.cloud.nacos.refresh.NacosContextRefresher - [Nacos Config] Listening config: dataId=bgtech-ai, group=DEFAULT_GROUP
2025-06-08 23:08:42.278 [I/O dispatcher 1] WARN  reactor.core.Exceptions - throwIfFatal detected a jvm fatal exception, which is thrown and logged below:
java.lang.NoSuchMethodError: 'long co.elastic.clients.elasticsearch.cluster.HealthResponse.taskMaxWaitingInQueueMillis()'
	at org.springframework.boot.actuate.data.elasticsearch.ElasticsearchReactiveHealthIndicator.processResponse(ElasticsearchReactiveHealthIndicator.java:69)
	at org.springframework.boot.actuate.data.elasticsearch.ElasticsearchReactiveHealthIndicator.lambda$doHealthCheck$1(ElasticsearchReactiveHealthIndicator.java:49)
	at reactor.core.publisher.FluxMapFuseable$MapFuseableSubscriber.onNext(FluxMapFuseable.java:113)
	at reactor.core.publisher.FluxOnAssembly$OnAssemblySubscriber.onNext(FluxOnAssembly.java:539)
	at reactor.core.publisher.MonoCompletionStage$MonoCompletionStageSubscription.apply(MonoCompletionStage.java:125)
	at reactor.core.publisher.MonoCompletionStage$MonoCompletionStageSubscription.apply(MonoCompletionStage.java:71)
	at java.base/java.util.concurrent.CompletableFuture.uniHandle(CompletableFuture.java:934)
	at java.base/java.util.concurrent.CompletableFuture$UniHandle.tryFire(CompletableFuture.java:911)
	at java.base/java.util.concurrent.CompletableFuture.postComplete(CompletableFuture.java:510)
	at java.base/java.util.concurrent.CompletableFuture.complete(CompletableFuture.java:2179)
	at co.elastic.clients.transport.rest_client.RestClientTransport$1.onSuccess(RestClientTransport.java:183)
	at org.elasticsearch.client.RestClient$FailureTrackingResponseListener.onSuccess(RestClient.java:676)
	at org.elasticsearch.client.RestClient$1.completed(RestClient.java:399)
	at org.elasticsearch.client.RestClient$1.completed(RestClient.java:393)
	at org.apache.http.concurrent.BasicFuture.completed(BasicFuture.java:122)
	at org.apache.http.impl.nio.client.DefaultClientExchangeHandlerImpl.responseCompleted(DefaultClientExchangeHandlerImpl.java:182)
	at org.apache.http.nio.protocol.HttpAsyncRequestExecutor.processResponse(HttpAsyncRequestExecutor.java:448)
	at org.apache.http.nio.protocol.HttpAsyncRequestExecutor.inputReady(HttpAsyncRequestExecutor.java:338)
	at org.apache.http.impl.nio.DefaultNHttpClientConnection.consumeInput(DefaultNHttpClientConnection.java:265)
	at org.apache.http.impl.nio.client.InternalIODispatch.onInputReady(InternalIODispatch.java:87)
	at org.apache.http.impl.nio.client.InternalIODispatch.onInputReady(InternalIODispatch.java:40)
	at org.apache.http.impl.nio.reactor.AbstractIODispatch.inputReady(AbstractIODispatch.java:114)
	at org.apache.http.impl.nio.reactor.BaseIOReactor.readable(BaseIOReactor.java:162)
	at org.apache.http.impl.nio.reactor.AbstractIOReactor.processEvent(AbstractIOReactor.java:337)
	at org.apache.http.impl.nio.reactor.AbstractIOReactor.processEvents(AbstractIOReactor.java:315)
	at org.apache.http.impl.nio.reactor.AbstractIOReactor.execute(AbstractIOReactor.java:276)
	at org.apache.http.impl.nio.reactor.BaseIOReactor.execute(BaseIOReactor.java:104)
	at org.apache.http.impl.nio.reactor.AbstractMultiworkerIOReactor$Worker.run(AbstractMultiworkerIOReactor.java:591)
	at java.base/java.lang.Thread.run(Thread.java:1583)
2025-06-08 23:08:42.280 [I/O dispatcher 1] ERROR reactor.core.publisher.Operators - Operator called default onErrorDropped
java.lang.NoSuchMethodError: 'long co.elastic.clients.elasticsearch.cluster.HealthResponse.taskMaxWaitingInQueueMillis()'
	at org.springframework.boot.actuate.data.elasticsearch.ElasticsearchReactiveHealthIndicator.processResponse(ElasticsearchReactiveHealthIndicator.java:69)
	at org.springframework.boot.actuate.data.elasticsearch.ElasticsearchReactiveHealthIndicator.lambda$doHealthCheck$1(ElasticsearchReactiveHealthIndicator.java:49)
	at reactor.core.publisher.FluxMapFuseable$MapFuseableSubscriber.onNext(FluxMapFuseable.java:113)
	at reactor.core.publisher.FluxOnAssembly$OnAssemblySubscriber.onNext(FluxOnAssembly.java:539)
	at reactor.core.publisher.MonoCompletionStage$MonoCompletionStageSubscription.apply(MonoCompletionStage.java:125)
	at reactor.core.publisher.MonoCompletionStage$MonoCompletionStageSubscription.apply(MonoCompletionStage.java:71)
	at java.base/java.util.concurrent.CompletableFuture.uniHandle(CompletableFuture.java:934)
	at java.base/java.util.concurrent.CompletableFuture$UniHandle.tryFire(CompletableFuture.java:911)
	at java.base/java.util.concurrent.CompletableFuture.postComplete(CompletableFuture.java:510)
	at java.base/java.util.concurrent.CompletableFuture.complete(CompletableFuture.java:2179)
	at co.elastic.clients.transport.rest_client.RestClientTransport$1.onSuccess(RestClientTransport.java:183)
	at org.elasticsearch.client.RestClient$FailureTrackingResponseListener.onSuccess(RestClient.java:676)
	at org.elasticsearch.client.RestClient$1.completed(RestClient.java:399)
	at org.elasticsearch.client.RestClient$1.completed(RestClient.java:393)
	at org.apache.http.concurrent.BasicFuture.completed(BasicFuture.java:122)
	at org.apache.http.impl.nio.client.DefaultClientExchangeHandlerImpl.responseCompleted(DefaultClientExchangeHandlerImpl.java:182)
	at org.apache.http.nio.protocol.HttpAsyncRequestExecutor.processResponse(HttpAsyncRequestExecutor.java:448)
	at org.apache.http.nio.protocol.HttpAsyncRequestExecutor.inputReady(HttpAsyncRequestExecutor.java:338)
	at org.apache.http.impl.nio.DefaultNHttpClientConnection.consumeInput(DefaultNHttpClientConnection.java:265)
	at org.apache.http.impl.nio.client.InternalIODispatch.onInputReady(InternalIODispatch.java:87)
	at org.apache.http.impl.nio.client.InternalIODispatch.onInputReady(InternalIODispatch.java:40)
	at org.apache.http.impl.nio.reactor.AbstractIODispatch.inputReady(AbstractIODispatch.java:114)
	at org.apache.http.impl.nio.reactor.BaseIOReactor.readable(BaseIOReactor.java:162)
	at org.apache.http.impl.nio.reactor.AbstractIOReactor.processEvent(AbstractIOReactor.java:337)
	at org.apache.http.impl.nio.reactor.AbstractIOReactor.processEvents(AbstractIOReactor.java:315)
	at org.apache.http.impl.nio.reactor.AbstractIOReactor.execute(AbstractIOReactor.java:276)
	at org.apache.http.impl.nio.reactor.BaseIOReactor.execute(BaseIOReactor.java:104)
	at org.apache.http.impl.nio.reactor.AbstractMultiworkerIOReactor$Worker.run(AbstractMultiworkerIOReactor.java:591)
	at java.base/java.lang.Thread.run(Thread.java:1583)
2025-06-08 23:08:42.280 [I/O dispatcher 1] WARN  reactor.core.Exceptions - throwIfFatal detected a jvm fatal exception, which is thrown and logged below:
java.lang.NoSuchMethodError: 'long co.elastic.clients.elasticsearch.cluster.HealthResponse.taskMaxWaitingInQueueMillis()'
	at org.springframework.boot.actuate.data.elasticsearch.ElasticsearchReactiveHealthIndicator.processResponse(ElasticsearchReactiveHealthIndicator.java:69)
	at org.springframework.boot.actuate.data.elasticsearch.ElasticsearchReactiveHealthIndicator.lambda$doHealthCheck$1(ElasticsearchReactiveHealthIndicator.java:49)
	at reactor.core.publisher.FluxMapFuseable$MapFuseableSubscriber.onNext(FluxMapFuseable.java:113)
	at reactor.core.publisher.FluxOnAssembly$OnAssemblySubscriber.onNext(FluxOnAssembly.java:539)
	at reactor.core.publisher.MonoCompletionStage$MonoCompletionStageSubscription.apply(MonoCompletionStage.java:125)
	at reactor.core.publisher.MonoCompletionStage$MonoCompletionStageSubscription.apply(MonoCompletionStage.java:71)
	at java.base/java.util.concurrent.CompletableFuture.uniHandle(CompletableFuture.java:934)
	at java.base/java.util.concurrent.CompletableFuture$UniHandle.tryFire(CompletableFuture.java:911)
	at java.base/java.util.concurrent.CompletableFuture.postComplete(CompletableFuture.java:510)
	at java.base/java.util.concurrent.CompletableFuture.complete(CompletableFuture.java:2179)
	at co.elastic.clients.transport.rest_client.RestClientTransport$1.onSuccess(RestClientTransport.java:183)
	at org.elasticsearch.client.RestClient$FailureTrackingResponseListener.onSuccess(RestClient.java:676)
	at org.elasticsearch.client.RestClient$1.completed(RestClient.java:399)
	at org.elasticsearch.client.RestClient$1.completed(RestClient.java:393)
	at org.apache.http.concurrent.BasicFuture.completed(BasicFuture.java:122)
	at org.apache.http.impl.nio.client.DefaultClientExchangeHandlerImpl.responseCompleted(DefaultClientExchangeHandlerImpl.java:182)
	at org.apache.http.nio.protocol.HttpAsyncRequestExecutor.processResponse(HttpAsyncRequestExecutor.java:448)
	at org.apache.http.nio.protocol.HttpAsyncRequestExecutor.inputReady(HttpAsyncRequestExecutor.java:338)
	at org.apache.http.impl.nio.DefaultNHttpClientConnection.consumeInput(DefaultNHttpClientConnection.java:265)
	at org.apache.http.impl.nio.client.InternalIODispatch.onInputReady(InternalIODispatch.java:87)
	at org.apache.http.impl.nio.client.InternalIODispatch.onInputReady(InternalIODispatch.java:40)
	at org.apache.http.impl.nio.reactor.AbstractIODispatch.inputReady(AbstractIODispatch.java:114)
	at org.apache.http.impl.nio.reactor.BaseIOReactor.readable(BaseIOReactor.java:162)
	at org.apache.http.impl.nio.reactor.AbstractIOReactor.processEvent(AbstractIOReactor.java:337)
	at org.apache.http.impl.nio.reactor.AbstractIOReactor.processEvents(AbstractIOReactor.java:315)
	at org.apache.http.impl.nio.reactor.AbstractIOReactor.execute(AbstractIOReactor.java:276)
	at org.apache.http.impl.nio.reactor.BaseIOReactor.execute(BaseIOReactor.java:104)
	at org.apache.http.impl.nio.reactor.AbstractMultiworkerIOReactor$Worker.run(AbstractMultiworkerIOReactor.java:591)
	at java.base/java.lang.Thread.run(Thread.java:1583)
2025-06-08 23:09:03.225 [Thread-5] WARN  c.alibaba.nacos.common.http.HttpClientBeanHolder - [HttpClientBeanHolder] Start destroying common HttpClient
2025-06-08 23:09:03.225 [Thread-15] WARN  com.alibaba.nacos.common.notify.NotifyCenter - [NotifyCenter] Start destroying Publisher
2025-06-08 23:09:03.226 [Thread-15] WARN  com.alibaba.nacos.common.notify.NotifyCenter - [NotifyCenter] Destruction of the end
2025-06-08 23:09:03.226 [Thread-5] WARN  c.alibaba.nacos.common.http.HttpClientBeanHolder - [HttpClientBeanHolder] Destruction of the end
2025-06-08 23:09:03.244 [SpringContextShutdownHook] INFO  c.a.cloud.nacos.registry.NacosServiceRegistry - De-registering from Nacos Server now...
2025-06-08 23:09:03.244 [SpringContextShutdownHook] INFO  com.alibaba.nacos.client.naming - [DEREGISTER-SERVICE] d750d92e-152f-4055-a641-3bc9dda85a29 deregistering service bgai with instance: Instance{instanceId='null', ip='192.168.86.8', port=8080, weight=1.0, healthy=true, enabled=true, ephemeral=true, clusterName='DEFAULT', serviceName='null', metadata={}}
2025-06-08 23:09:03.261 [SpringContextShutdownHook] INFO  c.a.cloud.nacos.registry.NacosServiceRegistry - De-registration finished.
2025-06-08 23:09:03.262 [SpringContextShutdownHook] INFO  com.alibaba.nacos.client.naming - com.alibaba.nacos.client.naming.cache.ServiceInfoHolder do shutdown begin
2025-06-08 23:09:03.262 [SpringContextShutdownHook] INFO  com.alibaba.nacos.client.naming - com.alibaba.nacos.client.naming.backups.FailoverReactor do shutdown begin
2025-06-08 23:09:03.262 [SpringContextShutdownHook] INFO  com.alibaba.nacos.client.naming - com.alibaba.nacos.client.naming.backups.FailoverReactor do shutdown stop
2025-06-08 23:09:03.262 [SpringContextShutdownHook] INFO  com.alibaba.nacos.client.naming - com.alibaba.nacos.client.naming.cache.ServiceInfoHolder do shutdown stop
2025-06-08 23:09:03.262 [SpringContextShutdownHook] INFO  com.alibaba.nacos.client.naming - com.alibaba.nacos.client.naming.remote.NamingClientProxyDelegate do shutdown begin
2025-06-08 23:09:03.262 [SpringContextShutdownHook] INFO  com.alibaba.nacos.client.naming - com.alibaba.nacos.client.naming.core.ServiceInfoUpdateService do shutdown begin
2025-06-08 23:09:03.263 [SpringContextShutdownHook] INFO  com.alibaba.nacos.client.naming - com.alibaba.nacos.client.naming.core.ServiceInfoUpdateService do shutdown stop
2025-06-08 23:09:03.263 [SpringContextShutdownHook] INFO  com.alibaba.nacos.client.naming - com.alibaba.nacos.client.naming.core.ServerListManager do shutdown begin
2025-06-08 23:09:03.263 [SpringContextShutdownHook] WARN  com.alibaba.nacos.client.naming - [NamingHttpClientManager] Start destroying NacosRestTemplate
2025-06-08 23:09:03.263 [SpringContextShutdownHook] WARN  com.alibaba.nacos.client.naming - [NamingHttpClientManager] Destruction of the end
2025-06-08 23:09:03.263 [SpringContextShutdownHook] INFO  com.alibaba.nacos.client.naming - com.alibaba.nacos.client.naming.core.ServerListManager do shutdown stop
2025-06-08 23:09:03.263 [SpringContextShutdownHook] INFO  com.alibaba.nacos.client.naming - com.alibaba.nacos.client.naming.remote.http.NamingHttpClientProxy do shutdown begin
2025-06-08 23:09:03.263 [SpringContextShutdownHook] WARN  com.alibaba.nacos.client.naming - [NamingHttpClientManager] Start destroying NacosRestTemplate
2025-06-08 23:09:03.263 [SpringContextShutdownHook] WARN  com.alibaba.nacos.client.naming - [NamingHttpClientManager] Destruction of the end
2025-06-08 23:09:03.263 [SpringContextShutdownHook] INFO  com.alibaba.nacos.client.naming - com.alibaba.nacos.client.naming.remote.http.NamingHttpClientProxy do shutdown stop
2025-06-08 23:09:03.263 [SpringContextShutdownHook] INFO  com.alibaba.nacos.common.remote.client - Shutdown rpc client, set status to shutdown
2025-06-08 23:09:03.263 [SpringContextShutdownHook] INFO  com.alibaba.nacos.common.remote.client - Shutdown client event executor java.util.concurrent.ScheduledThreadPoolExecutor@78fb43aa[Running, pool size = 2, active threads = 2, queued tasks = 0, completed tasks = 0]
2025-06-08 23:09:03.263 [SpringContextShutdownHook] INFO  com.alibaba.nacos.common.remote.client - Close current connection 1749395321542_139.227.195.166_39916
2025-06-08 23:09:03.268 [nacos-grpc-client-executor-8.133.246.113-15] WARN  c.a.nacos.common.remote.client.grpc.GrpcClient - [1749395321542_139.227.195.166_39916]Ignore error event,isRunning:false,isAbandon=false
2025-06-08 23:09:03.272 [SpringContextShutdownHook] INFO  c.a.nacos.common.remote.client.grpc.GrpcClient - Shutdown grpc executor java.util.concurrent.ThreadPoolExecutor@3646f314[Running, pool size = 5, active threads = 0, queued tasks = 0, completed tasks = 16]
2025-06-08 23:09:03.272 [SpringContextShutdownHook] INFO  com.alibaba.nacos.client.naming - Shutdown grpc redo service executor java.util.concurrent.ScheduledThreadPoolExecutor@17e04cc5[Running, pool size = 1, active threads = 0, queued tasks = 1, completed tasks = 7]
2025-06-08 23:09:03.273 [SpringContextShutdownHook] INFO  c.a.n.client.auth.ram.identify.CredentialWatcher - [null] CredentialWatcher is stopped
2025-06-08 23:09:03.273 [SpringContextShutdownHook] INFO  c.a.n.client.auth.ram.identify.CredentialService - [null] CredentialService is freed
2025-06-08 23:09:03.273 [SpringContextShutdownHook] INFO  com.alibaba.nacos.client.naming - com.alibaba.nacos.client.naming.remote.NamingClientProxyDelegate do shutdown stop
2025-06-08 23:09:03.283 [SpringContextShutdownHook] DEBUG com.bgpay.bgai.config.AsyncConfig$1 - Shutting down ExecutorService 'blockingExecutor'
2025-06-08 23:09:04.999 [com.alibaba.nacos.client.Worker] INFO  c.a.n.client.auth.ram.identify.CredentialWatcher - null No credential found
2025-06-08 23:09:05.399 [SpringContextShutdownHook] INFO  com.bgpay.bgai.service.mq.RocketMQProducerService - Transaction producer shutdown completed
2025-06-08 23:09:05.400 [NettyClientSelector_1] INFO  RocketmqRemoting - closeChannel: close the connection to remote address[8.133.246.113:10911] result: true
2025-06-08 23:09:05.400 [NettyClientSelector_1] INFO  RocketmqRemoting - closeChannel: close the connection to remote address[8.133.246.113:9876] result: true
2025-06-08 23:09:16.853 [main] WARN  com.alibaba.nacos.client.logging.NacosLogging - Load Logback Configuration of Nacos fail, message: Could not initialize Logback Nacos logging from classpath:nacos-logback.xml
2025-06-08 23:09:16.854 [main] INFO  com.bgpay.bgai.BgaiApplication - The following 1 profile is active: "dev"
2025-06-08 23:09:17.750 [main] INFO  o.s.d.r.config.RepositoryConfigurationDelegate - Multiple Spring Data modules found, entering strict repository configuration mode
2025-06-08 23:09:17.752 [main] INFO  o.s.d.r.config.RepositoryConfigurationDelegate - Bootstrapping Spring Data Elasticsearch repositories in DEFAULT mode.
2025-06-08 23:09:18.085 [main] INFO  o.s.d.r.config.RepositoryConfigurationDelegate - Finished Spring Data repository scanning in 319 ms. Found 1 Elasticsearch repository interfaces.
2025-06-08 23:09:18.736 [main] INFO  o.s.d.r.config.RepositoryConfigurationDelegate - Multiple Spring Data modules found, entering strict repository configuration mode
2025-06-08 23:09:18.737 [main] INFO  o.s.d.r.config.RepositoryConfigurationDelegate - Bootstrapping Spring Data Reactive Elasticsearch repositories in DEFAULT mode.
2025-06-08 23:09:18.756 [main] INFO  o.s.d.r.config.RepositoryConfigurationDelegate - Finished Spring Data repository scanning in 19 ms. Found 0 Reactive Elasticsearch repository interfaces.
2025-06-08 23:09:18.765 [main] INFO  o.s.d.r.config.RepositoryConfigurationDelegate - Multiple Spring Data modules found, entering strict repository configuration mode
2025-06-08 23:09:18.766 [main] INFO  o.s.d.r.config.RepositoryConfigurationDelegate - Bootstrapping Spring Data JPA repositories in DEFAULT mode.
2025-06-08 23:09:18.777 [main] INFO  o.s.d.r.c.RepositoryConfigurationExtensionSupport - Spring Data JPA - Could not safely identify store assignment for repository candidate interface com.bgpay.bgai.repository.es.ChatRecordRepository; If you want this repository to be a JPA repository, consider annotating your entities with one of these annotations: jakarta.persistence.Entity, jakarta.persistence.MappedSuperclass (preferred), or consider extending one of the following types with your repository: org.springframework.data.jpa.repository.JpaRepository
2025-06-08 23:09:18.777 [main] INFO  o.s.d.r.config.RepositoryConfigurationDelegate - Finished Spring Data repository scanning in 7 ms. Found 0 JPA repository interfaces.
2025-06-08 23:09:18.791 [main] INFO  o.s.d.r.config.RepositoryConfigurationDelegate - Multiple Spring Data modules found, entering strict repository configuration mode
2025-06-08 23:09:18.792 [main] INFO  o.s.d.r.config.RepositoryConfigurationDelegate - Bootstrapping Spring Data Redis repositories in DEFAULT mode.
2025-06-08 23:09:18.804 [main] INFO  o.s.d.r.c.RepositoryConfigurationExtensionSupport - Spring Data Redis - Could not safely identify store assignment for repository candidate interface com.bgpay.bgai.repository.es.ChatRecordRepository; If you want this repository to be a Redis repository, consider annotating your entities with one of these annotations: org.springframework.data.redis.core.RedisHash (preferred), or consider extending one of the following types with your repository: org.springframework.data.keyvalue.repository.KeyValueRepository
2025-06-08 23:09:18.804 [main] INFO  o.s.d.r.config.RepositoryConfigurationDelegate - Finished Spring Data repository scanning in 5 ms. Found 0 Redis repository interfaces.
2025-06-08 23:09:19.582 [main] INFO  io.seata.config.ConfigurationFactory - load Configuration from :Spring Configuration
2025-06-08 23:09:19.595 [main] INFO  io.seata.config.ConfigurationFactory - load Configuration from :Spring Configuration
2025-06-08 23:09:19.605 [main] INFO  i.seata.spring.annotation.GlobalTransactionScanner - Initializing Global Transaction Clients ... 
2025-06-08 23:09:19.748 [main] INFO  io.seata.core.rpc.netty.NettyClientBootstrap - NettyClientBootstrap has started
2025-06-08 23:09:19.749 [main] INFO  io.seata.discovery.registry.RegistryFactory - use registry center type: file
2025-06-08 23:09:19.762 [main] INFO  io.seata.core.rpc.netty.NettyClientChannelManager - will connect to 8.133.246.113:8091
2025-06-08 23:09:19.769 [main] INFO  io.seata.core.rpc.netty.NettyPoolableFactory - NettyPool create channel to transactionRole:TMROLE,address:8.133.246.113:8091,msg:< RegisterTMRequest{version='1.7.0', applicationId='bgai', transactionServiceGroup='default-tx-group', extraData='ak=null
digest=default-tx-group,192.168.86.8,1749395359766
timestamp=1749395359766
authVersion=V4
vgroup=default-tx-group
ip=192.168.86.8
'} >
2025-06-08 23:09:20.011 [main] INFO  io.seata.core.rpc.netty.TmNettyRemotingClient - register TM success. client version:1.7.0, server version:1.8.1-SNAPSHOT,channel:[id: 0x23a67159, L:/192.168.86.8:53108 - R:/8.133.246.113:8091]
2025-06-08 23:09:20.021 [main] INFO  io.seata.core.rpc.netty.NettyPoolableFactory - register success, cost 89 ms, version:1.8.1-SNAPSHOT,role:TMROLE,channel:[id: 0x23a67159, L:/192.168.86.8:53108 - R:/8.133.246.113:8091]
2025-06-08 23:09:20.022 [main] INFO  i.seata.spring.annotation.GlobalTransactionScanner - Transaction Manager Client is initialized. applicationId[bgai] txServiceGroup[default-tx-group]
2025-06-08 23:09:20.036 [main] INFO  io.seata.rm.datasource.AsyncWorker - Async Commit Buffer Limit: 10000
2025-06-08 23:09:20.037 [main] INFO  io.seata.rm.datasource.xa.ResourceManagerXA - ResourceManagerXA init ...
2025-06-08 23:09:20.045 [main] INFO  io.seata.core.rpc.netty.NettyClientBootstrap - NettyClientBootstrap has started
2025-06-08 23:09:20.045 [main] INFO  i.seata.spring.annotation.GlobalTransactionScanner - Resource Manager is initialized. applicationId[bgai] txServiceGroup[default-tx-group]
2025-06-08 23:09:20.045 [main] INFO  i.seata.spring.annotation.GlobalTransactionScanner - Global Transaction Clients are initialized. 
2025-06-08 23:09:21.099 [main] INFO  o.s.boot.web.embedded.tomcat.TomcatWebServer - Tomcat initialized with port(s): 8080 (http)
2025-06-08 23:09:21.109 [main] INFO  org.apache.coyote.http11.Http11NioProtocol - The ["http-nio-8080"] connector has been configured to support HTTP upgrade to [h2c]
2025-06-08 23:09:21.110 [main] INFO  org.apache.coyote.http11.Http11NioProtocol - Initializing ProtocolHandler ["http-nio-8080"]
2025-06-08 23:09:21.112 [main] INFO  org.apache.catalina.core.StandardService - Starting service [Tomcat]
2025-06-08 23:09:21.112 [main] INFO  org.apache.catalina.core.StandardEngine - Starting Servlet engine: [Apache Tomcat/10.1.15]
2025-06-08 23:09:21.588 [main] INFO  com.alibaba.druid.pool.DruidDataSource - {dataSource-1} inited
2025-06-08 23:09:21.852 [main] INFO  io.seata.core.rpc.netty.NettyClientChannelManager - will connect to 8.133.246.113:8091
2025-06-08 23:09:21.852 [main] INFO  io.seata.core.rpc.netty.RmNettyRemotingClient - RM will register :jdbc:mysql://8.133.246.113:3306/deepseek
2025-06-08 23:09:21.852 [main] INFO  io.seata.core.rpc.netty.NettyPoolableFactory - NettyPool create channel to transactionRole:RMROLE,address:8.133.246.113:8091,msg:< RegisterRMRequest{resourceIds='jdbc:mysql://8.133.246.113:3306/deepseek', version='1.7.0', applicationId='bgai', transactionServiceGroup='default-tx-group', extraData='null'} >
2025-06-08 23:09:21.873 [main] INFO  io.seata.core.rpc.netty.RmNettyRemotingClient - register RM success. client version:1.7.0, server version:1.8.1-SNAPSHOT,channel:[id: 0x6806d88b, L:/192.168.86.8:53114 - R:/8.133.246.113:8091]
2025-06-08 23:09:21.873 [main] INFO  io.seata.core.rpc.netty.NettyPoolableFactory - register success, cost 11 ms, version:1.8.1-SNAPSHOT,role:RMROLE,channel:[id: 0x6806d88b, L:/192.168.86.8:53114 - R:/8.133.246.113:8091]
2025-06-08 23:09:21.876 [main] INFO  i.s.s.a.datasource.SeataAutoDataSourceProxyCreator - Auto proxy data source 'masterDataSource' by 'AT' mode.
2025-06-08 23:09:21.939 [main] INFO  com.alibaba.druid.pool.DruidDataSource - {dataSource-2} inited
2025-06-08 23:09:22.050 [main] INFO  io.seata.core.rpc.netty.RmNettyRemotingClient - will register resourceId:jdbc:mysql://8.133.246.113:3306/deepseek
2025-06-08 23:09:22.052 [main] INFO  i.s.s.a.datasource.SeataAutoDataSourceProxyCreator - Auto proxy data source 'slaveDataSource' by 'AT' mode.
2025-06-08 23:09:22.066 [NettyClientSelector_RMROLE_1_1] INFO  io.seata.rm.AbstractRMHandler - the rm client received response msg [RegisterRMResponse{version='1.8.1-SNAPSHOT', extraData='null', identified=true, resultCode=null, msg='null'}] from tc server.
2025-06-08 23:09:22.083 [main] INFO  io.seata.core.rpc.netty.RmNettyRemotingClient - will register resourceId:jdbc:mysql://8.133.246.113:3306/deepseek
2025-06-08 23:09:22.084 [main] INFO  i.s.s.a.datasource.SeataAutoDataSourceProxyCreator - Auto proxy data source 'dynamicDataSource' by 'AT' mode.
2025-06-08 23:09:22.101 [NettyClientSelector_RMROLE_1_1] INFO  io.seata.rm.AbstractRMHandler - the rm client received response msg [RegisterRMResponse{version='1.8.1-SNAPSHOT', extraData='null', identified=true, resultCode=null, msg='null'}] from tc server.
2025-06-08 23:09:22.225 [main] INFO  org.hibernate.jpa.internal.util.LogHelper - HHH000204: Processing PersistenceUnitInfo [name: default]
2025-06-08 23:09:22.287 [main] INFO  org.hibernate.Version - HHH000412: Hibernate ORM core version 6.1.7.Final
2025-06-08 23:09:22.661 [main] INFO  SQL dialect - HHH000400: Using dialect: org.hibernate.dialect.MySQL8Dialect
2025-06-08 23:09:22.664 [main] WARN  org.hibernate.orm.deprecation - HHH90000026: MySQL8Dialect has been deprecated; use org.hibernate.dialect.MySQLDialect instead
2025-06-08 23:09:22.974 [main] INFO  o.h.e.t.jta.platform.internal.JtaPlatformInitiator - HHH000490: Using JtaPlatform implementation: [org.hibernate.engine.transaction.jta.platform.internal.NoJtaPlatform]
2025-06-08 23:09:22.986 [main] INFO  o.s.orm.jpa.LocalContainerEntityManagerFactoryBean - Initialized JPA EntityManagerFactory for persistence unit 'default'
2025-06-08 23:09:23.444 [main] DEBUG c.b.b.mapper.FileTypeMapper.selectActiveMimeTypes - ==>  Preparing: SELECT * FROM mime_type_config WHERE enabled = true
2025-06-08 23:09:23.460 [main] DEBUG c.b.b.mapper.FileTypeMapper.selectActiveMimeTypes - ==> Parameters: 
2025-06-08 23:09:23.505 [main] DEBUG c.b.b.mapper.FileTypeMapper.selectActiveMimeTypes - <==      Total: 52
2025-06-08 23:09:23.508 [main] DEBUG c.b.bgai.mapper.FileTypeMapper.selectAllowedTypes - ==>  Preparing: SELECT mime_type FROM allowed_file_type WHERE enabled = true
2025-06-08 23:09:23.508 [main] DEBUG c.b.bgai.mapper.FileTypeMapper.selectAllowedTypes - ==> Parameters: 
2025-06-08 23:09:23.520 [main] DEBUG c.b.bgai.mapper.FileTypeMapper.selectAllowedTypes - <==      Total: 52
2025-06-08 23:09:24.446 [main] INFO  com.bgpay.bgai.service.impl.UserServiceImpl - 初始化SSO配置: clientId=bgai-client-id, redirectUri=http://localhost:8080/api/auth/callback
2025-06-08 23:09:24.490 [main] INFO  com.bgpay.bgai.controller.AuthController - 初始化认证控制器: clientId=bgai-client-id, redirectUri=http://localhost:8080/api/auth/callback
2025-06-08 23:09:25.578 [main] INFO  org.redisson.Version - Redisson 3.24.3
2025-06-08 23:09:25.727 [redisson-netty-4-8] INFO  o.r.connection.pool.MasterPubSubConnectionPool - 1 connections initialized for 8.133.246.113/8.133.246.113:6379
2025-06-08 23:09:26.056 [redisson-netty-4-19] INFO  org.redisson.connection.pool.MasterConnectionPool - 24 connections initialized for 8.133.246.113/8.133.246.113:6379
2025-06-08 23:09:26.426 [main] INFO  com.bgpay.bgai.service.mq.RocketMQProducerService - RocketMQProducerService initialized with producer group: null
2025-06-08 23:09:26.898 [main] INFO  i.seata.spring.annotation.GlobalTransactionScanner - Bean [com.bgpay.bgai.service.deepseek.DeepSeekServiceImp$$SpringCGLIB$$0] with name [deepSeekServiceImp] would use interceptor [io.seata.spring.annotation.GlobalTransactionalInterceptor]
2025-06-08 23:09:27.292 [main] WARN  i.s.s.b.a.provider.SpringBootConfigurationProvider - The get method not found for the field 'SeataProperties#accesskey'.
2025-06-08 23:09:27.292 [main] WARN  i.s.s.b.a.provider.SpringBootConfigurationProvider - The get method not found for the field 'SeataProperties#secretkey'.
2025-06-08 23:09:27.296 [main] INFO  com.bgpay.bgai.seata.SagaStateMachineConfig - 加载到2个Saga状态机定义文件
2025-06-08 23:09:27.445 [main] INFO  com.bgpay.bgai.saga.CustomSagaJsonParser - 开始解析状态机定义: bgai-saga-transaction
2025-06-08 23:09:27.445 [main] INFO  com.bgpay.bgai.saga.CustomSagaJsonParser - 状态机定义解析成功: bgai-saga-transaction
2025-06-08 23:09:27.445 [main] INFO  com.bgpay.bgai.seata.SagaStateMachineConfig - 成功加载状态机定义: /E:/project/bgai/target/classes/statelang/bgai-saga-transaction.json
2025-06-08 23:09:27.449 [main] INFO  com.bgpay.bgai.saga.CustomSagaJsonParser - 开始解析状态机定义: ChatCompletionSaga
2025-06-08 23:09:27.449 [main] INFO  com.bgpay.bgai.saga.CustomSagaJsonParser - 状态机定义解析成功: ChatCompletionSaga
2025-06-08 23:09:27.449 [main] INFO  com.bgpay.bgai.seata.SagaStateMachineConfig - 成功加载状态机定义: /E:/project/bgai/target/classes/statelang/chat_completion_saga.json
2025-06-08 23:09:27.628 [main] INFO  com.bgpay.bgai.service.mq.MQConsumerService - MQ consumer startup successful [group=billing-consumer-group, topic=BILLING_TOPIC, tag=USER_BILLING]
2025-06-08 23:09:27.628 [main] INFO  c.bgpay.bgai.service.mq.RocketMQBillingServiceImpl - Billing consumer initialized successfully. Ready to process unconsumed messages.
2025-06-08 23:09:28.736 [main] INFO  io.seata.core.rpc.netty.RmNettyRemotingClient - will register resourceId:jdbc:mysql://8.133.246.113:3306/deepseek
2025-06-08 23:09:28.737 [main] INFO  io.seata.core.rpc.netty.RmNettyRemotingClient - will register resourceId:bgai:default
2025-06-08 23:09:28.737 [main] INFO  com.bgpay.bgai.seata.SeataResourceManagerListener - Resource registered: bgai:default
2025-06-08 23:09:28.737 [main] INFO  com.bgpay.bgai.seata.SeataResourceManagerListener - Seata Resource Manager registered successfully for application: bgai
2025-06-08 23:09:28.746 [NettyClientSelector_RMROLE_1_1] INFO  io.seata.rm.AbstractRMHandler - the rm client received response msg [RegisterRMResponse{version='1.8.1-SNAPSHOT', extraData='null', identified=true, resultCode=null, msg='null'}] from tc server.
2025-06-08 23:09:28.747 [NettyClientSelector_RMROLE_1_1] INFO  io.seata.rm.AbstractRMHandler - the rm client received response msg [RegisterRMResponse{version='1.8.1-SNAPSHOT', extraData='null', identified=true, resultCode=null, msg='null'}] from tc server.
2025-06-08 23:09:28.868 [main] INFO  i.seata.spring.annotation.GlobalTransactionScanner - Bean [com.bgpay.bgai.service.mq.BillingTransactionListenerImpl$$SpringCGLIB$$0] with name [billingTransactionListenerImpl] would use interceptor [io.seata.spring.annotation.GlobalTransactionalInterceptor]
2025-06-08 23:09:28.985 [main] INFO  o.a.r.s.autoconfigure.RocketMQAutoConfiguration - a producer (billing-producer-group) init on namesrv 8.133.246.113:9876
2025-06-08 23:09:29.011 [main] DEBUG com.bgpay.bgai.config.AsyncConfig$1 - Initializing ExecutorService 'blockingExecutor'
2025-06-08 23:09:29.071 [main] INFO  c.b.bgai.config.NacosConfig$NacosWarningHandler - Nacos警告处理器已启用，将忽略配置中心连接警告
2025-06-08 23:09:30.731 [main] INFO  o.s.c.gateway.route.RouteDefinitionRouteLocator - Loaded RoutePredicateFactory [After]
2025-06-08 23:09:30.731 [main] INFO  o.s.c.gateway.route.RouteDefinitionRouteLocator - Loaded RoutePredicateFactory [Before]
2025-06-08 23:09:30.731 [main] INFO  o.s.c.gateway.route.RouteDefinitionRouteLocator - Loaded RoutePredicateFactory [Between]
2025-06-08 23:09:30.731 [main] INFO  o.s.c.gateway.route.RouteDefinitionRouteLocator - Loaded RoutePredicateFactory [Cookie]
2025-06-08 23:09:30.731 [main] INFO  o.s.c.gateway.route.RouteDefinitionRouteLocator - Loaded RoutePredicateFactory [Header]
2025-06-08 23:09:30.731 [main] INFO  o.s.c.gateway.route.RouteDefinitionRouteLocator - Loaded RoutePredicateFactory [Host]
2025-06-08 23:09:30.732 [main] INFO  o.s.c.gateway.route.RouteDefinitionRouteLocator - Loaded RoutePredicateFactory [Method]
2025-06-08 23:09:30.732 [main] INFO  o.s.c.gateway.route.RouteDefinitionRouteLocator - Loaded RoutePredicateFactory [Path]
2025-06-08 23:09:30.732 [main] INFO  o.s.c.gateway.route.RouteDefinitionRouteLocator - Loaded RoutePredicateFactory [Query]
2025-06-08 23:09:30.732 [main] INFO  o.s.c.gateway.route.RouteDefinitionRouteLocator - Loaded RoutePredicateFactory [ReadBody]
2025-06-08 23:09:30.732 [main] INFO  o.s.c.gateway.route.RouteDefinitionRouteLocator - Loaded RoutePredicateFactory [RemoteAddr]
2025-06-08 23:09:30.732 [main] INFO  o.s.c.gateway.route.RouteDefinitionRouteLocator - Loaded RoutePredicateFactory [XForwardedRemoteAddr]
2025-06-08 23:09:30.732 [main] INFO  o.s.c.gateway.route.RouteDefinitionRouteLocator - Loaded RoutePredicateFactory [Weight]
2025-06-08 23:09:30.732 [main] INFO  o.s.c.gateway.route.RouteDefinitionRouteLocator - Loaded RoutePredicateFactory [CloudFoundryRouteService]
2025-06-08 23:09:32.376 [main] INFO  o.s.b.actuate.endpoint.web.EndpointLinksResolver - Exposing 3 endpoint(s) beneath base path '/actuator'
2025-06-08 23:09:34.095 [main] INFO  org.apache.coyote.http11.Http11NioProtocol - Starting ProtocolHandler ["http-nio-8080"]
2025-06-08 23:09:34.111 [main] INFO  o.s.boot.web.embedded.tomcat.TomcatWebServer - Tomcat started on port(s): 8080 (http) with context path ''
2025-06-08 23:09:34.121 [main] INFO  com.alibaba.nacos.client.naming - initializer namespace from ans.namespace attribute : null
2025-06-08 23:09:34.122 [main] INFO  com.alibaba.nacos.client.naming - initializer namespace from ALIBABA_ALIWARE_NAMESPACE attribute :null
2025-06-08 23:09:34.123 [main] INFO  com.alibaba.nacos.client.naming - initializer namespace from namespace attribute :null
2025-06-08 23:09:34.131 [main] INFO  c.a.n.p.auth.spi.client.ClientAuthPluginManager - [ClientAuthPluginManager] Load ClientAuthService com.alibaba.nacos.client.auth.impl.NacosClientAuthServiceImpl success.
2025-06-08 23:09:34.132 [main] INFO  c.a.n.p.auth.spi.client.ClientAuthPluginManager - [ClientAuthPluginManager] Load ClientAuthService com.alibaba.nacos.client.auth.ram.RamClientAuthServiceImpl success.
2025-06-08 23:09:34.136 [main] INFO  com.alibaba.nacos.common.remote.client - [RpcClientFactory] create a new rpc client of 6e527a36-3795-48d3-9251-418a555cd10c
2025-06-08 23:09:34.138 [main] INFO  com.alibaba.nacos.common.remote.client - [6e527a36-3795-48d3-9251-418a555cd10c] RpcClient init, ServerListFactory = com.alibaba.nacos.client.naming.core.ServerListManager
2025-06-08 23:09:34.138 [main] INFO  com.alibaba.nacos.common.remote.client - [6e527a36-3795-48d3-9251-418a555cd10c] Registry connection listener to current client:com.alibaba.nacos.client.naming.remote.gprc.redo.NamingGrpcRedoService
2025-06-08 23:09:34.138 [main] INFO  com.alibaba.nacos.common.remote.client - [6e527a36-3795-48d3-9251-418a555cd10c] Register server push request handler:com.alibaba.nacos.client.naming.remote.gprc.NamingPushRequestHandler
2025-06-08 23:09:34.138 [main] INFO  com.alibaba.nacos.common.remote.client - [6e527a36-3795-48d3-9251-418a555cd10c] Try to connect to server on start up, server: {serverIp = '8.133.246.113', server main port = 8848}
2025-06-08 23:09:34.138 [main] INFO  c.a.nacos.common.remote.client.grpc.GrpcClient - grpc client connection server:8.133.246.113 ip,serverPort:9848,grpcTslConfig:{"sslProvider":"OPENSSL","enableTls":false,"mutualAuthEnable":false,"trustAll":false}
2025-06-08 23:09:34.275 [main] INFO  com.alibaba.nacos.common.remote.client - [6e527a36-3795-48d3-9251-418a555cd10c] Success to connect to server [8.133.246.113:8848] on start up, connectionId = 1749395374175_139.227.195.166_38292
2025-06-08 23:09:34.275 [main] INFO  com.alibaba.nacos.common.remote.client - [6e527a36-3795-48d3-9251-418a555cd10c] Register server push request handler:com.alibaba.nacos.common.remote.client.RpcClient$ConnectResetRequestHandler
2025-06-08 23:09:34.275 [main] INFO  com.alibaba.nacos.common.remote.client - [6e527a36-3795-48d3-9251-418a555cd10c] Register server push request handler:com.alibaba.nacos.common.remote.client.RpcClient$$Lambda/0x00000141015545e0
2025-06-08 23:09:34.275 [com.alibaba.nacos.client.remote.worker] INFO  com.alibaba.nacos.common.remote.client - [6e527a36-3795-48d3-9251-418a555cd10c] Notify connected event to listeners.
2025-06-08 23:09:34.275 [com.alibaba.nacos.client.remote.worker] INFO  com.alibaba.nacos.client.naming - Grpc connection connect
2025-06-08 23:09:34.276 [main] INFO  com.alibaba.nacos.client.naming - [REGISTER-SERVICE] d750d92e-152f-4055-a641-3bc9dda85a29 registering service bgai with instance Instance{instanceId='null', ip='192.168.86.8', port=8080, weight=1.0, healthy=true, enabled=true, ephemeral=true, clusterName='DEFAULT', serviceName='null', metadata={IPv6=[2408:820c:7528:d042:883f:4494:3393:c9e5], preserved.register.source=SPRING_CLOUD}}
2025-06-08 23:09:34.296 [main] INFO  c.a.cloud.nacos.registry.NacosServiceRegistry - nacos registry, DEFAULT_GROUP bgai 192.168.86.8:8080 register finished
2025-06-08 23:09:34.360 [main] INFO  com.bgpay.bgai.config.NacosConfig - 应用启动完成，当前环境: dev
2025-06-08 23:09:34.361 [main] INFO  com.bgpay.bgai.config.NacosConfig - Nacos配置中心: 8.133.246.113:8848, 命名空间: d750d92e-152f-4055-a641-3bc9dda85a29
2025-06-08 23:09:34.361 [main] INFO  com.bgpay.bgai.config.NacosConfig - 注意: 如果看到Nacos配置加载警告，但应用正常启动，说明应用正在使用本地配置文件
2025-06-08 23:09:34.362 [main] INFO  com.bgpay.bgai.BgaiApplication - Started BgaiApplication in 22.937 seconds (process running for 26.451)
2025-06-08 23:09:34.365 [scheduling-1] DEBUG c.b.b.mapper.FileTypeMapper.selectActiveMimeTypes - ==>  Preparing: SELECT * FROM mime_type_config WHERE enabled = true
2025-06-08 23:09:34.366 [scheduling-1] DEBUG c.b.b.mapper.FileTypeMapper.selectActiveMimeTypes - ==> Parameters: 
2025-06-08 23:09:34.377 [scheduling-1] DEBUG c.b.b.mapper.FileTypeMapper.selectActiveMimeTypes - <==      Total: 52
2025-06-08 23:09:34.378 [main] DEBUG c.b.b.mapper.FileTypeMapper.selectActiveMimeTypes - ==>  Preparing: SELECT * FROM mime_type_config WHERE enabled = true
2025-06-08 23:09:34.378 [main] DEBUG c.b.b.mapper.FileTypeMapper.selectActiveMimeTypes - ==> Parameters: 
2025-06-08 23:09:34.390 [main] DEBUG c.b.b.mapper.FileTypeMapper.selectActiveMimeTypes - <==      Total: 52
2025-06-08 23:09:34.391 [scheduling-1] DEBUG c.b.bgai.mapper.FileTypeMapper.selectAllowedTypes - ==>  Preparing: SELECT mime_type FROM allowed_file_type WHERE enabled = true
2025-06-08 23:09:34.391 [scheduling-1] DEBUG c.b.bgai.mapper.FileTypeMapper.selectAllowedTypes - ==> Parameters: 
2025-06-08 23:09:34.404 [scheduling-1] DEBUG c.b.bgai.mapper.FileTypeMapper.selectAllowedTypes - <==      Total: 52
2025-06-08 23:09:34.404 [main] DEBUG c.b.bgai.mapper.FileTypeMapper.selectAllowedTypes - ==>  Preparing: SELECT mime_type FROM allowed_file_type WHERE enabled = true
2025-06-08 23:09:34.405 [main] DEBUG c.b.bgai.mapper.FileTypeMapper.selectAllowedTypes - ==> Parameters: 
2025-06-08 23:09:34.411 [main] DEBUG c.b.bgai.mapper.FileTypeMapper.selectAllowedTypes - <==      Total: 52
2025-06-08 23:09:34.412 [main] INFO  com.bgpay.bgai.seata.SagaStateMachineConfig - ==================== Saga状态机加载报告 ====================
2025-06-08 23:09:34.412 [main] INFO  com.bgpay.bgai.seata.SagaStateMachineConfig - Saga状态机配置加载状态: 成功
2025-06-08 23:09:34.413 [main] INFO  com.bgpay.bgai.seata.SagaStateMachineConfig - 已加载的状态机定义文件数量: 2
2025-06-08 23:09:34.413 [main] INFO  com.bgpay.bgai.seata.SagaStateMachineConfig - 已加载的状态机定义文件:
2025-06-08 23:09:34.413 [main] INFO  com.bgpay.bgai.seata.SagaStateMachineConfig -  - /E:/project/bgai/target/classes/statelang/bgai-saga-transaction.json
2025-06-08 23:09:34.413 [main] INFO  com.bgpay.bgai.seata.SagaStateMachineConfig -  - /E:/project/bgai/target/classes/statelang/chat_completion_saga.json
2025-06-08 23:09:34.413 [main] INFO  com.bgpay.bgai.seata.SagaStateMachineConfig - Saga解析器状态: CUSTOM_FASTJSON2
2025-06-08 23:09:34.413 [main] INFO  com.bgpay.bgai.seata.SagaStateMachineConfig - 状态机解析结果: 成功 2 个, 失败 0 个
2025-06-08 23:09:34.413 [main] INFO  com.bgpay.bgai.seata.SagaStateMachineConfig - =============================================================
2025-06-08 23:09:34.419 [main] INFO  com.alibaba.nacos.client.config.impl.CacheData - nacos.cache.data.init.snapshot = true 
2025-06-08 23:09:34.420 [main] INFO  com.alibaba.nacos.client.config.impl.ClientWorker - [fixed-d750d92e-152f-4055-a641-3bc9dda85a29-8.133.246.113_8848] [subscribe] common-dev.yaml+DEFAULT_GROUP+d750d92e-152f-4055-a641-3bc9dda85a29
2025-06-08 23:09:34.431 [main] INFO  com.alibaba.nacos.client.config.impl.CacheData - [fixed-d750d92e-152f-4055-a641-3bc9dda85a29-8.133.246.113_8848] [add-listener] ok, tenant=d750d92e-152f-4055-a641-3bc9dda85a29, dataId=common-dev.yaml, group=DEFAULT_GROUP, cnt=1
2025-06-08 23:09:34.431 [main] INFO  c.a.cloud.nacos.refresh.NacosContextRefresher - [Nacos Config] Listening config: dataId=common-dev.yaml, group=DEFAULT_GROUP
2025-06-08 23:09:34.432 [main] INFO  com.alibaba.nacos.client.config.impl.ClientWorker - [fixed-d750d92e-152f-4055-a641-3bc9dda85a29-8.133.246.113_8848] [subscribe] bgtech-ai.yaml+DEFAULT_GROUP+d750d92e-152f-4055-a641-3bc9dda85a29
2025-06-08 23:09:34.432 [main] INFO  com.alibaba.nacos.client.config.impl.CacheData - [fixed-d750d92e-152f-4055-a641-3bc9dda85a29-8.133.246.113_8848] [add-listener] ok, tenant=d750d92e-152f-4055-a641-3bc9dda85a29, dataId=bgtech-ai.yaml, group=DEFAULT_GROUP, cnt=1
2025-06-08 23:09:34.432 [main] INFO  c.a.cloud.nacos.refresh.NacosContextRefresher - [Nacos Config] Listening config: dataId=bgtech-ai.yaml, group=DEFAULT_GROUP
2025-06-08 23:09:34.434 [main] INFO  com.alibaba.nacos.client.config.impl.ClientWorker - [fixed-d750d92e-152f-4055-a641-3bc9dda85a29-8.133.246.113_8848] [subscribe] bgtech-ai-dev.yaml+DEFAULT_GROUP+d750d92e-152f-4055-a641-3bc9dda85a29
2025-06-08 23:09:34.434 [main] INFO  com.alibaba.nacos.client.config.impl.CacheData - [fixed-d750d92e-152f-4055-a641-3bc9dda85a29-8.133.246.113_8848] [add-listener] ok, tenant=d750d92e-152f-4055-a641-3bc9dda85a29, dataId=bgtech-ai-dev.yaml, group=DEFAULT_GROUP, cnt=1
2025-06-08 23:09:34.434 [main] INFO  c.a.cloud.nacos.refresh.NacosContextRefresher - [Nacos Config] Listening config: dataId=bgtech-ai-dev.yaml, group=DEFAULT_GROUP
2025-06-08 23:09:34.434 [main] INFO  com.alibaba.nacos.client.config.impl.ClientWorker - [fixed-d750d92e-152f-4055-a641-3bc9dda85a29-8.133.246.113_8848] [subscribe] bgtech-ai+DEFAULT_GROUP+d750d92e-152f-4055-a641-3bc9dda85a29
2025-06-08 23:09:34.434 [main] INFO  com.alibaba.nacos.client.config.impl.CacheData - [fixed-d750d92e-152f-4055-a641-3bc9dda85a29-8.133.246.113_8848] [add-listener] ok, tenant=d750d92e-152f-4055-a641-3bc9dda85a29, dataId=bgtech-ai, group=DEFAULT_GROUP, cnt=1
2025-06-08 23:09:34.434 [main] INFO  c.a.cloud.nacos.refresh.NacosContextRefresher - [Nacos Config] Listening config: dataId=bgtech-ai, group=DEFAULT_GROUP
2025-06-08 23:09:46.545 [http-nio-8080-exec-2] DEBUG com.bgpay.bgai.filter.ApiKeyAuthenticationFilter - Skipping API Key validation for excluded path: /auth/authorize
2025-06-08 23:09:46.575 [http-nio-8080-exec-2] INFO  com.bgpay.bgai.controller.MockAuthController - Authorization request: client_id=bgai-client-id, redirect_uri=http://localhost:8080/api/auth/callback, response_type=code
2025-06-08 23:09:54.745 [http-nio-8080-exec-3] DEBUG com.bgpay.bgai.filter.ApiKeyAuthenticationFilter - Skipping API Key validation for excluded path: /api/auth/callback
2025-06-08 23:09:54.759 [http-nio-8080-exec-3] INFO  com.bgpay.bgai.service.impl.UserServiceImpl - 开始SSO登录流程, 授权码: 067ad5a6-4280-4aaa-94d6-e5a59e6bbac4
2025-06-08 23:09:54.759 [http-nio-8080-exec-3] DEBUG com.bgpay.bgai.service.impl.UserServiceImpl - 发送token请求: URL=http://localhost:8080/auth/token, params={grant_type=[authorization_code], code=[067ad5a6-4280-4aaa-94d6-e5a59e6bbac4], client_id=[bgai-client-id], client_secret=[bgai-client-secret], redirect_uri=[http://localhost:8080/api/auth/callback]}
2025-06-08 23:09:54.759 [http-nio-8080-exec-3] INFO  com.bgpay.bgai.service.impl.UserServiceImpl - Token request URL: http://localhost:8080/auth/token
2025-06-08 23:09:54.759 [http-nio-8080-exec-3] INFO  com.bgpay.bgai.service.impl.UserServiceImpl - Token request params: {grant_type=[authorization_code], code=[067ad5a6-4280-4aaa-94d6-e5a59e6bbac4], client_id=[bgai-client-id], client_secret=[bgai-client-secret], redirect_uri=[http://localhost:8080/api/auth/callback]}
2025-06-08 23:09:54.792 [http-nio-8080-exec-4] DEBUG com.bgpay.bgai.filter.ApiKeyAuthenticationFilter - Skipping API Key validation for excluded path: /auth/token
2025-06-08 23:09:54.795 [http-nio-8080-exec-4] INFO  com.bgpay.bgai.controller.MockAuthController - Token request: grant_type=null, code=null, client_id=null
2025-06-08 23:09:54.804 [http-nio-8080-exec-3] INFO  com.bgpay.bgai.service.impl.UserServiceImpl - Raw token response: ["java.util.HashMap",{"access_token":"5756d7c0-8981-4397-a60a-271616ddb8e9","refresh_token":"58cc22f2-175f-49be-9db6-4164a5fac305","token_type":"Bearer","expires_in":3600}]
2025-06-08 23:09:54.804 [http-nio-8080-exec-3] INFO  com.bgpay.bgai.service.impl.UserServiceImpl - User info request URL: http://localhost:8080/auth/userinfo
2025-06-08 23:09:54.806 [http-nio-8080-exec-5] DEBUG com.bgpay.bgai.filter.ApiKeyAuthenticationFilter - Skipping API Key validation for excluded path: /auth/userinfo
2025-06-08 23:09:54.811 [http-nio-8080-exec-3] INFO  com.bgpay.bgai.service.impl.UserServiceImpl - Raw user info response: ["java.util.HashMap",{"user_id":"689258T","name":"测试用户","email":"test@example.com","picture":"https://ui-avatars.com/api/?name=测试用户"}]
2025-06-08 23:09:54.817 [http-nio-8080-exec-3] ERROR com.bgpay.bgai.service.impl.UserServiceImpl - Unexpected user info array item format: java.util.HashMap
2025-06-08 23:09:54.818 [http-nio-8080-exec-3] ERROR com.bgpay.bgai.service.impl.UserServiceImpl - Failed to get user info
com.bgpay.bgai.exception.BillingException: 获取用户信息失败: 响应格式错误
	at com.bgpay.bgai.service.impl.UserServiceImpl.loginWithSSO(UserServiceImpl.java:213)
	at java.base/jdk.internal.reflect.DirectMethodHandleAccessor.invoke(DirectMethodHandleAccessor.java:103)
	at java.base/java.lang.reflect.Method.invoke(Method.java:580)
	at org.springframework.aop.support.AopUtils.invokeJoinpointUsingReflection(AopUtils.java:343)
	at org.springframework.aop.framework.ReflectiveMethodInvocation.invokeJoinpoint(ReflectiveMethodInvocation.java:196)
	at org.springframework.aop.framework.ReflectiveMethodInvocation.proceed(ReflectiveMethodInvocation.java:163)
	at org.springframework.aop.framework.CglibAopProxy$CglibMethodInvocation.proceed(CglibAopProxy.java:751)
	at org.springframework.aop.aspectj.AspectJAfterAdvice.invoke(AspectJAfterAdvice.java:49)
	at org.springframework.aop.framework.ReflectiveMethodInvocation.proceed(ReflectiveMethodInvocation.java:173)
	at org.springframework.aop.framework.CglibAopProxy$CglibMethodInvocation.proceed(CglibAopProxy.java:751)
	at org.springframework.aop.framework.adapter.MethodBeforeAdviceInterceptor.invoke(MethodBeforeAdviceInterceptor.java:58)
	at org.springframework.aop.framework.ReflectiveMethodInvocation.proceed(ReflectiveMethodInvocation.java:173)
	at org.springframework.aop.framework.CglibAopProxy$CglibMethodInvocation.proceed(CglibAopProxy.java:751)
	at org.springframework.transaction.interceptor.TransactionInterceptor$1.proceedWithInvocation(TransactionInterceptor.java:123)
	at org.springframework.transaction.interceptor.TransactionAspectSupport.invokeWithinTransaction(TransactionAspectSupport.java:391)
	at org.springframework.transaction.interceptor.TransactionInterceptor.invoke(TransactionInterceptor.java:119)
	at org.springframework.aop.framework.ReflectiveMethodInvocation.proceed(ReflectiveMethodInvocation.java:184)
	at org.springframework.aop.framework.CglibAopProxy$CglibMethodInvocation.proceed(CglibAopProxy.java:751)
	at org.springframework.aop.interceptor.ExposeInvocationInterceptor.invoke(ExposeInvocationInterceptor.java:97)
	at org.springframework.aop.framework.ReflectiveMethodInvocation.proceed(ReflectiveMethodInvocation.java:184)
	at org.springframework.aop.framework.CglibAopProxy$CglibMethodInvocation.proceed(CglibAopProxy.java:751)
	at org.springframework.aop.framework.CglibAopProxy$DynamicAdvisedInterceptor.intercept(CglibAopProxy.java:703)
	at com.bgpay.bgai.service.impl.UserServiceImpl$$SpringCGLIB$$0.loginWithSSO(<generated>)
	at com.bgpay.bgai.controller.AuthController.handleCallback(AuthController.java:72)
	at java.base/jdk.internal.reflect.DirectMethodHandleAccessor.invoke(DirectMethodHandleAccessor.java:103)
	at java.base/java.lang.reflect.Method.invoke(Method.java:580)
	at org.springframework.web.reactive.result.method.InvocableHandlerMethod.lambda$invoke$0(InvocableHandlerMethod.java:145)
	at reactor.core.publisher.MonoFlatMap$FlatMapMain.onNext(MonoFlatMap.java:132)
	at reactor.core.publisher.FluxOnAssembly$OnAssemblySubscriber.onNext(FluxOnAssembly.java:539)
	at reactor.core.publisher.MonoZip$ZipCoordinator.signal(MonoZip.java:293)
	at reactor.core.publisher.MonoZip$ZipInner.onNext(MonoZip.java:474)
	at reactor.core.publisher.FluxOnAssembly$OnAssemblySubscriber.onNext(FluxOnAssembly.java:539)
	at reactor.core.publisher.MonoPeekTerminal$MonoTerminalPeekSubscriber.onNext(MonoPeekTerminal.java:180)
	at reactor.core.publisher.FluxOnAssembly$OnAssemblySubscriber.onNext(FluxOnAssembly.java:539)
	at reactor.core.publisher.FluxDefaultIfEmpty$DefaultIfEmptySubscriber.onNext(FluxDefaultIfEmpty.java:122)
	at reactor.core.publisher.FluxOnAssembly$OnAssemblySubscriber.onNext(FluxOnAssembly.java:539)
	at reactor.core.publisher.FluxSwitchIfEmpty$SwitchIfEmptySubscriber.onNext(FluxSwitchIfEmpty.java:74)
	at reactor.core.publisher.FluxOnAssembly$OnAssemblySubscriber.onNext(FluxOnAssembly.java:539)
	at reactor.core.publisher.Operators$ScalarSubscription.request(Operators.java:2545)
	at reactor.core.publisher.FluxOnAssembly$OnAssemblySubscriber.request(FluxOnAssembly.java:649)
	at reactor.core.publisher.Operators$MultiSubscriptionSubscriber.set(Operators.java:2341)
	at reactor.core.publisher.Operators$MultiSubscriptionSubscriber.onSubscribe(Operators.java:2215)
	at reactor.core.publisher.FluxOnAssembly$OnAssemblySubscriber.onSubscribe(FluxOnAssembly.java:633)
	at reactor.core.publisher.FluxFlatMap.trySubscribeScalarMap(FluxFlatMap.java:192)
	at reactor.core.publisher.MonoFlatMap.subscribeOrReturn(MonoFlatMap.java:53)
	at reactor.core.publisher.InternalMonoOperator.subscribe(InternalMonoOperator.java:57)
	at reactor.core.publisher.MonoZip$ZipCoordinator.request(MonoZip.java:216)
	at reactor.core.publisher.FluxOnAssembly$OnAssemblySubscriber.request(FluxOnAssembly.java:649)
	at reactor.core.publisher.MonoFlatMap$FlatMapMain.request(MonoFlatMap.java:194)
	at reactor.core.publisher.FluxOnAssembly$OnAssemblySubscriber.request(FluxOnAssembly.java:649)
	at reactor.core.publisher.FluxOnAssembly$OnAssemblySubscriber.request(FluxOnAssembly.java:649)
	at reactor.core.publisher.MonoIgnoreThen$ThenIgnoreMain.onSubscribe(MonoIgnoreThen.java:134)
	at reactor.core.publisher.FluxOnAssembly$OnAssemblySubscriber.onSubscribe(FluxOnAssembly.java:633)
	at reactor.core.publisher.FluxOnAssembly$OnAssemblySubscriber.onSubscribe(FluxOnAssembly.java:633)
	at reactor.core.publisher.MonoFlatMap$FlatMapMain.onSubscribe(MonoFlatMap.java:117)
	at reactor.core.publisher.FluxOnAssembly$OnAssemblySubscriber.onSubscribe(FluxOnAssembly.java:633)
	at reactor.core.publisher.MonoZip.subscribe(MonoZip.java:125)
	at reactor.core.publisher.InternalMonoOperator.subscribe(InternalMonoOperator.java:64)
	at reactor.core.publisher.MonoDefer.subscribe(MonoDefer.java:53)
	at reactor.core.publisher.InternalMonoOperator.subscribe(InternalMonoOperator.java:64)
	at reactor.core.publisher.MonoIgnoreThen$ThenIgnoreMain.subscribeNext(MonoIgnoreThen.java:240)
	at reactor.core.publisher.MonoIgnoreThen$ThenIgnoreMain.onComplete(MonoIgnoreThen.java:203)
	at reactor.core.publisher.FluxOnAssembly$OnAssemblySubscriber.onComplete(FluxOnAssembly.java:549)
	at reactor.core.publisher.MonoFlatMap$FlatMapMain.onComplete(MonoFlatMap.java:189)
	at reactor.core.publisher.FluxOnAssembly$OnAssemblySubscriber.onComplete(FluxOnAssembly.java:549)
	at reactor.core.publisher.Operators.complete(Operators.java:137)
	at reactor.core.publisher.MonoZip.subscribe(MonoZip.java:121)
	at reactor.core.publisher.Mono.subscribe(Mono.java:4495)
	at reactor.core.publisher.MonoIgnoreThen$ThenIgnoreMain.subscribeNext(MonoIgnoreThen.java:263)
	at reactor.core.publisher.MonoIgnoreThen.subscribe(MonoIgnoreThen.java:51)
	at reactor.core.publisher.InternalMonoOperator.subscribe(InternalMonoOperator.java:64)
	at reactor.core.publisher.MonoFlatMap$FlatMapMain.onNext(MonoFlatMap.java:165)
	at reactor.core.publisher.FluxOnAssembly$OnAssemblySubscriber.onNext(FluxOnAssembly.java:539)
	at reactor.core.publisher.FluxOnErrorResume$ResumeSubscriber.onNext(FluxOnErrorResume.java:79)
	at reactor.core.publisher.FluxOnAssembly$OnAssemblySubscriber.onNext(FluxOnAssembly.java:539)
	at reactor.core.publisher.FluxSwitchIfEmpty$SwitchIfEmptySubscriber.onNext(FluxSwitchIfEmpty.java:74)
	at reactor.core.publisher.FluxOnAssembly$OnAssemblySubscriber.onNext(FluxOnAssembly.java:539)
	at reactor.core.publisher.MonoNext$NextSubscriber.onNext(MonoNext.java:82)
	at reactor.core.publisher.FluxOnAssembly$OnAssemblySubscriber.onNext(FluxOnAssembly.java:539)
	at reactor.core.publisher.FluxConcatMapNoPrefetch$FluxConcatMapNoPrefetchSubscriber.innerNext(FluxConcatMapNoPrefetch.java:258)
	at reactor.core.publisher.FluxConcatMap$ConcatMapInner.onNext(FluxConcatMap.java:863)
	at reactor.core.publisher.FluxOnAssembly$OnAssemblySubscriber.onNext(FluxOnAssembly.java:539)
	at reactor.core.publisher.FluxMapFuseable$MapFuseableSubscriber.onNext(FluxMapFuseable.java:129)
	at reactor.core.publisher.FluxOnAssembly$OnAssemblySubscriber.onNext(FluxOnAssembly.java:539)
	at reactor.core.publisher.MonoPeekTerminal$MonoTerminalPeekSubscriber.onNext(MonoPeekTerminal.java:180)
	at reactor.core.publisher.FluxOnAssembly$OnAssemblySubscriber.onNext(FluxOnAssembly.java:539)
	at reactor.core.publisher.Operators$ScalarSubscription.request(Operators.java:2545)
	at reactor.core.publisher.FluxOnAssembly$OnAssemblySubscriber.request(FluxOnAssembly.java:649)
	at reactor.core.publisher.MonoPeekTerminal$MonoTerminalPeekSubscriber.request(MonoPeekTerminal.java:139)
	at reactor.core.publisher.FluxOnAssembly$OnAssemblySubscriber.request(FluxOnAssembly.java:649)
	at reactor.core.publisher.FluxMapFuseable$MapFuseableSubscriber.request(FluxMapFuseable.java:171)
	at reactor.core.publisher.FluxOnAssembly$OnAssemblySubscriber.request(FluxOnAssembly.java:649)
	at reactor.core.publisher.Operators$MultiSubscriptionSubscriber.request(Operators.java:2305)
	at reactor.core.publisher.FluxConcatMapNoPrefetch$FluxConcatMapNoPrefetchSubscriber.request(FluxConcatMapNoPrefetch.java:338)
	at reactor.core.publisher.FluxOnAssembly$OnAssemblySubscriber.request(FluxOnAssembly.java:649)
	at reactor.core.publisher.MonoNext$NextSubscriber.request(MonoNext.java:108)
	at reactor.core.publisher.FluxOnAssembly$OnAssemblySubscriber.request(FluxOnAssembly.java:649)
	at reactor.core.publisher.Operators$MultiSubscriptionSubscriber.set(Operators.java:2341)
	at reactor.core.publisher.Operators$MultiSubscriptionSubscriber.onSubscribe(Operators.java:2215)
	at reactor.core.publisher.FluxOnAssembly$OnAssemblySubscriber.onSubscribe(FluxOnAssembly.java:633)
	at reactor.core.publisher.MonoNext$NextSubscriber.onSubscribe(MonoNext.java:70)
	at reactor.core.publisher.FluxOnAssembly$OnAssemblySubscriber.onSubscribe(FluxOnAssembly.java:633)
	at reactor.core.publisher.FluxConcatMapNoPrefetch$FluxConcatMapNoPrefetchSubscriber.onSubscribe(FluxConcatMapNoPrefetch.java:164)
	at reactor.core.publisher.FluxOnAssembly$OnAssemblySubscriber.onSubscribe(FluxOnAssembly.java:633)
	at reactor.core.publisher.FluxIterable.subscribe(FluxIterable.java:201)
	at reactor.core.publisher.FluxIterable.subscribe(FluxIterable.java:83)
	at reactor.core.publisher.InternalMonoOperator.subscribe(InternalMonoOperator.java:64)
	at reactor.core.publisher.MonoDefer.subscribe(MonoDefer.java:53)
	at reactor.core.publisher.InternalMonoOperator.subscribe(InternalMonoOperator.java:64)
	at reactor.core.publisher.MonoDefer.subscribe(MonoDefer.java:53)
	at reactor.core.publisher.InternalMonoOperator.subscribe(InternalMonoOperator.java:64)
	at reactor.core.publisher.MonoDefer.subscribe(MonoDefer.java:53)
	at reactor.core.publisher.InternalMonoOperator.subscribe(InternalMonoOperator.java:64)
	at reactor.core.publisher.MonoDefer.subscribe(MonoDefer.java:53)
	at reactor.core.publisher.InternalMonoOperator.subscribe(InternalMonoOperator.java:64)
	at reactor.core.publisher.MonoDefer.subscribe(MonoDefer.java:53)
	at reactor.core.publisher.InternalMonoOperator.subscribe(InternalMonoOperator.java:64)
	at reactor.core.publisher.MonoDefer.subscribe(MonoDefer.java:53)
	at reactor.core.publisher.InternalMonoOperator.subscribe(InternalMonoOperator.java:64)
	at reactor.core.publisher.MonoDefer.subscribe(MonoDefer.java:53)
	at reactor.core.publisher.InternalMonoOperator.subscribe(InternalMonoOperator.java:64)
	at reactor.core.publisher.MonoDefer.subscribe(MonoDefer.java:53)
	at reactor.core.publisher.InternalMonoOperator.subscribe(InternalMonoOperator.java:64)
	at reactor.core.publisher.MonoDefer.subscribe(MonoDefer.java:53)
	at reactor.core.publisher.Mono.subscribe(Mono.java:4495)
	at reactor.core.publisher.MonoIgnoreThen$ThenIgnoreMain.subscribeNext(MonoIgnoreThen.java:263)
	at reactor.core.publisher.MonoIgnoreThen.subscribe(MonoIgnoreThen.java:51)
	at reactor.core.publisher.Mono.subscribe(Mono.java:4495)
	at reactor.core.publisher.MonoIgnoreThen$ThenIgnoreMain.subscribeNext(MonoIgnoreThen.java:263)
	at reactor.core.publisher.MonoIgnoreThen.subscribe(MonoIgnoreThen.java:51)
	at reactor.core.publisher.Mono.subscribe(Mono.java:4495)
	at org.springframework.http.server.reactive.ServletHttpHandlerAdapter.service(ServletHttpHandlerAdapter.java:199)
	at org.apache.catalina.core.ApplicationFilterChain.internalDoFilter(ApplicationFilterChain.java:205)
	at org.apache.catalina.core.ApplicationFilterChain.doFilter(ApplicationFilterChain.java:149)
	at org.apache.tomcat.websocket.server.WsFilter.doFilter(WsFilter.java:51)
	at org.apache.catalina.core.ApplicationFilterChain.internalDoFilter(ApplicationFilterChain.java:174)
	at org.apache.catalina.core.ApplicationFilterChain.doFilter(ApplicationFilterChain.java:149)
	at org.apache.catalina.core.StandardWrapperValve.invoke(StandardWrapperValve.java:167)
	at org.apache.catalina.core.StandardContextValve.invoke(StandardContextValve.java:90)
	at org.apache.catalina.authenticator.AuthenticatorBase.invoke(AuthenticatorBase.java:482)
	at org.apache.catalina.core.StandardHostValve.invoke(StandardHostValve.java:115)
	at org.apache.catalina.valves.ErrorReportValve.invoke(ErrorReportValve.java:93)
	at org.apache.catalina.core.StandardEngineValve.invoke(StandardEngineValve.java:74)
	at org.apache.catalina.connector.CoyoteAdapter.service(CoyoteAdapter.java:340)
	at org.apache.coyote.http11.Http11Processor.service(Http11Processor.java:391)
	at org.apache.coyote.AbstractProcessorLight.process(AbstractProcessorLight.java:63)
	at org.apache.coyote.AbstractProtocol$ConnectionHandler.process(AbstractProtocol.java:896)
	at org.apache.tomcat.util.net.NioEndpoint$SocketProcessor.doRun(NioEndpoint.java:1744)
	at org.apache.tomcat.util.net.SocketProcessorBase.run(SocketProcessorBase.java:52)
	at org.apache.tomcat.util.threads.ThreadPoolExecutor.runWorker(ThreadPoolExecutor.java:1191)
	at org.apache.tomcat.util.threads.ThreadPoolExecutor$Worker.run(ThreadPoolExecutor.java:659)
	at org.apache.tomcat.util.threads.TaskThread$WrappingRunnable.run(TaskThread.java:61)
	at java.base/java.lang.Thread.run(Thread.java:1583)
2025-06-08 23:09:54.828 [http-nio-8080-exec-3] ERROR com.bgpay.bgai.controller.AuthController - SSO callback error
com.bgpay.bgai.exception.BillingException: 获取用户信息失败: 获取用户信息失败: 响应格式错误
	at com.bgpay.bgai.service.impl.UserServiceImpl.loginWithSSO(UserServiceImpl.java:295)
	at java.base/jdk.internal.reflect.DirectMethodHandleAccessor.invoke(DirectMethodHandleAccessor.java:103)
	at java.base/java.lang.reflect.Method.invoke(Method.java:580)
	at org.springframework.aop.support.AopUtils.invokeJoinpointUsingReflection(AopUtils.java:343)
	at org.springframework.aop.framework.ReflectiveMethodInvocation.invokeJoinpoint(ReflectiveMethodInvocation.java:196)
	at org.springframework.aop.framework.ReflectiveMethodInvocation.proceed(ReflectiveMethodInvocation.java:163)
	at org.springframework.aop.framework.CglibAopProxy$CglibMethodInvocation.proceed(CglibAopProxy.java:751)
	at org.springframework.aop.aspectj.AspectJAfterAdvice.invoke(AspectJAfterAdvice.java:49)
	at org.springframework.aop.framework.ReflectiveMethodInvocation.proceed(ReflectiveMethodInvocation.java:173)
	at org.springframework.aop.framework.CglibAopProxy$CglibMethodInvocation.proceed(CglibAopProxy.java:751)
	at org.springframework.aop.framework.adapter.MethodBeforeAdviceInterceptor.invoke(MethodBeforeAdviceInterceptor.java:58)
	at org.springframework.aop.framework.ReflectiveMethodInvocation.proceed(ReflectiveMethodInvocation.java:173)
	at org.springframework.aop.framework.CglibAopProxy$CglibMethodInvocation.proceed(CglibAopProxy.java:751)
	at org.springframework.transaction.interceptor.TransactionInterceptor$1.proceedWithInvocation(TransactionInterceptor.java:123)
	at org.springframework.transaction.interceptor.TransactionAspectSupport.invokeWithinTransaction(TransactionAspectSupport.java:391)
	at org.springframework.transaction.interceptor.TransactionInterceptor.invoke(TransactionInterceptor.java:119)
	at org.springframework.aop.framework.ReflectiveMethodInvocation.proceed(ReflectiveMethodInvocation.java:184)
	at org.springframework.aop.framework.CglibAopProxy$CglibMethodInvocation.proceed(CglibAopProxy.java:751)
	at org.springframework.aop.interceptor.ExposeInvocationInterceptor.invoke(ExposeInvocationInterceptor.java:97)
	at org.springframework.aop.framework.ReflectiveMethodInvocation.proceed(ReflectiveMethodInvocation.java:184)
	at org.springframework.aop.framework.CglibAopProxy$CglibMethodInvocation.proceed(CglibAopProxy.java:751)
	at org.springframework.aop.framework.CglibAopProxy$DynamicAdvisedInterceptor.intercept(CglibAopProxy.java:703)
	at com.bgpay.bgai.service.impl.UserServiceImpl$$SpringCGLIB$$0.loginWithSSO(<generated>)
	at com.bgpay.bgai.controller.AuthController.handleCallback(AuthController.java:72)
	at java.base/jdk.internal.reflect.DirectMethodHandleAccessor.invoke(DirectMethodHandleAccessor.java:103)
	at java.base/java.lang.reflect.Method.invoke(Method.java:580)
	at org.springframework.web.reactive.result.method.InvocableHandlerMethod.lambda$invoke$0(InvocableHandlerMethod.java:145)
	at reactor.core.publisher.MonoFlatMap$FlatMapMain.onNext(MonoFlatMap.java:132)
	at reactor.core.publisher.FluxOnAssembly$OnAssemblySubscriber.onNext(FluxOnAssembly.java:539)
	at reactor.core.publisher.MonoZip$ZipCoordinator.signal(MonoZip.java:293)
	at reactor.core.publisher.MonoZip$ZipInner.onNext(MonoZip.java:474)
	at reactor.core.publisher.FluxOnAssembly$OnAssemblySubscriber.onNext(FluxOnAssembly.java:539)
	at reactor.core.publisher.MonoPeekTerminal$MonoTerminalPeekSubscriber.onNext(MonoPeekTerminal.java:180)
	at reactor.core.publisher.FluxOnAssembly$OnAssemblySubscriber.onNext(FluxOnAssembly.java:539)
	at reactor.core.publisher.FluxDefaultIfEmpty$DefaultIfEmptySubscriber.onNext(FluxDefaultIfEmpty.java:122)
	at reactor.core.publisher.FluxOnAssembly$OnAssemblySubscriber.onNext(FluxOnAssembly.java:539)
	at reactor.core.publisher.FluxSwitchIfEmpty$SwitchIfEmptySubscriber.onNext(FluxSwitchIfEmpty.java:74)
	at reactor.core.publisher.FluxOnAssembly$OnAssemblySubscriber.onNext(FluxOnAssembly.java:539)
	at reactor.core.publisher.Operators$ScalarSubscription.request(Operators.java:2545)
	at reactor.core.publisher.FluxOnAssembly$OnAssemblySubscriber.request(FluxOnAssembly.java:649)
	at reactor.core.publisher.Operators$MultiSubscriptionSubscriber.set(Operators.java:2341)
	at reactor.core.publisher.Operators$MultiSubscriptionSubscriber.onSubscribe(Operators.java:2215)
	at reactor.core.publisher.FluxOnAssembly$OnAssemblySubscriber.onSubscribe(FluxOnAssembly.java:633)
	at reactor.core.publisher.FluxFlatMap.trySubscribeScalarMap(FluxFlatMap.java:192)
	at reactor.core.publisher.MonoFlatMap.subscribeOrReturn(MonoFlatMap.java:53)
	at reactor.core.publisher.InternalMonoOperator.subscribe(InternalMonoOperator.java:57)
	at reactor.core.publisher.MonoZip$ZipCoordinator.request(MonoZip.java:216)
	at reactor.core.publisher.FluxOnAssembly$OnAssemblySubscriber.request(FluxOnAssembly.java:649)
	at reactor.core.publisher.MonoFlatMap$FlatMapMain.request(MonoFlatMap.java:194)
	at reactor.core.publisher.FluxOnAssembly$OnAssemblySubscriber.request(FluxOnAssembly.java:649)
	at reactor.core.publisher.FluxOnAssembly$OnAssemblySubscriber.request(FluxOnAssembly.java:649)
	at reactor.core.publisher.MonoIgnoreThen$ThenIgnoreMain.onSubscribe(MonoIgnoreThen.java:134)
	at reactor.core.publisher.FluxOnAssembly$OnAssemblySubscriber.onSubscribe(FluxOnAssembly.java:633)
	at reactor.core.publisher.FluxOnAssembly$OnAssemblySubscriber.onSubscribe(FluxOnAssembly.java:633)
	at reactor.core.publisher.MonoFlatMap$FlatMapMain.onSubscribe(MonoFlatMap.java:117)
	at reactor.core.publisher.FluxOnAssembly$OnAssemblySubscriber.onSubscribe(FluxOnAssembly.java:633)
	at reactor.core.publisher.MonoZip.subscribe(MonoZip.java:125)
	at reactor.core.publisher.InternalMonoOperator.subscribe(InternalMonoOperator.java:64)
	at reactor.core.publisher.MonoDefer.subscribe(MonoDefer.java:53)
	at reactor.core.publisher.InternalMonoOperator.subscribe(InternalMonoOperator.java:64)
	at reactor.core.publisher.MonoIgnoreThen$ThenIgnoreMain.subscribeNext(MonoIgnoreThen.java:240)
	at reactor.core.publisher.MonoIgnoreThen$ThenIgnoreMain.onComplete(MonoIgnoreThen.java:203)
	at reactor.core.publisher.FluxOnAssembly$OnAssemblySubscriber.onComplete(FluxOnAssembly.java:549)
	at reactor.core.publisher.MonoFlatMap$FlatMapMain.onComplete(MonoFlatMap.java:189)
	at reactor.core.publisher.FluxOnAssembly$OnAssemblySubscriber.onComplete(FluxOnAssembly.java:549)
	at reactor.core.publisher.Operators.complete(Operators.java:137)
	at reactor.core.publisher.MonoZip.subscribe(MonoZip.java:121)
	at reactor.core.publisher.Mono.subscribe(Mono.java:4495)
	at reactor.core.publisher.MonoIgnoreThen$ThenIgnoreMain.subscribeNext(MonoIgnoreThen.java:263)
	at reactor.core.publisher.MonoIgnoreThen.subscribe(MonoIgnoreThen.java:51)
	at reactor.core.publisher.InternalMonoOperator.subscribe(InternalMonoOperator.java:64)
	at reactor.core.publisher.MonoFlatMap$FlatMapMain.onNext(MonoFlatMap.java:165)
	at reactor.core.publisher.FluxOnAssembly$OnAssemblySubscriber.onNext(FluxOnAssembly.java:539)
	at reactor.core.publisher.FluxOnErrorResume$ResumeSubscriber.onNext(FluxOnErrorResume.java:79)
	at reactor.core.publisher.FluxOnAssembly$OnAssemblySubscriber.onNext(FluxOnAssembly.java:539)
	at reactor.core.publisher.FluxSwitchIfEmpty$SwitchIfEmptySubscriber.onNext(FluxSwitchIfEmpty.java:74)
	at reactor.core.publisher.FluxOnAssembly$OnAssemblySubscriber.onNext(FluxOnAssembly.java:539)
	at reactor.core.publisher.MonoNext$NextSubscriber.onNext(MonoNext.java:82)
	at reactor.core.publisher.FluxOnAssembly$OnAssemblySubscriber.onNext(FluxOnAssembly.java:539)
	at reactor.core.publisher.FluxConcatMapNoPrefetch$FluxConcatMapNoPrefetchSubscriber.innerNext(FluxConcatMapNoPrefetch.java:258)
	at reactor.core.publisher.FluxConcatMap$ConcatMapInner.onNext(FluxConcatMap.java:863)
	at reactor.core.publisher.FluxOnAssembly$OnAssemblySubscriber.onNext(FluxOnAssembly.java:539)
	at reactor.core.publisher.FluxMapFuseable$MapFuseableSubscriber.onNext(FluxMapFuseable.java:129)
	at reactor.core.publisher.FluxOnAssembly$OnAssemblySubscriber.onNext(FluxOnAssembly.java:539)
	at reactor.core.publisher.MonoPeekTerminal$MonoTerminalPeekSubscriber.onNext(MonoPeekTerminal.java:180)
	at reactor.core.publisher.FluxOnAssembly$OnAssemblySubscriber.onNext(FluxOnAssembly.java:539)
	at reactor.core.publisher.Operators$ScalarSubscription.request(Operators.java:2545)
	at reactor.core.publisher.FluxOnAssembly$OnAssemblySubscriber.request(FluxOnAssembly.java:649)
	at reactor.core.publisher.MonoPeekTerminal$MonoTerminalPeekSubscriber.request(MonoPeekTerminal.java:139)
	at reactor.core.publisher.FluxOnAssembly$OnAssemblySubscriber.request(FluxOnAssembly.java:649)
	at reactor.core.publisher.FluxMapFuseable$MapFuseableSubscriber.request(FluxMapFuseable.java:171)
	at reactor.core.publisher.FluxOnAssembly$OnAssemblySubscriber.request(FluxOnAssembly.java:649)
	at reactor.core.publisher.Operators$MultiSubscriptionSubscriber.request(Operators.java:2305)
	at reactor.core.publisher.FluxConcatMapNoPrefetch$FluxConcatMapNoPrefetchSubscriber.request(FluxConcatMapNoPrefetch.java:338)
	at reactor.core.publisher.FluxOnAssembly$OnAssemblySubscriber.request(FluxOnAssembly.java:649)
	at reactor.core.publisher.MonoNext$NextSubscriber.request(MonoNext.java:108)
	at reactor.core.publisher.FluxOnAssembly$OnAssemblySubscriber.request(FluxOnAssembly.java:649)
	at reactor.core.publisher.Operators$MultiSubscriptionSubscriber.set(Operators.java:2341)
	at reactor.core.publisher.Operators$MultiSubscriptionSubscriber.onSubscribe(Operators.java:2215)
	at reactor.core.publisher.FluxOnAssembly$OnAssemblySubscriber.onSubscribe(FluxOnAssembly.java:633)
	at reactor.core.publisher.MonoNext$NextSubscriber.onSubscribe(MonoNext.java:70)
	at reactor.core.publisher.FluxOnAssembly$OnAssemblySubscriber.onSubscribe(FluxOnAssembly.java:633)
	at reactor.core.publisher.FluxConcatMapNoPrefetch$FluxConcatMapNoPrefetchSubscriber.onSubscribe(FluxConcatMapNoPrefetch.java:164)
	at reactor.core.publisher.FluxOnAssembly$OnAssemblySubscriber.onSubscribe(FluxOnAssembly.java:633)
	at reactor.core.publisher.FluxIterable.subscribe(FluxIterable.java:201)
	at reactor.core.publisher.FluxIterable.subscribe(FluxIterable.java:83)
	at reactor.core.publisher.InternalMonoOperator.subscribe(InternalMonoOperator.java:64)
	at reactor.core.publisher.MonoDefer.subscribe(MonoDefer.java:53)
	at reactor.core.publisher.InternalMonoOperator.subscribe(InternalMonoOperator.java:64)
	at reactor.core.publisher.MonoDefer.subscribe(MonoDefer.java:53)
	at reactor.core.publisher.InternalMonoOperator.subscribe(InternalMonoOperator.java:64)
	at reactor.core.publisher.MonoDefer.subscribe(MonoDefer.java:53)
	at reactor.core.publisher.InternalMonoOperator.subscribe(InternalMonoOperator.java:64)
	at reactor.core.publisher.MonoDefer.subscribe(MonoDefer.java:53)
	at reactor.core.publisher.InternalMonoOperator.subscribe(InternalMonoOperator.java:64)
	at reactor.core.publisher.MonoDefer.subscribe(MonoDefer.java:53)
	at reactor.core.publisher.InternalMonoOperator.subscribe(InternalMonoOperator.java:64)
	at reactor.core.publisher.MonoDefer.subscribe(MonoDefer.java:53)
	at reactor.core.publisher.InternalMonoOperator.subscribe(InternalMonoOperator.java:64)
	at reactor.core.publisher.MonoDefer.subscribe(MonoDefer.java:53)
	at reactor.core.publisher.InternalMonoOperator.subscribe(InternalMonoOperator.java:64)
	at reactor.core.publisher.MonoDefer.subscribe(MonoDefer.java:53)
	at reactor.core.publisher.InternalMonoOperator.subscribe(InternalMonoOperator.java:64)
	at reactor.core.publisher.MonoDefer.subscribe(MonoDefer.java:53)
	at reactor.core.publisher.Mono.subscribe(Mono.java:4495)
	at reactor.core.publisher.MonoIgnoreThen$ThenIgnoreMain.subscribeNext(MonoIgnoreThen.java:263)
	at reactor.core.publisher.MonoIgnoreThen.subscribe(MonoIgnoreThen.java:51)
	at reactor.core.publisher.Mono.subscribe(Mono.java:4495)
	at reactor.core.publisher.MonoIgnoreThen$ThenIgnoreMain.subscribeNext(MonoIgnoreThen.java:263)
	at reactor.core.publisher.MonoIgnoreThen.subscribe(MonoIgnoreThen.java:51)
	at reactor.core.publisher.Mono.subscribe(Mono.java:4495)
	at org.springframework.http.server.reactive.ServletHttpHandlerAdapter.service(ServletHttpHandlerAdapter.java:199)
	at org.apache.catalina.core.ApplicationFilterChain.internalDoFilter(ApplicationFilterChain.java:205)
	at org.apache.catalina.core.ApplicationFilterChain.doFilter(ApplicationFilterChain.java:149)
	at org.apache.tomcat.websocket.server.WsFilter.doFilter(WsFilter.java:51)
	at org.apache.catalina.core.ApplicationFilterChain.internalDoFilter(ApplicationFilterChain.java:174)
	at org.apache.catalina.core.ApplicationFilterChain.doFilter(ApplicationFilterChain.java:149)
	at org.apache.catalina.core.StandardWrapperValve.invoke(StandardWrapperValve.java:167)
	at org.apache.catalina.core.StandardContextValve.invoke(StandardContextValve.java:90)
	at org.apache.catalina.authenticator.AuthenticatorBase.invoke(AuthenticatorBase.java:482)
	at org.apache.catalina.core.StandardHostValve.invoke(StandardHostValve.java:115)
	at org.apache.catalina.valves.ErrorReportValve.invoke(ErrorReportValve.java:93)
	at org.apache.catalina.core.StandardEngineValve.invoke(StandardEngineValve.java:74)
	at org.apache.catalina.connector.CoyoteAdapter.service(CoyoteAdapter.java:340)
	at org.apache.coyote.http11.Http11Processor.service(Http11Processor.java:391)
	at org.apache.coyote.AbstractProcessorLight.process(AbstractProcessorLight.java:63)
	at org.apache.coyote.AbstractProtocol$ConnectionHandler.process(AbstractProtocol.java:896)
	at org.apache.tomcat.util.net.NioEndpoint$SocketProcessor.doRun(NioEndpoint.java:1744)
	at org.apache.tomcat.util.net.SocketProcessorBase.run(SocketProcessorBase.java:52)
	at org.apache.tomcat.util.threads.ThreadPoolExecutor.runWorker(ThreadPoolExecutor.java:1191)
	at org.apache.tomcat.util.threads.ThreadPoolExecutor$Worker.run(ThreadPoolExecutor.java:659)
	at org.apache.tomcat.util.threads.TaskThread$WrappingRunnable.run(TaskThread.java:61)
	at java.base/java.lang.Thread.run(Thread.java:1583)
2025-06-08 23:10:10.522 [rpcDispatch_RMROLE_1_1_24] INFO  i.s.core.rpc.processor.client.RmUndoLogProcessor - rm handle undo log process:UndoLogDeleteRequest{resourceId='jdbc:mysql://8.133.246.113:3306/deepseek', saveDays=7, branchType=AT}
2025-06-08 23:10:10.522 [rpcDispatch_RMROLE_1_2_24] INFO  i.s.core.rpc.processor.client.RmUndoLogProcessor - rm handle undo log process:UndoLogDeleteRequest{resourceId='bgai:default', saveDays=7, branchType=AT}
2025-06-08 23:10:10.523 [rpcDispatch_RMROLE_1_2_24] WARN  io.seata.rm.RMHandlerAT - Failed to get dataSourceProxy for delete undolog on bgai:default
2025-06-08 23:10:43.691 [Thread-15] WARN  com.alibaba.nacos.common.notify.NotifyCenter - [NotifyCenter] Start destroying Publisher
2025-06-08 23:10:43.691 [Thread-5] WARN  c.alibaba.nacos.common.http.HttpClientBeanHolder - [HttpClientBeanHolder] Start destroying common HttpClient
2025-06-08 23:10:43.692 [Thread-15] WARN  com.alibaba.nacos.common.notify.NotifyCenter - [NotifyCenter] Destruction of the end
2025-06-08 23:10:43.692 [Thread-5] WARN  c.alibaba.nacos.common.http.HttpClientBeanHolder - [HttpClientBeanHolder] Destruction of the end
2025-06-08 23:10:43.711 [SpringContextShutdownHook] INFO  c.a.cloud.nacos.registry.NacosServiceRegistry - De-registering from Nacos Server now...
2025-06-08 23:10:43.711 [SpringContextShutdownHook] INFO  com.alibaba.nacos.client.naming - [DEREGISTER-SERVICE] d750d92e-152f-4055-a641-3bc9dda85a29 deregistering service bgai with instance: Instance{instanceId='null', ip='192.168.86.8', port=8080, weight=1.0, healthy=true, enabled=true, ephemeral=true, clusterName='DEFAULT', serviceName='null', metadata={}}
2025-06-08 23:10:43.721 [SpringContextShutdownHook] INFO  c.a.cloud.nacos.registry.NacosServiceRegistry - De-registration finished.
2025-06-08 23:10:43.724 [SpringContextShutdownHook] INFO  com.alibaba.nacos.client.naming - com.alibaba.nacos.client.naming.cache.ServiceInfoHolder do shutdown begin
2025-06-08 23:10:43.724 [SpringContextShutdownHook] INFO  com.alibaba.nacos.client.naming - com.alibaba.nacos.client.naming.backups.FailoverReactor do shutdown begin
2025-06-08 23:10:43.724 [SpringContextShutdownHook] INFO  com.alibaba.nacos.client.naming - com.alibaba.nacos.client.naming.backups.FailoverReactor do shutdown stop
2025-06-08 23:10:43.724 [SpringContextShutdownHook] INFO  com.alibaba.nacos.client.naming - com.alibaba.nacos.client.naming.cache.ServiceInfoHolder do shutdown stop
2025-06-08 23:10:43.724 [SpringContextShutdownHook] INFO  com.alibaba.nacos.client.naming - com.alibaba.nacos.client.naming.remote.NamingClientProxyDelegate do shutdown begin
2025-06-08 23:10:43.724 [SpringContextShutdownHook] INFO  com.alibaba.nacos.client.naming - com.alibaba.nacos.client.naming.core.ServiceInfoUpdateService do shutdown begin
2025-06-08 23:10:43.724 [SpringContextShutdownHook] INFO  com.alibaba.nacos.client.naming - com.alibaba.nacos.client.naming.core.ServiceInfoUpdateService do shutdown stop
2025-06-08 23:10:43.724 [SpringContextShutdownHook] INFO  com.alibaba.nacos.client.naming - com.alibaba.nacos.client.naming.core.ServerListManager do shutdown begin
2025-06-08 23:10:43.724 [SpringContextShutdownHook] WARN  com.alibaba.nacos.client.naming - [NamingHttpClientManager] Start destroying NacosRestTemplate
2025-06-08 23:10:43.725 [SpringContextShutdownHook] WARN  com.alibaba.nacos.client.naming - [NamingHttpClientManager] Destruction of the end
2025-06-08 23:10:43.725 [SpringContextShutdownHook] INFO  com.alibaba.nacos.client.naming - com.alibaba.nacos.client.naming.core.ServerListManager do shutdown stop
2025-06-08 23:10:43.725 [SpringContextShutdownHook] INFO  com.alibaba.nacos.client.naming - com.alibaba.nacos.client.naming.remote.http.NamingHttpClientProxy do shutdown begin
2025-06-08 23:10:43.725 [SpringContextShutdownHook] WARN  com.alibaba.nacos.client.naming - [NamingHttpClientManager] Start destroying NacosRestTemplate
2025-06-08 23:10:43.725 [SpringContextShutdownHook] WARN  com.alibaba.nacos.client.naming - [NamingHttpClientManager] Destruction of the end
2025-06-08 23:10:43.725 [SpringContextShutdownHook] INFO  com.alibaba.nacos.client.naming - com.alibaba.nacos.client.naming.remote.http.NamingHttpClientProxy do shutdown stop
2025-06-08 23:10:43.725 [SpringContextShutdownHook] INFO  com.alibaba.nacos.common.remote.client - Shutdown rpc client, set status to shutdown
2025-06-08 23:10:43.725 [SpringContextShutdownHook] INFO  com.alibaba.nacos.common.remote.client - Shutdown client event executor java.util.concurrent.ScheduledThreadPoolExecutor@64c82a3b[Running, pool size = 2, active threads = 2, queued tasks = 0, completed tasks = 0]
2025-06-08 23:10:43.725 [SpringContextShutdownHook] INFO  com.alibaba.nacos.common.remote.client - Close current connection 1749395374175_139.227.195.166_38292
2025-06-08 23:10:43.730 [nacos-grpc-client-executor-8.133.246.113-32] WARN  c.a.nacos.common.remote.client.grpc.GrpcClient - [1749395374175_139.227.195.166_38292]Ignore error event,isRunning:false,isAbandon=false
2025-06-08 23:10:43.734 [SpringContextShutdownHook] INFO  c.a.nacos.common.remote.client.grpc.GrpcClient - Shutdown grpc executor java.util.concurrent.ThreadPoolExecutor@69fc861a[Running, pool size = 6, active threads = 0, queued tasks = 0, completed tasks = 33]
2025-06-08 23:10:43.734 [SpringContextShutdownHook] INFO  com.alibaba.nacos.client.naming - Shutdown grpc redo service executor java.util.concurrent.ScheduledThreadPoolExecutor@40c78bd1[Running, pool size = 1, active threads = 0, queued tasks = 1, completed tasks = 23]
2025-06-08 23:10:43.734 [SpringContextShutdownHook] INFO  c.a.n.client.auth.ram.identify.CredentialWatcher - [null] CredentialWatcher is stopped
2025-06-08 23:10:43.734 [SpringContextShutdownHook] INFO  c.a.n.client.auth.ram.identify.CredentialService - [null] CredentialService is freed
2025-06-08 23:10:43.734 [SpringContextShutdownHook] INFO  com.alibaba.nacos.client.naming - com.alibaba.nacos.client.naming.remote.NamingClientProxyDelegate do shutdown stop
2025-06-08 23:10:43.744 [SpringContextShutdownHook] DEBUG com.bgpay.bgai.config.AsyncConfig$1 - Shutting down ExecutorService 'blockingExecutor'
2025-06-08 23:10:45.832 [NettyClientSelector_1] INFO  RocketmqRemoting - closeChannel: close the connection to remote address[8.133.246.113:10911] result: true
2025-06-08 23:10:45.833 [SpringContextShutdownHook] INFO  com.bgpay.bgai.service.mq.RocketMQProducerService - Transaction producer shutdown completed
2025-06-08 23:10:45.833 [NettyClientSelector_1] INFO  RocketmqRemoting - closeChannel: close the connection to remote address[8.133.246.113:9876] result: true
2025-06-08 23:10:45.862 [SpringContextShutdownHook] INFO  o.s.orm.jpa.LocalContainerEntityManagerFactoryBean - Closing JPA EntityManagerFactory for persistence unit 'default'
2025-06-08 23:10:45.864 [SpringContextShutdownHook] INFO  com.alibaba.druid.pool.DruidDataSource - {dataSource-2} closing ...
2025-06-08 23:10:45.871 [SpringContextShutdownHook] INFO  com.alibaba.druid.pool.DruidDataSource - {dataSource-2} closed
2025-06-08 23:10:45.871 [SpringContextShutdownHook] INFO  com.alibaba.druid.pool.DruidDataSource - {dataSource-1} closing ...
2025-06-08 23:10:45.872 [SpringContextShutdownHook] INFO  com.alibaba.druid.pool.DruidDataSource - {dataSource-1} closed
2025-06-08 23:10:45.872 [NettyClientSelector_TMROLE_1_1] INFO  i.seata.core.rpc.netty.AbstractNettyRemotingClient - channel inactive: [id: 0x23a67159, L:/192.168.86.8:53108 ! R:/8.133.246.113:8091]
2025-06-08 23:10:45.872 [NettyClientSelector_TMROLE_1_1] INFO  io.seata.core.rpc.netty.NettyClientChannelManager - return to pool, rm channel:[id: 0x23a67159, L:/192.168.86.8:53108 ! R:/8.133.246.113:8091]
2025-06-08 23:10:45.873 [NettyClientSelector_TMROLE_1_1] INFO  io.seata.core.rpc.netty.NettyPoolableFactory - channel valid false,channel:[id: 0x23a67159, L:/192.168.86.8:53108 ! R:/8.133.246.113:8091]
2025-06-08 23:10:45.873 [NettyClientSelector_TMROLE_1_1] INFO  io.seata.core.rpc.netty.NettyPoolableFactory - will destroy channel:[id: 0x23a67159, L:/192.168.86.8:53108 ! R:/8.133.246.113:8091]
2025-06-08 23:10:45.873 [NettyClientSelector_TMROLE_1_1] INFO  i.seata.core.rpc.netty.AbstractNettyRemotingClient - ChannelHandlerContext(AbstractNettyRemotingClient$ClientHandler#0, [id: 0x23a67159, L:/192.168.86.8:53108 ! R:/8.133.246.113:8091]) will closed
2025-06-08 23:10:45.873 [NettyClientSelector_TMROLE_1_1] INFO  i.seata.core.rpc.netty.AbstractNettyRemotingClient - ChannelHandlerContext(AbstractNettyRemotingClient$ClientHandler#0, [id: 0x23a67159, L:/192.168.86.8:53108 ! R:/8.133.246.113:8091]) will closed
2025-06-08 23:10:45.874 [NettyClientSelector_RMROLE_1_1] INFO  i.seata.core.rpc.netty.AbstractNettyRemotingClient - channel inactive: [id: 0x6806d88b, L:/192.168.86.8:53114 ! R:/8.133.246.113:8091]
2025-06-08 23:10:45.874 [NettyClientSelector_RMROLE_1_1] INFO  io.seata.core.rpc.netty.NettyClientChannelManager - return to pool, rm channel:[id: 0x6806d88b, L:/192.168.86.8:53114 ! R:/8.133.246.113:8091]
2025-06-08 23:10:45.874 [NettyClientSelector_RMROLE_1_1] INFO  io.seata.core.rpc.netty.NettyPoolableFactory - channel valid false,channel:[id: 0x6806d88b, L:/192.168.86.8:53114 ! R:/8.133.246.113:8091]
2025-06-08 23:10:45.874 [NettyClientSelector_RMROLE_1_1] INFO  io.seata.core.rpc.netty.NettyPoolableFactory - will destroy channel:[id: 0x6806d88b, L:/192.168.86.8:53114 ! R:/8.133.246.113:8091]
2025-06-08 23:10:45.874 [NettyClientSelector_RMROLE_1_1] INFO  i.seata.core.rpc.netty.AbstractNettyRemotingClient - ChannelHandlerContext(AbstractNettyRemotingClient$ClientHandler#0, [id: 0x6806d88b, L:/192.168.86.8:53114 ! R:/8.133.246.113:8091]) will closed
2025-06-08 23:10:45.874 [NettyClientSelector_RMROLE_1_1] INFO  i.seata.core.rpc.netty.AbstractNettyRemotingClient - ChannelHandlerContext(AbstractNettyRemotingClient$ClientHandler#0, [id: 0x6806d88b, L:/192.168.86.8:53114 ! R:/8.133.246.113:8091]) will closed
2025-06-08 23:11:55.574 [main] WARN  com.alibaba.nacos.client.logging.NacosLogging - Load Logback Configuration of Nacos fail, message: Could not initialize Logback Nacos logging from classpath:nacos-logback.xml
2025-06-08 23:11:55.574 [main] INFO  com.bgpay.bgai.BgaiApplication - The following 1 profile is active: "dev"
2025-06-08 23:11:56.549 [main] INFO  o.s.d.r.config.RepositoryConfigurationDelegate - Multiple Spring Data modules found, entering strict repository configuration mode
2025-06-08 23:11:56.550 [main] INFO  o.s.d.r.config.RepositoryConfigurationDelegate - Bootstrapping Spring Data Elasticsearch repositories in DEFAULT mode.
2025-06-08 23:11:56.901 [main] INFO  o.s.d.r.config.RepositoryConfigurationDelegate - Finished Spring Data repository scanning in 344 ms. Found 1 Elasticsearch repository interfaces.
2025-06-08 23:11:57.682 [main] INFO  o.s.d.r.config.RepositoryConfigurationDelegate - Multiple Spring Data modules found, entering strict repository configuration mode
2025-06-08 23:11:57.684 [main] INFO  o.s.d.r.config.RepositoryConfigurationDelegate - Bootstrapping Spring Data Reactive Elasticsearch repositories in DEFAULT mode.
2025-06-08 23:11:57.718 [main] INFO  o.s.d.r.config.RepositoryConfigurationDelegate - Finished Spring Data repository scanning in 34 ms. Found 0 Reactive Elasticsearch repository interfaces.
2025-06-08 23:11:57.742 [main] INFO  o.s.d.r.config.RepositoryConfigurationDelegate - Multiple Spring Data modules found, entering strict repository configuration mode
2025-06-08 23:11:57.743 [main] INFO  o.s.d.r.config.RepositoryConfigurationDelegate - Bootstrapping Spring Data JPA repositories in DEFAULT mode.
2025-06-08 23:11:57.758 [main] INFO  o.s.d.r.c.RepositoryConfigurationExtensionSupport - Spring Data JPA - Could not safely identify store assignment for repository candidate interface com.bgpay.bgai.repository.es.ChatRecordRepository; If you want this repository to be a JPA repository, consider annotating your entities with one of these annotations: jakarta.persistence.Entity, jakarta.persistence.MappedSuperclass (preferred), or consider extending one of the following types with your repository: org.springframework.data.jpa.repository.JpaRepository
2025-06-08 23:11:57.759 [main] INFO  o.s.d.r.config.RepositoryConfigurationDelegate - Finished Spring Data repository scanning in 9 ms. Found 0 JPA repository interfaces.
2025-06-08 23:11:57.772 [main] INFO  o.s.d.r.config.RepositoryConfigurationDelegate - Multiple Spring Data modules found, entering strict repository configuration mode
2025-06-08 23:11:57.773 [main] INFO  o.s.d.r.config.RepositoryConfigurationDelegate - Bootstrapping Spring Data Redis repositories in DEFAULT mode.
2025-06-08 23:11:57.786 [main] INFO  o.s.d.r.c.RepositoryConfigurationExtensionSupport - Spring Data Redis - Could not safely identify store assignment for repository candidate interface com.bgpay.bgai.repository.es.ChatRecordRepository; If you want this repository to be a Redis repository, consider annotating your entities with one of these annotations: org.springframework.data.redis.core.RedisHash (preferred), or consider extending one of the following types with your repository: org.springframework.data.keyvalue.repository.KeyValueRepository
2025-06-08 23:11:57.786 [main] INFO  o.s.d.r.config.RepositoryConfigurationDelegate - Finished Spring Data repository scanning in 6 ms. Found 0 Redis repository interfaces.
2025-06-08 23:11:58.550 [main] INFO  io.seata.config.ConfigurationFactory - load Configuration from :Spring Configuration
2025-06-08 23:11:58.562 [main] INFO  io.seata.config.ConfigurationFactory - load Configuration from :Spring Configuration
2025-06-08 23:11:58.569 [main] INFO  i.seata.spring.annotation.GlobalTransactionScanner - Initializing Global Transaction Clients ... 
2025-06-08 23:11:58.682 [main] INFO  io.seata.core.rpc.netty.NettyClientBootstrap - NettyClientBootstrap has started
2025-06-08 23:11:58.684 [main] INFO  io.seata.discovery.registry.RegistryFactory - use registry center type: file
2025-06-08 23:11:58.694 [main] INFO  io.seata.core.rpc.netty.NettyClientChannelManager - will connect to 8.133.246.113:8091
2025-06-08 23:11:58.699 [main] INFO  io.seata.core.rpc.netty.NettyPoolableFactory - NettyPool create channel to transactionRole:TMROLE,address:8.133.246.113:8091,msg:< RegisterTMRequest{version='1.7.0', applicationId='bgai', transactionServiceGroup='default-tx-group', extraData='ak=null
digest=default-tx-group,192.168.86.8,1749395518698
timestamp=1749395518698
authVersion=V4
vgroup=default-tx-group
ip=192.168.86.8
'} >
2025-06-08 23:11:58.856 [main] INFO  io.seata.core.rpc.netty.TmNettyRemotingClient - register TM success. client version:1.7.0, server version:1.8.1-SNAPSHOT,channel:[id: 0x2b41579f, L:/192.168.86.8:61489 - R:/8.133.246.113:8091]
2025-06-08 23:11:58.865 [main] INFO  io.seata.core.rpc.netty.NettyPoolableFactory - register success, cost 82 ms, version:1.8.1-SNAPSHOT,role:TMROLE,channel:[id: 0x2b41579f, L:/192.168.86.8:61489 - R:/8.133.246.113:8091]
2025-06-08 23:11:58.866 [main] INFO  i.seata.spring.annotation.GlobalTransactionScanner - Transaction Manager Client is initialized. applicationId[bgai] txServiceGroup[default-tx-group]
2025-06-08 23:11:58.879 [main] INFO  io.seata.rm.datasource.AsyncWorker - Async Commit Buffer Limit: 10000
2025-06-08 23:11:58.880 [main] INFO  io.seata.rm.datasource.xa.ResourceManagerXA - ResourceManagerXA init ...
2025-06-08 23:11:58.886 [main] INFO  io.seata.core.rpc.netty.NettyClientBootstrap - NettyClientBootstrap has started
2025-06-08 23:11:58.886 [main] INFO  i.seata.spring.annotation.GlobalTransactionScanner - Resource Manager is initialized. applicationId[bgai] txServiceGroup[default-tx-group]
2025-06-08 23:11:58.886 [main] INFO  i.seata.spring.annotation.GlobalTransactionScanner - Global Transaction Clients are initialized. 
2025-06-08 23:12:00.293 [main] INFO  o.s.boot.web.embedded.tomcat.TomcatWebServer - Tomcat initialized with port(s): 8080 (http)
2025-06-08 23:12:00.311 [main] INFO  org.apache.coyote.http11.Http11NioProtocol - The ["http-nio-8080"] connector has been configured to support HTTP upgrade to [h2c]
2025-06-08 23:12:00.312 [main] INFO  org.apache.coyote.http11.Http11NioProtocol - Initializing ProtocolHandler ["http-nio-8080"]
2025-06-08 23:12:00.315 [main] INFO  org.apache.catalina.core.StandardService - Starting service [Tomcat]
2025-06-08 23:12:00.315 [main] INFO  org.apache.catalina.core.StandardEngine - Starting Servlet engine: [Apache Tomcat/10.1.15]
2025-06-08 23:12:00.873 [main] INFO  com.alibaba.druid.pool.DruidDataSource - {dataSource-1} inited
2025-06-08 23:12:01.192 [main] INFO  io.seata.core.rpc.netty.NettyClientChannelManager - will connect to 8.133.246.113:8091
2025-06-08 23:12:01.192 [main] INFO  io.seata.core.rpc.netty.RmNettyRemotingClient - RM will register :jdbc:mysql://8.133.246.113:3306/deepseek
2025-06-08 23:12:01.192 [main] INFO  io.seata.core.rpc.netty.NettyPoolableFactory - NettyPool create channel to transactionRole:RMROLE,address:8.133.246.113:8091,msg:< RegisterRMRequest{resourceIds='jdbc:mysql://8.133.246.113:3306/deepseek', version='1.7.0', applicationId='bgai', transactionServiceGroup='default-tx-group', extraData='null'} >
2025-06-08 23:12:01.216 [main] INFO  io.seata.core.rpc.netty.RmNettyRemotingClient - register RM success. client version:1.7.0, server version:1.8.1-SNAPSHOT,channel:[id: 0xc56fbb53, L:/192.168.86.8:61520 - R:/8.133.246.113:8091]
2025-06-08 23:12:01.216 [main] INFO  io.seata.core.rpc.netty.NettyPoolableFactory - register success, cost 15 ms, version:1.8.1-SNAPSHOT,role:RMROLE,channel:[id: 0xc56fbb53, L:/192.168.86.8:61520 - R:/8.133.246.113:8091]
2025-06-08 23:12:01.218 [main] INFO  i.s.s.a.datasource.SeataAutoDataSourceProxyCreator - Auto proxy data source 'masterDataSource' by 'AT' mode.
2025-06-08 23:12:01.279 [main] INFO  com.alibaba.druid.pool.DruidDataSource - {dataSource-2} inited
2025-06-08 23:12:01.363 [main] INFO  io.seata.core.rpc.netty.RmNettyRemotingClient - will register resourceId:jdbc:mysql://8.133.246.113:3306/deepseek
2025-06-08 23:12:01.364 [main] INFO  i.s.s.a.datasource.SeataAutoDataSourceProxyCreator - Auto proxy data source 'slaveDataSource' by 'AT' mode.
2025-06-08 23:12:01.372 [NettyClientSelector_RMROLE_1_1] INFO  io.seata.rm.AbstractRMHandler - the rm client received response msg [RegisterRMResponse{version='1.8.1-SNAPSHOT', extraData='null', identified=true, resultCode=null, msg='null'}] from tc server.
2025-06-08 23:12:01.386 [main] INFO  io.seata.core.rpc.netty.RmNettyRemotingClient - will register resourceId:jdbc:mysql://8.133.246.113:3306/deepseek
2025-06-08 23:12:01.386 [main] INFO  i.s.s.a.datasource.SeataAutoDataSourceProxyCreator - Auto proxy data source 'dynamicDataSource' by 'AT' mode.
2025-06-08 23:12:01.396 [NettyClientSelector_RMROLE_1_1] INFO  io.seata.rm.AbstractRMHandler - the rm client received response msg [RegisterRMResponse{version='1.8.1-SNAPSHOT', extraData='null', identified=true, resultCode=null, msg='null'}] from tc server.
2025-06-08 23:12:01.508 [main] INFO  org.hibernate.jpa.internal.util.LogHelper - HHH000204: Processing PersistenceUnitInfo [name: default]
2025-06-08 23:12:01.581 [main] INFO  org.hibernate.Version - HHH000412: Hibernate ORM core version 6.1.7.Final
2025-06-08 23:12:02.004 [main] INFO  SQL dialect - HHH000400: Using dialect: org.hibernate.dialect.MySQL8Dialect
2025-06-08 23:12:02.007 [main] WARN  org.hibernate.orm.deprecation - HHH90000026: MySQL8Dialect has been deprecated; use org.hibernate.dialect.MySQLDialect instead
2025-06-08 23:12:02.331 [main] INFO  o.h.e.t.jta.platform.internal.JtaPlatformInitiator - HHH000490: Using JtaPlatform implementation: [org.hibernate.engine.transaction.jta.platform.internal.NoJtaPlatform]
2025-06-08 23:12:02.346 [main] INFO  o.s.orm.jpa.LocalContainerEntityManagerFactoryBean - Initialized JPA EntityManagerFactory for persistence unit 'default'
2025-06-08 23:12:02.779 [main] DEBUG c.b.b.mapper.FileTypeMapper.selectActiveMimeTypes - ==>  Preparing: SELECT * FROM mime_type_config WHERE enabled = true
2025-06-08 23:12:02.790 [main] DEBUG c.b.b.mapper.FileTypeMapper.selectActiveMimeTypes - ==> Parameters: 
2025-06-08 23:12:02.824 [main] DEBUG c.b.b.mapper.FileTypeMapper.selectActiveMimeTypes - <==      Total: 52
2025-06-08 23:12:02.826 [main] DEBUG c.b.bgai.mapper.FileTypeMapper.selectAllowedTypes - ==>  Preparing: SELECT mime_type FROM allowed_file_type WHERE enabled = true
2025-06-08 23:12:02.827 [main] DEBUG c.b.bgai.mapper.FileTypeMapper.selectAllowedTypes - ==> Parameters: 
2025-06-08 23:12:02.840 [main] DEBUG c.b.bgai.mapper.FileTypeMapper.selectAllowedTypes - <==      Total: 52
2025-06-08 23:12:03.743 [main] INFO  com.bgpay.bgai.service.impl.UserServiceImpl - 初始化SSO配置: clientId=bgai-client-id, redirectUri=http://localhost:8080/api/auth/callback
2025-06-08 23:12:03.793 [main] INFO  com.bgpay.bgai.controller.AuthController - 初始化认证控制器: clientId=bgai-client-id, redirectUri=http://localhost:8080/api/auth/callback
2025-06-08 23:12:04.810 [main] INFO  org.redisson.Version - Redisson 3.24.3
2025-06-08 23:12:04.961 [redisson-netty-4-6] INFO  o.r.connection.pool.MasterPubSubConnectionPool - 1 connections initialized for 8.133.246.113/8.133.246.113:6379
2025-06-08 23:12:05.350 [redisson-netty-4-19] INFO  org.redisson.connection.pool.MasterConnectionPool - 24 connections initialized for 8.133.246.113/8.133.246.113:6379
2025-06-08 23:12:05.846 [main] INFO  com.bgpay.bgai.service.mq.RocketMQProducerService - RocketMQProducerService initialized with producer group: null
2025-06-08 23:12:06.426 [main] INFO  i.seata.spring.annotation.GlobalTransactionScanner - Bean [com.bgpay.bgai.service.deepseek.DeepSeekServiceImp$$SpringCGLIB$$0] with name [deepSeekServiceImp] would use interceptor [io.seata.spring.annotation.GlobalTransactionalInterceptor]
2025-06-08 23:12:06.775 [main] WARN  i.s.s.b.a.provider.SpringBootConfigurationProvider - The get method not found for the field 'SeataProperties#accesskey'.
2025-06-08 23:12:06.776 [main] WARN  i.s.s.b.a.provider.SpringBootConfigurationProvider - The get method not found for the field 'SeataProperties#secretkey'.
2025-06-08 23:12:06.779 [main] INFO  com.bgpay.bgai.seata.SagaStateMachineConfig - 加载到2个Saga状态机定义文件
2025-06-08 23:12:06.931 [main] INFO  com.bgpay.bgai.saga.CustomSagaJsonParser - 开始解析状态机定义: bgai-saga-transaction
2025-06-08 23:12:06.931 [main] INFO  com.bgpay.bgai.saga.CustomSagaJsonParser - 状态机定义解析成功: bgai-saga-transaction
2025-06-08 23:12:06.931 [main] INFO  com.bgpay.bgai.seata.SagaStateMachineConfig - 成功加载状态机定义: /E:/project/bgai/target/classes/statelang/bgai-saga-transaction.json
2025-06-08 23:12:06.936 [main] INFO  com.bgpay.bgai.saga.CustomSagaJsonParser - 开始解析状态机定义: ChatCompletionSaga
2025-06-08 23:12:06.936 [main] INFO  com.bgpay.bgai.saga.CustomSagaJsonParser - 状态机定义解析成功: ChatCompletionSaga
2025-06-08 23:12:06.936 [main] INFO  com.bgpay.bgai.seata.SagaStateMachineConfig - 成功加载状态机定义: /E:/project/bgai/target/classes/statelang/chat_completion_saga.json
2025-06-08 23:12:07.099 [main] INFO  com.bgpay.bgai.service.mq.MQConsumerService - MQ consumer startup successful [group=billing-consumer-group, topic=BILLING_TOPIC, tag=USER_BILLING]
2025-06-08 23:12:07.100 [main] INFO  c.bgpay.bgai.service.mq.RocketMQBillingServiceImpl - Billing consumer initialized successfully. Ready to process unconsumed messages.
2025-06-08 23:12:08.195 [main] INFO  io.seata.core.rpc.netty.RmNettyRemotingClient - will register resourceId:jdbc:mysql://8.133.246.113:3306/deepseek
2025-06-08 23:12:08.196 [main] INFO  io.seata.core.rpc.netty.RmNettyRemotingClient - will register resourceId:bgai:default
2025-06-08 23:12:08.197 [main] INFO  com.bgpay.bgai.seata.SeataResourceManagerListener - Resource registered: bgai:default
2025-06-08 23:12:08.197 [main] INFO  com.bgpay.bgai.seata.SeataResourceManagerListener - Seata Resource Manager registered successfully for application: bgai
2025-06-08 23:12:08.210 [NettyClientSelector_RMROLE_1_1] INFO  io.seata.rm.AbstractRMHandler - the rm client received response msg [RegisterRMResponse{version='1.8.1-SNAPSHOT', extraData='null', identified=true, resultCode=null, msg='null'}] from tc server.
2025-06-08 23:12:08.210 [NettyClientSelector_RMROLE_1_1] INFO  io.seata.rm.AbstractRMHandler - the rm client received response msg [RegisterRMResponse{version='1.8.1-SNAPSHOT', extraData='null', identified=true, resultCode=null, msg='null'}] from tc server.
2025-06-08 23:12:08.355 [main] INFO  i.seata.spring.annotation.GlobalTransactionScanner - Bean [com.bgpay.bgai.service.mq.BillingTransactionListenerImpl$$SpringCGLIB$$0] with name [billingTransactionListenerImpl] would use interceptor [io.seata.spring.annotation.GlobalTransactionalInterceptor]
2025-06-08 23:12:08.469 [main] INFO  o.a.r.s.autoconfigure.RocketMQAutoConfiguration - a producer (billing-producer-group) init on namesrv 8.133.246.113:9876
2025-06-08 23:12:08.494 [main] DEBUG com.bgpay.bgai.config.AsyncConfig$1 - Initializing ExecutorService 'blockingExecutor'
2025-06-08 23:12:08.560 [main] INFO  c.b.bgai.config.NacosConfig$NacosWarningHandler - Nacos警告处理器已启用，将忽略配置中心连接警告
2025-06-08 23:12:09.927 [main] INFO  o.s.c.gateway.route.RouteDefinitionRouteLocator - Loaded RoutePredicateFactory [After]
2025-06-08 23:12:09.928 [main] INFO  o.s.c.gateway.route.RouteDefinitionRouteLocator - Loaded RoutePredicateFactory [Before]
2025-06-08 23:12:09.928 [main] INFO  o.s.c.gateway.route.RouteDefinitionRouteLocator - Loaded RoutePredicateFactory [Between]
2025-06-08 23:12:09.928 [main] INFO  o.s.c.gateway.route.RouteDefinitionRouteLocator - Loaded RoutePredicateFactory [Cookie]
2025-06-08 23:12:09.928 [main] INFO  o.s.c.gateway.route.RouteDefinitionRouteLocator - Loaded RoutePredicateFactory [Header]
2025-06-08 23:12:09.928 [main] INFO  o.s.c.gateway.route.RouteDefinitionRouteLocator - Loaded RoutePredicateFactory [Host]
2025-06-08 23:12:09.928 [main] INFO  o.s.c.gateway.route.RouteDefinitionRouteLocator - Loaded RoutePredicateFactory [Method]
2025-06-08 23:12:09.928 [main] INFO  o.s.c.gateway.route.RouteDefinitionRouteLocator - Loaded RoutePredicateFactory [Path]
2025-06-08 23:12:09.928 [main] INFO  o.s.c.gateway.route.RouteDefinitionRouteLocator - Loaded RoutePredicateFactory [Query]
2025-06-08 23:12:09.928 [main] INFO  o.s.c.gateway.route.RouteDefinitionRouteLocator - Loaded RoutePredicateFactory [ReadBody]
2025-06-08 23:12:09.928 [main] INFO  o.s.c.gateway.route.RouteDefinitionRouteLocator - Loaded RoutePredicateFactory [RemoteAddr]
2025-06-08 23:12:09.928 [main] INFO  o.s.c.gateway.route.RouteDefinitionRouteLocator - Loaded RoutePredicateFactory [XForwardedRemoteAddr]
2025-06-08 23:12:09.928 [main] INFO  o.s.c.gateway.route.RouteDefinitionRouteLocator - Loaded RoutePredicateFactory [Weight]
2025-06-08 23:12:09.928 [main] INFO  o.s.c.gateway.route.RouteDefinitionRouteLocator - Loaded RoutePredicateFactory [CloudFoundryRouteService]
2025-06-08 23:12:11.749 [main] INFO  o.s.b.actuate.endpoint.web.EndpointLinksResolver - Exposing 3 endpoint(s) beneath base path '/actuator'
2025-06-08 23:12:13.483 [main] INFO  org.apache.coyote.http11.Http11NioProtocol - Starting ProtocolHandler ["http-nio-8080"]
2025-06-08 23:12:13.499 [main] INFO  o.s.boot.web.embedded.tomcat.TomcatWebServer - Tomcat started on port(s): 8080 (http) with context path ''
2025-06-08 23:12:13.508 [main] INFO  com.alibaba.nacos.client.naming - initializer namespace from ans.namespace attribute : null
2025-06-08 23:12:13.509 [main] INFO  com.alibaba.nacos.client.naming - initializer namespace from ALIBABA_ALIWARE_NAMESPACE attribute :null
2025-06-08 23:12:13.509 [main] INFO  com.alibaba.nacos.client.naming - initializer namespace from namespace attribute :null
2025-06-08 23:12:13.521 [main] INFO  c.a.n.p.auth.spi.client.ClientAuthPluginManager - [ClientAuthPluginManager] Load ClientAuthService com.alibaba.nacos.client.auth.impl.NacosClientAuthServiceImpl success.
2025-06-08 23:12:13.521 [main] INFO  c.a.n.p.auth.spi.client.ClientAuthPluginManager - [ClientAuthPluginManager] Load ClientAuthService com.alibaba.nacos.client.auth.ram.RamClientAuthServiceImpl success.
2025-06-08 23:12:13.526 [main] INFO  com.alibaba.nacos.common.remote.client - [RpcClientFactory] create a new rpc client of 2065f26b-710f-4841-8a46-018c547a3f1d
2025-06-08 23:12:13.528 [main] INFO  com.alibaba.nacos.common.remote.client - [2065f26b-710f-4841-8a46-018c547a3f1d] RpcClient init, ServerListFactory = com.alibaba.nacos.client.naming.core.ServerListManager
2025-06-08 23:12:13.528 [main] INFO  com.alibaba.nacos.common.remote.client - [2065f26b-710f-4841-8a46-018c547a3f1d] Registry connection listener to current client:com.alibaba.nacos.client.naming.remote.gprc.redo.NamingGrpcRedoService
2025-06-08 23:12:13.529 [main] INFO  com.alibaba.nacos.common.remote.client - [2065f26b-710f-4841-8a46-018c547a3f1d] Register server push request handler:com.alibaba.nacos.client.naming.remote.gprc.NamingPushRequestHandler
2025-06-08 23:12:13.529 [main] INFO  com.alibaba.nacos.common.remote.client - [2065f26b-710f-4841-8a46-018c547a3f1d] Try to connect to server on start up, server: {serverIp = '8.133.246.113', server main port = 8848}
2025-06-08 23:12:13.529 [main] INFO  c.a.nacos.common.remote.client.grpc.GrpcClient - grpc client connection server:8.133.246.113 ip,serverPort:9848,grpcTslConfig:{"sslProvider":"OPENSSL","enableTls":false,"mutualAuthEnable":false,"trustAll":false}
2025-06-08 23:12:13.736 [main] INFO  com.alibaba.nacos.common.remote.client - [2065f26b-710f-4841-8a46-018c547a3f1d] Success to connect to server [8.133.246.113:8848] on start up, connectionId = 1749395533640_139.227.195.166_37970
2025-06-08 23:12:13.736 [main] INFO  com.alibaba.nacos.common.remote.client - [2065f26b-710f-4841-8a46-018c547a3f1d] Register server push request handler:com.alibaba.nacos.common.remote.client.RpcClient$ConnectResetRequestHandler
2025-06-08 23:12:13.736 [main] INFO  com.alibaba.nacos.common.remote.client - [2065f26b-710f-4841-8a46-018c547a3f1d] Register server push request handler:com.alibaba.nacos.common.remote.client.RpcClient$$Lambda/0x000001b1d85537b8
2025-06-08 23:12:13.736 [com.alibaba.nacos.client.remote.worker] INFO  com.alibaba.nacos.common.remote.client - [2065f26b-710f-4841-8a46-018c547a3f1d] Notify connected event to listeners.
2025-06-08 23:12:13.736 [com.alibaba.nacos.client.remote.worker] INFO  com.alibaba.nacos.client.naming - Grpc connection connect
2025-06-08 23:12:13.737 [main] INFO  com.alibaba.nacos.client.naming - [REGISTER-SERVICE] d750d92e-152f-4055-a641-3bc9dda85a29 registering service bgai with instance Instance{instanceId='null', ip='192.168.86.8', port=8080, weight=1.0, healthy=true, enabled=true, ephemeral=true, clusterName='DEFAULT', serviceName='null', metadata={IPv6=[2408:820c:7528:d042:883f:4494:3393:c9e5], preserved.register.source=SPRING_CLOUD}}
2025-06-08 23:12:13.764 [main] INFO  c.a.cloud.nacos.registry.NacosServiceRegistry - nacos registry, DEFAULT_GROUP bgai 192.168.86.8:8080 register finished
2025-06-08 23:12:13.828 [main] INFO  com.bgpay.bgai.config.NacosConfig - 应用启动完成，当前环境: dev
2025-06-08 23:12:13.828 [main] INFO  com.bgpay.bgai.config.NacosConfig - Nacos配置中心: 8.133.246.113:8848, 命名空间: d750d92e-152f-4055-a641-3bc9dda85a29
2025-06-08 23:12:13.828 [main] INFO  com.bgpay.bgai.config.NacosConfig - 注意: 如果看到Nacos配置加载警告，但应用正常启动，说明应用正在使用本地配置文件
2025-06-08 23:12:13.830 [main] INFO  com.bgpay.bgai.BgaiApplication - Started BgaiApplication in 23.084 seconds (process running for 25.093)
2025-06-08 23:12:13.837 [scheduling-1] DEBUG c.b.b.mapper.FileTypeMapper.selectActiveMimeTypes - ==>  Preparing: SELECT * FROM mime_type_config WHERE enabled = true
2025-06-08 23:12:13.837 [scheduling-1] DEBUG c.b.b.mapper.FileTypeMapper.selectActiveMimeTypes - ==> Parameters: 
2025-06-08 23:12:13.848 [scheduling-1] DEBUG c.b.b.mapper.FileTypeMapper.selectActiveMimeTypes - <==      Total: 52
2025-06-08 23:12:13.848 [main] DEBUG c.b.b.mapper.FileTypeMapper.selectActiveMimeTypes - ==>  Preparing: SELECT * FROM mime_type_config WHERE enabled = true
2025-06-08 23:12:13.848 [main] DEBUG c.b.b.mapper.FileTypeMapper.selectActiveMimeTypes - ==> Parameters: 
2025-06-08 23:12:13.871 [main] DEBUG c.b.b.mapper.FileTypeMapper.selectActiveMimeTypes - <==      Total: 52
2025-06-08 23:12:13.871 [scheduling-1] DEBUG c.b.bgai.mapper.FileTypeMapper.selectAllowedTypes - ==>  Preparing: SELECT mime_type FROM allowed_file_type WHERE enabled = true
2025-06-08 23:12:13.872 [scheduling-1] DEBUG c.b.bgai.mapper.FileTypeMapper.selectAllowedTypes - ==> Parameters: 
2025-06-08 23:12:13.879 [scheduling-1] DEBUG c.b.bgai.mapper.FileTypeMapper.selectAllowedTypes - <==      Total: 52
2025-06-08 23:12:13.879 [main] DEBUG c.b.bgai.mapper.FileTypeMapper.selectAllowedTypes - ==>  Preparing: SELECT mime_type FROM allowed_file_type WHERE enabled = true
2025-06-08 23:12:13.879 [main] DEBUG c.b.bgai.mapper.FileTypeMapper.selectAllowedTypes - ==> Parameters: 
2025-06-08 23:12:13.886 [main] DEBUG c.b.bgai.mapper.FileTypeMapper.selectAllowedTypes - <==      Total: 52
2025-06-08 23:12:13.886 [main] INFO  com.bgpay.bgai.seata.SagaStateMachineConfig - ==================== Saga状态机加载报告 ====================
2025-06-08 23:12:13.886 [main] INFO  com.bgpay.bgai.seata.SagaStateMachineConfig - Saga状态机配置加载状态: 成功
2025-06-08 23:12:13.886 [main] INFO  com.bgpay.bgai.seata.SagaStateMachineConfig - 已加载的状态机定义文件数量: 2
2025-06-08 23:12:13.886 [main] INFO  com.bgpay.bgai.seata.SagaStateMachineConfig - 已加载的状态机定义文件:
2025-06-08 23:12:13.887 [main] INFO  com.bgpay.bgai.seata.SagaStateMachineConfig -  - /E:/project/bgai/target/classes/statelang/bgai-saga-transaction.json
2025-06-08 23:12:13.887 [main] INFO  com.bgpay.bgai.seata.SagaStateMachineConfig -  - /E:/project/bgai/target/classes/statelang/chat_completion_saga.json
2025-06-08 23:12:13.887 [main] INFO  com.bgpay.bgai.seata.SagaStateMachineConfig - Saga解析器状态: CUSTOM_FASTJSON2
2025-06-08 23:12:13.887 [main] INFO  com.bgpay.bgai.seata.SagaStateMachineConfig - 状态机解析结果: 成功 2 个, 失败 0 个
2025-06-08 23:12:13.887 [main] INFO  com.bgpay.bgai.seata.SagaStateMachineConfig - =============================================================
2025-06-08 23:12:13.891 [main] INFO  com.alibaba.nacos.client.config.impl.CacheData - nacos.cache.data.init.snapshot = true 
2025-06-08 23:12:13.891 [main] INFO  com.alibaba.nacos.client.config.impl.ClientWorker - [fixed-d750d92e-152f-4055-a641-3bc9dda85a29-8.133.246.113_8848] [subscribe] common-dev.yaml+DEFAULT_GROUP+d750d92e-152f-4055-a641-3bc9dda85a29
2025-06-08 23:12:13.899 [main] INFO  com.alibaba.nacos.client.config.impl.CacheData - [fixed-d750d92e-152f-4055-a641-3bc9dda85a29-8.133.246.113_8848] [add-listener] ok, tenant=d750d92e-152f-4055-a641-3bc9dda85a29, dataId=common-dev.yaml, group=DEFAULT_GROUP, cnt=1
2025-06-08 23:12:13.899 [main] INFO  c.a.cloud.nacos.refresh.NacosContextRefresher - [Nacos Config] Listening config: dataId=common-dev.yaml, group=DEFAULT_GROUP
2025-06-08 23:12:13.900 [main] INFO  com.alibaba.nacos.client.config.impl.ClientWorker - [fixed-d750d92e-152f-4055-a641-3bc9dda85a29-8.133.246.113_8848] [subscribe] bgtech-ai.yaml+DEFAULT_GROUP+d750d92e-152f-4055-a641-3bc9dda85a29
2025-06-08 23:12:13.900 [main] INFO  com.alibaba.nacos.client.config.impl.CacheData - [fixed-d750d92e-152f-4055-a641-3bc9dda85a29-8.133.246.113_8848] [add-listener] ok, tenant=d750d92e-152f-4055-a641-3bc9dda85a29, dataId=bgtech-ai.yaml, group=DEFAULT_GROUP, cnt=1
2025-06-08 23:12:13.900 [main] INFO  c.a.cloud.nacos.refresh.NacosContextRefresher - [Nacos Config] Listening config: dataId=bgtech-ai.yaml, group=DEFAULT_GROUP
2025-06-08 23:12:13.901 [main] INFO  com.alibaba.nacos.client.config.impl.ClientWorker - [fixed-d750d92e-152f-4055-a641-3bc9dda85a29-8.133.246.113_8848] [subscribe] bgtech-ai-dev.yaml+DEFAULT_GROUP+d750d92e-152f-4055-a641-3bc9dda85a29
2025-06-08 23:12:13.901 [main] INFO  com.alibaba.nacos.client.config.impl.CacheData - [fixed-d750d92e-152f-4055-a641-3bc9dda85a29-8.133.246.113_8848] [add-listener] ok, tenant=d750d92e-152f-4055-a641-3bc9dda85a29, dataId=bgtech-ai-dev.yaml, group=DEFAULT_GROUP, cnt=1
2025-06-08 23:12:13.902 [main] INFO  c.a.cloud.nacos.refresh.NacosContextRefresher - [Nacos Config] Listening config: dataId=bgtech-ai-dev.yaml, group=DEFAULT_GROUP
2025-06-08 23:12:13.902 [main] INFO  com.alibaba.nacos.client.config.impl.ClientWorker - [fixed-d750d92e-152f-4055-a641-3bc9dda85a29-8.133.246.113_8848] [subscribe] bgtech-ai+DEFAULT_GROUP+d750d92e-152f-4055-a641-3bc9dda85a29
2025-06-08 23:12:13.902 [main] INFO  com.alibaba.nacos.client.config.impl.CacheData - [fixed-d750d92e-152f-4055-a641-3bc9dda85a29-8.133.246.113_8848] [add-listener] ok, tenant=d750d92e-152f-4055-a641-3bc9dda85a29, dataId=bgtech-ai, group=DEFAULT_GROUP, cnt=1
2025-06-08 23:12:13.902 [main] INFO  c.a.cloud.nacos.refresh.NacosContextRefresher - [Nacos Config] Listening config: dataId=bgtech-ai, group=DEFAULT_GROUP
2025-06-08 23:12:23.236 [http-nio-8080-exec-2] DEBUG com.bgpay.bgai.filter.ApiKeyAuthenticationFilter - Skipping API Key validation for excluded path: /api/auth/callback
2025-06-08 23:12:23.279 [http-nio-8080-exec-2] INFO  com.bgpay.bgai.service.impl.UserServiceImpl - 开始SSO登录流程, 授权码: 067ad5a6-4280-4aaa-94d6-e5a59e6bbac4
2025-06-08 23:12:23.280 [http-nio-8080-exec-2] DEBUG com.bgpay.bgai.service.impl.UserServiceImpl - 发送token请求: URL=http://localhost:8080/auth/token, params={grant_type=[authorization_code], code=[067ad5a6-4280-4aaa-94d6-e5a59e6bbac4], client_id=[bgai-client-id], client_secret=[bgai-client-secret], redirect_uri=[http://localhost:8080/api/auth/callback]}
2025-06-08 23:12:23.280 [http-nio-8080-exec-2] INFO  com.bgpay.bgai.service.impl.UserServiceImpl - Token request URL: http://localhost:8080/auth/token
2025-06-08 23:12:23.280 [http-nio-8080-exec-2] INFO  com.bgpay.bgai.service.impl.UserServiceImpl - Token request params: {grant_type=[authorization_code], code=[067ad5a6-4280-4aaa-94d6-e5a59e6bbac4], client_id=[bgai-client-id], client_secret=[bgai-client-secret], redirect_uri=[http://localhost:8080/api/auth/callback]}
2025-06-08 23:12:23.324 [http-nio-8080-exec-3] DEBUG com.bgpay.bgai.filter.ApiKeyAuthenticationFilter - Skipping API Key validation for excluded path: /auth/token
2025-06-08 23:12:23.329 [http-nio-8080-exec-3] INFO  com.bgpay.bgai.controller.MockAuthController - Token request: grant_type=null, code=null, client_id=null
2025-06-08 23:12:23.371 [http-nio-8080-exec-2] INFO  com.bgpay.bgai.service.impl.UserServiceImpl - Raw token response: ["java.util.HashMap",{"access_token":"a10a10b4-8159-41a4-a5e8-87fadb4807f6","refresh_token":"c371786b-7816-4c8d-b14a-5f01e51e8797","token_type":"Bearer","expires_in":3600}]
2025-06-08 23:12:23.371 [http-nio-8080-exec-2] INFO  com.bgpay.bgai.service.impl.UserServiceImpl - User info request URL: http://localhost:8080/auth/userinfo
2025-06-08 23:12:23.371 [http-nio-8080-exec-2] DEBUG com.bgpay.bgai.service.impl.UserServiceImpl - User info request headers: [Authorization:"Bearer a10a10b4-8159-41a4-a5e8-87fadb4807f6", Accept:"application/json"]
2025-06-08 23:12:23.374 [http-nio-8080-exec-4] DEBUG com.bgpay.bgai.filter.ApiKeyAuthenticationFilter - Skipping API Key validation for excluded path: /auth/userinfo
2025-06-08 23:12:23.381 [http-nio-8080-exec-2] INFO  com.bgpay.bgai.service.impl.UserServiceImpl - User info response status: 200 OK
2025-06-08 23:12:23.381 [http-nio-8080-exec-2] DEBUG com.bgpay.bgai.service.impl.UserServiceImpl - Raw user info response: ["java.util.HashMap",{"user_id":"689258T","name":"测试用户","email":"test@example.com","picture":"https://ui-avatars.com/api/?name=测试用户"}]
2025-06-08 23:12:23.385 [http-nio-8080-exec-2] DEBUG com.bgpay.bgai.mapper.UserMapper.findByUserId - ==>  Preparing: SELECT * FROM t_user WHERE user_id = ?
2025-06-08 23:12:23.387 [http-nio-8080-exec-2] DEBUG com.bgpay.bgai.mapper.UserMapper.findByUserId - ==> Parameters: java.util.HashMap(String)
2025-06-08 23:12:23.413 [http-nio-8080-exec-2] DEBUG com.bgpay.bgai.mapper.UserMapper.findByUserId - <==      Total: 0
2025-06-08 23:12:23.492 [http-nio-8080-exec-2] DEBUG com.bgpay.bgai.mapper.UserMapper.insert - ==>  Preparing: INSERT INTO t_user ( user_id, username, email, last_login_time, access_token, token_expire_time, status, create_time, update_time ) VALUES ( ?, ?, ?, ?, ?, ?, ?, ?, ? )
2025-06-08 23:12:23.494 [http-nio-8080-exec-2] DEBUG com.bgpay.bgai.mapper.UserMapper.insert - ==> Parameters: java.util.HashMap(String), User java.util.HashMap(String), java.util.HashMap@example.com(String), 2025-06-08T23:12:23.414805500(LocalDateTime), a10a10b4-8159-41a4-a5e8-87fadb4807f6(String), 2025-06-09T00:12:23.414805500(LocalDateTime), 1(Integer), 2025-06-08T23:12:23.415804100(LocalDateTime), 2025-06-08T23:12:23.415804100(LocalDateTime)
2025-06-08 23:12:23.517 [http-nio-8080-exec-2] DEBUG com.bgpay.bgai.mapper.UserMapper.insert - <==    Updates: 1
2025-06-08 23:12:51.415 [http-nio-8080-exec-5] INFO  com.bgpay.bgai.controller.ReactiveChatController - 接收到请求: /api/chatGatWay-internal, 文件=新文件 17.txt, 问题参数=null, 模型参数=null
2025-06-08 23:12:51.416 [http-nio-8080-exec-5] INFO  com.bgpay.bgai.controller.ReactiveChatController - 请求Content-Type: multipart/form-data;boundary=--------------------------508252252921123537293432
2025-06-08 23:12:51.417 [http-nio-8080-exec-5] INFO  com.bgpay.bgai.controller.ReactiveChatController - 收集到的完整参数: question="null", apiUrl="null", modelName="null", multiTurn=false
2025-06-08 23:12:51.418 [http-nio-8080-exec-5] INFO  com.bgpay.bgai.controller.ReactiveChatController - Processing request for user ID: java.util.HashMap
2025-06-08 23:12:51.418 [http-nio-8080-exec-5] INFO  com.bgpay.bgai.controller.ReactiveChatController - Processing file with circuit breaker: fileName=新文件 17.txt, question=
2025-06-08 23:12:51.420 [http-nio-8080-exec-5] INFO  com.bgpay.bgai.config.ReactiveFileProcessor - Processing file: 新文件 17.txt, content-type: text/plain
2025-06-08 23:12:51.429 [http-nio-8080-exec-5] INFO  com.bgpay.bgai.controller.ReactiveChatController - PARAM TRACE [java.util.HashMap]: 尝试查找匹配配置 - 参数: apiUrl=null, modelName=null
2025-06-08 23:12:51.437 [http-nio-8080-exec-5] INFO  com.bgpay.bgai.service.impl.ApiConfigServiceImpl - 查询配置 - userId=java.util.HashMap
2025-06-08 23:12:51.438 [http-nio-8080-exec-5] INFO  com.bgpay.bgai.service.impl.ApiConfigServiceImpl - 排序方式 - 按ID降序
2025-06-08 23:12:51.438 [http-nio-8080-exec-5] INFO  com.bgpay.bgai.service.impl.ApiConfigServiceImpl - 限制结果数 - LIMIT 1
2025-06-08 23:12:51.463 [http-nio-8080-exec-5] DEBUG com.bgpay.bgai.mapper.ApiConfigMapper.selectList - ==>  Preparing: SELECT id,api_url,api_key,model_name,user_id FROM api_config WHERE (user_id = ?) ORDER BY id DESC LIMIT 1
2025-06-08 23:12:51.463 [http-nio-8080-exec-5] DEBUG com.bgpay.bgai.mapper.ApiConfigMapper.selectList - ==> Parameters: java.util.HashMap(String)
2025-06-08 23:12:51.477 [http-nio-8080-exec-5] DEBUG com.bgpay.bgai.mapper.ApiConfigMapper.selectList - <==      Total: 0
2025-06-08 23:12:51.477 [http-nio-8080-exec-5] INFO  com.bgpay.bgai.service.impl.ApiConfigServiceImpl - 查询结果 - 未找到匹配配置
2025-06-08 23:12:51.477 [http-nio-8080-exec-5] INFO  com.bgpay.bgai.controller.ReactiveChatController - PARAM TRACE [java.util.HashMap]: 未提供任何参数，尝试获取最新配置
2025-06-08 23:12:51.479 [http-nio-8080-exec-5] DEBUG com.bgpay.bgai.mapper.ApiConfigMapper.selectList - ==>  Preparing: SELECT id,api_url,api_key,model_name,user_id FROM api_config WHERE (user_id = ?) ORDER BY id DESC
2025-06-08 23:12:51.479 [http-nio-8080-exec-5] DEBUG com.bgpay.bgai.mapper.ApiConfigMapper.selectList - ==> Parameters: java.util.HashMap(String)
2025-06-08 23:12:51.486 [http-nio-8080-exec-5] DEBUG com.bgpay.bgai.mapper.ApiConfigMapper.selectList - <==      Total: 0
2025-06-08 23:12:51.486 [http-nio-8080-exec-5] WARN  com.bgpay.bgai.controller.ReactiveChatController - PARAM TRACE [java.util.HashMap]: 未找到匹配的API配置 - 原始请求参数: apiUrl=null, modelName=null
2025-06-08 23:12:51.489 [http-nio-8080-exec-5] ERROR com.bgpay.bgai.controller.ReactiveChatController - PARAM TRACE [java.util.HashMap]: 配置解析失败 - 未找到匹配的API配置
java.lang.IllegalArgumentException: 未找到匹配的API配置
	at com.bgpay.bgai.controller.ReactiveChatController.lambda$26(ReactiveChatController.java:480)
	Suppressed: reactor.core.publisher.FluxOnAssembly$OnAssemblyException: 
Assembly trace from producer [reactor.core.publisher.MonoCallable] :
	reactor.core.publisher.Mono.fromCallable(Mono.java:515)
	com.bgpay.bgai.controller.ReactiveChatController.resolveApiConfigReactive(ReactiveChatController.java:431)
Error has been observed at the following site(s):
	*___Mono.fromCallable ⇢ at com.bgpay.bgai.controller.ReactiveChatController.resolveApiConfigReactive(ReactiveChatController.java:431)
	|_ Mono.switchIfEmpty ⇢ at com.bgpay.bgai.controller.ReactiveChatController.resolveApiConfigReactive(ReactiveChatController.java:482)
Original Stack Trace:
		at com.bgpay.bgai.controller.ReactiveChatController.lambda$26(ReactiveChatController.java:480)
		at reactor.core.publisher.MonoCallable$MonoCallableSubscription.request(MonoCallable.java:137)
		at reactor.core.publisher.Operators$MultiSubscriptionSubscriber.set(Operators.java:2341)
		at reactor.core.publisher.Operators$MultiSubscriptionSubscriber.onSubscribe(Operators.java:2215)
		at reactor.core.publisher.MonoCallable.subscribe(MonoCallable.java:48)
		at reactor.core.publisher.InternalMonoOperator.subscribe(InternalMonoOperator.java:64)
		at reactor.core.publisher.MonoFlatMap$FlatMapMain.onNext(MonoFlatMap.java:165)
		at reactor.core.publisher.FluxSwitchIfEmpty$SwitchIfEmptySubscriber.onNext(FluxSwitchIfEmpty.java:74)
		at reactor.core.publisher.Operators$ScalarSubscription.request(Operators.java:2545)
		at reactor.core.publisher.Operators$MultiSubscriptionSubscriber.set(Operators.java:2341)
		at reactor.core.publisher.Operators$MultiSubscriptionSubscriber.onSubscribe(Operators.java:2215)
		at reactor.core.publisher.MonoJust.subscribe(MonoJust.java:55)
		at reactor.core.publisher.InternalMonoOperator.subscribe(InternalMonoOperator.java:64)
		at reactor.core.publisher.MonoFlatMap$FlatMapMain.onNext(MonoFlatMap.java:165)
		at reactor.core.publisher.FluxDefaultIfEmpty$DefaultIfEmptySubscriber.onNext(FluxDefaultIfEmpty.java:122)
		at reactor.core.publisher.FluxOnErrorResume$ResumeSubscriber.onNext(FluxOnErrorResume.java:79)
		at reactor.core.publisher.MonoPeekTerminal$MonoTerminalPeekSubscriber.onNext(MonoPeekTerminal.java:180)
		at reactor.core.publisher.Operators$MonoSubscriber.complete(Operators.java:1839)
		at reactor.core.publisher.MonoCacheTime$CoordinatorSubscriber.signalCached(MonoCacheTime.java:337)
		at reactor.core.publisher.MonoCacheTime$CoordinatorSubscriber.onNext(MonoCacheTime.java:354)
		at reactor.core.publisher.Operators$ScalarSubscription.request(Operators.java:2545)
		at reactor.core.publisher.MonoCacheTime$CoordinatorSubscriber.onSubscribe(MonoCacheTime.java:293)
		at reactor.core.publisher.MonoJust.subscribe(MonoJust.java:55)
		at reactor.core.publisher.InternalMonoOperator.subscribe(InternalMonoOperator.java:64)
		at reactor.core.publisher.MonoCacheTime.subscribeOrReturn(MonoCacheTime.java:143)
		at reactor.core.publisher.InternalMonoOperator.subscribe(InternalMonoOperator.java:57)
		at reactor.core.publisher.MonoFlatMap$FlatMapMain.onNext(MonoFlatMap.java:165)
		at reactor.core.publisher.FluxDefaultIfEmpty$DefaultIfEmptySubscriber.onNext(FluxDefaultIfEmpty.java:122)
		at reactor.core.publisher.FluxMap$MapSubscriber.onNext(FluxMap.java:122)
		at reactor.core.publisher.Operators$ScalarSubscription.request(Operators.java:2545)
		at reactor.core.publisher.FluxMap$MapSubscriber.request(FluxMap.java:164)
		at reactor.core.publisher.FluxDefaultIfEmpty$DefaultIfEmptySubscriber.request(FluxDefaultIfEmpty.java:98)
		at reactor.core.publisher.MonoFlatMap$FlatMapMain.request(MonoFlatMap.java:194)
		at reactor.core.publisher.MonoFlatMap$FlatMapMain.request(MonoFlatMap.java:194)
		at reactor.core.publisher.Operators$MultiSubscriptionSubscriber.set(Operators.java:2341)
		at reactor.core.publisher.FluxOnErrorResume$ResumeSubscriber.onSubscribe(FluxOnErrorResume.java:74)
		at reactor.core.publisher.MonoFlatMap$FlatMapMain.onSubscribe(MonoFlatMap.java:117)
		at reactor.core.publisher.MonoFlatMap$FlatMapMain.onSubscribe(MonoFlatMap.java:117)
		at reactor.core.publisher.Operators$BaseFluxToMonoOperator.onSubscribe(Operators.java:2025)
		at reactor.core.publisher.FluxMap$MapSubscriber.onSubscribe(FluxMap.java:92)
		at reactor.core.publisher.MonoJust.subscribe(MonoJust.java:55)
		at reactor.core.publisher.InternalMonoOperator.subscribe(InternalMonoOperator.java:64)
		at reactor.core.publisher.MonoFlatMap$FlatMapMain.onNext(MonoFlatMap.java:165)
		at reactor.core.publisher.FluxOnErrorResume$ResumeSubscriber.onNext(FluxOnErrorResume.java:79)
		at reactor.core.publisher.FluxPeekFuseable$PeekFuseableSubscriber.onNext(FluxPeekFuseable.java:210)
		at reactor.core.publisher.FluxPeekFuseable$PeekFuseableSubscriber.onNext(FluxPeekFuseable.java:210)
		at reactor.core.publisher.MonoIgnoreThen$ThenIgnoreMain.complete(MonoIgnoreThen.java:292)
		at reactor.core.publisher.MonoIgnoreThen$ThenIgnoreMain.onNext(MonoIgnoreThen.java:187)
		at reactor.core.publisher.MonoFlatMap$FlatMapMain.onNext(MonoFlatMap.java:158)
		at reactor.core.publisher.MonoZip$ZipCoordinator.signal(MonoZip.java:293)
		at reactor.core.publisher.MonoZip$ZipInner.onNext(MonoZip.java:474)
		at reactor.core.publisher.MonoPeekTerminal$MonoTerminalPeekSubscriber.onNext(MonoPeekTerminal.java:180)
		at reactor.core.publisher.FluxDefaultIfEmpty$DefaultIfEmptySubscriber.onNext(FluxDefaultIfEmpty.java:122)
		at reactor.core.publisher.FluxMapFuseable$MapFuseableSubscriber.onNext(FluxMapFuseable.java:129)
		at reactor.core.publisher.MonoNext$NextSubscriber.onNext(MonoNext.java:82)
		at reactor.core.publisher.FluxFlattenIterable$FlattenIterableSubscriber.drainAsync(FluxFlattenIterable.java:453)
		at reactor.core.publisher.FluxFlattenIterable$FlattenIterableSubscriber.drain(FluxFlattenIterable.java:724)
		at reactor.core.publisher.FluxFlattenIterable$FlattenIterableSubscriber.onNext(FluxFlattenIterable.java:256)
		at reactor.core.publisher.Operators$MonoSubscriber.complete(Operators.java:1839)
		at reactor.core.publisher.MonoCacheTime$CoordinatorSubscriber.signalCached(MonoCacheTime.java:337)
		at reactor.core.publisher.MonoCacheTime$CoordinatorSubscriber.onNext(MonoCacheTime.java:354)
		at reactor.core.publisher.FluxSwitchIfEmpty$SwitchIfEmptySubscriber.onNext(FluxSwitchIfEmpty.java:74)
		at reactor.core.publisher.FluxPeekFuseable$PeekFuseableSubscriber.onNext(FluxPeekFuseable.java:210)
		at reactor.core.publisher.FluxMapFuseable$MapFuseableSubscriber.onNext(FluxMapFuseable.java:129)
		at reactor.core.publisher.FluxPeekFuseable$PeekFuseableSubscriber.onNext(FluxPeekFuseable.java:210)
		at reactor.core.publisher.Operators$BaseFluxToMonoOperator.completePossiblyEmpty(Operators.java:2071)
		at reactor.core.publisher.MonoCollect$CollectSubscriber.onComplete(MonoCollect.java:145)
		at reactor.core.publisher.FluxConcatMapNoPrefetch$FluxConcatMapNoPrefetchSubscriber.onComplete(FluxConcatMapNoPrefetch.java:240)
		at reactor.core.publisher.FluxWindowPredicate$WindowPredicateMain.checkTerminated(FluxWindowPredicate.java:540)
		at reactor.core.publisher.FluxWindowPredicate$WindowPredicateMain.drainLoop(FluxWindowPredicate.java:488)
		at reactor.core.publisher.FluxWindowPredicate$WindowPredicateMain.drain(FluxWindowPredicate.java:432)
		at reactor.core.publisher.FluxWindowPredicate$WindowPredicateMain.onComplete(FluxWindowPredicate.java:312)
		at reactor.core.publisher.FluxCreate$BaseSink.complete(FluxCreate.java:463)
		at reactor.core.publisher.FluxCreate$BufferAsyncSink.drain(FluxCreate.java:869)
		at reactor.core.publisher.FluxCreate$BufferAsyncSink.complete(FluxCreate.java:817)
		at reactor.core.publisher.FluxCreate$SerializedFluxSink.drainLoop(FluxCreate.java:247)
		at reactor.core.publisher.FluxCreate$SerializedFluxSink.drain(FluxCreate.java:213)
		at reactor.core.publisher.FluxCreate$SerializedFluxSink.complete(FluxCreate.java:204)
		at org.springframework.http.codec.multipart.MultipartParser.emitComplete(MultipartParser.java:185)
		at org.springframework.http.codec.multipart.MultipartParser$HeadersState.onNext(MultipartParser.java:383)
		at org.springframework.http.codec.multipart.MultipartParser.changeState(MultipartParser.java:149)
		at org.springframework.http.codec.multipart.MultipartParser$BodyState.onNext(MultipartParser.java:563)
		at org.springframework.http.codec.multipart.MultipartParser.changeState(MultipartParser.java:149)
		at org.springframework.http.codec.multipart.MultipartParser$HeadersState.onNext(MultipartParser.java:398)
		at org.springframework.http.codec.multipart.MultipartParser.changeState(MultipartParser.java:149)
		at org.springframework.http.codec.multipart.MultipartParser$BodyState.onNext(MultipartParser.java:563)
		at org.springframework.http.codec.multipart.MultipartParser.changeState(MultipartParser.java:149)
		at org.springframework.http.codec.multipart.MultipartParser$HeadersState.onNext(MultipartParser.java:398)
		at org.springframework.http.codec.multipart.MultipartParser.changeState(MultipartParser.java:149)
		at org.springframework.http.codec.multipart.MultipartParser$BodyState.onNext(MultipartParser.java:563)
		at org.springframework.http.codec.multipart.MultipartParser.changeState(MultipartParser.java:149)
		at org.springframework.http.codec.multipart.MultipartParser$HeadersState.onNext(MultipartParser.java:398)
		at org.springframework.http.codec.multipart.MultipartParser.changeState(MultipartParser.java:149)
		at org.springframework.http.codec.multipart.MultipartParser$BodyState.onNext(MultipartParser.java:563)
		at org.springframework.http.codec.multipart.MultipartParser.changeState(MultipartParser.java:149)
		at org.springframework.http.codec.multipart.MultipartParser$HeadersState.onNext(MultipartParser.java:398)
		at org.springframework.http.codec.multipart.MultipartParser.changeState(MultipartParser.java:149)
		at org.springframework.http.codec.multipart.MultipartParser$BodyState.onNext(MultipartParser.java:563)
		at org.springframework.http.codec.multipart.MultipartParser.changeState(MultipartParser.java:149)
		at org.springframework.http.codec.multipart.MultipartParser$HeadersState.onNext(MultipartParser.java:398)
		at org.springframework.http.codec.multipart.MultipartParser.changeState(MultipartParser.java:149)
		at org.springframework.http.codec.multipart.MultipartParser$BodyState.onNext(MultipartParser.java:563)
		at org.springframework.http.codec.multipart.MultipartParser.hookOnNext(MultipartParser.java:120)
		at org.springframework.http.codec.multipart.MultipartParser.hookOnNext(MultipartParser.java:52)
		at reactor.core.publisher.BaseSubscriber.onNext(BaseSubscriber.java:160)
		at org.springframework.http.server.reactive.AbstractListenerReadPublisher.readAndPublish(AbstractListenerReadPublisher.java:209)
		at org.springframework.http.server.reactive.AbstractListenerReadPublisher$State$4.onDataAvailable(AbstractListenerReadPublisher.java:391)
		at org.springframework.http.server.reactive.AbstractListenerReadPublisher.onDataAvailable(AbstractListenerReadPublisher.java:122)
		at org.springframework.http.server.reactive.ServletServerHttpRequest$RequestBodyPublisher$RequestBodyPublisherReadListener.onDataAvailable(ServletServerHttpRequest.java:347)
		at org.apache.coyote.Request.onDataAvailable(Request.java:272)
		at org.apache.catalina.connector.CoyoteAdapter.asyncDispatch(CoyoteAdapter.java:202)
		at org.apache.coyote.AbstractProcessor.dispatch(AbstractProcessor.java:243)
		at org.apache.coyote.AbstractProcessorLight.process(AbstractProcessorLight.java:50)
		at org.apache.coyote.AbstractProtocol$ConnectionHandler.process(AbstractProtocol.java:896)
		at org.apache.tomcat.util.net.NioEndpoint$SocketProcessor.doRun(NioEndpoint.java:1744)
		at org.apache.tomcat.util.net.SocketProcessorBase.run(SocketProcessorBase.java:52)
		at org.apache.tomcat.util.threads.ThreadPoolExecutor.runWorker(ThreadPoolExecutor.java:1191)
		at org.apache.tomcat.util.threads.ThreadPoolExecutor$Worker.run(ThreadPoolExecutor.java:659)
		at org.apache.tomcat.util.threads.TaskThread$WrappingRunnable.run(TaskThread.java:61)
		at java.base/java.lang.Thread.run(Thread.java:1583)
2025-06-08 23:12:51.493 [http-nio-8080-exec-5] ERROR com.bgpay.bgai.controller.ReactiveChatController - API configuration error: 未找到匹配的API配置
2025-06-08 23:15:05.944 [Thread-5] WARN  c.alibaba.nacos.common.http.HttpClientBeanHolder - [HttpClientBeanHolder] Start destroying common HttpClient
2025-06-08 23:15:05.944 [Thread-15] WARN  com.alibaba.nacos.common.notify.NotifyCenter - [NotifyCenter] Start destroying Publisher
2025-06-08 23:15:05.945 [Thread-15] WARN  com.alibaba.nacos.common.notify.NotifyCenter - [NotifyCenter] Destruction of the end
2025-06-08 23:15:05.945 [Thread-5] WARN  c.alibaba.nacos.common.http.HttpClientBeanHolder - [HttpClientBeanHolder] Destruction of the end
2025-06-08 23:15:05.967 [SpringContextShutdownHook] INFO  c.a.cloud.nacos.registry.NacosServiceRegistry - De-registering from Nacos Server now...
2025-06-08 23:15:05.968 [SpringContextShutdownHook] INFO  com.alibaba.nacos.client.naming - [DEREGISTER-SERVICE] d750d92e-152f-4055-a641-3bc9dda85a29 deregistering service bgai with instance: Instance{instanceId='null', ip='192.168.86.8', port=8080, weight=1.0, healthy=true, enabled=true, ephemeral=true, clusterName='DEFAULT', serviceName='null', metadata={}}
2025-06-08 23:15:05.978 [SpringContextShutdownHook] INFO  c.a.cloud.nacos.registry.NacosServiceRegistry - De-registration finished.
2025-06-08 23:15:05.979 [SpringContextShutdownHook] INFO  com.alibaba.nacos.client.naming - com.alibaba.nacos.client.naming.cache.ServiceInfoHolder do shutdown begin
2025-06-08 23:15:05.979 [SpringContextShutdownHook] INFO  com.alibaba.nacos.client.naming - com.alibaba.nacos.client.naming.backups.FailoverReactor do shutdown begin
2025-06-08 23:15:05.980 [SpringContextShutdownHook] INFO  com.alibaba.nacos.client.naming - com.alibaba.nacos.client.naming.backups.FailoverReactor do shutdown stop
2025-06-08 23:15:05.980 [SpringContextShutdownHook] INFO  com.alibaba.nacos.client.naming - com.alibaba.nacos.client.naming.cache.ServiceInfoHolder do shutdown stop
2025-06-08 23:15:05.980 [SpringContextShutdownHook] INFO  com.alibaba.nacos.client.naming - com.alibaba.nacos.client.naming.remote.NamingClientProxyDelegate do shutdown begin
2025-06-08 23:15:05.980 [SpringContextShutdownHook] INFO  com.alibaba.nacos.client.naming - com.alibaba.nacos.client.naming.core.ServiceInfoUpdateService do shutdown begin
2025-06-08 23:15:05.980 [SpringContextShutdownHook] INFO  com.alibaba.nacos.client.naming - com.alibaba.nacos.client.naming.core.ServiceInfoUpdateService do shutdown stop
2025-06-08 23:15:05.980 [SpringContextShutdownHook] INFO  com.alibaba.nacos.client.naming - com.alibaba.nacos.client.naming.core.ServerListManager do shutdown begin
2025-06-08 23:15:05.980 [SpringContextShutdownHook] WARN  com.alibaba.nacos.client.naming - [NamingHttpClientManager] Start destroying NacosRestTemplate
2025-06-08 23:15:05.980 [SpringContextShutdownHook] WARN  com.alibaba.nacos.client.naming - [NamingHttpClientManager] Destruction of the end
2025-06-08 23:15:05.980 [SpringContextShutdownHook] INFO  com.alibaba.nacos.client.naming - com.alibaba.nacos.client.naming.core.ServerListManager do shutdown stop
2025-06-08 23:15:05.980 [SpringContextShutdownHook] INFO  com.alibaba.nacos.client.naming - com.alibaba.nacos.client.naming.remote.http.NamingHttpClientProxy do shutdown begin
2025-06-08 23:15:05.980 [SpringContextShutdownHook] WARN  com.alibaba.nacos.client.naming - [NamingHttpClientManager] Start destroying NacosRestTemplate
2025-06-08 23:15:05.980 [SpringContextShutdownHook] WARN  com.alibaba.nacos.client.naming - [NamingHttpClientManager] Destruction of the end
2025-06-08 23:15:05.980 [SpringContextShutdownHook] INFO  com.alibaba.nacos.client.naming - com.alibaba.nacos.client.naming.remote.http.NamingHttpClientProxy do shutdown stop
2025-06-08 23:15:05.980 [SpringContextShutdownHook] INFO  com.alibaba.nacos.common.remote.client - Shutdown rpc client, set status to shutdown
2025-06-08 23:15:05.980 [SpringContextShutdownHook] INFO  com.alibaba.nacos.common.remote.client - Shutdown client event executor java.util.concurrent.ScheduledThreadPoolExecutor@612ced4e[Running, pool size = 2, active threads = 2, queued tasks = 0, completed tasks = 0]
2025-06-08 23:15:05.980 [SpringContextShutdownHook] INFO  com.alibaba.nacos.common.remote.client - Close current connection 1749395533640_139.227.195.166_37970
2025-06-08 23:15:05.986 [nacos-grpc-client-executor-8.133.246.113-60] WARN  c.a.nacos.common.remote.client.grpc.GrpcClient - [1749395533640_139.227.195.166_37970]Ignore error event,isRunning:false,isAbandon=false
2025-06-08 23:15:05.989 [SpringContextShutdownHook] INFO  c.a.nacos.common.remote.client.grpc.GrpcClient - Shutdown grpc executor java.util.concurrent.ThreadPoolExecutor@74899df1[Running, pool size = 6, active threads = 0, queued tasks = 0, completed tasks = 61]
2025-06-08 23:15:05.989 [SpringContextShutdownHook] INFO  com.alibaba.nacos.client.naming - Shutdown grpc redo service executor java.util.concurrent.ScheduledThreadPoolExecutor@10d71079[Running, pool size = 1, active threads = 0, queued tasks = 1, completed tasks = 57]
2025-06-08 23:15:05.989 [SpringContextShutdownHook] INFO  c.a.n.client.auth.ram.identify.CredentialWatcher - [null] CredentialWatcher is stopped
2025-06-08 23:15:05.990 [SpringContextShutdownHook] INFO  c.a.n.client.auth.ram.identify.CredentialService - [null] CredentialService is freed
2025-06-08 23:15:05.990 [SpringContextShutdownHook] INFO  com.alibaba.nacos.client.naming - com.alibaba.nacos.client.naming.remote.NamingClientProxyDelegate do shutdown stop
2025-06-08 23:15:06.001 [SpringContextShutdownHook] DEBUG com.bgpay.bgai.config.AsyncConfig$1 - Shutting down ExecutorService 'blockingExecutor'
2025-06-08 23:15:07.354 [com.alibaba.nacos.client.Worker] INFO  c.a.n.client.auth.ram.identify.CredentialWatcher - null No credential found
2025-06-08 23:15:08.102 [SpringContextShutdownHook] INFO  com.bgpay.bgai.service.mq.RocketMQProducerService - Transaction producer shutdown completed
2025-06-08 23:15:08.102 [NettyClientSelector_1] INFO  RocketmqRemoting - closeChannel: close the connection to remote address[8.133.246.113:10911] result: true
2025-06-08 23:15:08.102 [NettyClientSelector_1] INFO  RocketmqRemoting - closeChannel: close the connection to remote address[8.133.246.113:9876] result: true
2025-06-08 23:15:08.249 [SpringContextShutdownHook] INFO  o.s.orm.jpa.LocalContainerEntityManagerFactoryBean - Closing JPA EntityManagerFactory for persistence unit 'default'
2025-06-08 23:15:08.251 [SpringContextShutdownHook] INFO  com.alibaba.druid.pool.DruidDataSource - {dataSource-2} closing ...
2025-06-08 23:15:08.263 [SpringContextShutdownHook] INFO  com.alibaba.druid.pool.DruidDataSource - {dataSource-2} closed
2025-06-08 23:15:08.263 [SpringContextShutdownHook] INFO  com.alibaba.druid.pool.DruidDataSource - {dataSource-1} closing ...
2025-06-08 23:15:08.264 [SpringContextShutdownHook] INFO  com.alibaba.druid.pool.DruidDataSource - {dataSource-1} closed
2025-06-08 23:15:08.264 [NettyClientSelector_TMROLE_1_1] INFO  i.seata.core.rpc.netty.AbstractNettyRemotingClient - channel inactive: [id: 0x2b41579f, L:/192.168.86.8:61489 ! R:/8.133.246.113:8091]
2025-06-08 23:15:08.265 [NettyClientSelector_TMROLE_1_1] INFO  io.seata.core.rpc.netty.NettyClientChannelManager - return to pool, rm channel:[id: 0x2b41579f, L:/192.168.86.8:61489 ! R:/8.133.246.113:8091]
2025-06-08 23:15:08.265 [NettyClientSelector_TMROLE_1_1] INFO  io.seata.core.rpc.netty.NettyPoolableFactory - channel valid false,channel:[id: 0x2b41579f, L:/192.168.86.8:61489 ! R:/8.133.246.113:8091]
2025-06-08 23:15:08.265 [NettyClientSelector_TMROLE_1_1] INFO  io.seata.core.rpc.netty.NettyPoolableFactory - will destroy channel:[id: 0x2b41579f, L:/192.168.86.8:61489 ! R:/8.133.246.113:8091]
2025-06-08 23:15:08.265 [NettyClientSelector_TMROLE_1_1] INFO  i.seata.core.rpc.netty.AbstractNettyRemotingClient - ChannelHandlerContext(AbstractNettyRemotingClient$ClientHandler#0, [id: 0x2b41579f, L:/192.168.86.8:61489 ! R:/8.133.246.113:8091]) will closed
2025-06-08 23:15:08.265 [NettyClientSelector_TMROLE_1_1] INFO  i.seata.core.rpc.netty.AbstractNettyRemotingClient - ChannelHandlerContext(AbstractNettyRemotingClient$ClientHandler#0, [id: 0x2b41579f, L:/192.168.86.8:61489 ! R:/8.133.246.113:8091]) will closed
2025-06-08 23:15:08.266 [NettyClientSelector_RMROLE_1_1] INFO  i.seata.core.rpc.netty.AbstractNettyRemotingClient - channel inactive: [id: 0xc56fbb53, L:/192.168.86.8:61520 ! R:/8.133.246.113:8091]
2025-06-08 23:15:08.266 [NettyClientSelector_RMROLE_1_1] INFO  io.seata.core.rpc.netty.NettyClientChannelManager - return to pool, rm channel:[id: 0xc56fbb53, L:/192.168.86.8:61520 ! R:/8.133.246.113:8091]
2025-06-08 23:15:08.266 [NettyClientSelector_RMROLE_1_1] INFO  io.seata.core.rpc.netty.NettyPoolableFactory - channel valid false,channel:[id: 0xc56fbb53, L:/192.168.86.8:61520 ! R:/8.133.246.113:8091]
2025-06-08 23:15:08.266 [NettyClientSelector_RMROLE_1_1] INFO  io.seata.core.rpc.netty.NettyPoolableFactory - will destroy channel:[id: 0xc56fbb53, L:/192.168.86.8:61520 ! R:/8.133.246.113:8091]
2025-06-08 23:15:08.266 [NettyClientSelector_RMROLE_1_1] INFO  i.seata.core.rpc.netty.AbstractNettyRemotingClient - ChannelHandlerContext(AbstractNettyRemotingClient$ClientHandler#0, [id: 0xc56fbb53, L:/192.168.86.8:61520 ! R:/8.133.246.113:8091]) will closed
2025-06-08 23:15:08.266 [NettyClientSelector_RMROLE_1_1] INFO  i.seata.core.rpc.netty.AbstractNettyRemotingClient - ChannelHandlerContext(AbstractNettyRemotingClient$ClientHandler#0, [id: 0xc56fbb53, L:/192.168.86.8:61520 ! R:/8.133.246.113:8091]) will closed
2025-06-08 23:15:16.909 [main] WARN  com.alibaba.nacos.client.logging.NacosLogging - Load Logback Configuration of Nacos fail, message: Could not initialize Logback Nacos logging from classpath:nacos-logback.xml
2025-06-08 23:15:16.910 [main] INFO  com.bgpay.bgai.BgaiApplication - The following 1 profile is active: "dev"
2025-06-08 23:15:18.063 [main] INFO  o.s.d.r.config.RepositoryConfigurationDelegate - Multiple Spring Data modules found, entering strict repository configuration mode
2025-06-08 23:15:18.064 [main] INFO  o.s.d.r.config.RepositoryConfigurationDelegate - Bootstrapping Spring Data Elasticsearch repositories in DEFAULT mode.
2025-06-08 23:15:18.428 [main] INFO  o.s.d.r.config.RepositoryConfigurationDelegate - Finished Spring Data repository scanning in 359 ms. Found 1 Elasticsearch repository interfaces.
2025-06-08 23:15:19.089 [main] INFO  o.s.d.r.config.RepositoryConfigurationDelegate - Multiple Spring Data modules found, entering strict repository configuration mode
2025-06-08 23:15:19.090 [main] INFO  o.s.d.r.config.RepositoryConfigurationDelegate - Bootstrapping Spring Data Reactive Elasticsearch repositories in DEFAULT mode.
2025-06-08 23:15:19.113 [main] INFO  o.s.d.r.config.RepositoryConfigurationDelegate - Finished Spring Data repository scanning in 22 ms. Found 0 Reactive Elasticsearch repository interfaces.
2025-06-08 23:15:19.124 [main] INFO  o.s.d.r.config.RepositoryConfigurationDelegate - Multiple Spring Data modules found, entering strict repository configuration mode
2025-06-08 23:15:19.125 [main] INFO  o.s.d.r.config.RepositoryConfigurationDelegate - Bootstrapping Spring Data JPA repositories in DEFAULT mode.
2025-06-08 23:15:19.138 [main] INFO  o.s.d.r.c.RepositoryConfigurationExtensionSupport - Spring Data JPA - Could not safely identify store assignment for repository candidate interface com.bgpay.bgai.repository.es.ChatRecordRepository; If you want this repository to be a JPA repository, consider annotating your entities with one of these annotations: jakarta.persistence.Entity, jakarta.persistence.MappedSuperclass (preferred), or consider extending one of the following types with your repository: org.springframework.data.jpa.repository.JpaRepository
2025-06-08 23:15:19.139 [main] INFO  o.s.d.r.config.RepositoryConfigurationDelegate - Finished Spring Data repository scanning in 9 ms. Found 0 JPA repository interfaces.
2025-06-08 23:15:19.153 [main] INFO  o.s.d.r.config.RepositoryConfigurationDelegate - Multiple Spring Data modules found, entering strict repository configuration mode
2025-06-08 23:15:19.154 [main] INFO  o.s.d.r.config.RepositoryConfigurationDelegate - Bootstrapping Spring Data Redis repositories in DEFAULT mode.
2025-06-08 23:15:19.167 [main] INFO  o.s.d.r.c.RepositoryConfigurationExtensionSupport - Spring Data Redis - Could not safely identify store assignment for repository candidate interface com.bgpay.bgai.repository.es.ChatRecordRepository; If you want this repository to be a Redis repository, consider annotating your entities with one of these annotations: org.springframework.data.redis.core.RedisHash (preferred), or consider extending one of the following types with your repository: org.springframework.data.keyvalue.repository.KeyValueRepository
2025-06-08 23:15:19.167 [main] INFO  o.s.d.r.config.RepositoryConfigurationDelegate - Finished Spring Data repository scanning in 5 ms. Found 0 Redis repository interfaces.
2025-06-08 23:15:20.008 [main] INFO  io.seata.config.ConfigurationFactory - load Configuration from :Spring Configuration
2025-06-08 23:15:20.022 [main] INFO  io.seata.config.ConfigurationFactory - load Configuration from :Spring Configuration
2025-06-08 23:15:20.032 [main] INFO  i.seata.spring.annotation.GlobalTransactionScanner - Initializing Global Transaction Clients ... 
2025-06-08 23:15:20.228 [main] INFO  io.seata.core.rpc.netty.NettyClientBootstrap - NettyClientBootstrap has started
2025-06-08 23:15:20.231 [main] INFO  io.seata.discovery.registry.RegistryFactory - use registry center type: file
2025-06-08 23:15:20.252 [main] INFO  io.seata.core.rpc.netty.NettyClientChannelManager - will connect to 8.133.246.113:8091
2025-06-08 23:15:20.259 [main] INFO  io.seata.core.rpc.netty.NettyPoolableFactory - NettyPool create channel to transactionRole:TMROLE,address:8.133.246.113:8091,msg:< RegisterTMRequest{version='1.7.0', applicationId='bgai', transactionServiceGroup='default-tx-group', extraData='ak=null
digest=default-tx-group,192.168.86.8,1749395720256
timestamp=1749395720256
authVersion=V4
vgroup=default-tx-group
ip=192.168.86.8
'} >
2025-06-08 23:15:20.512 [main] INFO  io.seata.core.rpc.netty.TmNettyRemotingClient - register TM success. client version:1.7.0, server version:1.8.1-SNAPSHOT,channel:[id: 0xe4542b7f, L:/192.168.86.8:54580 - R:/8.133.246.113:8091]
2025-06-08 23:15:20.523 [main] INFO  io.seata.core.rpc.netty.NettyPoolableFactory - register success, cost 111 ms, version:1.8.1-SNAPSHOT,role:TMROLE,channel:[id: 0xe4542b7f, L:/192.168.86.8:54580 - R:/8.133.246.113:8091]
2025-06-08 23:15:20.526 [main] INFO  i.seata.spring.annotation.GlobalTransactionScanner - Transaction Manager Client is initialized. applicationId[bgai] txServiceGroup[default-tx-group]
2025-06-08 23:15:20.544 [main] INFO  io.seata.rm.datasource.AsyncWorker - Async Commit Buffer Limit: 10000
2025-06-08 23:15:20.545 [main] INFO  io.seata.rm.datasource.xa.ResourceManagerXA - ResourceManagerXA init ...
2025-06-08 23:15:20.554 [main] INFO  io.seata.core.rpc.netty.NettyClientBootstrap - NettyClientBootstrap has started
2025-06-08 23:15:20.555 [main] INFO  i.seata.spring.annotation.GlobalTransactionScanner - Resource Manager is initialized. applicationId[bgai] txServiceGroup[default-tx-group]
2025-06-08 23:15:20.555 [main] INFO  i.seata.spring.annotation.GlobalTransactionScanner - Global Transaction Clients are initialized. 
2025-06-08 23:15:21.624 [main] INFO  o.s.boot.web.embedded.tomcat.TomcatWebServer - Tomcat initialized with port(s): 8080 (http)
2025-06-08 23:15:21.636 [main] INFO  org.apache.coyote.http11.Http11NioProtocol - The ["http-nio-8080"] connector has been configured to support HTTP upgrade to [h2c]
2025-06-08 23:15:21.636 [main] INFO  org.apache.coyote.http11.Http11NioProtocol - Initializing ProtocolHandler ["http-nio-8080"]
2025-06-08 23:15:21.638 [main] INFO  org.apache.catalina.core.StandardService - Starting service [Tomcat]
2025-06-08 23:15:21.638 [main] INFO  org.apache.catalina.core.StandardEngine - Starting Servlet engine: [Apache Tomcat/10.1.15]
2025-06-08 23:15:22.080 [main] INFO  com.alibaba.druid.pool.DruidDataSource - {dataSource-1} inited
2025-06-08 23:15:22.351 [main] INFO  io.seata.core.rpc.netty.NettyClientChannelManager - will connect to 8.133.246.113:8091
2025-06-08 23:15:22.351 [main] INFO  io.seata.core.rpc.netty.RmNettyRemotingClient - RM will register :jdbc:mysql://8.133.246.113:3306/deepseek
2025-06-08 23:15:22.351 [main] INFO  io.seata.core.rpc.netty.NettyPoolableFactory - NettyPool create channel to transactionRole:RMROLE,address:8.133.246.113:8091,msg:< RegisterRMRequest{resourceIds='jdbc:mysql://8.133.246.113:3306/deepseek', version='1.7.0', applicationId='bgai', transactionServiceGroup='default-tx-group', extraData='null'} >
2025-06-08 23:15:22.380 [main] INFO  io.seata.core.rpc.netty.RmNettyRemotingClient - register RM success. client version:1.7.0, server version:1.8.1-SNAPSHOT,channel:[id: 0xa9c5a228, L:/192.168.86.8:54592 - R:/8.133.246.113:8091]
2025-06-08 23:15:22.380 [main] INFO  io.seata.core.rpc.netty.NettyPoolableFactory - register success, cost 12 ms, version:1.8.1-SNAPSHOT,role:RMROLE,channel:[id: 0xa9c5a228, L:/192.168.86.8:54592 - R:/8.133.246.113:8091]
2025-06-08 23:15:22.383 [main] INFO  i.s.s.a.datasource.SeataAutoDataSourceProxyCreator - Auto proxy data source 'masterDataSource' by 'AT' mode.
2025-06-08 23:15:22.475 [main] INFO  com.alibaba.druid.pool.DruidDataSource - {dataSource-2} inited
2025-06-08 23:15:22.557 [main] INFO  io.seata.core.rpc.netty.RmNettyRemotingClient - will register resourceId:jdbc:mysql://8.133.246.113:3306/deepseek
2025-06-08 23:15:22.559 [main] INFO  i.s.s.a.datasource.SeataAutoDataSourceProxyCreator - Auto proxy data source 'slaveDataSource' by 'AT' mode.
2025-06-08 23:15:22.568 [NettyClientSelector_RMROLE_1_1] INFO  io.seata.rm.AbstractRMHandler - the rm client received response msg [RegisterRMResponse{version='1.8.1-SNAPSHOT', extraData='null', identified=true, resultCode=null, msg='null'}] from tc server.
2025-06-08 23:15:22.588 [main] INFO  io.seata.core.rpc.netty.RmNettyRemotingClient - will register resourceId:jdbc:mysql://8.133.246.113:3306/deepseek
2025-06-08 23:15:22.589 [main] INFO  i.s.s.a.datasource.SeataAutoDataSourceProxyCreator - Auto proxy data source 'dynamicDataSource' by 'AT' mode.
2025-06-08 23:15:22.599 [NettyClientSelector_RMROLE_1_1] INFO  io.seata.rm.AbstractRMHandler - the rm client received response msg [RegisterRMResponse{version='1.8.1-SNAPSHOT', extraData='null', identified=true, resultCode=null, msg='null'}] from tc server.
2025-06-08 23:15:22.707 [main] INFO  org.hibernate.jpa.internal.util.LogHelper - HHH000204: Processing PersistenceUnitInfo [name: default]
2025-06-08 23:15:22.765 [main] INFO  org.hibernate.Version - HHH000412: Hibernate ORM core version 6.1.7.Final
2025-06-08 23:15:23.148 [main] INFO  SQL dialect - HHH000400: Using dialect: org.hibernate.dialect.MySQL8Dialect
2025-06-08 23:15:23.151 [main] WARN  org.hibernate.orm.deprecation - HHH90000026: MySQL8Dialect has been deprecated; use org.hibernate.dialect.MySQLDialect instead
2025-06-08 23:15:23.481 [main] INFO  o.h.e.t.jta.platform.internal.JtaPlatformInitiator - HHH000490: Using JtaPlatform implementation: [org.hibernate.engine.transaction.jta.platform.internal.NoJtaPlatform]
2025-06-08 23:15:23.492 [main] INFO  o.s.orm.jpa.LocalContainerEntityManagerFactoryBean - Initialized JPA EntityManagerFactory for persistence unit 'default'
2025-06-08 23:15:23.924 [main] DEBUG c.b.b.mapper.FileTypeMapper.selectActiveMimeTypes - ==>  Preparing: SELECT * FROM mime_type_config WHERE enabled = true
2025-06-08 23:15:23.935 [main] DEBUG c.b.b.mapper.FileTypeMapper.selectActiveMimeTypes - ==> Parameters: 
2025-06-08 23:15:23.964 [main] DEBUG c.b.b.mapper.FileTypeMapper.selectActiveMimeTypes - <==      Total: 52
2025-06-08 23:15:23.966 [main] DEBUG c.b.bgai.mapper.FileTypeMapper.selectAllowedTypes - ==>  Preparing: SELECT mime_type FROM allowed_file_type WHERE enabled = true
2025-06-08 23:15:23.966 [main] DEBUG c.b.bgai.mapper.FileTypeMapper.selectAllowedTypes - ==> Parameters: 
2025-06-08 23:15:23.979 [main] DEBUG c.b.bgai.mapper.FileTypeMapper.selectAllowedTypes - <==      Total: 52
2025-06-08 23:15:24.802 [main] INFO  com.bgpay.bgai.service.impl.UserServiceImpl - 初始化SSO配置: clientId=bgai-client-id, redirectUri=http://localhost:8080/api/auth/callback
2025-06-08 23:15:24.847 [main] INFO  com.bgpay.bgai.controller.AuthController - 初始化认证控制器: clientId=bgai-client-id, redirectUri=http://localhost:8080/api/auth/callback
2025-06-08 23:15:25.760 [main] INFO  org.redisson.Version - Redisson 3.24.3
2025-06-08 23:15:25.900 [redisson-netty-4-6] INFO  o.r.connection.pool.MasterPubSubConnectionPool - 1 connections initialized for 8.133.246.113/8.133.246.113:6379
2025-06-08 23:15:26.262 [redisson-netty-4-19] INFO  org.redisson.connection.pool.MasterConnectionPool - 24 connections initialized for 8.133.246.113/8.133.246.113:6379
2025-06-08 23:15:26.682 [main] INFO  com.bgpay.bgai.service.mq.RocketMQProducerService - RocketMQProducerService initialized with producer group: null
2025-06-08 23:15:27.118 [main] INFO  i.seata.spring.annotation.GlobalTransactionScanner - Bean [com.bgpay.bgai.service.deepseek.DeepSeekServiceImp$$SpringCGLIB$$0] with name [deepSeekServiceImp] would use interceptor [io.seata.spring.annotation.GlobalTransactionalInterceptor]
2025-06-08 23:15:27.449 [main] WARN  i.s.s.b.a.provider.SpringBootConfigurationProvider - The get method not found for the field 'SeataProperties#accesskey'.
2025-06-08 23:15:27.450 [main] WARN  i.s.s.b.a.provider.SpringBootConfigurationProvider - The get method not found for the field 'SeataProperties#secretkey'.
2025-06-08 23:15:27.454 [main] INFO  com.bgpay.bgai.seata.SagaStateMachineConfig - 加载到2个Saga状态机定义文件
2025-06-08 23:15:27.605 [main] INFO  com.bgpay.bgai.saga.CustomSagaJsonParser - 开始解析状态机定义: bgai-saga-transaction
2025-06-08 23:15:27.606 [main] INFO  com.bgpay.bgai.saga.CustomSagaJsonParser - 状态机定义解析成功: bgai-saga-transaction
2025-06-08 23:15:27.606 [main] INFO  com.bgpay.bgai.seata.SagaStateMachineConfig - 成功加载状态机定义: /E:/project/bgai/target/classes/statelang/bgai-saga-transaction.json
2025-06-08 23:15:27.610 [main] INFO  com.bgpay.bgai.saga.CustomSagaJsonParser - 开始解析状态机定义: ChatCompletionSaga
2025-06-08 23:15:27.610 [main] INFO  com.bgpay.bgai.saga.CustomSagaJsonParser - 状态机定义解析成功: ChatCompletionSaga
2025-06-08 23:15:27.610 [main] INFO  com.bgpay.bgai.seata.SagaStateMachineConfig - 成功加载状态机定义: /E:/project/bgai/target/classes/statelang/chat_completion_saga.json
2025-06-08 23:15:27.798 [main] INFO  com.bgpay.bgai.service.mq.MQConsumerService - MQ consumer startup successful [group=billing-consumer-group, topic=BILLING_TOPIC, tag=USER_BILLING]
2025-06-08 23:15:27.798 [main] INFO  c.bgpay.bgai.service.mq.RocketMQBillingServiceImpl - Billing consumer initialized successfully. Ready to process unconsumed messages.
2025-06-08 23:15:28.875 [main] INFO  io.seata.core.rpc.netty.RmNettyRemotingClient - will register resourceId:jdbc:mysql://8.133.246.113:3306/deepseek
2025-06-08 23:15:28.876 [main] INFO  io.seata.core.rpc.netty.RmNettyRemotingClient - will register resourceId:bgai:default
2025-06-08 23:15:28.877 [main] INFO  com.bgpay.bgai.seata.SeataResourceManagerListener - Resource registered: bgai:default
2025-06-08 23:15:28.877 [main] INFO  com.bgpay.bgai.seata.SeataResourceManagerListener - Seata Resource Manager registered successfully for application: bgai
2025-06-08 23:15:28.884 [NettyClientSelector_RMROLE_1_1] INFO  io.seata.rm.AbstractRMHandler - the rm client received response msg [RegisterRMResponse{version='1.8.1-SNAPSHOT', extraData='null', identified=true, resultCode=null, msg='null'}] from tc server.
2025-06-08 23:15:28.885 [NettyClientSelector_RMROLE_1_1] INFO  io.seata.rm.AbstractRMHandler - the rm client received response msg [RegisterRMResponse{version='1.8.1-SNAPSHOT', extraData='null', identified=true, resultCode=null, msg='null'}] from tc server.
2025-06-08 23:15:29.011 [main] INFO  i.seata.spring.annotation.GlobalTransactionScanner - Bean [com.bgpay.bgai.service.mq.BillingTransactionListenerImpl$$SpringCGLIB$$0] with name [billingTransactionListenerImpl] would use interceptor [io.seata.spring.annotation.GlobalTransactionalInterceptor]
2025-06-08 23:15:29.119 [main] INFO  o.a.r.s.autoconfigure.RocketMQAutoConfiguration - a producer (billing-producer-group) init on namesrv 8.133.246.113:9876
2025-06-08 23:15:29.143 [main] DEBUG com.bgpay.bgai.config.AsyncConfig$1 - Initializing ExecutorService 'blockingExecutor'
2025-06-08 23:15:29.203 [main] INFO  c.b.bgai.config.NacosConfig$NacosWarningHandler - Nacos警告处理器已启用，将忽略配置中心连接警告
2025-06-08 23:15:30.701 [main] INFO  o.s.c.gateway.route.RouteDefinitionRouteLocator - Loaded RoutePredicateFactory [After]
2025-06-08 23:15:30.702 [main] INFO  o.s.c.gateway.route.RouteDefinitionRouteLocator - Loaded RoutePredicateFactory [Before]
2025-06-08 23:15:30.702 [main] INFO  o.s.c.gateway.route.RouteDefinitionRouteLocator - Loaded RoutePredicateFactory [Between]
2025-06-08 23:15:30.702 [main] INFO  o.s.c.gateway.route.RouteDefinitionRouteLocator - Loaded RoutePredicateFactory [Cookie]
2025-06-08 23:15:30.702 [main] INFO  o.s.c.gateway.route.RouteDefinitionRouteLocator - Loaded RoutePredicateFactory [Header]
2025-06-08 23:15:30.702 [main] INFO  o.s.c.gateway.route.RouteDefinitionRouteLocator - Loaded RoutePredicateFactory [Host]
2025-06-08 23:15:30.702 [main] INFO  o.s.c.gateway.route.RouteDefinitionRouteLocator - Loaded RoutePredicateFactory [Method]
2025-06-08 23:15:30.702 [main] INFO  o.s.c.gateway.route.RouteDefinitionRouteLocator - Loaded RoutePredicateFactory [Path]
2025-06-08 23:15:30.702 [main] INFO  o.s.c.gateway.route.RouteDefinitionRouteLocator - Loaded RoutePredicateFactory [Query]
2025-06-08 23:15:30.702 [main] INFO  o.s.c.gateway.route.RouteDefinitionRouteLocator - Loaded RoutePredicateFactory [ReadBody]
2025-06-08 23:15:30.702 [main] INFO  o.s.c.gateway.route.RouteDefinitionRouteLocator - Loaded RoutePredicateFactory [RemoteAddr]
2025-06-08 23:15:30.702 [main] INFO  o.s.c.gateway.route.RouteDefinitionRouteLocator - Loaded RoutePredicateFactory [XForwardedRemoteAddr]
2025-06-08 23:15:30.702 [main] INFO  o.s.c.gateway.route.RouteDefinitionRouteLocator - Loaded RoutePredicateFactory [Weight]
2025-06-08 23:15:30.703 [main] INFO  o.s.c.gateway.route.RouteDefinitionRouteLocator - Loaded RoutePredicateFactory [CloudFoundryRouteService]
2025-06-08 23:15:32.243 [main] INFO  o.s.b.actuate.endpoint.web.EndpointLinksResolver - Exposing 3 endpoint(s) beneath base path '/actuator'
2025-06-08 23:15:33.961 [main] INFO  org.apache.coyote.http11.Http11NioProtocol - Starting ProtocolHandler ["http-nio-8080"]
2025-06-08 23:15:33.976 [main] INFO  o.s.boot.web.embedded.tomcat.TomcatWebServer - Tomcat started on port(s): 8080 (http) with context path ''
2025-06-08 23:15:33.985 [main] INFO  com.alibaba.nacos.client.naming - initializer namespace from ans.namespace attribute : null
2025-06-08 23:15:33.986 [main] INFO  com.alibaba.nacos.client.naming - initializer namespace from ALIBABA_ALIWARE_NAMESPACE attribute :null
2025-06-08 23:15:33.986 [main] INFO  com.alibaba.nacos.client.naming - initializer namespace from namespace attribute :null
2025-06-08 23:15:33.996 [main] INFO  c.a.n.p.auth.spi.client.ClientAuthPluginManager - [ClientAuthPluginManager] Load ClientAuthService com.alibaba.nacos.client.auth.impl.NacosClientAuthServiceImpl success.
2025-06-08 23:15:33.996 [main] INFO  c.a.n.p.auth.spi.client.ClientAuthPluginManager - [ClientAuthPluginManager] Load ClientAuthService com.alibaba.nacos.client.auth.ram.RamClientAuthServiceImpl success.
2025-06-08 23:15:34.000 [main] INFO  com.alibaba.nacos.common.remote.client - [RpcClientFactory] create a new rpc client of b7ec5e55-31e2-4f21-904e-6e217bb2976a
2025-06-08 23:15:34.001 [main] INFO  com.alibaba.nacos.common.remote.client - [b7ec5e55-31e2-4f21-904e-6e217bb2976a] RpcClient init, ServerListFactory = com.alibaba.nacos.client.naming.core.ServerListManager
2025-06-08 23:15:34.001 [main] INFO  com.alibaba.nacos.common.remote.client - [b7ec5e55-31e2-4f21-904e-6e217bb2976a] Registry connection listener to current client:com.alibaba.nacos.client.naming.remote.gprc.redo.NamingGrpcRedoService
2025-06-08 23:15:34.002 [main] INFO  com.alibaba.nacos.common.remote.client - [b7ec5e55-31e2-4f21-904e-6e217bb2976a] Register server push request handler:com.alibaba.nacos.client.naming.remote.gprc.NamingPushRequestHandler
2025-06-08 23:15:34.002 [main] INFO  com.alibaba.nacos.common.remote.client - [b7ec5e55-31e2-4f21-904e-6e217bb2976a] Try to connect to server on start up, server: {serverIp = '8.133.246.113', server main port = 8848}
2025-06-08 23:15:34.002 [main] INFO  c.a.nacos.common.remote.client.grpc.GrpcClient - grpc client connection server:8.133.246.113 ip,serverPort:9848,grpcTslConfig:{"sslProvider":"OPENSSL","enableTls":false,"mutualAuthEnable":false,"trustAll":false}
2025-06-08 23:15:34.195 [main] INFO  com.alibaba.nacos.common.remote.client - [b7ec5e55-31e2-4f21-904e-6e217bb2976a] Success to connect to server [8.133.246.113:8848] on start up, connectionId = 1749395734103_139.227.195.166_38207
2025-06-08 23:15:34.195 [main] INFO  com.alibaba.nacos.common.remote.client - [b7ec5e55-31e2-4f21-904e-6e217bb2976a] Register server push request handler:com.alibaba.nacos.common.remote.client.RpcClient$ConnectResetRequestHandler
2025-06-08 23:15:34.195 [main] INFO  com.alibaba.nacos.common.remote.client - [b7ec5e55-31e2-4f21-904e-6e217bb2976a] Register server push request handler:com.alibaba.nacos.common.remote.client.RpcClient$$Lambda/0x0000029bd85555c8
2025-06-08 23:15:34.195 [com.alibaba.nacos.client.remote.worker] INFO  com.alibaba.nacos.common.remote.client - [b7ec5e55-31e2-4f21-904e-6e217bb2976a] Notify connected event to listeners.
2025-06-08 23:15:34.195 [com.alibaba.nacos.client.remote.worker] INFO  com.alibaba.nacos.client.naming - Grpc connection connect
2025-06-08 23:15:34.197 [main] INFO  com.alibaba.nacos.client.naming - [REGISTER-SERVICE] d750d92e-152f-4055-a641-3bc9dda85a29 registering service bgai with instance Instance{instanceId='null', ip='192.168.86.8', port=8080, weight=1.0, healthy=true, enabled=true, ephemeral=true, clusterName='DEFAULT', serviceName='null', metadata={IPv6=[2408:820c:7528:d042:883f:4494:3393:c9e5], preserved.register.source=SPRING_CLOUD}}
2025-06-08 23:15:34.217 [main] INFO  c.a.cloud.nacos.registry.NacosServiceRegistry - nacos registry, DEFAULT_GROUP bgai 192.168.86.8:8080 register finished
2025-06-08 23:15:34.281 [main] INFO  com.bgpay.bgai.config.NacosConfig - 应用启动完成，当前环境: dev
2025-06-08 23:15:34.281 [main] INFO  com.bgpay.bgai.config.NacosConfig - Nacos配置中心: 8.133.246.113:8848, 命名空间: d750d92e-152f-4055-a641-3bc9dda85a29
2025-06-08 23:15:34.281 [main] INFO  com.bgpay.bgai.config.NacosConfig - 注意: 如果看到Nacos配置加载警告，但应用正常启动，说明应用正在使用本地配置文件
2025-06-08 23:15:34.283 [main] INFO  com.bgpay.bgai.BgaiApplication - Started BgaiApplication in 22.029 seconds (process running for 24.068)
2025-06-08 23:15:34.287 [scheduling-1] DEBUG c.b.b.mapper.FileTypeMapper.selectActiveMimeTypes - ==>  Preparing: SELECT * FROM mime_type_config WHERE enabled = true
2025-06-08 23:15:34.287 [scheduling-1] DEBUG c.b.b.mapper.FileTypeMapper.selectActiveMimeTypes - ==> Parameters: 
2025-06-08 23:15:34.302 [scheduling-1] DEBUG c.b.b.mapper.FileTypeMapper.selectActiveMimeTypes - <==      Total: 52
2025-06-08 23:15:34.302 [main] DEBUG c.b.b.mapper.FileTypeMapper.selectActiveMimeTypes - ==>  Preparing: SELECT * FROM mime_type_config WHERE enabled = true
2025-06-08 23:15:34.303 [main] DEBUG c.b.b.mapper.FileTypeMapper.selectActiveMimeTypes - ==> Parameters: 
2025-06-08 23:15:34.317 [main] DEBUG c.b.b.mapper.FileTypeMapper.selectActiveMimeTypes - <==      Total: 52
2025-06-08 23:15:34.317 [scheduling-1] DEBUG c.b.bgai.mapper.FileTypeMapper.selectAllowedTypes - ==>  Preparing: SELECT mime_type FROM allowed_file_type WHERE enabled = true
2025-06-08 23:15:34.318 [scheduling-1] DEBUG c.b.bgai.mapper.FileTypeMapper.selectAllowedTypes - ==> Parameters: 
2025-06-08 23:15:34.330 [scheduling-1] DEBUG c.b.bgai.mapper.FileTypeMapper.selectAllowedTypes - <==      Total: 52
2025-06-08 23:15:34.330 [main] DEBUG c.b.bgai.mapper.FileTypeMapper.selectAllowedTypes - ==>  Preparing: SELECT mime_type FROM allowed_file_type WHERE enabled = true
2025-06-08 23:15:34.330 [main] DEBUG c.b.bgai.mapper.FileTypeMapper.selectAllowedTypes - ==> Parameters: 
2025-06-08 23:15:34.337 [main] DEBUG c.b.bgai.mapper.FileTypeMapper.selectAllowedTypes - <==      Total: 52
2025-06-08 23:15:34.337 [main] INFO  com.bgpay.bgai.seata.SagaStateMachineConfig - ==================== Saga状态机加载报告 ====================
2025-06-08 23:15:34.337 [main] INFO  com.bgpay.bgai.seata.SagaStateMachineConfig - Saga状态机配置加载状态: 成功
2025-06-08 23:15:34.337 [main] INFO  com.bgpay.bgai.seata.SagaStateMachineConfig - 已加载的状态机定义文件数量: 2
2025-06-08 23:15:34.337 [main] INFO  com.bgpay.bgai.seata.SagaStateMachineConfig - 已加载的状态机定义文件:
2025-06-08 23:15:34.337 [main] INFO  com.bgpay.bgai.seata.SagaStateMachineConfig -  - /E:/project/bgai/target/classes/statelang/bgai-saga-transaction.json
2025-06-08 23:15:34.337 [main] INFO  com.bgpay.bgai.seata.SagaStateMachineConfig -  - /E:/project/bgai/target/classes/statelang/chat_completion_saga.json
2025-06-08 23:15:34.337 [main] INFO  com.bgpay.bgai.seata.SagaStateMachineConfig - Saga解析器状态: CUSTOM_FASTJSON2
2025-06-08 23:15:34.337 [main] INFO  com.bgpay.bgai.seata.SagaStateMachineConfig - 状态机解析结果: 成功 2 个, 失败 0 个
2025-06-08 23:15:34.337 [main] INFO  com.bgpay.bgai.seata.SagaStateMachineConfig - =============================================================
2025-06-08 23:15:34.341 [main] INFO  com.alibaba.nacos.client.config.impl.CacheData - nacos.cache.data.init.snapshot = true 
2025-06-08 23:15:34.342 [main] INFO  com.alibaba.nacos.client.config.impl.ClientWorker - [fixed-d750d92e-152f-4055-a641-3bc9dda85a29-8.133.246.113_8848] [subscribe] common-dev.yaml+DEFAULT_GROUP+d750d92e-152f-4055-a641-3bc9dda85a29
2025-06-08 23:15:34.351 [main] INFO  com.alibaba.nacos.client.config.impl.CacheData - [fixed-d750d92e-152f-4055-a641-3bc9dda85a29-8.133.246.113_8848] [add-listener] ok, tenant=d750d92e-152f-4055-a641-3bc9dda85a29, dataId=common-dev.yaml, group=DEFAULT_GROUP, cnt=1
2025-06-08 23:15:34.351 [main] INFO  c.a.cloud.nacos.refresh.NacosContextRefresher - [Nacos Config] Listening config: dataId=common-dev.yaml, group=DEFAULT_GROUP
2025-06-08 23:15:34.351 [main] INFO  com.alibaba.nacos.client.config.impl.ClientWorker - [fixed-d750d92e-152f-4055-a641-3bc9dda85a29-8.133.246.113_8848] [subscribe] bgtech-ai.yaml+DEFAULT_GROUP+d750d92e-152f-4055-a641-3bc9dda85a29
2025-06-08 23:15:34.351 [main] INFO  com.alibaba.nacos.client.config.impl.CacheData - [fixed-d750d92e-152f-4055-a641-3bc9dda85a29-8.133.246.113_8848] [add-listener] ok, tenant=d750d92e-152f-4055-a641-3bc9dda85a29, dataId=bgtech-ai.yaml, group=DEFAULT_GROUP, cnt=1
2025-06-08 23:15:34.351 [main] INFO  c.a.cloud.nacos.refresh.NacosContextRefresher - [Nacos Config] Listening config: dataId=bgtech-ai.yaml, group=DEFAULT_GROUP
2025-06-08 23:15:34.352 [main] INFO  com.alibaba.nacos.client.config.impl.ClientWorker - [fixed-d750d92e-152f-4055-a641-3bc9dda85a29-8.133.246.113_8848] [subscribe] bgtech-ai-dev.yaml+DEFAULT_GROUP+d750d92e-152f-4055-a641-3bc9dda85a29
2025-06-08 23:15:34.352 [main] INFO  com.alibaba.nacos.client.config.impl.CacheData - [fixed-d750d92e-152f-4055-a641-3bc9dda85a29-8.133.246.113_8848] [add-listener] ok, tenant=d750d92e-152f-4055-a641-3bc9dda85a29, dataId=bgtech-ai-dev.yaml, group=DEFAULT_GROUP, cnt=1
2025-06-08 23:15:34.352 [main] INFO  c.a.cloud.nacos.refresh.NacosContextRefresher - [Nacos Config] Listening config: dataId=bgtech-ai-dev.yaml, group=DEFAULT_GROUP
2025-06-08 23:15:34.352 [main] INFO  com.alibaba.nacos.client.config.impl.ClientWorker - [fixed-d750d92e-152f-4055-a641-3bc9dda85a29-8.133.246.113_8848] [subscribe] bgtech-ai+DEFAULT_GROUP+d750d92e-152f-4055-a641-3bc9dda85a29
2025-06-08 23:15:34.352 [main] INFO  com.alibaba.nacos.client.config.impl.CacheData - [fixed-d750d92e-152f-4055-a641-3bc9dda85a29-8.133.246.113_8848] [add-listener] ok, tenant=d750d92e-152f-4055-a641-3bc9dda85a29, dataId=bgtech-ai, group=DEFAULT_GROUP, cnt=1
2025-06-08 23:15:34.352 [main] INFO  c.a.cloud.nacos.refresh.NacosContextRefresher - [Nacos Config] Listening config: dataId=bgtech-ai, group=DEFAULT_GROUP
2025-06-08 23:15:41.233 [http-nio-8080-exec-3] DEBUG com.bgpay.bgai.filter.ApiKeyAuthenticationFilter - Skipping API Key validation for excluded path: /auth/authorize
2025-06-08 23:15:41.266 [http-nio-8080-exec-3] INFO  com.bgpay.bgai.controller.MockAuthController - Authorization request: client_id=bgai-client-id, redirect_uri=http://localhost:8080/api/auth/callback, response_type=code
2025-06-08 23:15:49.282 [http-nio-8080-exec-2] DEBUG com.bgpay.bgai.filter.ApiKeyAuthenticationFilter - Skipping API Key validation for excluded path: /api/auth/callback
2025-06-08 23:15:49.295 [http-nio-8080-exec-2] INFO  com.bgpay.bgai.service.impl.UserServiceImpl - 开始SSO登录流程, 授权码: d74a9405-ff43-4f10-bdc0-556f066370a9
2025-06-08 23:15:49.295 [http-nio-8080-exec-2] DEBUG com.bgpay.bgai.service.impl.UserServiceImpl - 发送token请求: URL=http://localhost:8080/auth/token, params={grant_type=[authorization_code], code=[d74a9405-ff43-4f10-bdc0-556f066370a9], client_id=[bgai-client-id], client_secret=[bgai-client-secret], redirect_uri=[http://localhost:8080/api/auth/callback]}
2025-06-08 23:15:49.295 [http-nio-8080-exec-2] INFO  com.bgpay.bgai.service.impl.UserServiceImpl - Token request URL: http://localhost:8080/auth/token
2025-06-08 23:15:49.295 [http-nio-8080-exec-2] INFO  com.bgpay.bgai.service.impl.UserServiceImpl - Token request params: {grant_type=[authorization_code], code=[d74a9405-ff43-4f10-bdc0-556f066370a9], client_id=[bgai-client-id], client_secret=[bgai-client-secret], redirect_uri=[http://localhost:8080/api/auth/callback]}
2025-06-08 23:15:49.323 [http-nio-8080-exec-4] DEBUG com.bgpay.bgai.filter.ApiKeyAuthenticationFilter - Skipping API Key validation for excluded path: /auth/token
2025-06-08 23:15:49.327 [http-nio-8080-exec-4] INFO  com.bgpay.bgai.controller.MockAuthController - Token request: grant_type=null, code=null, client_id=null
2025-06-08 23:15:49.335 [http-nio-8080-exec-2] INFO  com.bgpay.bgai.service.impl.UserServiceImpl - Raw token response: ["java.util.HashMap",{"access_token":"5c18357c-d9ec-4d3a-9506-9b36b88d7c29","refresh_token":"78c7dc89-1291-49cc-83af-d7eaf8fc9e86","token_type":"Bearer","expires_in":3600}]
2025-06-08 23:15:49.335 [http-nio-8080-exec-2] INFO  com.bgpay.bgai.service.impl.UserServiceImpl - User info request URL: http://localhost:8080/auth/userinfo
2025-06-08 23:15:49.335 [http-nio-8080-exec-2] DEBUG com.bgpay.bgai.service.impl.UserServiceImpl - User info request headers: [Authorization:"Bearer 5c18357c-d9ec-4d3a-9506-9b36b88d7c29", Accept:"application/json"]
2025-06-08 23:15:49.338 [http-nio-8080-exec-5] DEBUG com.bgpay.bgai.filter.ApiKeyAuthenticationFilter - Skipping API Key validation for excluded path: /auth/userinfo
2025-06-08 23:15:49.345 [http-nio-8080-exec-2] INFO  com.bgpay.bgai.service.impl.UserServiceImpl - User info response status: 200 OK
2025-06-08 23:15:49.345 [http-nio-8080-exec-2] DEBUG com.bgpay.bgai.service.impl.UserServiceImpl - Raw user info response: ["java.util.HashMap",{"user_id":"689258T","name":"测试用户","email":"test@example.com","picture":"https://ui-avatars.com/api/?name=测试用户"}]
2025-06-08 23:15:49.349 [http-nio-8080-exec-2] DEBUG com.bgpay.bgai.mapper.UserMapper.findByUserId - ==>  Preparing: SELECT * FROM t_user WHERE user_id = ?
2025-06-08 23:15:49.351 [http-nio-8080-exec-2] DEBUG com.bgpay.bgai.mapper.UserMapper.findByUserId - ==> Parameters: java.util.HashMap(String)
2025-06-08 23:15:49.360 [http-nio-8080-exec-2] DEBUG com.bgpay.bgai.mapper.UserMapper.findByUserId - <==      Total: 1
2025-06-08 23:15:49.433 [http-nio-8080-exec-2] DEBUG com.bgpay.bgai.mapper.UserMapper.updateById - ==>  Preparing: UPDATE t_user SET user_id=?, username=?, email=?, last_login_time=?, access_token=?, token_expire_time=?, status=?, create_time=?, update_time=? WHERE id=?
2025-06-08 23:15:49.437 [http-nio-8080-exec-2] DEBUG com.bgpay.bgai.mapper.UserMapper.updateById - ==> Parameters: java.util.HashMap(String), User java.util.HashMap(String), java.util.HashMap@example.com(String), 2025-06-08T23:15:49.360762100(LocalDateTime), 5c18357c-d9ec-4d3a-9506-9b36b88d7c29(String), 2025-06-09T00:15:49.360762100(LocalDateTime), 1(Integer), 2025-06-08T23:12:23(LocalDateTime), 2025-06-08T23:15:49.360762100(LocalDateTime), 2(Long)
2025-06-08 23:15:49.457 [http-nio-8080-exec-2] DEBUG com.bgpay.bgai.mapper.UserMapper.updateById - <==    Updates: 1
2025-06-08 23:20:36.299 [scheduling-1] DEBUG c.b.b.mapper.FileTypeMapper.selectActiveMimeTypes - ==>  Preparing: SELECT * FROM mime_type_config WHERE enabled = true
2025-06-08 23:20:36.299 [scheduling-1] DEBUG c.b.b.mapper.FileTypeMapper.selectActiveMimeTypes - ==> Parameters: 
2025-06-08 23:20:36.308 [scheduling-1] DEBUG c.b.b.mapper.FileTypeMapper.selectActiveMimeTypes - <==      Total: 52
2025-06-08 23:20:36.308 [scheduling-1] DEBUG c.b.bgai.mapper.FileTypeMapper.selectAllowedTypes - ==>  Preparing: SELECT mime_type FROM allowed_file_type WHERE enabled = true
2025-06-08 23:20:36.308 [scheduling-1] DEBUG c.b.bgai.mapper.FileTypeMapper.selectAllowedTypes - ==> Parameters: 
2025-06-08 23:20:36.314 [scheduling-1] DEBUG c.b.bgai.mapper.FileTypeMapper.selectAllowedTypes - <==      Total: 52
2025-06-08 23:20:55.718 [http-nio-8080-exec-9] DEBUG com.bgpay.bgai.filter.ApiKeyAuthenticationFilter - Skipping API Key validation for excluded path: /auth/token
2025-06-08 23:20:55.719 [http-nio-8080-exec-9] INFO  com.bgpay.bgai.controller.MockAuthController - Token request: grant_type=null, code=null, client_id=null
2025-06-08 23:21:38.795 [http-nio-8080-exec-10] ERROR o.s.b.a.w.r.error.AbstractErrorWebExceptionHandler - [7bcfc724]  500 Server Error for HTTP POST "/api/chatGatWay-internal"
org.springframework.data.redis.RedisSystemException: Redis exception
	at org.springframework.data.redis.connection.lettuce.LettuceExceptionConverter.convert(LettuceExceptionConverter.java:72)
	Suppressed: reactor.core.publisher.FluxOnAssembly$OnAssemblyException: 
Assembly trace from producer [reactor.core.publisher.MonoDefer] :
	reactor.core.publisher.Mono.defer(Mono.java:218)
	org.springframework.web.server.handler.DefaultWebFilterChain.filter(DefaultWebFilterChain.java:106)
Error has been observed at the following site(s):
	*______________Mono.defer ⇢ at org.springframework.web.server.handler.DefaultWebFilterChain.filter(DefaultWebFilterChain.java:106)
	|_             checkpoint ⇢ com.bgpay.bgai.filter.ApiKeyAuthenticationFilter [DefaultWebFilterChain]
	*______________Mono.defer ⇢ at org.springframework.web.server.handler.DefaultWebFilterChain.filter(DefaultWebFilterChain.java:106)
	|_             checkpoint ⇢ org.springframework.cloud.gateway.filter.WeightCalculatorWebFilter [DefaultWebFilterChain]
	*______________Mono.defer ⇢ at org.springframework.web.server.handler.DefaultWebFilterChain.filter(DefaultWebFilterChain.java:106)
	|_          Mono.doOnEach ⇢ at org.springframework.web.filter.reactive.ServerHttpObservationFilter.filter(ServerHttpObservationFilter.java:109)
	|_        Mono.doOnCancel ⇢ at org.springframework.web.filter.reactive.ServerHttpObservationFilter.filter(ServerHttpObservationFilter.java:119)
	|_      Mono.contextWrite ⇢ at org.springframework.web.filter.reactive.ServerHttpObservationFilter.filter(ServerHttpObservationFilter.java:123)
	*__Mono.transformDeferred ⇢ at org.springframework.web.filter.reactive.ServerHttpObservationFilter.filter(ServerHttpObservationFilter.java:102)
	|_             checkpoint ⇢ org.springframework.web.filter.reactive.ServerHttpObservationFilter [DefaultWebFilterChain]
	*______________Mono.defer ⇢ at org.springframework.web.server.handler.DefaultWebFilterChain.filter(DefaultWebFilterChain.java:106)
	|_     Mono.onErrorResume ⇢ at org.springframework.web.server.handler.ExceptionHandlingWebHandler.handle(ExceptionHandlingWebHandler.java:77)
	|_     Mono.onErrorResume ⇢ at org.springframework.web.server.handler.ExceptionHandlingWebHandler.handle(ExceptionHandlingWebHandler.java:77)
	*______________Mono.error ⇢ at org.springframework.web.server.handler.ExceptionHandlingWebHandler$CheckpointInsertingHandler.handle(ExceptionHandlingWebHandler.java:98)
	|_             checkpoint ⇢ HTTP POST "/api/chatGatWay-internal" [ExceptionHandlingWebHandler]
	*______________Mono.error ⇢ at org.springframework.cloud.gateway.filter.headers.observation.ObservationClosingWebExceptionHandler.handle(ObservationClosingWebExceptionHandler.java:53)
Original Stack Trace:
		at org.springframework.data.redis.connection.lettuce.LettuceExceptionConverter.convert(LettuceExceptionConverter.java:72)
		at org.springframework.data.redis.connection.lettuce.LettuceExceptionConverter.convert(LettuceExceptionConverter.java:41)
		at org.springframework.data.redis.PassThroughExceptionTranslationStrategy.translate(PassThroughExceptionTranslationStrategy.java:40)
		at org.springframework.data.redis.FallbackExceptionTranslationStrategy.translate(FallbackExceptionTranslationStrategy.java:38)
		at org.springframework.data.redis.connection.lettuce.LettuceConnection.convertLettuceAccessException(LettuceConnection.java:256)
		at org.springframework.data.redis.connection.lettuce.LettuceConnection.await(LettuceConnection.java:969)
		at org.springframework.data.redis.connection.lettuce.LettuceConnection.lambda$doInvoke$4(LettuceConnection.java:826)
		at org.springframework.data.redis.connection.lettuce.LettuceInvoker$Synchronizer.invoke(LettuceInvoker.java:665)
		at org.springframework.data.redis.connection.lettuce.LettuceInvoker.just(LettuceInvoker.java:94)
		at org.springframework.data.redis.connection.lettuce.LettuceStringCommands.get(LettuceStringCommands.java:54)
		at org.springframework.data.redis.connection.DefaultedRedisConnection.get(DefaultedRedisConnection.java:284)
		at org.springframework.data.redis.core.DefaultValueOperations$1.inRedis(DefaultValueOperations.java:54)
		at org.springframework.data.redis.core.AbstractOperations$ValueDeserializingRedisCallback.doInRedis(AbstractOperations.java:61)
		at org.springframework.data.redis.core.RedisTemplate.execute(RedisTemplate.java:406)
		at org.springframework.data.redis.core.RedisTemplate.execute(RedisTemplate.java:373)
		at org.springframework.data.redis.core.AbstractOperations.execute(AbstractOperations.java:97)
		at org.springframework.data.redis.core.DefaultValueOperations.get(DefaultValueOperations.java:50)
		at com.bgpay.bgai.service.impl.UserServiceImpl.validateToken(UserServiceImpl.java:368)
		at java.base/jdk.internal.reflect.DirectMethodHandleAccessor.invoke(DirectMethodHandleAccessor.java:103)
		at java.base/java.lang.reflect.Method.invoke(Method.java:580)
		at org.springframework.aop.support.AopUtils.invokeJoinpointUsingReflection(AopUtils.java:343)
		at org.springframework.aop.framework.ReflectiveMethodInvocation.invokeJoinpoint(ReflectiveMethodInvocation.java:196)
		at org.springframework.aop.framework.ReflectiveMethodInvocation.proceed(ReflectiveMethodInvocation.java:163)
		at org.springframework.aop.framework.CglibAopProxy$CglibMethodInvocation.proceed(CglibAopProxy.java:751)
		at org.springframework.aop.interceptor.ExposeInvocationInterceptor.invoke(ExposeInvocationInterceptor.java:97)
		at org.springframework.aop.framework.ReflectiveMethodInvocation.proceed(ReflectiveMethodInvocation.java:184)
		at org.springframework.aop.framework.CglibAopProxy$CglibMethodInvocation.proceed(CglibAopProxy.java:751)
		at org.springframework.aop.framework.CglibAopProxy$DynamicAdvisedInterceptor.intercept(CglibAopProxy.java:703)
		at com.bgpay.bgai.service.impl.UserServiceImpl$$SpringCGLIB$$0.validateToken(<generated>)
		at com.bgpay.bgai.filter.AuthenticationFilter.filter(AuthenticationFilter.java:70)
		at org.springframework.web.server.handler.DefaultWebFilterChain.invokeFilter(DefaultWebFilterChain.java:114)
		at org.springframework.web.server.handler.DefaultWebFilterChain.lambda$filter$0(DefaultWebFilterChain.java:108)
		at reactor.core.publisher.MonoDefer.subscribe(MonoDefer.java:45)
		at reactor.core.publisher.InternalMonoOperator.subscribe(InternalMonoOperator.java:64)
		at reactor.core.publisher.MonoDefer.subscribe(MonoDefer.java:53)
		at reactor.core.publisher.InternalMonoOperator.subscribe(InternalMonoOperator.java:64)
		at reactor.core.publisher.MonoDefer.subscribe(MonoDefer.java:53)
		at reactor.core.publisher.InternalMonoOperator.subscribe(InternalMonoOperator.java:64)
		at reactor.core.publisher.MonoDefer.subscribe(MonoDefer.java:53)
		at reactor.core.publisher.InternalMonoOperator.subscribe(InternalMonoOperator.java:64)
		at reactor.core.publisher.MonoDefer.subscribe(MonoDefer.java:53)
		at reactor.core.publisher.Mono.subscribe(Mono.java:4495)
		at reactor.core.publisher.MonoIgnoreThen$ThenIgnoreMain.subscribeNext(MonoIgnoreThen.java:263)
		at reactor.core.publisher.MonoIgnoreThen.subscribe(MonoIgnoreThen.java:51)
		at reactor.core.publisher.Mono.subscribe(Mono.java:4495)
		at reactor.core.publisher.MonoIgnoreThen$ThenIgnoreMain.subscribeNext(MonoIgnoreThen.java:263)
		at reactor.core.publisher.MonoIgnoreThen.subscribe(MonoIgnoreThen.java:51)
		at reactor.core.publisher.Mono.subscribe(Mono.java:4495)
		at org.springframework.http.server.reactive.ServletHttpHandlerAdapter.service(ServletHttpHandlerAdapter.java:199)
		at org.apache.catalina.core.ApplicationFilterChain.internalDoFilter(ApplicationFilterChain.java:205)
		at org.apache.catalina.core.ApplicationFilterChain.doFilter(ApplicationFilterChain.java:149)
		at org.apache.tomcat.websocket.server.WsFilter.doFilter(WsFilter.java:51)
		at org.apache.catalina.core.ApplicationFilterChain.internalDoFilter(ApplicationFilterChain.java:174)
		at org.apache.catalina.core.ApplicationFilterChain.doFilter(ApplicationFilterChain.java:149)
		at org.apache.catalina.core.StandardWrapperValve.invoke(StandardWrapperValve.java:167)
		at org.apache.catalina.core.StandardContextValve.invoke(StandardContextValve.java:90)
		at org.apache.catalina.authenticator.AuthenticatorBase.invoke(AuthenticatorBase.java:482)
		at org.apache.catalina.core.StandardHostValve.invoke(StandardHostValve.java:115)
		at org.apache.catalina.valves.ErrorReportValve.invoke(ErrorReportValve.java:93)
		at org.apache.catalina.core.StandardEngineValve.invoke(StandardEngineValve.java:74)
		at org.apache.catalina.connector.CoyoteAdapter.service(CoyoteAdapter.java:340)
		at org.apache.coyote.http11.Http11Processor.service(Http11Processor.java:391)
		at org.apache.coyote.AbstractProcessorLight.process(AbstractProcessorLight.java:63)
		at org.apache.coyote.AbstractProtocol$ConnectionHandler.process(AbstractProtocol.java:896)
		at org.apache.tomcat.util.net.NioEndpoint$SocketProcessor.doRun(NioEndpoint.java:1744)
		at org.apache.tomcat.util.net.SocketProcessorBase.run(SocketProcessorBase.java:52)
		at org.apache.tomcat.util.threads.ThreadPoolExecutor.runWorker(ThreadPoolExecutor.java:1191)
		at org.apache.tomcat.util.threads.ThreadPoolExecutor$Worker.run(ThreadPoolExecutor.java:659)
		at org.apache.tomcat.util.threads.TaskThread$WrappingRunnable.run(TaskThread.java:61)
		at java.base/java.lang.Thread.run(Thread.java:1583)
Caused by: io.lettuce.core.RedisException: java.net.SocketException: Connection reset
	at io.lettuce.core.internal.Exceptions.bubble(Exceptions.java:83)
	at io.lettuce.core.internal.Futures.awaitOrCancel(Futures.java:250)
	at io.lettuce.core.LettuceFutures.awaitOrCancel(LettuceFutures.java:74)
	at org.springframework.data.redis.connection.lettuce.LettuceConnection.await(LettuceConnection.java:967)
	at org.springframework.data.redis.connection.lettuce.LettuceConnection.lambda$doInvoke$4(LettuceConnection.java:826)
	at org.springframework.data.redis.connection.lettuce.LettuceInvoker$Synchronizer.invoke(LettuceInvoker.java:665)
	at org.springframework.data.redis.connection.lettuce.LettuceInvoker.just(LettuceInvoker.java:94)
	at org.springframework.data.redis.connection.lettuce.LettuceStringCommands.get(LettuceStringCommands.java:54)
	at org.springframework.data.redis.connection.DefaultedRedisConnection.get(DefaultedRedisConnection.java:284)
	at org.springframework.data.redis.core.DefaultValueOperations$1.inRedis(DefaultValueOperations.java:54)
	at org.springframework.data.redis.core.AbstractOperations$ValueDeserializingRedisCallback.doInRedis(AbstractOperations.java:61)
	at org.springframework.data.redis.core.RedisTemplate.execute(RedisTemplate.java:406)
	at org.springframework.data.redis.core.RedisTemplate.execute(RedisTemplate.java:373)
	at org.springframework.data.redis.core.AbstractOperations.execute(AbstractOperations.java:97)
	at org.springframework.data.redis.core.DefaultValueOperations.get(DefaultValueOperations.java:50)
	at com.bgpay.bgai.service.impl.UserServiceImpl.validateToken(UserServiceImpl.java:368)
	at java.base/jdk.internal.reflect.DirectMethodHandleAccessor.invoke(DirectMethodHandleAccessor.java:103)
	at java.base/java.lang.reflect.Method.invoke(Method.java:580)
	at org.springframework.aop.support.AopUtils.invokeJoinpointUsingReflection(AopUtils.java:343)
	at org.springframework.aop.framework.ReflectiveMethodInvocation.invokeJoinpoint(ReflectiveMethodInvocation.java:196)
	at org.springframework.aop.framework.ReflectiveMethodInvocation.proceed(ReflectiveMethodInvocation.java:163)
	at org.springframework.aop.framework.CglibAopProxy$CglibMethodInvocation.proceed(CglibAopProxy.java:751)
	at org.springframework.aop.interceptor.ExposeInvocationInterceptor.invoke(ExposeInvocationInterceptor.java:97)
	at org.springframework.aop.framework.ReflectiveMethodInvocation.proceed(ReflectiveMethodInvocation.java:184)
	at org.springframework.aop.framework.CglibAopProxy$CglibMethodInvocation.proceed(CglibAopProxy.java:751)
	at org.springframework.aop.framework.CglibAopProxy$DynamicAdvisedInterceptor.intercept(CglibAopProxy.java:703)
	at com.bgpay.bgai.service.impl.UserServiceImpl$$SpringCGLIB$$0.validateToken(<generated>)
	at com.bgpay.bgai.filter.AuthenticationFilter.filter(AuthenticationFilter.java:70)
	at org.springframework.web.server.handler.DefaultWebFilterChain.invokeFilter(DefaultWebFilterChain.java:114)
	at org.springframework.web.server.handler.DefaultWebFilterChain.lambda$filter$0(DefaultWebFilterChain.java:108)
	at reactor.core.publisher.MonoDefer.subscribe(MonoDefer.java:45)
	at reactor.core.publisher.InternalMonoOperator.subscribe(InternalMonoOperator.java:64)
	at reactor.core.publisher.MonoDefer.subscribe(MonoDefer.java:53)
	at reactor.core.publisher.InternalMonoOperator.subscribe(InternalMonoOperator.java:64)
	at reactor.core.publisher.MonoDefer.subscribe(MonoDefer.java:53)
	at reactor.core.publisher.InternalMonoOperator.subscribe(InternalMonoOperator.java:64)
	at reactor.core.publisher.MonoDefer.subscribe(MonoDefer.java:53)
	at reactor.core.publisher.InternalMonoOperator.subscribe(InternalMonoOperator.java:64)
	at reactor.core.publisher.MonoDefer.subscribe(MonoDefer.java:53)
	at reactor.core.publisher.Mono.subscribe(Mono.java:4495)
	at reactor.core.publisher.MonoIgnoreThen$ThenIgnoreMain.subscribeNext(MonoIgnoreThen.java:263)
	at reactor.core.publisher.MonoIgnoreThen.subscribe(MonoIgnoreThen.java:51)
	at reactor.core.publisher.Mono.subscribe(Mono.java:4495)
	at reactor.core.publisher.MonoIgnoreThen$ThenIgnoreMain.subscribeNext(MonoIgnoreThen.java:263)
	at reactor.core.publisher.MonoIgnoreThen.subscribe(MonoIgnoreThen.java:51)
	at reactor.core.publisher.Mono.subscribe(Mono.java:4495)
	at org.springframework.http.server.reactive.ServletHttpHandlerAdapter.service(ServletHttpHandlerAdapter.java:199)
	at org.apache.catalina.core.ApplicationFilterChain.internalDoFilter(ApplicationFilterChain.java:205)
	at org.apache.catalina.core.ApplicationFilterChain.doFilter(ApplicationFilterChain.java:149)
	at org.apache.tomcat.websocket.server.WsFilter.doFilter(WsFilter.java:51)
	at org.apache.catalina.core.ApplicationFilterChain.internalDoFilter(ApplicationFilterChain.java:174)
	at org.apache.catalina.core.ApplicationFilterChain.doFilter(ApplicationFilterChain.java:149)
	at org.apache.catalina.core.StandardWrapperValve.invoke(StandardWrapperValve.java:167)
	at org.apache.catalina.core.StandardContextValve.invoke(StandardContextValve.java:90)
	at org.apache.catalina.authenticator.AuthenticatorBase.invoke(AuthenticatorBase.java:482)
	at org.apache.catalina.core.StandardHostValve.invoke(StandardHostValve.java:115)
	at org.apache.catalina.valves.ErrorReportValve.invoke(ErrorReportValve.java:93)
	at org.apache.catalina.core.StandardEngineValve.invoke(StandardEngineValve.java:74)
	at org.apache.catalina.connector.CoyoteAdapter.service(CoyoteAdapter.java:340)
	at org.apache.coyote.http11.Http11Processor.service(Http11Processor.java:391)
	at org.apache.coyote.AbstractProcessorLight.process(AbstractProcessorLight.java:63)
	at org.apache.coyote.AbstractProtocol$ConnectionHandler.process(AbstractProtocol.java:896)
	at org.apache.tomcat.util.net.NioEndpoint$SocketProcessor.doRun(NioEndpoint.java:1744)
	at org.apache.tomcat.util.net.SocketProcessorBase.run(SocketProcessorBase.java:52)
	at org.apache.tomcat.util.threads.ThreadPoolExecutor.runWorker(ThreadPoolExecutor.java:1191)
	at org.apache.tomcat.util.threads.ThreadPoolExecutor$Worker.run(ThreadPoolExecutor.java:659)
	at org.apache.tomcat.util.threads.TaskThread$WrappingRunnable.run(TaskThread.java:61)
	at java.base/java.lang.Thread.run(Thread.java:1583)
Caused by: java.net.SocketException: Connection reset
	at java.base/sun.nio.ch.SocketChannelImpl.throwConnectionReset(SocketChannelImpl.java:401)
	at java.base/sun.nio.ch.SocketChannelImpl.read(SocketChannelImpl.java:434)
	at io.netty.buffer.PooledByteBuf.setBytes(PooledByteBuf.java:254)
	at io.netty.buffer.AbstractByteBuf.writeBytes(AbstractByteBuf.java:1132)
	at io.netty.channel.socket.nio.NioSocketChannel.doReadBytes(NioSocketChannel.java:357)
	at io.netty.channel.nio.AbstractNioByteChannel$NioByteUnsafe.read(AbstractNioByteChannel.java:151)
	at io.netty.channel.nio.NioEventLoop.processSelectedKey(NioEventLoop.java:788)
	at io.netty.channel.nio.NioEventLoop.processSelectedKeysOptimized(NioEventLoop.java:724)
	at io.netty.channel.nio.NioEventLoop.processSelectedKeys(NioEventLoop.java:650)
	at io.netty.channel.nio.NioEventLoop.run(NioEventLoop.java:562)
	at io.netty.util.concurrent.SingleThreadEventExecutor$4.run(SingleThreadEventExecutor.java:997)
	at io.netty.util.internal.ThreadExecutorMap$2.run(ThreadExecutorMap.java:74)
	at io.netty.util.concurrent.FastThreadLocalRunnable.run(FastThreadLocalRunnable.java:30)
	... 1 common frames omitted
2025-06-08 23:21:46.409 [Thread-15] WARN  com.alibaba.nacos.common.notify.NotifyCenter - [NotifyCenter] Start destroying Publisher
2025-06-08 23:21:46.409 [Thread-5] WARN  c.alibaba.nacos.common.http.HttpClientBeanHolder - [HttpClientBeanHolder] Start destroying common HttpClient
2025-06-08 23:21:46.409 [Thread-15] WARN  com.alibaba.nacos.common.notify.NotifyCenter - [NotifyCenter] Destruction of the end
2025-06-08 23:21:46.409 [Thread-5] WARN  c.alibaba.nacos.common.http.HttpClientBeanHolder - [HttpClientBeanHolder] Destruction of the end
2025-06-08 23:21:46.437 [SpringContextShutdownHook] INFO  c.a.cloud.nacos.registry.NacosServiceRegistry - De-registering from Nacos Server now...
2025-06-08 23:21:46.438 [SpringContextShutdownHook] INFO  com.alibaba.nacos.client.naming - [DEREGISTER-SERVICE] d750d92e-152f-4055-a641-3bc9dda85a29 deregistering service bgai with instance: Instance{instanceId='null', ip='192.168.86.8', port=8080, weight=1.0, healthy=true, enabled=true, ephemeral=true, clusterName='DEFAULT', serviceName='null', metadata={}}
2025-06-08 23:21:46.507 [SpringContextShutdownHook] INFO  c.a.cloud.nacos.registry.NacosServiceRegistry - De-registration finished.
2025-06-08 23:21:46.508 [SpringContextShutdownHook] INFO  com.alibaba.nacos.client.naming - com.alibaba.nacos.client.naming.cache.ServiceInfoHolder do shutdown begin
2025-06-08 23:21:46.508 [SpringContextShutdownHook] INFO  com.alibaba.nacos.client.naming - com.alibaba.nacos.client.naming.backups.FailoverReactor do shutdown begin
2025-06-08 23:21:46.508 [SpringContextShutdownHook] INFO  com.alibaba.nacos.client.naming - com.alibaba.nacos.client.naming.backups.FailoverReactor do shutdown stop
2025-06-08 23:21:46.508 [SpringContextShutdownHook] INFO  com.alibaba.nacos.client.naming - com.alibaba.nacos.client.naming.cache.ServiceInfoHolder do shutdown stop
2025-06-08 23:21:46.508 [SpringContextShutdownHook] INFO  com.alibaba.nacos.client.naming - com.alibaba.nacos.client.naming.remote.NamingClientProxyDelegate do shutdown begin
2025-06-08 23:21:46.508 [SpringContextShutdownHook] INFO  com.alibaba.nacos.client.naming - com.alibaba.nacos.client.naming.core.ServiceInfoUpdateService do shutdown begin
2025-06-08 23:21:46.508 [SpringContextShutdownHook] INFO  com.alibaba.nacos.client.naming - com.alibaba.nacos.client.naming.core.ServiceInfoUpdateService do shutdown stop
2025-06-08 23:21:46.508 [SpringContextShutdownHook] INFO  com.alibaba.nacos.client.naming - com.alibaba.nacos.client.naming.core.ServerListManager do shutdown begin
2025-06-08 23:21:46.508 [SpringContextShutdownHook] WARN  com.alibaba.nacos.client.naming - [NamingHttpClientManager] Start destroying NacosRestTemplate
2025-06-08 23:21:46.508 [SpringContextShutdownHook] WARN  com.alibaba.nacos.client.naming - [NamingHttpClientManager] Destruction of the end
2025-06-08 23:21:46.508 [SpringContextShutdownHook] INFO  com.alibaba.nacos.client.naming - com.alibaba.nacos.client.naming.core.ServerListManager do shutdown stop
2025-06-08 23:21:46.508 [SpringContextShutdownHook] INFO  com.alibaba.nacos.client.naming - com.alibaba.nacos.client.naming.remote.http.NamingHttpClientProxy do shutdown begin
2025-06-08 23:21:46.508 [SpringContextShutdownHook] WARN  com.alibaba.nacos.client.naming - [NamingHttpClientManager] Start destroying NacosRestTemplate
2025-06-08 23:21:46.508 [SpringContextShutdownHook] WARN  com.alibaba.nacos.client.naming - [NamingHttpClientManager] Destruction of the end
2025-06-08 23:21:46.509 [SpringContextShutdownHook] INFO  com.alibaba.nacos.client.naming - com.alibaba.nacos.client.naming.remote.http.NamingHttpClientProxy do shutdown stop
2025-06-08 23:21:46.509 [SpringContextShutdownHook] INFO  com.alibaba.nacos.common.remote.client - Shutdown rpc client, set status to shutdown
2025-06-08 23:21:46.509 [SpringContextShutdownHook] INFO  com.alibaba.nacos.common.remote.client - Shutdown client event executor java.util.concurrent.ScheduledThreadPoolExecutor@1870e28d[Running, pool size = 2, active threads = 2, queued tasks = 0, completed tasks = 0]
2025-06-08 23:21:46.509 [SpringContextShutdownHook] INFO  com.alibaba.nacos.common.remote.client - Close current connection 1749395734103_139.227.195.166_38207
2025-06-08 23:21:46.512 [nacos-grpc-client-executor-8.133.246.113-100] WARN  c.a.nacos.common.remote.client.grpc.GrpcClient - [1749395734103_139.227.195.166_38207]Ignore error event,isRunning:false,isAbandon=false
2025-06-08 23:21:46.514 [SpringContextShutdownHook] INFO  c.a.nacos.common.remote.client.grpc.GrpcClient - Shutdown grpc executor java.util.concurrent.ThreadPoolExecutor@243c1d97[Running, pool size = 4, active threads = 0, queued tasks = 0, completed tasks = 101]
2025-06-08 23:21:46.514 [SpringContextShutdownHook] INFO  com.alibaba.nacos.client.naming - Shutdown grpc redo service executor java.util.concurrent.ScheduledThreadPoolExecutor@56f94ad2[Running, pool size = 1, active threads = 0, queued tasks = 1, completed tasks = 124]
2025-06-08 23:21:46.515 [SpringContextShutdownHook] INFO  c.a.n.client.auth.ram.identify.CredentialWatcher - [null] CredentialWatcher is stopped
2025-06-08 23:21:46.515 [SpringContextShutdownHook] INFO  c.a.n.client.auth.ram.identify.CredentialService - [null] CredentialService is freed
2025-06-08 23:21:46.515 [SpringContextShutdownHook] INFO  com.alibaba.nacos.client.naming - com.alibaba.nacos.client.naming.remote.NamingClientProxyDelegate do shutdown stop
2025-06-08 23:21:46.524 [SpringContextShutdownHook] DEBUG com.bgpay.bgai.config.AsyncConfig$1 - Shutting down ExecutorService 'blockingExecutor'
2025-06-08 23:21:48.593 [NettyClientSelector_1] INFO  RocketmqRemoting - closeChannel: close the connection to remote address[8.133.246.113:10911] result: true
2025-06-08 23:21:48.593 [NettyClientSelector_1] INFO  RocketmqRemoting - closeChannel: close the connection to remote address[8.133.246.113:9876] result: true
2025-06-08 23:21:48.593 [SpringContextShutdownHook] INFO  com.bgpay.bgai.service.mq.RocketMQProducerService - Transaction producer shutdown completed
2025-06-08 23:21:48.724 [SpringContextShutdownHook] INFO  o.s.orm.jpa.LocalContainerEntityManagerFactoryBean - Closing JPA EntityManagerFactory for persistence unit 'default'
2025-06-08 23:21:48.726 [SpringContextShutdownHook] INFO  com.alibaba.druid.pool.DruidDataSource - {dataSource-2} closing ...
2025-06-08 23:21:48.728 [SpringContextShutdownHook] INFO  com.alibaba.druid.pool.DruidDataSource - {dataSource-2} closed
2025-06-08 23:21:48.728 [SpringContextShutdownHook] INFO  com.alibaba.druid.pool.DruidDataSource - {dataSource-1} closing ...
2025-06-08 23:21:48.728 [SpringContextShutdownHook] INFO  com.alibaba.druid.pool.DruidDataSource - {dataSource-1} closed
2025-06-08 23:21:48.729 [NettyClientSelector_TMROLE_1_1] INFO  i.seata.core.rpc.netty.AbstractNettyRemotingClient - channel inactive: [id: 0xe4542b7f, L:/192.168.86.8:54580 ! R:/8.133.246.113:8091]
2025-06-08 23:21:48.729 [NettyClientSelector_TMROLE_1_1] INFO  io.seata.core.rpc.netty.NettyClientChannelManager - return to pool, rm channel:[id: 0xe4542b7f, L:/192.168.86.8:54580 ! R:/8.133.246.113:8091]
2025-06-08 23:21:48.729 [NettyClientSelector_TMROLE_1_1] INFO  io.seata.core.rpc.netty.NettyPoolableFactory - channel valid false,channel:[id: 0xe4542b7f, L:/192.168.86.8:54580 ! R:/8.133.246.113:8091]
2025-06-08 23:21:48.729 [NettyClientSelector_TMROLE_1_1] INFO  io.seata.core.rpc.netty.NettyPoolableFactory - will destroy channel:[id: 0xe4542b7f, L:/192.168.86.8:54580 ! R:/8.133.246.113:8091]
2025-06-08 23:21:48.729 [NettyClientSelector_TMROLE_1_1] INFO  i.seata.core.rpc.netty.AbstractNettyRemotingClient - ChannelHandlerContext(AbstractNettyRemotingClient$ClientHandler#0, [id: 0xe4542b7f, L:/192.168.86.8:54580 ! R:/8.133.246.113:8091]) will closed
2025-06-08 23:21:48.729 [NettyClientSelector_TMROLE_1_1] INFO  i.seata.core.rpc.netty.AbstractNettyRemotingClient - ChannelHandlerContext(AbstractNettyRemotingClient$ClientHandler#0, [id: 0xe4542b7f, L:/192.168.86.8:54580 ! R:/8.133.246.113:8091]) will closed
2025-06-08 23:21:48.730 [NettyClientSelector_RMROLE_1_1] INFO  i.seata.core.rpc.netty.AbstractNettyRemotingClient - channel inactive: [id: 0xa9c5a228, L:/192.168.86.8:54592 ! R:/8.133.246.113:8091]
2025-06-08 23:21:48.730 [NettyClientSelector_RMROLE_1_1] INFO  io.seata.core.rpc.netty.NettyClientChannelManager - return to pool, rm channel:[id: 0xa9c5a228, L:/192.168.86.8:54592 ! R:/8.133.246.113:8091]
2025-06-08 23:21:48.730 [NettyClientSelector_RMROLE_1_1] INFO  io.seata.core.rpc.netty.NettyPoolableFactory - channel valid false,channel:[id: 0xa9c5a228, L:/192.168.86.8:54592 ! R:/8.133.246.113:8091]
2025-06-08 23:21:48.730 [NettyClientSelector_RMROLE_1_1] INFO  io.seata.core.rpc.netty.NettyPoolableFactory - will destroy channel:[id: 0xa9c5a228, L:/192.168.86.8:54592 ! R:/8.133.246.113:8091]
2025-06-08 23:21:48.730 [NettyClientSelector_RMROLE_1_1] INFO  i.seata.core.rpc.netty.AbstractNettyRemotingClient - ChannelHandlerContext(AbstractNettyRemotingClient$ClientHandler#0, [id: 0xa9c5a228, L:/192.168.86.8:54592 ! R:/8.133.246.113:8091]) will closed
2025-06-08 23:21:48.730 [NettyClientSelector_RMROLE_1_1] INFO  i.seata.core.rpc.netty.AbstractNettyRemotingClient - ChannelHandlerContext(AbstractNettyRemotingClient$ClientHandler#0, [id: 0xa9c5a228, L:/192.168.86.8:54592 ! R:/8.133.246.113:8091]) will closed
2025-06-08 23:21:57.215 [main] WARN  com.alibaba.nacos.client.logging.NacosLogging - Load Logback Configuration of Nacos fail, message: Could not initialize Logback Nacos logging from classpath:nacos-logback.xml
2025-06-08 23:21:57.216 [main] INFO  com.bgpay.bgai.BgaiApplication - The following 1 profile is active: "dev"
2025-06-08 23:21:58.161 [main] INFO  o.s.d.r.config.RepositoryConfigurationDelegate - Multiple Spring Data modules found, entering strict repository configuration mode
2025-06-08 23:21:58.163 [main] INFO  o.s.d.r.config.RepositoryConfigurationDelegate - Bootstrapping Spring Data Elasticsearch repositories in DEFAULT mode.
2025-06-08 23:21:58.454 [main] INFO  o.s.d.r.config.RepositoryConfigurationDelegate - Finished Spring Data repository scanning in 281 ms. Found 1 Elasticsearch repository interfaces.
2025-06-08 23:21:59.170 [main] INFO  o.s.d.r.config.RepositoryConfigurationDelegate - Multiple Spring Data modules found, entering strict repository configuration mode
2025-06-08 23:21:59.171 [main] INFO  o.s.d.r.config.RepositoryConfigurationDelegate - Bootstrapping Spring Data Reactive Elasticsearch repositories in DEFAULT mode.
2025-06-08 23:21:59.189 [main] INFO  o.s.d.r.config.RepositoryConfigurationDelegate - Finished Spring Data repository scanning in 18 ms. Found 0 Reactive Elasticsearch repository interfaces.
2025-06-08 23:21:59.198 [main] INFO  o.s.d.r.config.RepositoryConfigurationDelegate - Multiple Spring Data modules found, entering strict repository configuration mode
2025-06-08 23:21:59.199 [main] INFO  o.s.d.r.config.RepositoryConfigurationDelegate - Bootstrapping Spring Data JPA repositories in DEFAULT mode.
2025-06-08 23:21:59.215 [main] INFO  o.s.d.r.c.RepositoryConfigurationExtensionSupport - Spring Data JPA - Could not safely identify store assignment for repository candidate interface com.bgpay.bgai.repository.es.ChatRecordRepository; If you want this repository to be a JPA repository, consider annotating your entities with one of these annotations: jakarta.persistence.Entity, jakarta.persistence.MappedSuperclass (preferred), or consider extending one of the following types with your repository: org.springframework.data.jpa.repository.JpaRepository
2025-06-08 23:21:59.215 [main] INFO  o.s.d.r.config.RepositoryConfigurationDelegate - Finished Spring Data repository scanning in 11 ms. Found 0 JPA repository interfaces.
2025-06-08 23:21:59.226 [main] INFO  o.s.d.r.config.RepositoryConfigurationDelegate - Multiple Spring Data modules found, entering strict repository configuration mode
2025-06-08 23:21:59.227 [main] INFO  o.s.d.r.config.RepositoryConfigurationDelegate - Bootstrapping Spring Data Redis repositories in DEFAULT mode.
2025-06-08 23:21:59.240 [main] INFO  o.s.d.r.c.RepositoryConfigurationExtensionSupport - Spring Data Redis - Could not safely identify store assignment for repository candidate interface com.bgpay.bgai.repository.es.ChatRecordRepository; If you want this repository to be a Redis repository, consider annotating your entities with one of these annotations: org.springframework.data.redis.core.RedisHash (preferred), or consider extending one of the following types with your repository: org.springframework.data.keyvalue.repository.KeyValueRepository
2025-06-08 23:21:59.240 [main] INFO  o.s.d.r.config.RepositoryConfigurationDelegate - Finished Spring Data repository scanning in 5 ms. Found 0 Redis repository interfaces.
2025-06-08 23:21:59.939 [main] INFO  io.seata.config.ConfigurationFactory - load Configuration from :Spring Configuration
2025-06-08 23:21:59.950 [main] INFO  io.seata.config.ConfigurationFactory - load Configuration from :Spring Configuration
2025-06-08 23:21:59.957 [main] INFO  i.seata.spring.annotation.GlobalTransactionScanner - Initializing Global Transaction Clients ... 
2025-06-08 23:22:00.125 [main] INFO  io.seata.core.rpc.netty.NettyClientBootstrap - NettyClientBootstrap has started
2025-06-08 23:22:00.127 [main] INFO  io.seata.discovery.registry.RegistryFactory - use registry center type: file
2025-06-08 23:22:00.141 [main] INFO  io.seata.core.rpc.netty.NettyClientChannelManager - will connect to 8.133.246.113:8091
2025-06-08 23:22:00.150 [main] INFO  io.seata.core.rpc.netty.NettyPoolableFactory - NettyPool create channel to transactionRole:TMROLE,address:8.133.246.113:8091,msg:< RegisterTMRequest{version='1.7.0', applicationId='bgai', transactionServiceGroup='default-tx-group', extraData='ak=null
digest=default-tx-group,192.168.86.8,1749396120147
timestamp=1749396120147
authVersion=V4
vgroup=default-tx-group
ip=192.168.86.8
'} >
2025-06-08 23:22:00.358 [main] INFO  io.seata.core.rpc.netty.TmNettyRemotingClient - register TM success. client version:1.7.0, server version:1.8.1-SNAPSHOT,channel:[id: 0x481c81e2, L:/192.168.86.8:63724 - R:/8.133.246.113:8091]
2025-06-08 23:22:00.369 [main] INFO  io.seata.core.rpc.netty.NettyPoolableFactory - register success, cost 85 ms, version:1.8.1-SNAPSHOT,role:TMROLE,channel:[id: 0x481c81e2, L:/192.168.86.8:63724 - R:/8.133.246.113:8091]
2025-06-08 23:22:00.370 [main] INFO  i.seata.spring.annotation.GlobalTransactionScanner - Transaction Manager Client is initialized. applicationId[bgai] txServiceGroup[default-tx-group]
2025-06-08 23:22:00.388 [main] INFO  io.seata.rm.datasource.AsyncWorker - Async Commit Buffer Limit: 10000
2025-06-08 23:22:00.389 [main] INFO  io.seata.rm.datasource.xa.ResourceManagerXA - ResourceManagerXA init ...
2025-06-08 23:22:00.401 [main] INFO  io.seata.core.rpc.netty.NettyClientBootstrap - NettyClientBootstrap has started
2025-06-08 23:22:00.402 [main] INFO  i.seata.spring.annotation.GlobalTransactionScanner - Resource Manager is initialized. applicationId[bgai] txServiceGroup[default-tx-group]
2025-06-08 23:22:00.402 [main] INFO  i.seata.spring.annotation.GlobalTransactionScanner - Global Transaction Clients are initialized. 
2025-06-08 23:22:01.596 [main] INFO  o.s.boot.web.embedded.tomcat.TomcatWebServer - Tomcat initialized with port(s): 8080 (http)
2025-06-08 23:22:01.608 [main] INFO  org.apache.coyote.http11.Http11NioProtocol - The ["http-nio-8080"] connector has been configured to support HTTP upgrade to [h2c]
2025-06-08 23:22:01.608 [main] INFO  org.apache.coyote.http11.Http11NioProtocol - Initializing ProtocolHandler ["http-nio-8080"]
2025-06-08 23:22:01.610 [main] INFO  org.apache.catalina.core.StandardService - Starting service [Tomcat]
2025-06-08 23:22:01.610 [main] INFO  org.apache.catalina.core.StandardEngine - Starting Servlet engine: [Apache Tomcat/10.1.15]
2025-06-08 23:22:02.087 [main] INFO  com.alibaba.druid.pool.DruidDataSource - {dataSource-1} inited
2025-06-08 23:22:02.357 [main] INFO  io.seata.core.rpc.netty.NettyClientChannelManager - will connect to 8.133.246.113:8091
2025-06-08 23:22:02.357 [main] INFO  io.seata.core.rpc.netty.RmNettyRemotingClient - RM will register :jdbc:mysql://8.133.246.113:3306/deepseek
2025-06-08 23:22:02.357 [main] INFO  io.seata.core.rpc.netty.NettyPoolableFactory - NettyPool create channel to transactionRole:RMROLE,address:8.133.246.113:8091,msg:< RegisterRMRequest{resourceIds='jdbc:mysql://8.133.246.113:3306/deepseek', version='1.7.0', applicationId='bgai', transactionServiceGroup='default-tx-group', extraData='null'} >
2025-06-08 23:22:02.386 [main] INFO  io.seata.core.rpc.netty.RmNettyRemotingClient - register RM success. client version:1.7.0, server version:1.8.1-SNAPSHOT,channel:[id: 0xecb29af0, L:/192.168.86.8:63738 - R:/8.133.246.113:8091]
2025-06-08 23:22:02.386 [main] INFO  io.seata.core.rpc.netty.NettyPoolableFactory - register success, cost 10 ms, version:1.8.1-SNAPSHOT,role:RMROLE,channel:[id: 0xecb29af0, L:/192.168.86.8:63738 - R:/8.133.246.113:8091]
2025-06-08 23:22:02.388 [main] INFO  i.s.s.a.datasource.SeataAutoDataSourceProxyCreator - Auto proxy data source 'masterDataSource' by 'AT' mode.
2025-06-08 23:22:02.453 [main] INFO  com.alibaba.druid.pool.DruidDataSource - {dataSource-2} inited
2025-06-08 23:22:02.523 [main] INFO  io.seata.core.rpc.netty.RmNettyRemotingClient - will register resourceId:jdbc:mysql://8.133.246.113:3306/deepseek
2025-06-08 23:22:02.525 [main] INFO  i.s.s.a.datasource.SeataAutoDataSourceProxyCreator - Auto proxy data source 'slaveDataSource' by 'AT' mode.
2025-06-08 23:22:02.534 [NettyClientSelector_RMROLE_1_1] INFO  io.seata.rm.AbstractRMHandler - the rm client received response msg [RegisterRMResponse{version='1.8.1-SNAPSHOT', extraData='null', identified=true, resultCode=null, msg='null'}] from tc server.
2025-06-08 23:22:02.556 [main] INFO  io.seata.core.rpc.netty.RmNettyRemotingClient - will register resourceId:jdbc:mysql://8.133.246.113:3306/deepseek
2025-06-08 23:22:02.557 [main] INFO  i.s.s.a.datasource.SeataAutoDataSourceProxyCreator - Auto proxy data source 'dynamicDataSource' by 'AT' mode.
2025-06-08 23:22:02.564 [NettyClientSelector_RMROLE_1_1] INFO  io.seata.rm.AbstractRMHandler - the rm client received response msg [RegisterRMResponse{version='1.8.1-SNAPSHOT', extraData='null', identified=true, resultCode=null, msg='null'}] from tc server.
2025-06-08 23:22:02.683 [main] INFO  org.hibernate.jpa.internal.util.LogHelper - HHH000204: Processing PersistenceUnitInfo [name: default]
2025-06-08 23:22:02.734 [main] INFO  org.hibernate.Version - HHH000412: Hibernate ORM core version 6.1.7.Final
2025-06-08 23:22:03.104 [main] INFO  SQL dialect - HHH000400: Using dialect: org.hibernate.dialect.MySQL8Dialect
2025-06-08 23:22:03.106 [main] WARN  org.hibernate.orm.deprecation - HHH90000026: MySQL8Dialect has been deprecated; use org.hibernate.dialect.MySQLDialect instead
2025-06-08 23:22:03.410 [main] INFO  o.h.e.t.jta.platform.internal.JtaPlatformInitiator - HHH000490: Using JtaPlatform implementation: [org.hibernate.engine.transaction.jta.platform.internal.NoJtaPlatform]
2025-06-08 23:22:03.427 [main] INFO  o.s.orm.jpa.LocalContainerEntityManagerFactoryBean - Initialized JPA EntityManagerFactory for persistence unit 'default'
2025-06-08 23:22:03.910 [main] DEBUG c.b.b.mapper.FileTypeMapper.selectActiveMimeTypes - ==>  Preparing: SELECT * FROM mime_type_config WHERE enabled = true
2025-06-08 23:22:03.924 [main] DEBUG c.b.b.mapper.FileTypeMapper.selectActiveMimeTypes - ==> Parameters: 
2025-06-08 23:22:03.956 [main] DEBUG c.b.b.mapper.FileTypeMapper.selectActiveMimeTypes - <==      Total: 52
2025-06-08 23:22:03.958 [main] DEBUG c.b.bgai.mapper.FileTypeMapper.selectAllowedTypes - ==>  Preparing: SELECT mime_type FROM allowed_file_type WHERE enabled = true
2025-06-08 23:22:03.959 [main] DEBUG c.b.bgai.mapper.FileTypeMapper.selectAllowedTypes - ==> Parameters: 
2025-06-08 23:22:03.972 [main] DEBUG c.b.bgai.mapper.FileTypeMapper.selectAllowedTypes - <==      Total: 52
2025-06-08 23:22:04.784 [main] INFO  com.bgpay.bgai.service.impl.UserServiceImpl - 初始化SSO配置: clientId=bgai-client-id, redirectUri=http://localhost:8080/api/auth/callback
2025-06-08 23:22:04.821 [main] INFO  com.bgpay.bgai.controller.AuthController - 初始化认证控制器: clientId=bgai-client-id, redirectUri=http://localhost:8080/api/auth/callback
2025-06-08 23:22:05.820 [main] INFO  org.redisson.Version - Redisson 3.24.3
2025-06-08 23:22:06.008 [redisson-netty-4-6] INFO  o.r.connection.pool.MasterPubSubConnectionPool - 1 connections initialized for 8.133.246.113/8.133.246.113:6379
2025-06-08 23:22:06.346 [redisson-netty-4-19] INFO  org.redisson.connection.pool.MasterConnectionPool - 24 connections initialized for 8.133.246.113/8.133.246.113:6379
2025-06-08 23:22:06.736 [main] INFO  com.bgpay.bgai.service.mq.RocketMQProducerService - RocketMQProducerService initialized with producer group: null
2025-06-08 23:22:07.168 [main] INFO  i.seata.spring.annotation.GlobalTransactionScanner - Bean [com.bgpay.bgai.service.deepseek.DeepSeekServiceImp$$SpringCGLIB$$0] with name [deepSeekServiceImp] would use interceptor [io.seata.spring.annotation.GlobalTransactionalInterceptor]
2025-06-08 23:22:07.521 [main] WARN  i.s.s.b.a.provider.SpringBootConfigurationProvider - The get method not found for the field 'SeataProperties#accesskey'.
2025-06-08 23:22:07.522 [main] WARN  i.s.s.b.a.provider.SpringBootConfigurationProvider - The get method not found for the field 'SeataProperties#secretkey'.
2025-06-08 23:22:07.525 [main] INFO  com.bgpay.bgai.seata.SagaStateMachineConfig - 加载到2个Saga状态机定义文件
2025-06-08 23:22:07.674 [main] INFO  com.bgpay.bgai.saga.CustomSagaJsonParser - 开始解析状态机定义: bgai-saga-transaction
2025-06-08 23:22:07.674 [main] INFO  com.bgpay.bgai.saga.CustomSagaJsonParser - 状态机定义解析成功: bgai-saga-transaction
2025-06-08 23:22:07.674 [main] INFO  com.bgpay.bgai.seata.SagaStateMachineConfig - 成功加载状态机定义: /E:/project/bgai/target/classes/statelang/bgai-saga-transaction.json
2025-06-08 23:22:07.678 [main] INFO  com.bgpay.bgai.saga.CustomSagaJsonParser - 开始解析状态机定义: ChatCompletionSaga
2025-06-08 23:22:07.678 [main] INFO  com.bgpay.bgai.saga.CustomSagaJsonParser - 状态机定义解析成功: ChatCompletionSaga
2025-06-08 23:22:07.678 [main] INFO  com.bgpay.bgai.seata.SagaStateMachineConfig - 成功加载状态机定义: /E:/project/bgai/target/classes/statelang/chat_completion_saga.json
2025-06-08 23:22:07.873 [main] INFO  com.bgpay.bgai.service.mq.MQConsumerService - MQ consumer startup successful [group=billing-consumer-group, topic=BILLING_TOPIC, tag=USER_BILLING]
2025-06-08 23:22:07.873 [main] INFO  c.bgpay.bgai.service.mq.RocketMQBillingServiceImpl - Billing consumer initialized successfully. Ready to process unconsumed messages.
2025-06-08 23:22:08.861 [main] INFO  io.seata.core.rpc.netty.RmNettyRemotingClient - will register resourceId:jdbc:mysql://8.133.246.113:3306/deepseek
2025-06-08 23:22:08.862 [main] INFO  io.seata.core.rpc.netty.RmNettyRemotingClient - will register resourceId:bgai:default
2025-06-08 23:22:08.863 [main] INFO  com.bgpay.bgai.seata.SeataResourceManagerListener - Resource registered: bgai:default
2025-06-08 23:22:08.863 [main] INFO  com.bgpay.bgai.seata.SeataResourceManagerListener - Seata Resource Manager registered successfully for application: bgai
2025-06-08 23:22:08.870 [NettyClientSelector_RMROLE_1_1] INFO  io.seata.rm.AbstractRMHandler - the rm client received response msg [RegisterRMResponse{version='1.8.1-SNAPSHOT', extraData='null', identified=true, resultCode=null, msg='null'}] from tc server.
2025-06-08 23:22:08.870 [NettyClientSelector_RMROLE_1_1] INFO  io.seata.rm.AbstractRMHandler - the rm client received response msg [RegisterRMResponse{version='1.8.1-SNAPSHOT', extraData='null', identified=true, resultCode=null, msg='null'}] from tc server.
2025-06-08 23:22:09.043 [main] INFO  i.seata.spring.annotation.GlobalTransactionScanner - Bean [com.bgpay.bgai.service.mq.BillingTransactionListenerImpl$$SpringCGLIB$$0] with name [billingTransactionListenerImpl] would use interceptor [io.seata.spring.annotation.GlobalTransactionalInterceptor]
2025-06-08 23:22:09.155 [main] INFO  o.a.r.s.autoconfigure.RocketMQAutoConfiguration - a producer (billing-producer-group) init on namesrv 8.133.246.113:9876
2025-06-08 23:22:09.175 [main] DEBUG com.bgpay.bgai.config.AsyncConfig$1 - Initializing ExecutorService 'blockingExecutor'
2025-06-08 23:22:09.232 [main] INFO  c.b.bgai.config.NacosConfig$NacosWarningHandler - Nacos警告处理器已启用，将忽略配置中心连接警告
2025-06-08 23:22:10.662 [main] INFO  o.s.c.gateway.route.RouteDefinitionRouteLocator - Loaded RoutePredicateFactory [After]
2025-06-08 23:22:10.663 [main] INFO  o.s.c.gateway.route.RouteDefinitionRouteLocator - Loaded RoutePredicateFactory [Before]
2025-06-08 23:22:10.663 [main] INFO  o.s.c.gateway.route.RouteDefinitionRouteLocator - Loaded RoutePredicateFactory [Between]
2025-06-08 23:22:10.663 [main] INFO  o.s.c.gateway.route.RouteDefinitionRouteLocator - Loaded RoutePredicateFactory [Cookie]
2025-06-08 23:22:10.663 [main] INFO  o.s.c.gateway.route.RouteDefinitionRouteLocator - Loaded RoutePredicateFactory [Header]
2025-06-08 23:22:10.663 [main] INFO  o.s.c.gateway.route.RouteDefinitionRouteLocator - Loaded RoutePredicateFactory [Host]
2025-06-08 23:22:10.663 [main] INFO  o.s.c.gateway.route.RouteDefinitionRouteLocator - Loaded RoutePredicateFactory [Method]
2025-06-08 23:22:10.663 [main] INFO  o.s.c.gateway.route.RouteDefinitionRouteLocator - Loaded RoutePredicateFactory [Path]
2025-06-08 23:22:10.663 [main] INFO  o.s.c.gateway.route.RouteDefinitionRouteLocator - Loaded RoutePredicateFactory [Query]
2025-06-08 23:22:10.663 [main] INFO  o.s.c.gateway.route.RouteDefinitionRouteLocator - Loaded RoutePredicateFactory [ReadBody]
2025-06-08 23:22:10.663 [main] INFO  o.s.c.gateway.route.RouteDefinitionRouteLocator - Loaded RoutePredicateFactory [RemoteAddr]
2025-06-08 23:22:10.663 [main] INFO  o.s.c.gateway.route.RouteDefinitionRouteLocator - Loaded RoutePredicateFactory [XForwardedRemoteAddr]
2025-06-08 23:22:10.663 [main] INFO  o.s.c.gateway.route.RouteDefinitionRouteLocator - Loaded RoutePredicateFactory [Weight]
2025-06-08 23:22:10.663 [main] INFO  o.s.c.gateway.route.RouteDefinitionRouteLocator - Loaded RoutePredicateFactory [CloudFoundryRouteService]
2025-06-08 23:22:12.362 [main] INFO  o.s.b.actuate.endpoint.web.EndpointLinksResolver - Exposing 3 endpoint(s) beneath base path '/actuator'
2025-06-08 23:22:14.143 [main] INFO  org.apache.coyote.http11.Http11NioProtocol - Starting ProtocolHandler ["http-nio-8080"]
2025-06-08 23:22:14.160 [main] INFO  o.s.boot.web.embedded.tomcat.TomcatWebServer - Tomcat started on port(s): 8080 (http) with context path ''
2025-06-08 23:22:14.171 [main] INFO  com.alibaba.nacos.client.naming - initializer namespace from ans.namespace attribute : null
2025-06-08 23:22:14.171 [main] INFO  com.alibaba.nacos.client.naming - initializer namespace from ALIBABA_ALIWARE_NAMESPACE attribute :null
2025-06-08 23:22:14.172 [main] INFO  com.alibaba.nacos.client.naming - initializer namespace from namespace attribute :null
2025-06-08 23:22:14.182 [main] INFO  c.a.n.p.auth.spi.client.ClientAuthPluginManager - [ClientAuthPluginManager] Load ClientAuthService com.alibaba.nacos.client.auth.impl.NacosClientAuthServiceImpl success.
2025-06-08 23:22:14.183 [main] INFO  c.a.n.p.auth.spi.client.ClientAuthPluginManager - [ClientAuthPluginManager] Load ClientAuthService com.alibaba.nacos.client.auth.ram.RamClientAuthServiceImpl success.
2025-06-08 23:22:14.187 [main] INFO  com.alibaba.nacos.common.remote.client - [RpcClientFactory] create a new rpc client of 7be7fa90-b5b1-4f7d-9e17-4e0b36092365
2025-06-08 23:22:14.189 [main] INFO  com.alibaba.nacos.common.remote.client - [7be7fa90-b5b1-4f7d-9e17-4e0b36092365] RpcClient init, ServerListFactory = com.alibaba.nacos.client.naming.core.ServerListManager
2025-06-08 23:22:14.189 [main] INFO  com.alibaba.nacos.common.remote.client - [7be7fa90-b5b1-4f7d-9e17-4e0b36092365] Registry connection listener to current client:com.alibaba.nacos.client.naming.remote.gprc.redo.NamingGrpcRedoService
2025-06-08 23:22:14.189 [main] INFO  com.alibaba.nacos.common.remote.client - [7be7fa90-b5b1-4f7d-9e17-4e0b36092365] Register server push request handler:com.alibaba.nacos.client.naming.remote.gprc.NamingPushRequestHandler
2025-06-08 23:22:14.190 [main] INFO  com.alibaba.nacos.common.remote.client - [7be7fa90-b5b1-4f7d-9e17-4e0b36092365] Try to connect to server on start up, server: {serverIp = '8.133.246.113', server main port = 8848}
2025-06-08 23:22:14.190 [main] INFO  c.a.nacos.common.remote.client.grpc.GrpcClient - grpc client connection server:8.133.246.113 ip,serverPort:9848,grpcTslConfig:{"sslProvider":"OPENSSL","enableTls":false,"mutualAuthEnable":false,"trustAll":false}
2025-06-08 23:22:14.315 [main] INFO  com.alibaba.nacos.common.remote.client - [7be7fa90-b5b1-4f7d-9e17-4e0b36092365] Success to connect to server [8.133.246.113:8848] on start up, connectionId = 1749396134227_139.227.195.166_38066
2025-06-08 23:22:14.315 [main] INFO  com.alibaba.nacos.common.remote.client - [7be7fa90-b5b1-4f7d-9e17-4e0b36092365] Register server push request handler:com.alibaba.nacos.common.remote.client.RpcClient$ConnectResetRequestHandler
2025-06-08 23:22:14.315 [com.alibaba.nacos.client.remote.worker] INFO  com.alibaba.nacos.common.remote.client - [7be7fa90-b5b1-4f7d-9e17-4e0b36092365] Notify connected event to listeners.
2025-06-08 23:22:14.315 [main] INFO  com.alibaba.nacos.common.remote.client - [7be7fa90-b5b1-4f7d-9e17-4e0b36092365] Register server push request handler:com.alibaba.nacos.common.remote.client.RpcClient$$Lambda/0x00000275d15555c8
2025-06-08 23:22:14.315 [com.alibaba.nacos.client.remote.worker] INFO  com.alibaba.nacos.client.naming - Grpc connection connect
2025-06-08 23:22:14.317 [main] INFO  com.alibaba.nacos.client.naming - [REGISTER-SERVICE] d750d92e-152f-4055-a641-3bc9dda85a29 registering service bgai with instance Instance{instanceId='null', ip='192.168.86.8', port=8080, weight=1.0, healthy=true, enabled=true, ephemeral=true, clusterName='DEFAULT', serviceName='null', metadata={IPv6=[2408:820c:7528:d042:883f:4494:3393:c9e5], preserved.register.source=SPRING_CLOUD}}
2025-06-08 23:22:14.341 [main] INFO  c.a.cloud.nacos.registry.NacosServiceRegistry - nacos registry, DEFAULT_GROUP bgai 192.168.86.8:8080 register finished
2025-06-08 23:22:14.408 [main] INFO  com.bgpay.bgai.config.NacosConfig - 应用启动完成，当前环境: dev
2025-06-08 23:22:14.409 [main] INFO  com.bgpay.bgai.config.NacosConfig - Nacos配置中心: 8.133.246.113:8848, 命名空间: d750d92e-152f-4055-a641-3bc9dda85a29
2025-06-08 23:22:14.409 [main] INFO  com.bgpay.bgai.config.NacosConfig - 注意: 如果看到Nacos配置加载警告，但应用正常启动，说明应用正在使用本地配置文件
2025-06-08 23:22:14.410 [main] INFO  com.bgpay.bgai.BgaiApplication - Started BgaiApplication in 21.75 seconds (process running for 23.355)
2025-06-08 23:22:14.416 [scheduling-1] DEBUG c.b.b.mapper.FileTypeMapper.selectActiveMimeTypes - ==>  Preparing: SELECT * FROM mime_type_config WHERE enabled = true
2025-06-08 23:22:14.417 [scheduling-1] DEBUG c.b.b.mapper.FileTypeMapper.selectActiveMimeTypes - ==> Parameters: 
2025-06-08 23:22:14.430 [scheduling-1] DEBUG c.b.b.mapper.FileTypeMapper.selectActiveMimeTypes - <==      Total: 52
2025-06-08 23:22:14.431 [main] DEBUG c.b.b.mapper.FileTypeMapper.selectActiveMimeTypes - ==>  Preparing: SELECT * FROM mime_type_config WHERE enabled = true
2025-06-08 23:22:14.431 [main] DEBUG c.b.b.mapper.FileTypeMapper.selectActiveMimeTypes - ==> Parameters: 
2025-06-08 23:22:14.441 [main] DEBUG c.b.b.mapper.FileTypeMapper.selectActiveMimeTypes - <==      Total: 52
2025-06-08 23:22:14.442 [scheduling-1] DEBUG c.b.bgai.mapper.FileTypeMapper.selectAllowedTypes - ==>  Preparing: SELECT mime_type FROM allowed_file_type WHERE enabled = true
2025-06-08 23:22:14.442 [scheduling-1] DEBUG c.b.bgai.mapper.FileTypeMapper.selectAllowedTypes - ==> Parameters: 
2025-06-08 23:22:14.450 [scheduling-1] DEBUG c.b.bgai.mapper.FileTypeMapper.selectAllowedTypes - <==      Total: 52
2025-06-08 23:22:14.450 [main] DEBUG c.b.bgai.mapper.FileTypeMapper.selectAllowedTypes - ==>  Preparing: SELECT mime_type FROM allowed_file_type WHERE enabled = true
2025-06-08 23:22:14.450 [main] DEBUG c.b.bgai.mapper.FileTypeMapper.selectAllowedTypes - ==> Parameters: 
2025-06-08 23:22:14.456 [main] DEBUG c.b.bgai.mapper.FileTypeMapper.selectAllowedTypes - <==      Total: 52
2025-06-08 23:22:14.456 [main] INFO  com.bgpay.bgai.seata.SagaStateMachineConfig - ==================== Saga状态机加载报告 ====================
2025-06-08 23:22:14.456 [main] INFO  com.bgpay.bgai.seata.SagaStateMachineConfig - Saga状态机配置加载状态: 成功
2025-06-08 23:22:14.457 [main] INFO  com.bgpay.bgai.seata.SagaStateMachineConfig - 已加载的状态机定义文件数量: 2
2025-06-08 23:22:14.457 [main] INFO  com.bgpay.bgai.seata.SagaStateMachineConfig - 已加载的状态机定义文件:
2025-06-08 23:22:14.457 [main] INFO  com.bgpay.bgai.seata.SagaStateMachineConfig -  - /E:/project/bgai/target/classes/statelang/bgai-saga-transaction.json
2025-06-08 23:22:14.457 [main] INFO  com.bgpay.bgai.seata.SagaStateMachineConfig -  - /E:/project/bgai/target/classes/statelang/chat_completion_saga.json
2025-06-08 23:22:14.457 [main] INFO  com.bgpay.bgai.seata.SagaStateMachineConfig - Saga解析器状态: CUSTOM_FASTJSON2
2025-06-08 23:22:14.457 [main] INFO  com.bgpay.bgai.seata.SagaStateMachineConfig - 状态机解析结果: 成功 2 个, 失败 0 个
2025-06-08 23:22:14.457 [main] INFO  com.bgpay.bgai.seata.SagaStateMachineConfig - =============================================================
2025-06-08 23:22:14.461 [main] INFO  com.alibaba.nacos.client.config.impl.CacheData - nacos.cache.data.init.snapshot = true 
2025-06-08 23:22:14.461 [main] INFO  com.alibaba.nacos.client.config.impl.ClientWorker - [fixed-d750d92e-152f-4055-a641-3bc9dda85a29-8.133.246.113_8848] [subscribe] common-dev.yaml+DEFAULT_GROUP+d750d92e-152f-4055-a641-3bc9dda85a29
2025-06-08 23:22:14.470 [main] INFO  com.alibaba.nacos.client.config.impl.CacheData - [fixed-d750d92e-152f-4055-a641-3bc9dda85a29-8.133.246.113_8848] [add-listener] ok, tenant=d750d92e-152f-4055-a641-3bc9dda85a29, dataId=common-dev.yaml, group=DEFAULT_GROUP, cnt=1
2025-06-08 23:22:14.470 [main] INFO  c.a.cloud.nacos.refresh.NacosContextRefresher - [Nacos Config] Listening config: dataId=common-dev.yaml, group=DEFAULT_GROUP
2025-06-08 23:22:14.470 [main] INFO  com.alibaba.nacos.client.config.impl.ClientWorker - [fixed-d750d92e-152f-4055-a641-3bc9dda85a29-8.133.246.113_8848] [subscribe] bgtech-ai.yaml+DEFAULT_GROUP+d750d92e-152f-4055-a641-3bc9dda85a29
2025-06-08 23:22:14.470 [main] INFO  com.alibaba.nacos.client.config.impl.CacheData - [fixed-d750d92e-152f-4055-a641-3bc9dda85a29-8.133.246.113_8848] [add-listener] ok, tenant=d750d92e-152f-4055-a641-3bc9dda85a29, dataId=bgtech-ai.yaml, group=DEFAULT_GROUP, cnt=1
2025-06-08 23:22:14.470 [main] INFO  c.a.cloud.nacos.refresh.NacosContextRefresher - [Nacos Config] Listening config: dataId=bgtech-ai.yaml, group=DEFAULT_GROUP
2025-06-08 23:22:14.472 [main] INFO  com.alibaba.nacos.client.config.impl.ClientWorker - [fixed-d750d92e-152f-4055-a641-3bc9dda85a29-8.133.246.113_8848] [subscribe] bgtech-ai-dev.yaml+DEFAULT_GROUP+d750d92e-152f-4055-a641-3bc9dda85a29
2025-06-08 23:22:14.472 [main] INFO  com.alibaba.nacos.client.config.impl.CacheData - [fixed-d750d92e-152f-4055-a641-3bc9dda85a29-8.133.246.113_8848] [add-listener] ok, tenant=d750d92e-152f-4055-a641-3bc9dda85a29, dataId=bgtech-ai-dev.yaml, group=DEFAULT_GROUP, cnt=1
2025-06-08 23:22:14.472 [main] INFO  c.a.cloud.nacos.refresh.NacosContextRefresher - [Nacos Config] Listening config: dataId=bgtech-ai-dev.yaml, group=DEFAULT_GROUP
2025-06-08 23:22:14.472 [main] INFO  com.alibaba.nacos.client.config.impl.ClientWorker - [fixed-d750d92e-152f-4055-a641-3bc9dda85a29-8.133.246.113_8848] [subscribe] bgtech-ai+DEFAULT_GROUP+d750d92e-152f-4055-a641-3bc9dda85a29
2025-06-08 23:22:14.472 [main] INFO  com.alibaba.nacos.client.config.impl.CacheData - [fixed-d750d92e-152f-4055-a641-3bc9dda85a29-8.133.246.113_8848] [add-listener] ok, tenant=d750d92e-152f-4055-a641-3bc9dda85a29, dataId=bgtech-ai, group=DEFAULT_GROUP, cnt=1
2025-06-08 23:22:14.472 [main] INFO  c.a.cloud.nacos.refresh.NacosContextRefresher - [Nacos Config] Listening config: dataId=bgtech-ai, group=DEFAULT_GROUP
2025-06-08 23:22:18.702 [http-nio-8080-exec-2] DEBUG c.bgpay.bgai.mapper.UserMapper.findByAccessToken - ==>  Preparing: SELECT * FROM t_user WHERE access_token = ? AND token_expire_time > NOW()
2025-06-08 23:22:18.703 [http-nio-8080-exec-2] DEBUG c.bgpay.bgai.mapper.UserMapper.findByAccessToken - ==> Parameters: 285def70-9846-4893-813b-0e99d56f61a6(String)
2025-06-08 23:22:18.713 [http-nio-8080-exec-2] DEBUG c.bgpay.bgai.mapper.UserMapper.findByAccessToken - <==      Total: 0
2025-06-08 23:22:18.714 [http-nio-8080-exec-2] INFO  com.bgpay.bgai.service.impl.UserServiceImpl - 为测试令牌创建临时用户: 285def70-9846-4893-813b-0e99d56f61a6
2025-06-08 23:22:18.812 [http-nio-8080-exec-2] INFO  com.bgpay.bgai.controller.ReactiveChatController - 接收到请求: /api/chatGatWay-internal, 文件=新文件 17.txt, 问题参数=null, 模型参数=null
2025-06-08 23:22:18.814 [http-nio-8080-exec-2] INFO  com.bgpay.bgai.controller.ReactiveChatController - 请求Content-Type: multipart/form-data;boundary=--------------------------066633087882969729521466
2025-06-08 23:22:18.815 [http-nio-8080-exec-2] INFO  com.bgpay.bgai.controller.ReactiveChatController - 收集到的完整参数: question="null", apiUrl="null", modelName="null", multiTurn=false
2025-06-08 23:22:18.817 [http-nio-8080-exec-2] INFO  com.bgpay.bgai.controller.ReactiveChatController - Processing request for user ID: test-user-285def70
2025-06-08 23:22:18.817 [http-nio-8080-exec-2] INFO  com.bgpay.bgai.controller.ReactiveChatController - Processing file with circuit breaker: fileName=新文件 17.txt, question=
2025-06-08 23:22:18.819 [http-nio-8080-exec-2] INFO  com.bgpay.bgai.config.ReactiveFileProcessor - Processing file: 新文件 17.txt, content-type: text/plain
2025-06-08 23:22:18.825 [http-nio-8080-exec-2] INFO  com.bgpay.bgai.controller.ReactiveChatController - PARAM TRACE [test-user-285def70]: 尝试查找匹配配置 - 参数: apiUrl=null, modelName=null
2025-06-08 23:22:18.837 [http-nio-8080-exec-2] INFO  com.bgpay.bgai.service.impl.ApiConfigServiceImpl - 查询配置 - userId=test-user-285def70
2025-06-08 23:22:18.838 [http-nio-8080-exec-2] INFO  com.bgpay.bgai.service.impl.ApiConfigServiceImpl - 排序方式 - 按ID降序
2025-06-08 23:22:18.838 [http-nio-8080-exec-2] INFO  com.bgpay.bgai.service.impl.ApiConfigServiceImpl - 限制结果数 - LIMIT 1
2025-06-08 23:22:18.915 [http-nio-8080-exec-2] DEBUG com.bgpay.bgai.mapper.ApiConfigMapper.selectList - ==>  Preparing: SELECT id,api_url,api_key,model_name,user_id FROM api_config WHERE (user_id = ?) ORDER BY id DESC LIMIT 1
2025-06-08 23:22:18.916 [http-nio-8080-exec-2] DEBUG com.bgpay.bgai.mapper.ApiConfigMapper.selectList - ==> Parameters: test-user-285def70(String)
2025-06-08 23:22:18.925 [http-nio-8080-exec-2] DEBUG com.bgpay.bgai.mapper.ApiConfigMapper.selectList - <==      Total: 0
2025-06-08 23:22:18.926 [http-nio-8080-exec-2] INFO  com.bgpay.bgai.service.impl.ApiConfigServiceImpl - 查询结果 - 未找到匹配配置
2025-06-08 23:22:18.926 [http-nio-8080-exec-2] INFO  com.bgpay.bgai.controller.ReactiveChatController - PARAM TRACE [test-user-285def70]: 未提供任何参数，尝试获取最新配置
2025-06-08 23:22:18.927 [http-nio-8080-exec-2] DEBUG com.bgpay.bgai.mapper.ApiConfigMapper.selectList - ==>  Preparing: SELECT id,api_url,api_key,model_name,user_id FROM api_config WHERE (user_id = ?) ORDER BY id DESC
2025-06-08 23:22:18.927 [http-nio-8080-exec-2] DEBUG com.bgpay.bgai.mapper.ApiConfigMapper.selectList - ==> Parameters: test-user-285def70(String)
2025-06-08 23:22:18.935 [http-nio-8080-exec-2] DEBUG com.bgpay.bgai.mapper.ApiConfigMapper.selectList - <==      Total: 0
2025-06-08 23:22:18.936 [http-nio-8080-exec-2] WARN  com.bgpay.bgai.controller.ReactiveChatController - PARAM TRACE [test-user-285def70]: 未找到匹配的API配置 - 原始请求参数: apiUrl=null, modelName=null
2025-06-08 23:22:18.948 [http-nio-8080-exec-2] ERROR com.bgpay.bgai.controller.ReactiveChatController - PARAM TRACE [test-user-285def70]: 配置解析失败 - 未找到匹配的API配置
java.lang.IllegalArgumentException: 未找到匹配的API配置
	at com.bgpay.bgai.controller.ReactiveChatController.lambda$26(ReactiveChatController.java:480)
	Suppressed: reactor.core.publisher.FluxOnAssembly$OnAssemblyException: 
Assembly trace from producer [reactor.core.publisher.MonoCallable] :
	reactor.core.publisher.Mono.fromCallable(Mono.java:515)
	com.bgpay.bgai.controller.ReactiveChatController.resolveApiConfigReactive(ReactiveChatController.java:431)
Error has been observed at the following site(s):
	*___Mono.fromCallable ⇢ at com.bgpay.bgai.controller.ReactiveChatController.resolveApiConfigReactive(ReactiveChatController.java:431)
	|_ Mono.switchIfEmpty ⇢ at com.bgpay.bgai.controller.ReactiveChatController.resolveApiConfigReactive(ReactiveChatController.java:482)
Original Stack Trace:
		at com.bgpay.bgai.controller.ReactiveChatController.lambda$26(ReactiveChatController.java:480)
		at reactor.core.publisher.MonoCallable$MonoCallableSubscription.request(MonoCallable.java:137)
		at reactor.core.publisher.Operators$MultiSubscriptionSubscriber.set(Operators.java:2341)
		at reactor.core.publisher.Operators$MultiSubscriptionSubscriber.onSubscribe(Operators.java:2215)
		at reactor.core.publisher.MonoCallable.subscribe(MonoCallable.java:48)
		at reactor.core.publisher.InternalMonoOperator.subscribe(InternalMonoOperator.java:64)
		at reactor.core.publisher.MonoFlatMap$FlatMapMain.onNext(MonoFlatMap.java:165)
		at reactor.core.publisher.FluxSwitchIfEmpty$SwitchIfEmptySubscriber.onNext(FluxSwitchIfEmpty.java:74)
		at reactor.core.publisher.Operators$ScalarSubscription.request(Operators.java:2545)
		at reactor.core.publisher.Operators$MultiSubscriptionSubscriber.set(Operators.java:2341)
		at reactor.core.publisher.Operators$MultiSubscriptionSubscriber.onSubscribe(Operators.java:2215)
		at reactor.core.publisher.MonoJust.subscribe(MonoJust.java:55)
		at reactor.core.publisher.InternalMonoOperator.subscribe(InternalMonoOperator.java:64)
		at reactor.core.publisher.MonoFlatMap$FlatMapMain.onNext(MonoFlatMap.java:165)
		at reactor.core.publisher.FluxDefaultIfEmpty$DefaultIfEmptySubscriber.onNext(FluxDefaultIfEmpty.java:122)
		at reactor.core.publisher.FluxOnErrorResume$ResumeSubscriber.onNext(FluxOnErrorResume.java:79)
		at reactor.core.publisher.MonoPeekTerminal$MonoTerminalPeekSubscriber.onNext(MonoPeekTerminal.java:180)
		at reactor.core.publisher.Operators$MonoSubscriber.complete(Operators.java:1839)
		at reactor.core.publisher.MonoCacheTime$CoordinatorSubscriber.signalCached(MonoCacheTime.java:337)
		at reactor.core.publisher.MonoCacheTime$CoordinatorSubscriber.onNext(MonoCacheTime.java:354)
		at reactor.core.publisher.Operators$ScalarSubscription.request(Operators.java:2545)
		at reactor.core.publisher.MonoCacheTime$CoordinatorSubscriber.onSubscribe(MonoCacheTime.java:293)
		at reactor.core.publisher.MonoJust.subscribe(MonoJust.java:55)
		at reactor.core.publisher.InternalMonoOperator.subscribe(InternalMonoOperator.java:64)
		at reactor.core.publisher.MonoCacheTime.subscribeOrReturn(MonoCacheTime.java:143)
		at reactor.core.publisher.InternalMonoOperator.subscribe(InternalMonoOperator.java:57)
		at reactor.core.publisher.MonoFlatMap$FlatMapMain.onNext(MonoFlatMap.java:165)
		at reactor.core.publisher.FluxDefaultIfEmpty$DefaultIfEmptySubscriber.onNext(FluxDefaultIfEmpty.java:122)
		at reactor.core.publisher.FluxMap$MapSubscriber.onNext(FluxMap.java:122)
		at reactor.core.publisher.Operators$ScalarSubscription.request(Operators.java:2545)
		at reactor.core.publisher.FluxMap$MapSubscriber.request(FluxMap.java:164)
		at reactor.core.publisher.FluxDefaultIfEmpty$DefaultIfEmptySubscriber.request(FluxDefaultIfEmpty.java:98)
		at reactor.core.publisher.MonoFlatMap$FlatMapMain.request(MonoFlatMap.java:194)
		at reactor.core.publisher.MonoFlatMap$FlatMapMain.request(MonoFlatMap.java:194)
		at reactor.core.publisher.Operators$MultiSubscriptionSubscriber.set(Operators.java:2341)
		at reactor.core.publisher.FluxOnErrorResume$ResumeSubscriber.onSubscribe(FluxOnErrorResume.java:74)
		at reactor.core.publisher.MonoFlatMap$FlatMapMain.onSubscribe(MonoFlatMap.java:117)
		at reactor.core.publisher.MonoFlatMap$FlatMapMain.onSubscribe(MonoFlatMap.java:117)
		at reactor.core.publisher.Operators$BaseFluxToMonoOperator.onSubscribe(Operators.java:2025)
		at reactor.core.publisher.FluxMap$MapSubscriber.onSubscribe(FluxMap.java:92)
		at reactor.core.publisher.MonoJust.subscribe(MonoJust.java:55)
		at reactor.core.publisher.InternalMonoOperator.subscribe(InternalMonoOperator.java:64)
		at reactor.core.publisher.MonoFlatMap$FlatMapMain.onNext(MonoFlatMap.java:165)
		at reactor.core.publisher.FluxOnErrorResume$ResumeSubscriber.onNext(FluxOnErrorResume.java:79)
		at reactor.core.publisher.FluxPeekFuseable$PeekFuseableSubscriber.onNext(FluxPeekFuseable.java:210)
		at reactor.core.publisher.FluxPeekFuseable$PeekFuseableSubscriber.onNext(FluxPeekFuseable.java:210)
		at reactor.core.publisher.MonoIgnoreThen$ThenIgnoreMain.complete(MonoIgnoreThen.java:292)
		at reactor.core.publisher.MonoIgnoreThen$ThenIgnoreMain.onNext(MonoIgnoreThen.java:187)
		at reactor.core.publisher.MonoFlatMap$FlatMapMain.onNext(MonoFlatMap.java:158)
		at reactor.core.publisher.MonoZip$ZipCoordinator.signal(MonoZip.java:293)
		at reactor.core.publisher.MonoZip$ZipInner.onNext(MonoZip.java:474)
		at reactor.core.publisher.MonoPeekTerminal$MonoTerminalPeekSubscriber.onNext(MonoPeekTerminal.java:180)
		at reactor.core.publisher.FluxDefaultIfEmpty$DefaultIfEmptySubscriber.onNext(FluxDefaultIfEmpty.java:122)
		at reactor.core.publisher.FluxMapFuseable$MapFuseableSubscriber.onNext(FluxMapFuseable.java:129)
		at reactor.core.publisher.MonoNext$NextSubscriber.onNext(MonoNext.java:82)
		at reactor.core.publisher.FluxFlattenIterable$FlattenIterableSubscriber.drainAsync(FluxFlattenIterable.java:453)
		at reactor.core.publisher.FluxFlattenIterable$FlattenIterableSubscriber.drain(FluxFlattenIterable.java:724)
		at reactor.core.publisher.FluxFlattenIterable$FlattenIterableSubscriber.onNext(FluxFlattenIterable.java:256)
		at reactor.core.publisher.Operators$MonoSubscriber.complete(Operators.java:1839)
		at reactor.core.publisher.MonoCacheTime$CoordinatorSubscriber.signalCached(MonoCacheTime.java:337)
		at reactor.core.publisher.MonoCacheTime$CoordinatorSubscriber.onNext(MonoCacheTime.java:354)
		at reactor.core.publisher.FluxSwitchIfEmpty$SwitchIfEmptySubscriber.onNext(FluxSwitchIfEmpty.java:74)
		at reactor.core.publisher.FluxPeekFuseable$PeekFuseableSubscriber.onNext(FluxPeekFuseable.java:210)
		at reactor.core.publisher.FluxMapFuseable$MapFuseableSubscriber.onNext(FluxMapFuseable.java:129)
		at reactor.core.publisher.FluxPeekFuseable$PeekFuseableSubscriber.onNext(FluxPeekFuseable.java:210)
		at reactor.core.publisher.Operators$BaseFluxToMonoOperator.completePossiblyEmpty(Operators.java:2071)
		at reactor.core.publisher.MonoCollect$CollectSubscriber.onComplete(MonoCollect.java:145)
		at reactor.core.publisher.FluxConcatMapNoPrefetch$FluxConcatMapNoPrefetchSubscriber.onComplete(FluxConcatMapNoPrefetch.java:240)
		at reactor.core.publisher.FluxWindowPredicate$WindowPredicateMain.checkTerminated(FluxWindowPredicate.java:540)
		at reactor.core.publisher.FluxWindowPredicate$WindowPredicateMain.drainLoop(FluxWindowPredicate.java:488)
		at reactor.core.publisher.FluxWindowPredicate$WindowPredicateMain.drain(FluxWindowPredicate.java:432)
		at reactor.core.publisher.FluxWindowPredicate$WindowPredicateMain.onComplete(FluxWindowPredicate.java:312)
		at reactor.core.publisher.FluxCreate$BaseSink.complete(FluxCreate.java:463)
		at reactor.core.publisher.FluxCreate$BufferAsyncSink.drain(FluxCreate.java:869)
		at reactor.core.publisher.FluxCreate$BufferAsyncSink.complete(FluxCreate.java:817)
		at reactor.core.publisher.FluxCreate$SerializedFluxSink.drainLoop(FluxCreate.java:247)
		at reactor.core.publisher.FluxCreate$SerializedFluxSink.drain(FluxCreate.java:213)
		at reactor.core.publisher.FluxCreate$SerializedFluxSink.complete(FluxCreate.java:204)
		at org.springframework.http.codec.multipart.MultipartParser.emitComplete(MultipartParser.java:185)
		at org.springframework.http.codec.multipart.MultipartParser$HeadersState.onNext(MultipartParser.java:383)
		at org.springframework.http.codec.multipart.MultipartParser.changeState(MultipartParser.java:149)
		at org.springframework.http.codec.multipart.MultipartParser$BodyState.onNext(MultipartParser.java:563)
		at org.springframework.http.codec.multipart.MultipartParser.changeState(MultipartParser.java:149)
		at org.springframework.http.codec.multipart.MultipartParser$HeadersState.onNext(MultipartParser.java:398)
		at org.springframework.http.codec.multipart.MultipartParser.changeState(MultipartParser.java:149)
		at org.springframework.http.codec.multipart.MultipartParser$BodyState.onNext(MultipartParser.java:563)
		at org.springframework.http.codec.multipart.MultipartParser.changeState(MultipartParser.java:149)
		at org.springframework.http.codec.multipart.MultipartParser$HeadersState.onNext(MultipartParser.java:398)
		at org.springframework.http.codec.multipart.MultipartParser.changeState(MultipartParser.java:149)
		at org.springframework.http.codec.multipart.MultipartParser$BodyState.onNext(MultipartParser.java:563)
		at org.springframework.http.codec.multipart.MultipartParser.changeState(MultipartParser.java:149)
		at org.springframework.http.codec.multipart.MultipartParser$HeadersState.onNext(MultipartParser.java:398)
		at org.springframework.http.codec.multipart.MultipartParser.changeState(MultipartParser.java:149)
		at org.springframework.http.codec.multipart.MultipartParser$BodyState.onNext(MultipartParser.java:563)
		at org.springframework.http.codec.multipart.MultipartParser.changeState(MultipartParser.java:149)
		at org.springframework.http.codec.multipart.MultipartParser$HeadersState.onNext(MultipartParser.java:398)
		at org.springframework.http.codec.multipart.MultipartParser.changeState(MultipartParser.java:149)
		at org.springframework.http.codec.multipart.MultipartParser$BodyState.onNext(MultipartParser.java:563)
		at org.springframework.http.codec.multipart.MultipartParser.changeState(MultipartParser.java:149)
		at org.springframework.http.codec.multipart.MultipartParser$HeadersState.onNext(MultipartParser.java:398)
		at org.springframework.http.codec.multipart.MultipartParser.changeState(MultipartParser.java:149)
		at org.springframework.http.codec.multipart.MultipartParser$BodyState.onNext(MultipartParser.java:563)
		at org.springframework.http.codec.multipart.MultipartParser.changeState(MultipartParser.java:149)
		at org.springframework.http.codec.multipart.MultipartParser$HeadersState.onNext(MultipartParser.java:398)
		at org.springframework.http.codec.multipart.MultipartParser.changeState(MultipartParser.java:149)
		at org.springframework.http.codec.multipart.MultipartParser$PreambleState.onNext(MultipartParser.java:328)
		at org.springframework.http.codec.multipart.MultipartParser.hookOnNext(MultipartParser.java:120)
		at org.springframework.http.codec.multipart.MultipartParser.hookOnNext(MultipartParser.java:52)
		at reactor.core.publisher.BaseSubscriber.onNext(BaseSubscriber.java:160)
		at org.springframework.http.server.reactive.AbstractListenerReadPublisher.readAndPublish(AbstractListenerReadPublisher.java:209)
		at org.springframework.http.server.reactive.AbstractListenerReadPublisher$State$4.onDataAvailable(AbstractListenerReadPublisher.java:391)
		at org.springframework.http.server.reactive.AbstractListenerReadPublisher.onDataAvailable(AbstractListenerReadPublisher.java:122)
		at org.springframework.http.server.reactive.ServletServerHttpRequest$RequestBodyPublisher$RequestBodyPublisherReadListener.onDataAvailable(ServletServerHttpRequest.java:347)
		at org.apache.coyote.Request.onDataAvailable(Request.java:272)
		at org.apache.catalina.connector.CoyoteAdapter.asyncDispatch(CoyoteAdapter.java:202)
		at org.apache.coyote.AbstractProcessor.dispatch(AbstractProcessor.java:243)
		at org.apache.coyote.AbstractProcessorLight.process(AbstractProcessorLight.java:50)
		at org.apache.coyote.AbstractProtocol$ConnectionHandler.process(AbstractProtocol.java:896)
		at org.apache.tomcat.util.net.NioEndpoint$SocketProcessor.doRun(NioEndpoint.java:1744)
		at org.apache.tomcat.util.net.SocketProcessorBase.run(SocketProcessorBase.java:52)
		at org.apache.tomcat.util.threads.ThreadPoolExecutor.runWorker(ThreadPoolExecutor.java:1191)
		at org.apache.tomcat.util.threads.ThreadPoolExecutor$Worker.run(ThreadPoolExecutor.java:659)
		at org.apache.tomcat.util.threads.TaskThread$WrappingRunnable.run(TaskThread.java:61)
		at java.base/java.lang.Thread.run(Thread.java:1583)
2025-06-08 23:22:18.954 [http-nio-8080-exec-2] ERROR com.bgpay.bgai.controller.ReactiveChatController - API configuration error: 未找到匹配的API配置
2025-06-08 23:23:09.633 [http-nio-8080-exec-4] DEBUG c.bgpay.bgai.mapper.UserMapper.findByAccessToken - ==>  Preparing: SELECT * FROM t_user WHERE access_token = ? AND token_expire_time > NOW()
2025-06-08 23:23:09.633 [http-nio-8080-exec-4] DEBUG c.bgpay.bgai.mapper.UserMapper.findByAccessToken - ==> Parameters: a33bfa65-4b02-4996-a90c-89f7ff33cd93(String)
2025-06-08 23:23:09.641 [http-nio-8080-exec-4] DEBUG c.bgpay.bgai.mapper.UserMapper.findByAccessToken - <==      Total: 0
2025-06-08 23:23:09.641 [http-nio-8080-exec-4] INFO  com.bgpay.bgai.service.impl.UserServiceImpl - 为测试令牌创建临时用户: a33bfa65-4b02-4996-a90c-89f7ff33cd93
2025-06-08 23:23:09.652 [http-nio-8080-exec-4] INFO  com.bgpay.bgai.controller.ReactiveChatController - 接收到请求: /api/chatGatWay-internal, 文件=新文件 17.txt, 问题参数=null, 模型参数=null
2025-06-08 23:23:09.653 [http-nio-8080-exec-4] INFO  com.bgpay.bgai.controller.ReactiveChatController - 请求Content-Type: multipart/form-data;boundary=--------------------------125830212177112956590462
2025-06-08 23:23:09.653 [http-nio-8080-exec-4] INFO  com.bgpay.bgai.controller.ReactiveChatController - 收集到的完整参数: question="null", apiUrl="null", modelName="null", multiTurn=false
2025-06-08 23:23:09.653 [http-nio-8080-exec-4] INFO  com.bgpay.bgai.controller.ReactiveChatController - Processing request for user ID: test-user-a33bfa65
2025-06-08 23:23:09.653 [http-nio-8080-exec-4] INFO  com.bgpay.bgai.controller.ReactiveChatController - Processing file with circuit breaker: fileName=新文件 17.txt, question=
2025-06-08 23:23:09.653 [http-nio-8080-exec-4] INFO  com.bgpay.bgai.config.ReactiveFileProcessor - Processing file: 新文件 17.txt, content-type: text/plain
2025-06-08 23:23:09.654 [http-nio-8080-exec-4] INFO  com.bgpay.bgai.controller.ReactiveChatController - PARAM TRACE [test-user-a33bfa65]: 尝试查找匹配配置 - 参数: apiUrl=null, modelName=null
2025-06-08 23:23:09.654 [http-nio-8080-exec-4] INFO  com.bgpay.bgai.service.impl.ApiConfigServiceImpl - 查询配置 - userId=test-user-a33bfa65
2025-06-08 23:23:09.654 [http-nio-8080-exec-4] INFO  com.bgpay.bgai.service.impl.ApiConfigServiceImpl - 排序方式 - 按ID降序
2025-06-08 23:23:09.654 [http-nio-8080-exec-4] INFO  com.bgpay.bgai.service.impl.ApiConfigServiceImpl - 限制结果数 - LIMIT 1
2025-06-08 23:23:09.655 [http-nio-8080-exec-4] DEBUG com.bgpay.bgai.mapper.ApiConfigMapper.selectList - ==>  Preparing: SELECT id,api_url,api_key,model_name,user_id FROM api_config WHERE (user_id = ?) ORDER BY id DESC LIMIT 1
2025-06-08 23:23:09.655 [http-nio-8080-exec-4] DEBUG com.bgpay.bgai.mapper.ApiConfigMapper.selectList - ==> Parameters: test-user-a33bfa65(String)
2025-06-08 23:23:09.663 [http-nio-8080-exec-4] DEBUG com.bgpay.bgai.mapper.ApiConfigMapper.selectList - <==      Total: 0
2025-06-08 23:23:09.663 [http-nio-8080-exec-4] INFO  com.bgpay.bgai.service.impl.ApiConfigServiceImpl - 查询结果 - 未找到匹配配置
2025-06-08 23:23:09.663 [http-nio-8080-exec-4] INFO  com.bgpay.bgai.controller.ReactiveChatController - PARAM TRACE [test-user-a33bfa65]: 未提供任何参数，尝试获取最新配置
2025-06-08 23:23:09.664 [http-nio-8080-exec-4] DEBUG com.bgpay.bgai.mapper.ApiConfigMapper.selectList - ==>  Preparing: SELECT id,api_url,api_key,model_name,user_id FROM api_config WHERE (user_id = ?) ORDER BY id DESC
2025-06-08 23:23:09.664 [http-nio-8080-exec-4] DEBUG com.bgpay.bgai.mapper.ApiConfigMapper.selectList - ==> Parameters: test-user-a33bfa65(String)
2025-06-08 23:23:09.671 [http-nio-8080-exec-4] DEBUG com.bgpay.bgai.mapper.ApiConfigMapper.selectList - <==      Total: 0
2025-06-08 23:23:09.672 [http-nio-8080-exec-4] WARN  com.bgpay.bgai.controller.ReactiveChatController - PARAM TRACE [test-user-a33bfa65]: 未找到匹配的API配置 - 原始请求参数: apiUrl=null, modelName=null
2025-06-08 23:23:09.672 [http-nio-8080-exec-4] ERROR com.bgpay.bgai.controller.ReactiveChatController - PARAM TRACE [test-user-a33bfa65]: 配置解析失败 - 未找到匹配的API配置
java.lang.IllegalArgumentException: 未找到匹配的API配置
	at com.bgpay.bgai.controller.ReactiveChatController.lambda$26(ReactiveChatController.java:480)
	Suppressed: reactor.core.publisher.FluxOnAssembly$OnAssemblyException: 
Assembly trace from producer [reactor.core.publisher.MonoCallable] :
	reactor.core.publisher.Mono.fromCallable(Mono.java:515)
	com.bgpay.bgai.controller.ReactiveChatController.resolveApiConfigReactive(ReactiveChatController.java:431)
Error has been observed at the following site(s):
	*___Mono.fromCallable ⇢ at com.bgpay.bgai.controller.ReactiveChatController.resolveApiConfigReactive(ReactiveChatController.java:431)
	|_ Mono.switchIfEmpty ⇢ at com.bgpay.bgai.controller.ReactiveChatController.resolveApiConfigReactive(ReactiveChatController.java:482)
Original Stack Trace:
		at com.bgpay.bgai.controller.ReactiveChatController.lambda$26(ReactiveChatController.java:480)
		at reactor.core.publisher.MonoCallable$MonoCallableSubscription.request(MonoCallable.java:137)
		at reactor.core.publisher.Operators$MultiSubscriptionSubscriber.set(Operators.java:2341)
		at reactor.core.publisher.Operators$MultiSubscriptionSubscriber.onSubscribe(Operators.java:2215)
		at reactor.core.publisher.MonoCallable.subscribe(MonoCallable.java:48)
		at reactor.core.publisher.InternalMonoOperator.subscribe(InternalMonoOperator.java:64)
		at reactor.core.publisher.MonoFlatMap$FlatMapMain.onNext(MonoFlatMap.java:165)
		at reactor.core.publisher.FluxSwitchIfEmpty$SwitchIfEmptySubscriber.onNext(FluxSwitchIfEmpty.java:74)
		at reactor.core.publisher.Operators$ScalarSubscription.request(Operators.java:2545)
		at reactor.core.publisher.Operators$MultiSubscriptionSubscriber.set(Operators.java:2341)
		at reactor.core.publisher.Operators$MultiSubscriptionSubscriber.onSubscribe(Operators.java:2215)
		at reactor.core.publisher.MonoJust.subscribe(MonoJust.java:55)
		at reactor.core.publisher.InternalMonoOperator.subscribe(InternalMonoOperator.java:64)
		at reactor.core.publisher.MonoFlatMap$FlatMapMain.onNext(MonoFlatMap.java:165)
		at reactor.core.publisher.FluxDefaultIfEmpty$DefaultIfEmptySubscriber.onNext(FluxDefaultIfEmpty.java:122)
		at reactor.core.publisher.FluxOnErrorResume$ResumeSubscriber.onNext(FluxOnErrorResume.java:79)
		at reactor.core.publisher.MonoPeekTerminal$MonoTerminalPeekSubscriber.onNext(MonoPeekTerminal.java:180)
		at reactor.core.publisher.Operators$MonoSubscriber.complete(Operators.java:1839)
		at reactor.core.publisher.MonoCacheTime.subscribeOrReturn(MonoCacheTime.java:151)
		at reactor.core.publisher.InternalMonoOperator.subscribe(InternalMonoOperator.java:57)
		at reactor.core.publisher.MonoFlatMap$FlatMapMain.onNext(MonoFlatMap.java:165)
		at reactor.core.publisher.FluxDefaultIfEmpty$DefaultIfEmptySubscriber.onNext(FluxDefaultIfEmpty.java:122)
		at reactor.core.publisher.FluxMap$MapSubscriber.onNext(FluxMap.java:122)
		at reactor.core.publisher.Operators$ScalarSubscription.request(Operators.java:2545)
		at reactor.core.publisher.FluxMap$MapSubscriber.request(FluxMap.java:164)
		at reactor.core.publisher.FluxDefaultIfEmpty$DefaultIfEmptySubscriber.request(FluxDefaultIfEmpty.java:98)
		at reactor.core.publisher.MonoFlatMap$FlatMapMain.request(MonoFlatMap.java:194)
		at reactor.core.publisher.MonoFlatMap$FlatMapMain.request(MonoFlatMap.java:194)
		at reactor.core.publisher.Operators$MultiSubscriptionSubscriber.set(Operators.java:2341)
		at reactor.core.publisher.FluxOnErrorResume$ResumeSubscriber.onSubscribe(FluxOnErrorResume.java:74)
		at reactor.core.publisher.MonoFlatMap$FlatMapMain.onSubscribe(MonoFlatMap.java:117)
		at reactor.core.publisher.MonoFlatMap$FlatMapMain.onSubscribe(MonoFlatMap.java:117)
		at reactor.core.publisher.Operators$BaseFluxToMonoOperator.onSubscribe(Operators.java:2025)
		at reactor.core.publisher.FluxMap$MapSubscriber.onSubscribe(FluxMap.java:92)
		at reactor.core.publisher.MonoJust.subscribe(MonoJust.java:55)
		at reactor.core.publisher.InternalMonoOperator.subscribe(InternalMonoOperator.java:64)
		at reactor.core.publisher.MonoFlatMap$FlatMapMain.onNext(MonoFlatMap.java:165)
		at reactor.core.publisher.FluxOnErrorResume$ResumeSubscriber.onNext(FluxOnErrorResume.java:79)
		at reactor.core.publisher.FluxPeekFuseable$PeekFuseableSubscriber.onNext(FluxPeekFuseable.java:210)
		at reactor.core.publisher.FluxPeekFuseable$PeekFuseableSubscriber.onNext(FluxPeekFuseable.java:210)
		at reactor.core.publisher.MonoIgnoreThen$ThenIgnoreMain.complete(MonoIgnoreThen.java:292)
		at reactor.core.publisher.MonoIgnoreThen$ThenIgnoreMain.onNext(MonoIgnoreThen.java:187)
		at reactor.core.publisher.MonoFlatMap$FlatMapMain.onNext(MonoFlatMap.java:158)
		at reactor.core.publisher.MonoZip$ZipCoordinator.signal(MonoZip.java:293)
		at reactor.core.publisher.MonoZip$ZipInner.onNext(MonoZip.java:474)
		at reactor.core.publisher.MonoPeekTerminal$MonoTerminalPeekSubscriber.onNext(MonoPeekTerminal.java:180)
		at reactor.core.publisher.FluxDefaultIfEmpty$DefaultIfEmptySubscriber.onNext(FluxDefaultIfEmpty.java:122)
		at reactor.core.publisher.FluxMapFuseable$MapFuseableSubscriber.onNext(FluxMapFuseable.java:129)
		at reactor.core.publisher.MonoNext$NextSubscriber.onNext(MonoNext.java:82)
		at reactor.core.publisher.FluxFlattenIterable$FlattenIterableSubscriber.drainAsync(FluxFlattenIterable.java:453)
		at reactor.core.publisher.FluxFlattenIterable$FlattenIterableSubscriber.drain(FluxFlattenIterable.java:724)
		at reactor.core.publisher.FluxFlattenIterable$FlattenIterableSubscriber.onNext(FluxFlattenIterable.java:256)
		at reactor.core.publisher.Operators$MonoSubscriber.complete(Operators.java:1839)
		at reactor.core.publisher.MonoCacheTime$CoordinatorSubscriber.signalCached(MonoCacheTime.java:337)
		at reactor.core.publisher.MonoCacheTime$CoordinatorSubscriber.onNext(MonoCacheTime.java:354)
		at reactor.core.publisher.FluxSwitchIfEmpty$SwitchIfEmptySubscriber.onNext(FluxSwitchIfEmpty.java:74)
		at reactor.core.publisher.FluxPeekFuseable$PeekFuseableSubscriber.onNext(FluxPeekFuseable.java:210)
		at reactor.core.publisher.FluxMapFuseable$MapFuseableSubscriber.onNext(FluxMapFuseable.java:129)
		at reactor.core.publisher.FluxPeekFuseable$PeekFuseableSubscriber.onNext(FluxPeekFuseable.java:210)
		at reactor.core.publisher.Operators$BaseFluxToMonoOperator.completePossiblyEmpty(Operators.java:2071)
		at reactor.core.publisher.MonoCollect$CollectSubscriber.onComplete(MonoCollect.java:145)
		at reactor.core.publisher.FluxConcatMapNoPrefetch$FluxConcatMapNoPrefetchSubscriber.onComplete(FluxConcatMapNoPrefetch.java:240)
		at reactor.core.publisher.FluxWindowPredicate$WindowPredicateMain.checkTerminated(FluxWindowPredicate.java:540)
		at reactor.core.publisher.FluxWindowPredicate$WindowPredicateMain.drainLoop(FluxWindowPredicate.java:488)
		at reactor.core.publisher.FluxWindowPredicate$WindowPredicateMain.drain(FluxWindowPredicate.java:432)
		at reactor.core.publisher.FluxWindowPredicate$WindowPredicateMain.onComplete(FluxWindowPredicate.java:312)
		at reactor.core.publisher.FluxCreate$BaseSink.complete(FluxCreate.java:463)
		at reactor.core.publisher.FluxCreate$BufferAsyncSink.drain(FluxCreate.java:869)
		at reactor.core.publisher.FluxCreate$BufferAsyncSink.complete(FluxCreate.java:817)
		at reactor.core.publisher.FluxCreate$SerializedFluxSink.drainLoop(FluxCreate.java:247)
		at reactor.core.publisher.FluxCreate$SerializedFluxSink.drain(FluxCreate.java:213)
		at reactor.core.publisher.FluxCreate$SerializedFluxSink.complete(FluxCreate.java:204)
		at org.springframework.http.codec.multipart.MultipartParser.emitComplete(MultipartParser.java:185)
		at org.springframework.http.codec.multipart.MultipartParser$HeadersState.onNext(MultipartParser.java:383)
		at org.springframework.http.codec.multipart.MultipartParser.changeState(MultipartParser.java:149)
		at org.springframework.http.codec.multipart.MultipartParser$BodyState.onNext(MultipartParser.java:563)
		at org.springframework.http.codec.multipart.MultipartParser.changeState(MultipartParser.java:149)
		at org.springframework.http.codec.multipart.MultipartParser$HeadersState.onNext(MultipartParser.java:398)
		at org.springframework.http.codec.multipart.MultipartParser.changeState(MultipartParser.java:149)
		at org.springframework.http.codec.multipart.MultipartParser$BodyState.onNext(MultipartParser.java:563)
		at org.springframework.http.codec.multipart.MultipartParser.changeState(MultipartParser.java:149)
		at org.springframework.http.codec.multipart.MultipartParser$HeadersState.onNext(MultipartParser.java:398)
		at org.springframework.http.codec.multipart.MultipartParser.changeState(MultipartParser.java:149)
		at org.springframework.http.codec.multipart.MultipartParser$BodyState.onNext(MultipartParser.java:563)
		at org.springframework.http.codec.multipart.MultipartParser.changeState(MultipartParser.java:149)
		at org.springframework.http.codec.multipart.MultipartParser$HeadersState.onNext(MultipartParser.java:398)
		at org.springframework.http.codec.multipart.MultipartParser.changeState(MultipartParser.java:149)
		at org.springframework.http.codec.multipart.MultipartParser$BodyState.onNext(MultipartParser.java:563)
		at org.springframework.http.codec.multipart.MultipartParser.changeState(MultipartParser.java:149)
		at org.springframework.http.codec.multipart.MultipartParser$HeadersState.onNext(MultipartParser.java:398)
		at org.springframework.http.codec.multipart.MultipartParser.changeState(MultipartParser.java:149)
		at org.springframework.http.codec.multipart.MultipartParser$BodyState.onNext(MultipartParser.java:563)
		at org.springframework.http.codec.multipart.MultipartParser.changeState(MultipartParser.java:149)
		at org.springframework.http.codec.multipart.MultipartParser$HeadersState.onNext(MultipartParser.java:398)
		at org.springframework.http.codec.multipart.MultipartParser.changeState(MultipartParser.java:149)
		at org.springframework.http.codec.multipart.MultipartParser$BodyState.onNext(MultipartParser.java:563)
		at org.springframework.http.codec.multipart.MultipartParser.hookOnNext(MultipartParser.java:120)
		at org.springframework.http.codec.multipart.MultipartParser.hookOnNext(MultipartParser.java:52)
		at reactor.core.publisher.BaseSubscriber.onNext(BaseSubscriber.java:160)
		at org.springframework.http.server.reactive.AbstractListenerReadPublisher.readAndPublish(AbstractListenerReadPublisher.java:209)
		at org.springframework.http.server.reactive.AbstractListenerReadPublisher$State$4.onDataAvailable(AbstractListenerReadPublisher.java:391)
		at org.springframework.http.server.reactive.AbstractListenerReadPublisher.onDataAvailable(AbstractListenerReadPublisher.java:122)
		at org.springframework.http.server.reactive.ServletServerHttpRequest$RequestBodyPublisher$RequestBodyPublisherReadListener.onDataAvailable(ServletServerHttpRequest.java:347)
		at org.apache.coyote.Request.onDataAvailable(Request.java:272)
		at org.apache.catalina.connector.CoyoteAdapter.asyncDispatch(CoyoteAdapter.java:202)
		at org.apache.coyote.AbstractProcessor.dispatch(AbstractProcessor.java:243)
		at org.apache.coyote.AbstractProcessorLight.process(AbstractProcessorLight.java:50)
		at org.apache.coyote.AbstractProtocol$ConnectionHandler.process(AbstractProtocol.java:896)
		at org.apache.tomcat.util.net.NioEndpoint$SocketProcessor.doRun(NioEndpoint.java:1744)
		at org.apache.tomcat.util.net.SocketProcessorBase.run(SocketProcessorBase.java:52)
		at org.apache.tomcat.util.threads.ThreadPoolExecutor.runWorker(ThreadPoolExecutor.java:1191)
		at org.apache.tomcat.util.threads.ThreadPoolExecutor$Worker.run(ThreadPoolExecutor.java:659)
		at org.apache.tomcat.util.threads.TaskThread$WrappingRunnable.run(TaskThread.java:61)
		at java.base/java.lang.Thread.run(Thread.java:1583)
2025-06-08 23:23:09.673 [http-nio-8080-exec-4] ERROR com.bgpay.bgai.controller.ReactiveChatController - API configuration error: 未找到匹配的API配置
2025-06-08 23:23:23.283 [Thread-5] WARN  c.alibaba.nacos.common.http.HttpClientBeanHolder - [HttpClientBeanHolder] Start destroying common HttpClient
2025-06-08 23:23:23.283 [Thread-15] WARN  com.alibaba.nacos.common.notify.NotifyCenter - [NotifyCenter] Start destroying Publisher
2025-06-08 23:23:23.283 [Thread-15] WARN  com.alibaba.nacos.common.notify.NotifyCenter - [NotifyCenter] Destruction of the end
2025-06-08 23:23:23.284 [Thread-5] WARN  c.alibaba.nacos.common.http.HttpClientBeanHolder - [HttpClientBeanHolder] Destruction of the end
2025-06-08 23:23:23.303 [SpringContextShutdownHook] INFO  c.a.cloud.nacos.registry.NacosServiceRegistry - De-registering from Nacos Server now...
2025-06-08 23:23:23.303 [SpringContextShutdownHook] INFO  com.alibaba.nacos.client.naming - [DEREGISTER-SERVICE] d750d92e-152f-4055-a641-3bc9dda85a29 deregistering service bgai with instance: Instance{instanceId='null', ip='192.168.86.8', port=8080, weight=1.0, healthy=true, enabled=true, ephemeral=true, clusterName='DEFAULT', serviceName='null', metadata={}}
2025-06-08 23:23:23.313 [SpringContextShutdownHook] INFO  c.a.cloud.nacos.registry.NacosServiceRegistry - De-registration finished.
2025-06-08 23:23:23.316 [SpringContextShutdownHook] INFO  com.alibaba.nacos.client.naming - com.alibaba.nacos.client.naming.cache.ServiceInfoHolder do shutdown begin
2025-06-08 23:23:23.316 [SpringContextShutdownHook] INFO  com.alibaba.nacos.client.naming - com.alibaba.nacos.client.naming.backups.FailoverReactor do shutdown begin
2025-06-08 23:23:23.317 [SpringContextShutdownHook] INFO  com.alibaba.nacos.client.naming - com.alibaba.nacos.client.naming.backups.FailoverReactor do shutdown stop
2025-06-08 23:23:23.317 [SpringContextShutdownHook] INFO  com.alibaba.nacos.client.naming - com.alibaba.nacos.client.naming.cache.ServiceInfoHolder do shutdown stop
2025-06-08 23:23:23.317 [SpringContextShutdownHook] INFO  com.alibaba.nacos.client.naming - com.alibaba.nacos.client.naming.remote.NamingClientProxyDelegate do shutdown begin
2025-06-08 23:23:23.317 [SpringContextShutdownHook] INFO  com.alibaba.nacos.client.naming - com.alibaba.nacos.client.naming.core.ServiceInfoUpdateService do shutdown begin
2025-06-08 23:23:23.317 [SpringContextShutdownHook] INFO  com.alibaba.nacos.client.naming - com.alibaba.nacos.client.naming.core.ServiceInfoUpdateService do shutdown stop
2025-06-08 23:23:23.317 [SpringContextShutdownHook] INFO  com.alibaba.nacos.client.naming - com.alibaba.nacos.client.naming.core.ServerListManager do shutdown begin
2025-06-08 23:23:23.317 [SpringContextShutdownHook] WARN  com.alibaba.nacos.client.naming - [NamingHttpClientManager] Start destroying NacosRestTemplate
2025-06-08 23:23:23.317 [SpringContextShutdownHook] WARN  com.alibaba.nacos.client.naming - [NamingHttpClientManager] Destruction of the end
2025-06-08 23:23:23.317 [SpringContextShutdownHook] INFO  com.alibaba.nacos.client.naming - com.alibaba.nacos.client.naming.core.ServerListManager do shutdown stop
2025-06-08 23:23:23.317 [SpringContextShutdownHook] INFO  com.alibaba.nacos.client.naming - com.alibaba.nacos.client.naming.remote.http.NamingHttpClientProxy do shutdown begin
2025-06-08 23:23:23.317 [SpringContextShutdownHook] WARN  com.alibaba.nacos.client.naming - [NamingHttpClientManager] Start destroying NacosRestTemplate
2025-06-08 23:23:23.317 [SpringContextShutdownHook] WARN  com.alibaba.nacos.client.naming - [NamingHttpClientManager] Destruction of the end
2025-06-08 23:23:23.317 [SpringContextShutdownHook] INFO  com.alibaba.nacos.client.naming - com.alibaba.nacos.client.naming.remote.http.NamingHttpClientProxy do shutdown stop
2025-06-08 23:23:23.317 [SpringContextShutdownHook] INFO  com.alibaba.nacos.common.remote.client - Shutdown rpc client, set status to shutdown
2025-06-08 23:23:23.317 [SpringContextShutdownHook] INFO  com.alibaba.nacos.common.remote.client - Shutdown client event executor java.util.concurrent.ScheduledThreadPoolExecutor@27fc70e2[Running, pool size = 2, active threads = 2, queued tasks = 0, completed tasks = 0]
2025-06-08 23:23:23.317 [SpringContextShutdownHook] INFO  com.alibaba.nacos.common.remote.client - Close current connection 1749396134227_139.227.195.166_38066
2025-06-08 23:23:23.321 [nacos-grpc-client-executor-8.133.246.113-24] WARN  c.a.nacos.common.remote.client.grpc.GrpcClient - [1749396134227_139.227.195.166_38066]Ignore error event,isRunning:false,isAbandon=false
2025-06-08 23:23:23.322 [SpringContextShutdownHook] INFO  c.a.nacos.common.remote.client.grpc.GrpcClient - Shutdown grpc executor java.util.concurrent.ThreadPoolExecutor@4f06acb7[Running, pool size = 5, active threads = 0, queued tasks = 0, completed tasks = 25]
2025-06-08 23:23:23.322 [SpringContextShutdownHook] INFO  com.alibaba.nacos.client.naming - Shutdown grpc redo service executor java.util.concurrent.ScheduledThreadPoolExecutor@3289e3a9[Running, pool size = 1, active threads = 0, queued tasks = 1, completed tasks = 23]
2025-06-08 23:23:23.322 [SpringContextShutdownHook] INFO  c.a.n.client.auth.ram.identify.CredentialWatcher - [null] CredentialWatcher is stopped
2025-06-08 23:23:23.322 [SpringContextShutdownHook] INFO  c.a.n.client.auth.ram.identify.CredentialService - [null] CredentialService is freed
2025-06-08 23:23:23.323 [SpringContextShutdownHook] INFO  com.alibaba.nacos.client.naming - com.alibaba.nacos.client.naming.remote.NamingClientProxyDelegate do shutdown stop
2025-06-08 23:23:23.331 [SpringContextShutdownHook] DEBUG com.bgpay.bgai.config.AsyncConfig$1 - Shutting down ExecutorService 'blockingExecutor'
2025-06-08 23:23:24.100 [com.alibaba.nacos.client.Worker] INFO  c.a.n.client.auth.ram.identify.CredentialWatcher - null No credential found
2025-06-08 23:23:25.399 [NettyClientSelector_1] INFO  RocketmqRemoting - closeChannel: close the connection to remote address[8.133.246.113:10911] result: true
2025-06-08 23:23:25.399 [SpringContextShutdownHook] INFO  com.bgpay.bgai.service.mq.RocketMQProducerService - Transaction producer shutdown completed
2025-06-08 23:23:25.400 [NettyClientSelector_1] INFO  RocketmqRemoting - closeChannel: close the connection to remote address[8.133.246.113:9876] result: true
2025-06-08 23:23:25.539 [SpringContextShutdownHook] INFO  o.s.orm.jpa.LocalContainerEntityManagerFactoryBean - Closing JPA EntityManagerFactory for persistence unit 'default'
2025-06-08 23:23:25.541 [SpringContextShutdownHook] INFO  com.alibaba.druid.pool.DruidDataSource - {dataSource-2} closing ...
2025-06-08 23:23:25.548 [SpringContextShutdownHook] INFO  com.alibaba.druid.pool.DruidDataSource - {dataSource-2} closed
2025-06-08 23:23:25.548 [SpringContextShutdownHook] INFO  com.alibaba.druid.pool.DruidDataSource - {dataSource-1} closing ...
2025-06-08 23:23:25.548 [SpringContextShutdownHook] INFO  com.alibaba.druid.pool.DruidDataSource - {dataSource-1} closed
2025-06-08 23:23:25.549 [NettyClientSelector_TMROLE_1_1] INFO  i.seata.core.rpc.netty.AbstractNettyRemotingClient - channel inactive: [id: 0x481c81e2, L:/192.168.86.8:63724 ! R:/8.133.246.113:8091]
2025-06-08 23:23:25.549 [NettyClientSelector_TMROLE_1_1] INFO  io.seata.core.rpc.netty.NettyClientChannelManager - return to pool, rm channel:[id: 0x481c81e2, L:/192.168.86.8:63724 ! R:/8.133.246.113:8091]
2025-06-08 23:23:25.549 [NettyClientSelector_TMROLE_1_1] INFO  io.seata.core.rpc.netty.NettyPoolableFactory - channel valid false,channel:[id: 0x481c81e2, L:/192.168.86.8:63724 ! R:/8.133.246.113:8091]
2025-06-08 23:23:25.549 [NettyClientSelector_TMROLE_1_1] INFO  io.seata.core.rpc.netty.NettyPoolableFactory - will destroy channel:[id: 0x481c81e2, L:/192.168.86.8:63724 ! R:/8.133.246.113:8091]
2025-06-08 23:23:25.549 [NettyClientSelector_TMROLE_1_1] INFO  i.seata.core.rpc.netty.AbstractNettyRemotingClient - ChannelHandlerContext(AbstractNettyRemotingClient$ClientHandler#0, [id: 0x481c81e2, L:/192.168.86.8:63724 ! R:/8.133.246.113:8091]) will closed
2025-06-08 23:23:25.549 [NettyClientSelector_TMROLE_1_1] INFO  i.seata.core.rpc.netty.AbstractNettyRemotingClient - ChannelHandlerContext(AbstractNettyRemotingClient$ClientHandler#0, [id: 0x481c81e2, L:/192.168.86.8:63724 ! R:/8.133.246.113:8091]) will closed
2025-06-08 23:23:25.550 [NettyClientSelector_RMROLE_1_1] INFO  i.seata.core.rpc.netty.AbstractNettyRemotingClient - channel inactive: [id: 0xecb29af0, L:/192.168.86.8:63738 ! R:/8.133.246.113:8091]
2025-06-08 23:23:25.550 [NettyClientSelector_RMROLE_1_1] INFO  io.seata.core.rpc.netty.NettyClientChannelManager - return to pool, rm channel:[id: 0xecb29af0, L:/192.168.86.8:63738 ! R:/8.133.246.113:8091]
2025-06-08 23:23:25.550 [NettyClientSelector_RMROLE_1_1] INFO  io.seata.core.rpc.netty.NettyPoolableFactory - channel valid false,channel:[id: 0xecb29af0, L:/192.168.86.8:63738 ! R:/8.133.246.113:8091]
2025-06-08 23:23:25.550 [NettyClientSelector_RMROLE_1_1] INFO  io.seata.core.rpc.netty.NettyPoolableFactory - will destroy channel:[id: 0xecb29af0, L:/192.168.86.8:63738 ! R:/8.133.246.113:8091]
2025-06-08 23:23:25.550 [NettyClientSelector_RMROLE_1_1] INFO  i.seata.core.rpc.netty.AbstractNettyRemotingClient - ChannelHandlerContext(AbstractNettyRemotingClient$ClientHandler#0, [id: 0xecb29af0, L:/192.168.86.8:63738 ! R:/8.133.246.113:8091]) will closed
2025-06-08 23:23:25.550 [NettyClientSelector_RMROLE_1_1] INFO  i.seata.core.rpc.netty.AbstractNettyRemotingClient - ChannelHandlerContext(AbstractNettyRemotingClient$ClientHandler#0, [id: 0xecb29af0, L:/192.168.86.8:63738 ! R:/8.133.246.113:8091]) will closed
2025-06-08 23:26:32.462 [main] WARN  com.alibaba.nacos.client.logging.NacosLogging - Load Logback Configuration of Nacos fail, message: Could not initialize Logback Nacos logging from classpath:nacos-logback.xml
2025-06-08 23:26:32.463 [main] INFO  com.bgpay.bgai.BgaiApplication - The following 1 profile is active: "dev"
2025-06-08 23:26:33.376 [main] INFO  o.s.d.r.config.RepositoryConfigurationDelegate - Multiple Spring Data modules found, entering strict repository configuration mode
2025-06-08 23:26:33.378 [main] INFO  o.s.d.r.config.RepositoryConfigurationDelegate - Bootstrapping Spring Data Elasticsearch repositories in DEFAULT mode.
2025-06-08 23:26:33.701 [main] INFO  o.s.d.r.config.RepositoryConfigurationDelegate - Finished Spring Data repository scanning in 316 ms. Found 1 Elasticsearch repository interfaces.
2025-06-08 23:26:34.388 [main] INFO  o.s.d.r.config.RepositoryConfigurationDelegate - Multiple Spring Data modules found, entering strict repository configuration mode
2025-06-08 23:26:34.389 [main] INFO  o.s.d.r.config.RepositoryConfigurationDelegate - Bootstrapping Spring Data Reactive Elasticsearch repositories in DEFAULT mode.
2025-06-08 23:26:34.410 [main] INFO  o.s.d.r.config.RepositoryConfigurationDelegate - Finished Spring Data repository scanning in 20 ms. Found 0 Reactive Elasticsearch repository interfaces.
2025-06-08 23:26:34.420 [main] INFO  o.s.d.r.config.RepositoryConfigurationDelegate - Multiple Spring Data modules found, entering strict repository configuration mode
2025-06-08 23:26:34.421 [main] INFO  o.s.d.r.config.RepositoryConfigurationDelegate - Bootstrapping Spring Data JPA repositories in DEFAULT mode.
2025-06-08 23:26:34.433 [main] INFO  o.s.d.r.c.RepositoryConfigurationExtensionSupport - Spring Data JPA - Could not safely identify store assignment for repository candidate interface com.bgpay.bgai.repository.es.ChatRecordRepository; If you want this repository to be a JPA repository, consider annotating your entities with one of these annotations: jakarta.persistence.Entity, jakarta.persistence.MappedSuperclass (preferred), or consider extending one of the following types with your repository: org.springframework.data.jpa.repository.JpaRepository
2025-06-08 23:26:34.433 [main] INFO  o.s.d.r.config.RepositoryConfigurationDelegate - Finished Spring Data repository scanning in 8 ms. Found 0 JPA repository interfaces.
2025-06-08 23:26:34.444 [main] INFO  o.s.d.r.config.RepositoryConfigurationDelegate - Multiple Spring Data modules found, entering strict repository configuration mode
2025-06-08 23:26:34.445 [main] INFO  o.s.d.r.config.RepositoryConfigurationDelegate - Bootstrapping Spring Data Redis repositories in DEFAULT mode.
2025-06-08 23:26:34.457 [main] INFO  o.s.d.r.c.RepositoryConfigurationExtensionSupport - Spring Data Redis - Could not safely identify store assignment for repository candidate interface com.bgpay.bgai.repository.es.ChatRecordRepository; If you want this repository to be a Redis repository, consider annotating your entities with one of these annotations: org.springframework.data.redis.core.RedisHash (preferred), or consider extending one of the following types with your repository: org.springframework.data.keyvalue.repository.KeyValueRepository
2025-06-08 23:26:34.457 [main] INFO  o.s.d.r.config.RepositoryConfigurationDelegate - Finished Spring Data repository scanning in 5 ms. Found 0 Redis repository interfaces.
2025-06-08 23:26:35.178 [main] INFO  io.seata.config.ConfigurationFactory - load Configuration from :Spring Configuration
2025-06-08 23:26:35.188 [main] INFO  io.seata.config.ConfigurationFactory - load Configuration from :Spring Configuration
2025-06-08 23:26:35.195 [main] INFO  i.seata.spring.annotation.GlobalTransactionScanner - Initializing Global Transaction Clients ... 
2025-06-08 23:26:35.314 [main] INFO  io.seata.core.rpc.netty.NettyClientBootstrap - NettyClientBootstrap has started
2025-06-08 23:26:35.315 [main] INFO  io.seata.discovery.registry.RegistryFactory - use registry center type: file
2025-06-08 23:26:35.327 [main] INFO  io.seata.core.rpc.netty.NettyClientChannelManager - will connect to 8.133.246.113:8091
2025-06-08 23:26:35.331 [main] INFO  io.seata.core.rpc.netty.NettyPoolableFactory - NettyPool create channel to transactionRole:TMROLE,address:8.133.246.113:8091,msg:< RegisterTMRequest{version='1.7.0', applicationId='bgai', transactionServiceGroup='default-tx-group', extraData='ak=null
digest=default-tx-group,192.168.86.8,1749396395329
timestamp=1749396395329
authVersion=V4
vgroup=default-tx-group
ip=192.168.86.8
'} >
2025-06-08 23:26:35.474 [main] INFO  io.seata.core.rpc.netty.TmNettyRemotingClient - register TM success. client version:1.7.0, server version:1.8.1-SNAPSHOT,channel:[id: 0x1029f217, L:/192.168.86.8:65214 - R:/8.133.246.113:8091]
2025-06-08 23:26:35.481 [main] INFO  io.seata.core.rpc.netty.NettyPoolableFactory - register success, cost 74 ms, version:1.8.1-SNAPSHOT,role:TMROLE,channel:[id: 0x1029f217, L:/192.168.86.8:65214 - R:/8.133.246.113:8091]
2025-06-08 23:26:35.482 [main] INFO  i.seata.spring.annotation.GlobalTransactionScanner - Transaction Manager Client is initialized. applicationId[bgai] txServiceGroup[default-tx-group]
2025-06-08 23:26:35.494 [main] INFO  io.seata.rm.datasource.AsyncWorker - Async Commit Buffer Limit: 10000
2025-06-08 23:26:35.495 [main] INFO  io.seata.rm.datasource.xa.ResourceManagerXA - ResourceManagerXA init ...
2025-06-08 23:26:35.500 [main] INFO  io.seata.core.rpc.netty.NettyClientBootstrap - NettyClientBootstrap has started
2025-06-08 23:26:35.500 [main] INFO  i.seata.spring.annotation.GlobalTransactionScanner - Resource Manager is initialized. applicationId[bgai] txServiceGroup[default-tx-group]
2025-06-08 23:26:35.500 [main] INFO  i.seata.spring.annotation.GlobalTransactionScanner - Global Transaction Clients are initialized. 
2025-06-08 23:26:36.462 [main] INFO  o.s.boot.web.embedded.tomcat.TomcatWebServer - Tomcat initialized with port(s): 8080 (http)
2025-06-08 23:26:36.479 [main] INFO  org.apache.catalina.core.StandardService - Starting service [Tomcat]
2025-06-08 23:26:36.479 [main] INFO  org.apache.catalina.core.StandardEngine - Starting Servlet engine: [Apache Tomcat/10.1.15]
2025-06-08 23:26:36.936 [main] INFO  com.alibaba.druid.pool.DruidDataSource - {dataSource-1} inited
2025-06-08 23:26:37.217 [main] INFO  io.seata.core.rpc.netty.NettyClientChannelManager - will connect to 8.133.246.113:8091
2025-06-08 23:26:37.217 [main] INFO  io.seata.core.rpc.netty.RmNettyRemotingClient - RM will register :jdbc:mysql://8.133.246.113:3306/deepseek
2025-06-08 23:26:37.217 [main] INFO  io.seata.core.rpc.netty.NettyPoolableFactory - NettyPool create channel to transactionRole:RMROLE,address:8.133.246.113:8091,msg:< RegisterRMRequest{resourceIds='jdbc:mysql://8.133.246.113:3306/deepseek', version='1.7.0', applicationId='bgai', transactionServiceGroup='default-tx-group', extraData='null'} >
2025-06-08 23:26:37.235 [main] INFO  io.seata.core.rpc.netty.RmNettyRemotingClient - register RM success. client version:1.7.0, server version:1.8.1-SNAPSHOT,channel:[id: 0xc154b058, L:/192.168.86.8:65235 - R:/8.133.246.113:8091]
2025-06-08 23:26:37.235 [main] INFO  io.seata.core.rpc.netty.NettyPoolableFactory - register success, cost 10 ms, version:1.8.1-SNAPSHOT,role:RMROLE,channel:[id: 0xc154b058, L:/192.168.86.8:65235 - R:/8.133.246.113:8091]
2025-06-08 23:26:37.237 [main] INFO  i.s.s.a.datasource.SeataAutoDataSourceProxyCreator - Auto proxy data source 'masterDataSource' by 'AT' mode.
2025-06-08 23:26:37.296 [main] INFO  com.alibaba.druid.pool.DruidDataSource - {dataSource-2} inited
2025-06-08 23:26:37.362 [main] INFO  io.seata.core.rpc.netty.RmNettyRemotingClient - will register resourceId:jdbc:mysql://8.133.246.113:3306/deepseek
2025-06-08 23:26:37.363 [main] INFO  i.s.s.a.datasource.SeataAutoDataSourceProxyCreator - Auto proxy data source 'slaveDataSource' by 'AT' mode.
2025-06-08 23:26:37.381 [NettyClientSelector_RMROLE_1_1] INFO  io.seata.rm.AbstractRMHandler - the rm client received response msg [RegisterRMResponse{version='1.8.1-SNAPSHOT', extraData='null', identified=true, resultCode=null, msg='null'}] from tc server.
2025-06-08 23:26:37.388 [main] INFO  io.seata.core.rpc.netty.RmNettyRemotingClient - will register resourceId:jdbc:mysql://8.133.246.113:3306/deepseek
2025-06-08 23:26:37.388 [main] INFO  i.s.s.a.datasource.SeataAutoDataSourceProxyCreator - Auto proxy data source 'dynamicDataSource' by 'AT' mode.
2025-06-08 23:26:37.396 [NettyClientSelector_RMROLE_1_1] INFO  io.seata.rm.AbstractRMHandler - the rm client received response msg [RegisterRMResponse{version='1.8.1-SNAPSHOT', extraData='null', identified=true, resultCode=null, msg='null'}] from tc server.
2025-06-08 23:26:37.508 [main] INFO  org.hibernate.jpa.internal.util.LogHelper - HHH000204: Processing PersistenceUnitInfo [name: default]
2025-06-08 23:26:37.569 [main] INFO  org.hibernate.Version - HHH000412: Hibernate ORM core version 6.1.7.Final
2025-06-08 23:26:37.987 [main] INFO  SQL dialect - HHH000400: Using dialect: org.hibernate.dialect.MySQL8Dialect
2025-06-08 23:26:37.991 [main] WARN  org.hibernate.orm.deprecation - HHH90000026: MySQL8Dialect has been deprecated; use org.hibernate.dialect.MySQLDialect instead
2025-06-08 23:26:38.279 [main] INFO  o.h.e.t.jta.platform.internal.JtaPlatformInitiator - HHH000490: Using JtaPlatform implementation: [org.hibernate.engine.transaction.jta.platform.internal.NoJtaPlatform]
2025-06-08 23:26:38.291 [main] INFO  o.s.orm.jpa.LocalContainerEntityManagerFactoryBean - Initialized JPA EntityManagerFactory for persistence unit 'default'
2025-06-08 23:26:38.677 [main] DEBUG c.b.b.mapper.FileTypeMapper.selectActiveMimeTypes - ==>  Preparing: SELECT * FROM mime_type_config WHERE enabled = true
2025-06-08 23:26:38.688 [main] DEBUG c.b.b.mapper.FileTypeMapper.selectActiveMimeTypes - ==> Parameters: 
2025-06-08 23:26:38.715 [main] DEBUG c.b.b.mapper.FileTypeMapper.selectActiveMimeTypes - <==      Total: 52
2025-06-08 23:26:38.717 [main] DEBUG c.b.bgai.mapper.FileTypeMapper.selectAllowedTypes - ==>  Preparing: SELECT mime_type FROM allowed_file_type WHERE enabled = true
2025-06-08 23:26:38.717 [main] DEBUG c.b.bgai.mapper.FileTypeMapper.selectAllowedTypes - ==> Parameters: 
2025-06-08 23:26:38.727 [main] DEBUG c.b.bgai.mapper.FileTypeMapper.selectAllowedTypes - <==      Total: 52
2025-06-08 23:26:39.613 [main] INFO  com.bgpay.bgai.service.impl.UserServiceImpl - 初始化SSO配置: clientId=bgai-client-id, redirectUri=http://localhost:8080/api/auth/callback
2025-06-08 23:26:39.649 [main] INFO  com.bgpay.bgai.controller.AuthController - 初始化认证控制器: clientId=bgai-client-id, redirectUri=http://localhost:8080/api/auth/callback
2025-06-08 23:26:40.740 [main] INFO  org.redisson.Version - Redisson 3.24.3
2025-06-08 23:26:40.992 [redisson-netty-4-6] INFO  o.r.connection.pool.MasterPubSubConnectionPool - 1 connections initialized for 8.133.246.113/8.133.246.113:6379
2025-06-08 23:26:41.344 [redisson-netty-4-19] INFO  org.redisson.connection.pool.MasterConnectionPool - 24 connections initialized for 8.133.246.113/8.133.246.113:6379
2025-06-08 23:26:41.704 [main] INFO  com.bgpay.bgai.service.mq.RocketMQProducerService - RocketMQProducerService initialized with producer group: null
2025-06-08 23:26:42.117 [main] INFO  i.seata.spring.annotation.GlobalTransactionScanner - Bean [com.bgpay.bgai.service.deepseek.DeepSeekServiceImp$$SpringCGLIB$$0] with name [deepSeekServiceImp] would use interceptor [io.seata.spring.annotation.GlobalTransactionalInterceptor]
2025-06-08 23:26:42.518 [main] WARN  i.s.s.b.a.provider.SpringBootConfigurationProvider - The get method not found for the field 'SeataProperties#accesskey'.
2025-06-08 23:26:42.518 [main] WARN  i.s.s.b.a.provider.SpringBootConfigurationProvider - The get method not found for the field 'SeataProperties#secretkey'.
2025-06-08 23:26:42.522 [main] INFO  com.bgpay.bgai.seata.SagaStateMachineConfig - 加载到2个Saga状态机定义文件
2025-06-08 23:26:42.679 [main] INFO  com.bgpay.bgai.saga.CustomSagaJsonParser - 开始解析状态机定义: bgai-saga-transaction
2025-06-08 23:26:42.679 [main] INFO  com.bgpay.bgai.saga.CustomSagaJsonParser - 状态机定义解析成功: bgai-saga-transaction
2025-06-08 23:26:42.679 [main] INFO  com.bgpay.bgai.seata.SagaStateMachineConfig - 成功加载状态机定义: /E:/project/bgai/target/classes/statelang/bgai-saga-transaction.json
2025-06-08 23:26:42.683 [main] INFO  com.bgpay.bgai.saga.CustomSagaJsonParser - 开始解析状态机定义: ChatCompletionSaga
2025-06-08 23:26:42.683 [main] INFO  com.bgpay.bgai.saga.CustomSagaJsonParser - 状态机定义解析成功: ChatCompletionSaga
2025-06-08 23:26:42.683 [main] INFO  com.bgpay.bgai.seata.SagaStateMachineConfig - 成功加载状态机定义: /E:/project/bgai/target/classes/statelang/chat_completion_saga.json
2025-06-08 23:26:42.860 [main] INFO  com.bgpay.bgai.service.mq.MQConsumerService - MQ consumer startup successful [group=billing-consumer-group, topic=BILLING_TOPIC, tag=USER_BILLING]
2025-06-08 23:26:42.860 [main] INFO  c.bgpay.bgai.service.mq.RocketMQBillingServiceImpl - Billing consumer initialized successfully. Ready to process unconsumed messages.
2025-06-08 23:26:43.796 [main] INFO  io.seata.core.rpc.netty.RmNettyRemotingClient - will register resourceId:jdbc:mysql://8.133.246.113:3306/deepseek
2025-06-08 23:26:43.797 [main] INFO  io.seata.core.rpc.netty.RmNettyRemotingClient - will register resourceId:bgai:default
2025-06-08 23:26:43.798 [main] INFO  com.bgpay.bgai.seata.SeataResourceManagerListener - Resource registered: bgai:default
2025-06-08 23:26:43.798 [main] INFO  com.bgpay.bgai.seata.SeataResourceManagerListener - Seata Resource Manager registered successfully for application: bgai
2025-06-08 23:26:43.805 [NettyClientSelector_RMROLE_1_1] INFO  io.seata.rm.AbstractRMHandler - the rm client received response msg [RegisterRMResponse{version='1.8.1-SNAPSHOT', extraData='null', identified=true, resultCode=null, msg='null'}] from tc server.
2025-06-08 23:26:43.806 [NettyClientSelector_RMROLE_1_1] INFO  io.seata.rm.AbstractRMHandler - the rm client received response msg [RegisterRMResponse{version='1.8.1-SNAPSHOT', extraData='null', identified=true, resultCode=null, msg='null'}] from tc server.
2025-06-08 23:26:43.965 [main] INFO  i.seata.spring.annotation.GlobalTransactionScanner - Bean [com.bgpay.bgai.service.mq.BillingTransactionListenerImpl$$SpringCGLIB$$0] with name [billingTransactionListenerImpl] would use interceptor [io.seata.spring.annotation.GlobalTransactionalInterceptor]
2025-06-08 23:26:44.109 [main] INFO  o.a.r.s.autoconfigure.RocketMQAutoConfiguration - a producer (billing-producer-group) init on namesrv 8.133.246.113:9876
2025-06-08 23:26:44.131 [main] DEBUG com.bgpay.bgai.config.AsyncConfig$1 - Initializing ExecutorService 'blockingExecutor'
2025-06-08 23:26:44.198 [main] INFO  c.b.bgai.config.NacosConfig$NacosWarningHandler - Nacos警告处理器已启用，将忽略配置中心连接警告
2025-06-08 23:26:45.371 [main] INFO  o.s.c.gateway.route.RouteDefinitionRouteLocator - Loaded RoutePredicateFactory [After]
2025-06-08 23:26:45.371 [main] INFO  o.s.c.gateway.route.RouteDefinitionRouteLocator - Loaded RoutePredicateFactory [Before]
2025-06-08 23:26:45.371 [main] INFO  o.s.c.gateway.route.RouteDefinitionRouteLocator - Loaded RoutePredicateFactory [Between]
2025-06-08 23:26:45.372 [main] INFO  o.s.c.gateway.route.RouteDefinitionRouteLocator - Loaded RoutePredicateFactory [Cookie]
2025-06-08 23:26:45.372 [main] INFO  o.s.c.gateway.route.RouteDefinitionRouteLocator - Loaded RoutePredicateFactory [Header]
2025-06-08 23:26:45.372 [main] INFO  o.s.c.gateway.route.RouteDefinitionRouteLocator - Loaded RoutePredicateFactory [Host]
2025-06-08 23:26:45.372 [main] INFO  o.s.c.gateway.route.RouteDefinitionRouteLocator - Loaded RoutePredicateFactory [Method]
2025-06-08 23:26:45.372 [main] INFO  o.s.c.gateway.route.RouteDefinitionRouteLocator - Loaded RoutePredicateFactory [Path]
2025-06-08 23:26:45.372 [main] INFO  o.s.c.gateway.route.RouteDefinitionRouteLocator - Loaded RoutePredicateFactory [Query]
2025-06-08 23:26:45.372 [main] INFO  o.s.c.gateway.route.RouteDefinitionRouteLocator - Loaded RoutePredicateFactory [ReadBody]
2025-06-08 23:26:45.372 [main] INFO  o.s.c.gateway.route.RouteDefinitionRouteLocator - Loaded RoutePredicateFactory [RemoteAddr]
2025-06-08 23:26:45.372 [main] INFO  o.s.c.gateway.route.RouteDefinitionRouteLocator - Loaded RoutePredicateFactory [XForwardedRemoteAddr]
2025-06-08 23:26:45.372 [main] INFO  o.s.c.gateway.route.RouteDefinitionRouteLocator - Loaded RoutePredicateFactory [Weight]
2025-06-08 23:26:45.373 [main] INFO  o.s.c.gateway.route.RouteDefinitionRouteLocator - Loaded RoutePredicateFactory [CloudFoundryRouteService]
2025-06-08 23:26:46.896 [main] INFO  o.s.b.actuate.endpoint.web.EndpointLinksResolver - Exposing 3 endpoint(s) beneath base path '/actuator'
2025-06-08 23:26:48.654 [main] INFO  o.s.boot.web.embedded.tomcat.TomcatWebServer - Tomcat started on port(s): 8080 (http) with context path ''
2025-06-08 23:26:48.664 [main] INFO  com.alibaba.nacos.client.naming - initializer namespace from ans.namespace attribute : null
2025-06-08 23:26:48.665 [main] INFO  com.alibaba.nacos.client.naming - initializer namespace from ALIBABA_ALIWARE_NAMESPACE attribute :null
2025-06-08 23:26:48.665 [main] INFO  com.alibaba.nacos.client.naming - initializer namespace from namespace attribute :null
2025-06-08 23:26:48.675 [main] INFO  c.a.n.p.auth.spi.client.ClientAuthPluginManager - [ClientAuthPluginManager] Load ClientAuthService com.alibaba.nacos.client.auth.impl.NacosClientAuthServiceImpl success.
2025-06-08 23:26:48.675 [main] INFO  c.a.n.p.auth.spi.client.ClientAuthPluginManager - [ClientAuthPluginManager] Load ClientAuthService com.alibaba.nacos.client.auth.ram.RamClientAuthServiceImpl success.
2025-06-08 23:26:48.679 [main] INFO  com.alibaba.nacos.common.remote.client - [RpcClientFactory] create a new rpc client of d9ba4312-e471-4fbd-b787-f2557e9502ac
2025-06-08 23:26:48.680 [main] INFO  com.alibaba.nacos.common.remote.client - [d9ba4312-e471-4fbd-b787-f2557e9502ac] RpcClient init, ServerListFactory = com.alibaba.nacos.client.naming.core.ServerListManager
2025-06-08 23:26:48.680 [main] INFO  com.alibaba.nacos.common.remote.client - [d9ba4312-e471-4fbd-b787-f2557e9502ac] Registry connection listener to current client:com.alibaba.nacos.client.naming.remote.gprc.redo.NamingGrpcRedoService
2025-06-08 23:26:48.681 [main] INFO  com.alibaba.nacos.common.remote.client - [d9ba4312-e471-4fbd-b787-f2557e9502ac] Register server push request handler:com.alibaba.nacos.client.naming.remote.gprc.NamingPushRequestHandler
2025-06-08 23:26:48.681 [main] INFO  com.alibaba.nacos.common.remote.client - [d9ba4312-e471-4fbd-b787-f2557e9502ac] Try to connect to server on start up, server: {serverIp = '8.133.246.113', server main port = 8848}
2025-06-08 23:26:48.681 [main] INFO  c.a.nacos.common.remote.client.grpc.GrpcClient - grpc client connection server:8.133.246.113 ip,serverPort:9848,grpcTslConfig:{"sslProvider":"OPENSSL","enableTls":false,"mutualAuthEnable":false,"trustAll":false}
2025-06-08 23:26:48.811 [main] INFO  com.alibaba.nacos.common.remote.client - [d9ba4312-e471-4fbd-b787-f2557e9502ac] Success to connect to server [8.133.246.113:8848] on start up, connectionId = 1749396408721_139.227.195.166_38747
2025-06-08 23:26:48.811 [main] INFO  com.alibaba.nacos.common.remote.client - [d9ba4312-e471-4fbd-b787-f2557e9502ac] Register server push request handler:com.alibaba.nacos.common.remote.client.RpcClient$ConnectResetRequestHandler
2025-06-08 23:26:48.811 [com.alibaba.nacos.client.remote.worker] INFO  com.alibaba.nacos.common.remote.client - [d9ba4312-e471-4fbd-b787-f2557e9502ac] Notify connected event to listeners.
2025-06-08 23:26:48.811 [main] INFO  com.alibaba.nacos.common.remote.client - [d9ba4312-e471-4fbd-b787-f2557e9502ac] Register server push request handler:com.alibaba.nacos.common.remote.client.RpcClient$$Lambda/0x0000018781555a70
2025-06-08 23:26:48.811 [com.alibaba.nacos.client.remote.worker] INFO  com.alibaba.nacos.client.naming - Grpc connection connect
2025-06-08 23:26:48.813 [main] INFO  com.alibaba.nacos.client.naming - [REGISTER-SERVICE] d750d92e-152f-4055-a641-3bc9dda85a29 registering service bgai with instance Instance{instanceId='null', ip='192.168.86.8', port=8080, weight=1.0, healthy=true, enabled=true, ephemeral=true, clusterName='DEFAULT', serviceName='null', metadata={IPv6=[2408:820c:7528:d042:883f:4494:3393:c9e5], preserved.register.source=SPRING_CLOUD}}
2025-06-08 23:26:48.839 [main] INFO  c.a.cloud.nacos.registry.NacosServiceRegistry - nacos registry, DEFAULT_GROUP bgai 192.168.86.8:8080 register finished
2025-06-08 23:26:48.893 [main] INFO  com.bgpay.bgai.config.NacosConfig - 应用启动完成，当前环境: dev
2025-06-08 23:26:48.893 [main] INFO  com.bgpay.bgai.config.NacosConfig - Nacos配置中心: 8.133.246.113:8848, 命名空间: d750d92e-152f-4055-a641-3bc9dda85a29
2025-06-08 23:26:48.893 [main] INFO  com.bgpay.bgai.config.NacosConfig - 注意: 如果看到Nacos配置加载警告，但应用正常启动，说明应用正在使用本地配置文件
2025-06-08 23:26:48.895 [main] INFO  com.bgpay.bgai.BgaiApplication - Started BgaiApplication in 21.298 seconds (process running for 22.849)
2025-06-08 23:26:48.898 [scheduling-1] DEBUG c.b.b.mapper.FileTypeMapper.selectActiveMimeTypes - ==>  Preparing: SELECT * FROM mime_type_config WHERE enabled = true
2025-06-08 23:26:48.898 [scheduling-1] DEBUG c.b.b.mapper.FileTypeMapper.selectActiveMimeTypes - ==> Parameters: 
2025-06-08 23:26:48.910 [scheduling-1] DEBUG c.b.b.mapper.FileTypeMapper.selectActiveMimeTypes - <==      Total: 52
2025-06-08 23:26:48.910 [main] DEBUG c.b.b.mapper.FileTypeMapper.selectActiveMimeTypes - ==>  Preparing: SELECT * FROM mime_type_config WHERE enabled = true
2025-06-08 23:26:48.910 [main] DEBUG c.b.b.mapper.FileTypeMapper.selectActiveMimeTypes - ==> Parameters: 
2025-06-08 23:26:48.923 [main] DEBUG c.b.b.mapper.FileTypeMapper.selectActiveMimeTypes - <==      Total: 52
2025-06-08 23:26:48.923 [scheduling-1] DEBUG c.b.bgai.mapper.FileTypeMapper.selectAllowedTypes - ==>  Preparing: SELECT mime_type FROM allowed_file_type WHERE enabled = true
2025-06-08 23:26:48.924 [scheduling-1] DEBUG c.b.bgai.mapper.FileTypeMapper.selectAllowedTypes - ==> Parameters: 
2025-06-08 23:26:48.936 [scheduling-1] DEBUG c.b.bgai.mapper.FileTypeMapper.selectAllowedTypes - <==      Total: 52
2025-06-08 23:26:48.936 [main] DEBUG c.b.bgai.mapper.FileTypeMapper.selectAllowedTypes - ==>  Preparing: SELECT mime_type FROM allowed_file_type WHERE enabled = true
2025-06-08 23:26:48.936 [main] DEBUG c.b.bgai.mapper.FileTypeMapper.selectAllowedTypes - ==> Parameters: 
2025-06-08 23:26:48.943 [main] DEBUG c.b.bgai.mapper.FileTypeMapper.selectAllowedTypes - <==      Total: 52
2025-06-08 23:26:48.943 [main] INFO  com.bgpay.bgai.seata.SagaStateMachineConfig - ==================== Saga状态机加载报告 ====================
2025-06-08 23:26:48.943 [main] INFO  com.bgpay.bgai.seata.SagaStateMachineConfig - Saga状态机配置加载状态: 成功
2025-06-08 23:26:48.943 [main] INFO  com.bgpay.bgai.seata.SagaStateMachineConfig - 已加载的状态机定义文件数量: 2
2025-06-08 23:26:48.943 [main] INFO  com.bgpay.bgai.seata.SagaStateMachineConfig - 已加载的状态机定义文件:
2025-06-08 23:26:48.943 [main] INFO  com.bgpay.bgai.seata.SagaStateMachineConfig -  - /E:/project/bgai/target/classes/statelang/bgai-saga-transaction.json
2025-06-08 23:26:48.943 [main] INFO  com.bgpay.bgai.seata.SagaStateMachineConfig -  - /E:/project/bgai/target/classes/statelang/chat_completion_saga.json
2025-06-08 23:26:48.944 [main] INFO  com.bgpay.bgai.seata.SagaStateMachineConfig - Saga解析器状态: CUSTOM_FASTJSON2
2025-06-08 23:26:48.944 [main] INFO  com.bgpay.bgai.seata.SagaStateMachineConfig - 状态机解析结果: 成功 2 个, 失败 0 个
2025-06-08 23:26:48.944 [main] INFO  com.bgpay.bgai.seata.SagaStateMachineConfig - =============================================================
2025-06-08 23:26:48.948 [main] INFO  com.alibaba.nacos.client.config.impl.CacheData - nacos.cache.data.init.snapshot = true 
2025-06-08 23:26:48.948 [main] INFO  com.alibaba.nacos.client.config.impl.ClientWorker - [fixed-d750d92e-152f-4055-a641-3bc9dda85a29-8.133.246.113_8848] [subscribe] common-dev.yaml+DEFAULT_GROUP+d750d92e-152f-4055-a641-3bc9dda85a29
2025-06-08 23:26:48.959 [main] INFO  com.alibaba.nacos.client.config.impl.CacheData - [fixed-d750d92e-152f-4055-a641-3bc9dda85a29-8.133.246.113_8848] [add-listener] ok, tenant=d750d92e-152f-4055-a641-3bc9dda85a29, dataId=common-dev.yaml, group=DEFAULT_GROUP, cnt=1
2025-06-08 23:26:48.959 [main] INFO  c.a.cloud.nacos.refresh.NacosContextRefresher - [Nacos Config] Listening config: dataId=common-dev.yaml, group=DEFAULT_GROUP
2025-06-08 23:26:48.959 [main] INFO  com.alibaba.nacos.client.config.impl.ClientWorker - [fixed-d750d92e-152f-4055-a641-3bc9dda85a29-8.133.246.113_8848] [subscribe] bgtech-ai.yaml+DEFAULT_GROUP+d750d92e-152f-4055-a641-3bc9dda85a29
2025-06-08 23:26:48.959 [main] INFO  com.alibaba.nacos.client.config.impl.CacheData - [fixed-d750d92e-152f-4055-a641-3bc9dda85a29-8.133.246.113_8848] [add-listener] ok, tenant=d750d92e-152f-4055-a641-3bc9dda85a29, dataId=bgtech-ai.yaml, group=DEFAULT_GROUP, cnt=1
2025-06-08 23:26:48.959 [main] INFO  c.a.cloud.nacos.refresh.NacosContextRefresher - [Nacos Config] Listening config: dataId=bgtech-ai.yaml, group=DEFAULT_GROUP
2025-06-08 23:26:48.960 [main] INFO  com.alibaba.nacos.client.config.impl.ClientWorker - [fixed-d750d92e-152f-4055-a641-3bc9dda85a29-8.133.246.113_8848] [subscribe] bgtech-ai-dev.yaml+DEFAULT_GROUP+d750d92e-152f-4055-a641-3bc9dda85a29
2025-06-08 23:26:48.960 [main] INFO  com.alibaba.nacos.client.config.impl.CacheData - [fixed-d750d92e-152f-4055-a641-3bc9dda85a29-8.133.246.113_8848] [add-listener] ok, tenant=d750d92e-152f-4055-a641-3bc9dda85a29, dataId=bgtech-ai-dev.yaml, group=DEFAULT_GROUP, cnt=1
2025-06-08 23:26:48.960 [main] INFO  c.a.cloud.nacos.refresh.NacosContextRefresher - [Nacos Config] Listening config: dataId=bgtech-ai-dev.yaml, group=DEFAULT_GROUP
2025-06-08 23:26:48.961 [main] INFO  com.alibaba.nacos.client.config.impl.ClientWorker - [fixed-d750d92e-152f-4055-a641-3bc9dda85a29-8.133.246.113_8848] [subscribe] bgtech-ai+DEFAULT_GROUP+d750d92e-152f-4055-a641-3bc9dda85a29
2025-06-08 23:26:48.961 [main] INFO  com.alibaba.nacos.client.config.impl.CacheData - [fixed-d750d92e-152f-4055-a641-3bc9dda85a29-8.133.246.113_8848] [add-listener] ok, tenant=d750d92e-152f-4055-a641-3bc9dda85a29, dataId=bgtech-ai, group=DEFAULT_GROUP, cnt=1
2025-06-08 23:26:48.961 [main] INFO  c.a.cloud.nacos.refresh.NacosContextRefresher - [Nacos Config] Listening config: dataId=bgtech-ai, group=DEFAULT_GROUP
2025-06-08 23:26:52.519 [http-nio-8080-exec-1] DEBUG com.bgpay.bgai.filter.ApiKeyAuthenticationFilter - Skipping API Key validation for excluded path: /api/auth/login-url
2025-06-08 23:27:12.466 [http-nio-8080-exec-3] DEBUG com.bgpay.bgai.filter.ApiKeyAuthenticationFilter - Skipping API Key validation for excluded path: /auth/authorize
2025-06-08 23:27:12.475 [http-nio-8080-exec-3] INFO  com.bgpay.bgai.controller.MockAuthController - Authorization request: client_id=bgai-client-id, redirect_uri=http://localhost:8080/api/auth/callback, response_type=code
2025-06-08 23:29:03.747 [http-nio-8080-exec-6] DEBUG com.bgpay.bgai.filter.ApiKeyAuthenticationFilter - Skipping API Key validation for excluded path: /api/auth/callback
2025-06-08 23:29:55.912 [http-nio-8080-exec-8] DEBUG com.bgpay.bgai.filter.ApiKeyAuthenticationFilter - Skipping API Key validation for excluded path: /api/auth/callback
2025-06-08 23:30:01.334 [http-nio-8080-exec-9] DEBUG com.bgpay.bgai.filter.ApiKeyAuthenticationFilter - Skipping API Key validation for excluded path: /api/auth/callback
2025-06-08 23:30:01.363 [http-nio-8080-exec-9] WARN  com.alibaba.druid.pool.DruidAbstractDataSource - discard long time none received connection. , jdbcUrl : jdbc:mysql://8.133.246.113:3306/deepseek?autoReconnect=false&useUnicode=true&characterEncoding=UTF-8&characterSetResults=UTF-8&zeroDateTimeBehavior=convertToNull&useSSL=false&allowPublicKeyRetrieval=true&useSSL=false, version : 1.2.8, lastPacketReceivedIdleMillis : 192392
2025-06-08 23:30:01.371 [http-nio-8080-exec-9] WARN  com.alibaba.druid.pool.DruidAbstractDataSource - discard long time none received connection. , jdbcUrl : jdbc:mysql://8.133.246.113:3306/deepseek?autoReconnect=false&useUnicode=true&characterEncoding=UTF-8&characterSetResults=UTF-8&zeroDateTimeBehavior=convertToNull&useSSL=false&allowPublicKeyRetrieval=true&useSSL=false, version : 1.2.8, lastPacketReceivedIdleMillis : 192429
2025-06-08 23:30:01.444 [http-nio-8080-exec-9] INFO  com.bgpay.bgai.service.impl.UserServiceImpl - 开始SSO登录流程, 授权码: e2e96e41-3a90-4e62-9106-d61cdf9c03f5
2025-06-08 23:30:01.445 [http-nio-8080-exec-9] DEBUG com.bgpay.bgai.service.impl.UserServiceImpl - 发送token请求: URL=http://localhost:8080/auth/token, params={grant_type=[authorization_code], code=[e2e96e41-3a90-4e62-9106-d61cdf9c03f5], client_id=[bgai-client-id], client_secret=[bgai-client-secret], redirect_uri=[http://localhost:8080/api/auth/callback]}
2025-06-08 23:30:01.445 [http-nio-8080-exec-9] INFO  com.bgpay.bgai.service.impl.UserServiceImpl - Token request URL: http://localhost:8080/auth/token
2025-06-08 23:30:01.445 [http-nio-8080-exec-9] INFO  com.bgpay.bgai.service.impl.UserServiceImpl - Token request params: {grant_type=[authorization_code], code=[e2e96e41-3a90-4e62-9106-d61cdf9c03f5], client_id=[bgai-client-id], client_secret=[bgai-client-secret], redirect_uri=[http://localhost:8080/api/auth/callback]}
2025-06-08 23:30:01.482 [http-nio-8080-exec-10] DEBUG com.bgpay.bgai.filter.ApiKeyAuthenticationFilter - Skipping API Key validation for excluded path: /auth/token
2025-06-08 23:30:01.485 [http-nio-8080-exec-10] INFO  com.bgpay.bgai.controller.MockAuthController - Token request: grant_type=null, code=null, client_id=null
2025-06-08 23:30:01.496 [http-nio-8080-exec-9] INFO  com.bgpay.bgai.service.impl.UserServiceImpl - Raw token response: ["java.util.HashMap",{"access_token":"081edbd5-4d7a-47e5-86b9-0396dd68b266","refresh_token":"8a4bb56a-96d8-4e8a-863c-6c878f55231f","token_type":"Bearer","expires_in":3600}]
2025-06-08 23:30:01.497 [http-nio-8080-exec-9] INFO  com.bgpay.bgai.service.impl.UserServiceImpl - User info request URL: http://localhost:8080/auth/userinfo
2025-06-08 23:30:01.497 [http-nio-8080-exec-9] DEBUG com.bgpay.bgai.service.impl.UserServiceImpl - User info request headers: [Authorization:"Bearer 081edbd5-4d7a-47e5-86b9-0396dd68b266", Accept:"application/json"]
2025-06-08 23:30:01.501 [http-nio-8080-exec-2] DEBUG com.bgpay.bgai.filter.ApiKeyAuthenticationFilter - Skipping API Key validation for excluded path: /auth/userinfo
2025-06-08 23:30:01.510 [http-nio-8080-exec-9] INFO  com.bgpay.bgai.service.impl.UserServiceImpl - User info response status: 200 OK
2025-06-08 23:30:01.510 [http-nio-8080-exec-9] DEBUG com.bgpay.bgai.service.impl.UserServiceImpl - Raw user info response: ["java.util.HashMap",{"user_id":"689258T","name":"测试用户","email":"test@example.com","picture":"https://ui-avatars.com/api/?name=测试用户"}]
2025-06-08 23:30:01.516 [http-nio-8080-exec-9] DEBUG com.bgpay.bgai.mapper.UserMapper.findByUserId - ==>  Preparing: SELECT * FROM t_user WHERE user_id = ?
2025-06-08 23:30:01.518 [http-nio-8080-exec-9] DEBUG com.bgpay.bgai.mapper.UserMapper.findByUserId - ==> Parameters: java.util.HashMap(String)
2025-06-08 23:30:01.533 [http-nio-8080-exec-9] DEBUG com.bgpay.bgai.mapper.UserMapper.findByUserId - <==      Total: 1
2025-06-08 23:30:01.625 [http-nio-8080-exec-9] DEBUG com.bgpay.bgai.mapper.UserMapper.updateById - ==>  Preparing: UPDATE t_user SET user_id=?, username=?, email=?, last_login_time=?, access_token=?, token_expire_time=?, status=?, create_time=?, update_time=? WHERE id=?
2025-06-08 23:30:01.630 [http-nio-8080-exec-9] DEBUG com.bgpay.bgai.mapper.UserMapper.updateById - ==> Parameters: java.util.HashMap(String), User java.util.HashMap(String), java.util.HashMap@example.com(String), 2025-06-08T23:30:01.533832100(LocalDateTime), 081edbd5-4d7a-47e5-86b9-0396dd68b266(String), 2025-06-09T00:30:01.533832100(LocalDateTime), 1(Integer), 2025-06-08T23:12:23(LocalDateTime), 2025-06-08T23:30:01.533832100(LocalDateTime), 2(Long)
2025-06-08 23:30:01.656 [http-nio-8080-exec-9] DEBUG com.bgpay.bgai.mapper.UserMapper.updateById - <==    Updates: 1
2025-06-08 23:30:16.296 [http-nio-8080-exec-1] DEBUG com.bgpay.bgai.filter.ApiKeyAuthenticationFilter - Skipping API Key validation for excluded path: /api/auth/callback
2025-06-08 23:31:10.727 [Thread-15] WARN  com.alibaba.nacos.common.notify.NotifyCenter - [NotifyCenter] Start destroying Publisher
2025-06-08 23:31:10.727 [Thread-5] WARN  c.alibaba.nacos.common.http.HttpClientBeanHolder - [HttpClientBeanHolder] Start destroying common HttpClient
2025-06-08 23:31:10.727 [Thread-15] WARN  com.alibaba.nacos.common.notify.NotifyCenter - [NotifyCenter] Destruction of the end
2025-06-08 23:31:10.728 [Thread-5] WARN  c.alibaba.nacos.common.http.HttpClientBeanHolder - [HttpClientBeanHolder] Destruction of the end
2025-06-08 23:31:10.755 [SpringApplicationShutdownHook] INFO  c.a.cloud.nacos.registry.NacosServiceRegistry - De-registering from Nacos Server now...
2025-06-08 23:31:10.756 [SpringApplicationShutdownHook] INFO  com.alibaba.nacos.client.naming - [DEREGISTER-SERVICE] d750d92e-152f-4055-a641-3bc9dda85a29 deregistering service bgai with instance: Instance{instanceId='null', ip='192.168.86.8', port=8080, weight=1.0, healthy=true, enabled=true, ephemeral=true, clusterName='DEFAULT', serviceName='null', metadata={}}
2025-06-08 23:31:10.767 [SpringApplicationShutdownHook] INFO  c.a.cloud.nacos.registry.NacosServiceRegistry - De-registration finished.
2025-06-08 23:31:10.769 [SpringApplicationShutdownHook] INFO  com.alibaba.nacos.client.naming - com.alibaba.nacos.client.naming.cache.ServiceInfoHolder do shutdown begin
2025-06-08 23:31:10.769 [SpringApplicationShutdownHook] INFO  com.alibaba.nacos.client.naming - com.alibaba.nacos.client.naming.backups.FailoverReactor do shutdown begin
2025-06-08 23:31:10.769 [SpringApplicationShutdownHook] INFO  com.alibaba.nacos.client.naming - com.alibaba.nacos.client.naming.backups.FailoverReactor do shutdown stop
2025-06-08 23:31:10.769 [SpringApplicationShutdownHook] INFO  com.alibaba.nacos.client.naming - com.alibaba.nacos.client.naming.cache.ServiceInfoHolder do shutdown stop
2025-06-08 23:31:10.769 [SpringApplicationShutdownHook] INFO  com.alibaba.nacos.client.naming - com.alibaba.nacos.client.naming.remote.NamingClientProxyDelegate do shutdown begin
2025-06-08 23:31:10.769 [SpringApplicationShutdownHook] INFO  com.alibaba.nacos.client.naming - com.alibaba.nacos.client.naming.core.ServiceInfoUpdateService do shutdown begin
2025-06-08 23:31:10.769 [SpringApplicationShutdownHook] INFO  com.alibaba.nacos.client.naming - com.alibaba.nacos.client.naming.core.ServiceInfoUpdateService do shutdown stop
2025-06-08 23:31:10.770 [SpringApplicationShutdownHook] INFO  com.alibaba.nacos.client.naming - com.alibaba.nacos.client.naming.core.ServerListManager do shutdown begin
2025-06-08 23:31:10.770 [SpringApplicationShutdownHook] WARN  com.alibaba.nacos.client.naming - [NamingHttpClientManager] Start destroying NacosRestTemplate
2025-06-08 23:31:10.770 [SpringApplicationShutdownHook] WARN  com.alibaba.nacos.client.naming - [NamingHttpClientManager] Destruction of the end
2025-06-08 23:31:10.770 [SpringApplicationShutdownHook] INFO  com.alibaba.nacos.client.naming - com.alibaba.nacos.client.naming.core.ServerListManager do shutdown stop
2025-06-08 23:31:10.770 [SpringApplicationShutdownHook] INFO  com.alibaba.nacos.client.naming - com.alibaba.nacos.client.naming.remote.http.NamingHttpClientProxy do shutdown begin
2025-06-08 23:31:10.770 [SpringApplicationShutdownHook] WARN  com.alibaba.nacos.client.naming - [NamingHttpClientManager] Start destroying NacosRestTemplate
2025-06-08 23:31:10.770 [SpringApplicationShutdownHook] WARN  com.alibaba.nacos.client.naming - [NamingHttpClientManager] Destruction of the end
2025-06-08 23:31:10.770 [SpringApplicationShutdownHook] INFO  com.alibaba.nacos.client.naming - com.alibaba.nacos.client.naming.remote.http.NamingHttpClientProxy do shutdown stop
2025-06-08 23:31:10.770 [SpringApplicationShutdownHook] INFO  com.alibaba.nacos.common.remote.client - Shutdown rpc client, set status to shutdown
2025-06-08 23:31:10.770 [SpringApplicationShutdownHook] INFO  com.alibaba.nacos.common.remote.client - Shutdown client event executor java.util.concurrent.ScheduledThreadPoolExecutor@2c944389[Running, pool size = 2, active threads = 2, queued tasks = 0, completed tasks = 0]
2025-06-08 23:31:10.770 [SpringApplicationShutdownHook] INFO  com.alibaba.nacos.common.remote.client - Close current connection 1749396408721_139.227.195.166_38747
2025-06-08 23:31:10.774 [nacos-grpc-client-executor-8.133.246.113-74] WARN  c.a.nacos.common.remote.client.grpc.GrpcClient - [1749396408721_139.227.195.166_38747]Ignore error event,isRunning:false,isAbandon=false
2025-06-08 23:31:10.776 [SpringApplicationShutdownHook] INFO  c.a.nacos.common.remote.client.grpc.GrpcClient - Shutdown grpc executor java.util.concurrent.ThreadPoolExecutor@77e3087[Running, pool size = 4, active threads = 0, queued tasks = 0, completed tasks = 75]
2025-06-08 23:31:10.776 [SpringApplicationShutdownHook] INFO  com.alibaba.nacos.client.naming - Shutdown grpc redo service executor java.util.concurrent.ScheduledThreadPoolExecutor@5ce0d1aa[Running, pool size = 1, active threads = 0, queued tasks = 1, completed tasks = 87]
2025-06-08 23:31:10.777 [SpringApplicationShutdownHook] INFO  c.a.n.client.auth.ram.identify.CredentialWatcher - [null] CredentialWatcher is stopped
2025-06-08 23:31:10.777 [SpringApplicationShutdownHook] INFO  c.a.n.client.auth.ram.identify.CredentialService - [null] CredentialService is freed
2025-06-08 23:31:10.777 [SpringApplicationShutdownHook] INFO  com.alibaba.nacos.client.naming - com.alibaba.nacos.client.naming.remote.NamingClientProxyDelegate do shutdown stop
2025-06-08 23:31:10.790 [SpringApplicationShutdownHook] DEBUG com.bgpay.bgai.config.AsyncConfig$1 - Shutting down ExecutorService 'blockingExecutor'
2025-06-08 23:31:12.906 [NettyClientSelector_1] INFO  RocketmqRemoting - closeChannel: close the connection to remote address[8.133.246.113:10911] result: true
2025-06-08 23:31:12.906 [SpringApplicationShutdownHook] INFO  com.bgpay.bgai.service.mq.RocketMQProducerService - Transaction producer shutdown completed
2025-06-08 23:31:12.906 [NettyClientSelector_1] INFO  RocketmqRemoting - closeChannel: close the connection to remote address[8.133.246.113:9876] result: true
2025-06-08 23:31:13.037 [SpringApplicationShutdownHook] INFO  o.s.orm.jpa.LocalContainerEntityManagerFactoryBean - Closing JPA EntityManagerFactory for persistence unit 'default'
2025-06-08 23:31:13.039 [SpringApplicationShutdownHook] INFO  com.alibaba.druid.pool.DruidDataSource - {dataSource-2} closing ...
2025-06-08 23:31:13.041 [SpringApplicationShutdownHook] INFO  com.alibaba.druid.pool.DruidDataSource - {dataSource-2} closed
2025-06-08 23:31:13.041 [SpringApplicationShutdownHook] INFO  com.alibaba.druid.pool.DruidDataSource - {dataSource-1} closing ...
2025-06-08 23:31:13.042 [SpringApplicationShutdownHook] INFO  com.alibaba.druid.pool.DruidDataSource - {dataSource-1} closed
2025-06-08 23:31:13.042 [NettyClientSelector_TMROLE_1_1] INFO  i.seata.core.rpc.netty.AbstractNettyRemotingClient - channel inactive: [id: 0x1029f217, L:/192.168.86.8:65214 ! R:/8.133.246.113:8091]
2025-06-08 23:31:13.042 [NettyClientSelector_TMROLE_1_1] INFO  io.seata.core.rpc.netty.NettyClientChannelManager - return to pool, rm channel:[id: 0x1029f217, L:/192.168.86.8:65214 ! R:/8.133.246.113:8091]
2025-06-08 23:31:13.043 [NettyClientSelector_TMROLE_1_1] INFO  io.seata.core.rpc.netty.NettyPoolableFactory - channel valid false,channel:[id: 0x1029f217, L:/192.168.86.8:65214 ! R:/8.133.246.113:8091]
2025-06-08 23:31:13.043 [NettyClientSelector_TMROLE_1_1] INFO  io.seata.core.rpc.netty.NettyPoolableFactory - will destroy channel:[id: 0x1029f217, L:/192.168.86.8:65214 ! R:/8.133.246.113:8091]
2025-06-08 23:31:13.043 [NettyClientSelector_TMROLE_1_1] INFO  i.seata.core.rpc.netty.AbstractNettyRemotingClient - ChannelHandlerContext(AbstractNettyRemotingClient$ClientHandler#0, [id: 0x1029f217, L:/192.168.86.8:65214 ! R:/8.133.246.113:8091]) will closed
2025-06-08 23:31:13.043 [NettyClientSelector_TMROLE_1_1] INFO  i.seata.core.rpc.netty.AbstractNettyRemotingClient - ChannelHandlerContext(AbstractNettyRemotingClient$ClientHandler#0, [id: 0x1029f217, L:/192.168.86.8:65214 ! R:/8.133.246.113:8091]) will closed
2025-06-08 23:31:13.044 [NettyClientSelector_RMROLE_1_1] INFO  i.seata.core.rpc.netty.AbstractNettyRemotingClient - channel inactive: [id: 0xc154b058, L:/192.168.86.8:65235 ! R:/8.133.246.113:8091]
2025-06-08 23:31:13.044 [NettyClientSelector_RMROLE_1_1] INFO  io.seata.core.rpc.netty.NettyClientChannelManager - return to pool, rm channel:[id: 0xc154b058, L:/192.168.86.8:65235 ! R:/8.133.246.113:8091]
2025-06-08 23:31:13.044 [NettyClientSelector_RMROLE_1_1] INFO  io.seata.core.rpc.netty.NettyPoolableFactory - channel valid false,channel:[id: 0xc154b058, L:/192.168.86.8:65235 ! R:/8.133.246.113:8091]
2025-06-08 23:31:13.044 [NettyClientSelector_RMROLE_1_1] INFO  io.seata.core.rpc.netty.NettyPoolableFactory - will destroy channel:[id: 0xc154b058, L:/192.168.86.8:65235 ! R:/8.133.246.113:8091]
2025-06-08 23:31:13.044 [NettyClientSelector_RMROLE_1_1] INFO  i.seata.core.rpc.netty.AbstractNettyRemotingClient - ChannelHandlerContext(AbstractNettyRemotingClient$ClientHandler#0, [id: 0xc154b058, L:/192.168.86.8:65235 ! R:/8.133.246.113:8091]) will closed
2025-06-08 23:31:13.044 [NettyClientSelector_RMROLE_1_1] INFO  i.seata.core.rpc.netty.AbstractNettyRemotingClient - ChannelHandlerContext(AbstractNettyRemotingClient$ClientHandler#0, [id: 0xc154b058, L:/192.168.86.8:65235 ! R:/8.133.246.113:8091]) will closed
2025-06-08 23:36:10.488 [main] WARN  com.alibaba.nacos.client.logging.NacosLogging - Load Logback Configuration of Nacos fail, message: Could not initialize Logback Nacos logging from classpath:nacos-logback.xml
2025-06-08 23:36:10.489 [main] INFO  com.bgpay.bgai.BgaiApplication - The following 1 profile is active: "dev"
2025-06-08 23:36:11.364 [main] INFO  o.s.d.r.config.RepositoryConfigurationDelegate - Multiple Spring Data modules found, entering strict repository configuration mode
2025-06-08 23:36:11.365 [main] INFO  o.s.d.r.config.RepositoryConfigurationDelegate - Bootstrapping Spring Data Elasticsearch repositories in DEFAULT mode.
2025-06-08 23:36:11.697 [main] INFO  o.s.d.r.config.RepositoryConfigurationDelegate - Finished Spring Data repository scanning in 327 ms. Found 1 Elasticsearch repository interfaces.
2025-06-08 23:36:12.347 [main] INFO  o.s.d.r.config.RepositoryConfigurationDelegate - Multiple Spring Data modules found, entering strict repository configuration mode
2025-06-08 23:36:12.347 [main] INFO  o.s.d.r.config.RepositoryConfigurationDelegate - Bootstrapping Spring Data Reactive Elasticsearch repositories in DEFAULT mode.
2025-06-08 23:36:12.368 [main] INFO  o.s.d.r.config.RepositoryConfigurationDelegate - Finished Spring Data repository scanning in 20 ms. Found 0 Reactive Elasticsearch repository interfaces.
2025-06-08 23:36:12.378 [main] INFO  o.s.d.r.config.RepositoryConfigurationDelegate - Multiple Spring Data modules found, entering strict repository configuration mode
2025-06-08 23:36:12.379 [main] INFO  o.s.d.r.config.RepositoryConfigurationDelegate - Bootstrapping Spring Data JPA repositories in DEFAULT mode.
2025-06-08 23:36:12.390 [main] INFO  o.s.d.r.c.RepositoryConfigurationExtensionSupport - Spring Data JPA - Could not safely identify store assignment for repository candidate interface com.bgpay.bgai.repository.es.ChatRecordRepository; If you want this repository to be a JPA repository, consider annotating your entities with one of these annotations: jakarta.persistence.Entity, jakarta.persistence.MappedSuperclass (preferred), or consider extending one of the following types with your repository: org.springframework.data.jpa.repository.JpaRepository
2025-06-08 23:36:12.390 [main] INFO  o.s.d.r.config.RepositoryConfigurationDelegate - Finished Spring Data repository scanning in 7 ms. Found 0 JPA repository interfaces.
2025-06-08 23:36:12.401 [main] INFO  o.s.d.r.config.RepositoryConfigurationDelegate - Multiple Spring Data modules found, entering strict repository configuration mode
2025-06-08 23:36:12.402 [main] INFO  o.s.d.r.config.RepositoryConfigurationDelegate - Bootstrapping Spring Data Redis repositories in DEFAULT mode.
2025-06-08 23:36:12.416 [main] INFO  o.s.d.r.c.RepositoryConfigurationExtensionSupport - Spring Data Redis - Could not safely identify store assignment for repository candidate interface com.bgpay.bgai.repository.es.ChatRecordRepository; If you want this repository to be a Redis repository, consider annotating your entities with one of these annotations: org.springframework.data.redis.core.RedisHash (preferred), or consider extending one of the following types with your repository: org.springframework.data.keyvalue.repository.KeyValueRepository
2025-06-08 23:36:12.416 [main] INFO  o.s.d.r.config.RepositoryConfigurationDelegate - Finished Spring Data repository scanning in 7 ms. Found 0 Redis repository interfaces.
2025-06-08 23:36:13.151 [main] INFO  io.seata.config.ConfigurationFactory - load Configuration from :Spring Configuration
2025-06-08 23:36:13.163 [main] INFO  io.seata.config.ConfigurationFactory - load Configuration from :Spring Configuration
2025-06-08 23:36:13.171 [main] INFO  i.seata.spring.annotation.GlobalTransactionScanner - Initializing Global Transaction Clients ... 
2025-06-08 23:36:13.309 [main] INFO  io.seata.core.rpc.netty.NettyClientBootstrap - NettyClientBootstrap has started
2025-06-08 23:36:13.310 [main] INFO  io.seata.discovery.registry.RegistryFactory - use registry center type: file
2025-06-08 23:36:13.321 [main] INFO  io.seata.core.rpc.netty.NettyClientChannelManager - will connect to 8.133.246.113:8091
2025-06-08 23:36:13.326 [main] INFO  io.seata.core.rpc.netty.NettyPoolableFactory - NettyPool create channel to transactionRole:TMROLE,address:8.133.246.113:8091,msg:< RegisterTMRequest{version='1.7.0', applicationId='bgai', transactionServiceGroup='default-tx-group', extraData='ak=null
digest=default-tx-group,192.168.86.8,1749396973324
timestamp=1749396973324
authVersion=V4
vgroup=default-tx-group
ip=192.168.86.8
'} >
2025-06-08 23:36:13.494 [main] INFO  io.seata.core.rpc.netty.TmNettyRemotingClient - register TM success. client version:1.7.0, server version:1.8.1-SNAPSHOT,channel:[id: 0x649725f2, L:/192.168.86.8:52531 - R:/8.133.246.113:8091]
2025-06-08 23:36:13.500 [main] INFO  io.seata.core.rpc.netty.NettyPoolableFactory - register success, cost 80 ms, version:1.8.1-SNAPSHOT,role:TMROLE,channel:[id: 0x649725f2, L:/192.168.86.8:52531 - R:/8.133.246.113:8091]
2025-06-08 23:36:13.500 [main] INFO  i.seata.spring.annotation.GlobalTransactionScanner - Transaction Manager Client is initialized. applicationId[bgai] txServiceGroup[default-tx-group]
2025-06-08 23:36:13.510 [main] INFO  io.seata.rm.datasource.AsyncWorker - Async Commit Buffer Limit: 10000
2025-06-08 23:36:13.511 [main] INFO  io.seata.rm.datasource.xa.ResourceManagerXA - ResourceManagerXA init ...
2025-06-08 23:36:13.517 [main] INFO  io.seata.core.rpc.netty.NettyClientBootstrap - NettyClientBootstrap has started
2025-06-08 23:36:13.517 [main] INFO  i.seata.spring.annotation.GlobalTransactionScanner - Resource Manager is initialized. applicationId[bgai] txServiceGroup[default-tx-group]
2025-06-08 23:36:13.517 [main] INFO  i.seata.spring.annotation.GlobalTransactionScanner - Global Transaction Clients are initialized. 
2025-06-08 23:36:14.461 [main] INFO  o.s.boot.web.embedded.tomcat.TomcatWebServer - Tomcat initialized with port(s): 8080 (http)
2025-06-08 23:36:14.478 [main] INFO  org.apache.coyote.http11.Http11NioProtocol - The ["http-nio-8080"] connector has been configured to support HTTP upgrade to [h2c]
2025-06-08 23:36:14.478 [main] INFO  org.apache.coyote.http11.Http11NioProtocol - Initializing ProtocolHandler ["http-nio-8080"]
2025-06-08 23:36:14.480 [main] INFO  org.apache.catalina.core.StandardService - Starting service [Tomcat]
2025-06-08 23:36:14.481 [main] INFO  org.apache.catalina.core.StandardEngine - Starting Servlet engine: [Apache Tomcat/10.1.15]
2025-06-08 23:36:14.972 [main] INFO  com.alibaba.druid.pool.DruidDataSource - {dataSource-1} inited
2025-06-08 23:36:15.232 [main] INFO  io.seata.core.rpc.netty.NettyClientChannelManager - will connect to 8.133.246.113:8091
2025-06-08 23:36:15.233 [main] INFO  io.seata.core.rpc.netty.RmNettyRemotingClient - RM will register :jdbc:mysql://8.133.246.113:3306/deepseek
2025-06-08 23:36:15.233 [main] INFO  io.seata.core.rpc.netty.NettyPoolableFactory - NettyPool create channel to transactionRole:RMROLE,address:8.133.246.113:8091,msg:< RegisterRMRequest{resourceIds='jdbc:mysql://8.133.246.113:3306/deepseek', version='1.7.0', applicationId='bgai', transactionServiceGroup='default-tx-group', extraData='null'} >
2025-06-08 23:36:15.251 [main] INFO  io.seata.core.rpc.netty.RmNettyRemotingClient - register RM success. client version:1.7.0, server version:1.8.1-SNAPSHOT,channel:[id: 0x94842ca2, L:/192.168.86.8:52544 - R:/8.133.246.113:8091]
2025-06-08 23:36:15.251 [main] INFO  io.seata.core.rpc.netty.NettyPoolableFactory - register success, cost 10 ms, version:1.8.1-SNAPSHOT,role:RMROLE,channel:[id: 0x94842ca2, L:/192.168.86.8:52544 - R:/8.133.246.113:8091]
2025-06-08 23:36:15.253 [main] INFO  i.s.s.a.datasource.SeataAutoDataSourceProxyCreator - Auto proxy data source 'masterDataSource' by 'AT' mode.
2025-06-08 23:36:15.309 [main] INFO  com.alibaba.druid.pool.DruidDataSource - {dataSource-2} inited
2025-06-08 23:36:15.381 [main] INFO  io.seata.core.rpc.netty.RmNettyRemotingClient - will register resourceId:jdbc:mysql://8.133.246.113:3306/deepseek
2025-06-08 23:36:15.382 [main] INFO  i.s.s.a.datasource.SeataAutoDataSourceProxyCreator - Auto proxy data source 'slaveDataSource' by 'AT' mode.
2025-06-08 23:36:15.397 [NettyClientSelector_RMROLE_1_1] INFO  io.seata.rm.AbstractRMHandler - the rm client received response msg [RegisterRMResponse{version='1.8.1-SNAPSHOT', extraData='null', identified=true, resultCode=null, msg='null'}] from tc server.
2025-06-08 23:36:15.404 [main] INFO  io.seata.core.rpc.netty.RmNettyRemotingClient - will register resourceId:jdbc:mysql://8.133.246.113:3306/deepseek
2025-06-08 23:36:15.405 [main] INFO  i.s.s.a.datasource.SeataAutoDataSourceProxyCreator - Auto proxy data source 'dynamicDataSource' by 'AT' mode.
2025-06-08 23:36:15.413 [NettyClientSelector_RMROLE_1_1] INFO  io.seata.rm.AbstractRMHandler - the rm client received response msg [RegisterRMResponse{version='1.8.1-SNAPSHOT', extraData='null', identified=true, resultCode=null, msg='null'}] from tc server.
2025-06-08 23:36:15.538 [main] INFO  org.hibernate.jpa.internal.util.LogHelper - HHH000204: Processing PersistenceUnitInfo [name: default]
2025-06-08 23:36:15.596 [main] INFO  org.hibernate.Version - HHH000412: Hibernate ORM core version 6.1.7.Final
2025-06-08 23:36:15.938 [main] INFO  SQL dialect - HHH000400: Using dialect: org.hibernate.dialect.MySQL8Dialect
2025-06-08 23:36:15.941 [main] WARN  org.hibernate.orm.deprecation - HHH90000026: MySQL8Dialect has been deprecated; use org.hibernate.dialect.MySQLDialect instead
2025-06-08 23:36:16.308 [main] INFO  o.h.e.t.jta.platform.internal.JtaPlatformInitiator - HHH000490: Using JtaPlatform implementation: [org.hibernate.engine.transaction.jta.platform.internal.NoJtaPlatform]
2025-06-08 23:36:16.319 [main] INFO  o.s.orm.jpa.LocalContainerEntityManagerFactoryBean - Initialized JPA EntityManagerFactory for persistence unit 'default'
2025-06-08 23:36:16.710 [main] DEBUG c.b.b.mapper.FileTypeMapper.selectActiveMimeTypes - ==>  Preparing: SELECT * FROM mime_type_config WHERE enabled = true
2025-06-08 23:36:16.721 [main] DEBUG c.b.b.mapper.FileTypeMapper.selectActiveMimeTypes - ==> Parameters: 
2025-06-08 23:36:16.749 [main] DEBUG c.b.b.mapper.FileTypeMapper.selectActiveMimeTypes - <==      Total: 52
2025-06-08 23:36:16.751 [main] DEBUG c.b.bgai.mapper.FileTypeMapper.selectAllowedTypes - ==>  Preparing: SELECT mime_type FROM allowed_file_type WHERE enabled = true
2025-06-08 23:36:16.751 [main] DEBUG c.b.bgai.mapper.FileTypeMapper.selectAllowedTypes - ==> Parameters: 
2025-06-08 23:36:16.763 [main] DEBUG c.b.bgai.mapper.FileTypeMapper.selectAllowedTypes - <==      Total: 52
2025-06-08 23:36:17.556 [main] INFO  com.bgpay.bgai.service.impl.UserServiceImpl - 初始化SSO配置: clientId=bgai-client-id, redirectUri=http://localhost:8080/api/auth/callback
2025-06-08 23:36:17.605 [main] INFO  com.bgpay.bgai.controller.AuthController - 初始化认证控制器: clientId=bgai-client-id, redirectUri=http://localhost:8080/api/auth/callback
2025-06-08 23:36:18.540 [main] INFO  org.redisson.Version - Redisson 3.24.3
2025-06-08 23:36:18.692 [redisson-netty-4-6] INFO  o.r.connection.pool.MasterPubSubConnectionPool - 1 connections initialized for 8.133.246.113/8.133.246.113:6379
2025-06-08 23:36:19.104 [redisson-netty-4-19] INFO  org.redisson.connection.pool.MasterConnectionPool - 24 connections initialized for 8.133.246.113/8.133.246.113:6379
2025-06-08 23:36:19.493 [main] INFO  com.bgpay.bgai.service.mq.RocketMQProducerService - RocketMQProducerService initialized with producer group: null
2025-06-08 23:36:19.904 [main] INFO  i.seata.spring.annotation.GlobalTransactionScanner - Bean [com.bgpay.bgai.service.deepseek.DeepSeekServiceImp$$SpringCGLIB$$0] with name [deepSeekServiceImp] would use interceptor [io.seata.spring.annotation.GlobalTransactionalInterceptor]
2025-06-08 23:36:20.228 [main] WARN  i.s.s.b.a.provider.SpringBootConfigurationProvider - The get method not found for the field 'SeataProperties#accesskey'.
2025-06-08 23:36:20.228 [main] WARN  i.s.s.b.a.provider.SpringBootConfigurationProvider - The get method not found for the field 'SeataProperties#secretkey'.
2025-06-08 23:36:20.232 [main] INFO  com.bgpay.bgai.seata.SagaStateMachineConfig - 加载到2个Saga状态机定义文件
2025-06-08 23:36:20.404 [main] INFO  com.bgpay.bgai.saga.CustomSagaJsonParser - 开始解析状态机定义: bgai-saga-transaction
2025-06-08 23:36:20.404 [main] INFO  com.bgpay.bgai.saga.CustomSagaJsonParser - 状态机定义解析成功: bgai-saga-transaction
2025-06-08 23:36:20.405 [main] INFO  com.bgpay.bgai.seata.SagaStateMachineConfig - 成功加载状态机定义: /E:/project/bgai/target/classes/statelang/bgai-saga-transaction.json
2025-06-08 23:36:20.410 [main] INFO  com.bgpay.bgai.saga.CustomSagaJsonParser - 开始解析状态机定义: ChatCompletionSaga
2025-06-08 23:36:20.410 [main] INFO  com.bgpay.bgai.saga.CustomSagaJsonParser - 状态机定义解析成功: ChatCompletionSaga
2025-06-08 23:36:20.410 [main] INFO  com.bgpay.bgai.seata.SagaStateMachineConfig - 成功加载状态机定义: /E:/project/bgai/target/classes/statelang/chat_completion_saga.json
2025-06-08 23:36:20.600 [main] INFO  com.bgpay.bgai.service.mq.MQConsumerService - MQ consumer startup successful [group=billing-consumer-group, topic=BILLING_TOPIC, tag=USER_BILLING]
2025-06-08 23:36:20.600 [main] INFO  c.bgpay.bgai.service.mq.RocketMQBillingServiceImpl - Billing consumer initialized successfully. Ready to process unconsumed messages.
2025-06-08 23:36:21.611 [main] INFO  io.seata.core.rpc.netty.RmNettyRemotingClient - will register resourceId:jdbc:mysql://8.133.246.113:3306/deepseek
2025-06-08 23:36:21.612 [main] INFO  io.seata.core.rpc.netty.RmNettyRemotingClient - will register resourceId:bgai:default
2025-06-08 23:36:21.613 [main] INFO  com.bgpay.bgai.seata.SeataResourceManagerListener - Resource registered: bgai:default
2025-06-08 23:36:21.613 [main] INFO  com.bgpay.bgai.seata.SeataResourceManagerListener - Seata Resource Manager registered successfully for application: bgai
2025-06-08 23:36:21.620 [NettyClientSelector_RMROLE_1_1] INFO  io.seata.rm.AbstractRMHandler - the rm client received response msg [RegisterRMResponse{version='1.8.1-SNAPSHOT', extraData='null', identified=true, resultCode=null, msg='null'}] from tc server.
2025-06-08 23:36:21.620 [NettyClientSelector_RMROLE_1_1] INFO  io.seata.rm.AbstractRMHandler - the rm client received response msg [RegisterRMResponse{version='1.8.1-SNAPSHOT', extraData='null', identified=true, resultCode=null, msg='null'}] from tc server.
2025-06-08 23:36:21.770 [main] INFO  i.seata.spring.annotation.GlobalTransactionScanner - Bean [com.bgpay.bgai.service.mq.BillingTransactionListenerImpl$$SpringCGLIB$$0] with name [billingTransactionListenerImpl] would use interceptor [io.seata.spring.annotation.GlobalTransactionalInterceptor]
2025-06-08 23:36:21.910 [main] INFO  o.a.r.s.autoconfigure.RocketMQAutoConfiguration - a producer (billing-producer-group) init on namesrv 8.133.246.113:9876
2025-06-08 23:36:21.939 [main] DEBUG com.bgpay.bgai.config.AsyncConfig$1 - Initializing ExecutorService 'blockingExecutor'
2025-06-08 23:36:22.028 [main] INFO  c.b.bgai.config.NacosConfig$NacosWarningHandler - Nacos警告处理器已启用，将忽略配置中心连接警告
2025-06-08 23:36:23.173 [main] INFO  o.s.c.gateway.route.RouteDefinitionRouteLocator - Loaded RoutePredicateFactory [After]
2025-06-08 23:36:23.173 [main] INFO  o.s.c.gateway.route.RouteDefinitionRouteLocator - Loaded RoutePredicateFactory [Before]
2025-06-08 23:36:23.173 [main] INFO  o.s.c.gateway.route.RouteDefinitionRouteLocator - Loaded RoutePredicateFactory [Between]
2025-06-08 23:36:23.173 [main] INFO  o.s.c.gateway.route.RouteDefinitionRouteLocator - Loaded RoutePredicateFactory [Cookie]
2025-06-08 23:36:23.173 [main] INFO  o.s.c.gateway.route.RouteDefinitionRouteLocator - Loaded RoutePredicateFactory [Header]
2025-06-08 23:36:23.173 [main] INFO  o.s.c.gateway.route.RouteDefinitionRouteLocator - Loaded RoutePredicateFactory [Host]
2025-06-08 23:36:23.173 [main] INFO  o.s.c.gateway.route.RouteDefinitionRouteLocator - Loaded RoutePredicateFactory [Method]
2025-06-08 23:36:23.173 [main] INFO  o.s.c.gateway.route.RouteDefinitionRouteLocator - Loaded RoutePredicateFactory [Path]
2025-06-08 23:36:23.174 [main] INFO  o.s.c.gateway.route.RouteDefinitionRouteLocator - Loaded RoutePredicateFactory [Query]
2025-06-08 23:36:23.174 [main] INFO  o.s.c.gateway.route.RouteDefinitionRouteLocator - Loaded RoutePredicateFactory [ReadBody]
2025-06-08 23:36:23.174 [main] INFO  o.s.c.gateway.route.RouteDefinitionRouteLocator - Loaded RoutePredicateFactory [RemoteAddr]
2025-06-08 23:36:23.174 [main] INFO  o.s.c.gateway.route.RouteDefinitionRouteLocator - Loaded RoutePredicateFactory [XForwardedRemoteAddr]
2025-06-08 23:36:23.174 [main] INFO  o.s.c.gateway.route.RouteDefinitionRouteLocator - Loaded RoutePredicateFactory [Weight]
2025-06-08 23:36:23.174 [main] INFO  o.s.c.gateway.route.RouteDefinitionRouteLocator - Loaded RoutePredicateFactory [CloudFoundryRouteService]
2025-06-08 23:36:25.056 [main] INFO  o.s.b.actuate.endpoint.web.EndpointLinksResolver - Exposing 3 endpoint(s) beneath base path '/actuator'
2025-06-08 23:36:26.764 [main] INFO  org.apache.coyote.http11.Http11NioProtocol - Starting ProtocolHandler ["http-nio-8080"]
2025-06-08 23:36:26.781 [main] INFO  o.s.boot.web.embedded.tomcat.TomcatWebServer - Tomcat started on port(s): 8080 (http) with context path ''
2025-06-08 23:36:26.792 [main] INFO  com.alibaba.nacos.client.naming - initializer namespace from ans.namespace attribute : null
2025-06-08 23:36:26.792 [main] INFO  com.alibaba.nacos.client.naming - initializer namespace from ALIBABA_ALIWARE_NAMESPACE attribute :null
2025-06-08 23:36:26.793 [main] INFO  com.alibaba.nacos.client.naming - initializer namespace from namespace attribute :null
2025-06-08 23:36:26.802 [main] INFO  c.a.n.p.auth.spi.client.ClientAuthPluginManager - [ClientAuthPluginManager] Load ClientAuthService com.alibaba.nacos.client.auth.impl.NacosClientAuthServiceImpl success.
2025-06-08 23:36:26.802 [main] INFO  c.a.n.p.auth.spi.client.ClientAuthPluginManager - [ClientAuthPluginManager] Load ClientAuthService com.alibaba.nacos.client.auth.ram.RamClientAuthServiceImpl success.
2025-06-08 23:36:26.806 [main] INFO  com.alibaba.nacos.common.remote.client - [RpcClientFactory] create a new rpc client of 926c6159-180d-4112-8925-c213855883d1
2025-06-08 23:36:26.808 [main] INFO  com.alibaba.nacos.common.remote.client - [926c6159-180d-4112-8925-c213855883d1] RpcClient init, ServerListFactory = com.alibaba.nacos.client.naming.core.ServerListManager
2025-06-08 23:36:26.808 [main] INFO  com.alibaba.nacos.common.remote.client - [926c6159-180d-4112-8925-c213855883d1] Registry connection listener to current client:com.alibaba.nacos.client.naming.remote.gprc.redo.NamingGrpcRedoService
2025-06-08 23:36:26.809 [main] INFO  com.alibaba.nacos.common.remote.client - [926c6159-180d-4112-8925-c213855883d1] Register server push request handler:com.alibaba.nacos.client.naming.remote.gprc.NamingPushRequestHandler
2025-06-08 23:36:26.809 [main] INFO  com.alibaba.nacos.common.remote.client - [926c6159-180d-4112-8925-c213855883d1] Try to connect to server on start up, server: {serverIp = '8.133.246.113', server main port = 8848}
2025-06-08 23:36:26.810 [main] INFO  c.a.nacos.common.remote.client.grpc.GrpcClient - grpc client connection server:8.133.246.113 ip,serverPort:9848,grpcTslConfig:{"sslProvider":"OPENSSL","enableTls":false,"mutualAuthEnable":false,"trustAll":false}
2025-06-08 23:36:26.938 [main] INFO  com.alibaba.nacos.common.remote.client - [926c6159-180d-4112-8925-c213855883d1] Success to connect to server [8.133.246.113:8848] on start up, connectionId = 1749396986853_139.227.195.166_38420
2025-06-08 23:36:26.938 [main] INFO  com.alibaba.nacos.common.remote.client - [926c6159-180d-4112-8925-c213855883d1] Register server push request handler:com.alibaba.nacos.common.remote.client.RpcClient$ConnectResetRequestHandler
2025-06-08 23:36:26.938 [main] INFO  com.alibaba.nacos.common.remote.client - [926c6159-180d-4112-8925-c213855883d1] Register server push request handler:com.alibaba.nacos.common.remote.client.RpcClient$$Lambda/0x0000028f01554888
2025-06-08 23:36:26.938 [com.alibaba.nacos.client.remote.worker] INFO  com.alibaba.nacos.common.remote.client - [926c6159-180d-4112-8925-c213855883d1] Notify connected event to listeners.
2025-06-08 23:36:26.938 [com.alibaba.nacos.client.remote.worker] INFO  com.alibaba.nacos.client.naming - Grpc connection connect
2025-06-08 23:36:26.940 [main] INFO  com.alibaba.nacos.client.naming - [REGISTER-SERVICE] d750d92e-152f-4055-a641-3bc9dda85a29 registering service bgai with instance Instance{instanceId='null', ip='192.168.86.8', port=8080, weight=1.0, healthy=true, enabled=true, ephemeral=true, clusterName='DEFAULT', serviceName='null', metadata={IPv6=[2408:820c:7528:d042:883f:4494:3393:c9e5], preserved.register.source=SPRING_CLOUD}}
2025-06-08 23:36:26.971 [main] INFO  c.a.cloud.nacos.registry.NacosServiceRegistry - nacos registry, DEFAULT_GROUP bgai 192.168.86.8:8080 register finished
2025-06-08 23:36:27.034 [main] INFO  com.bgpay.bgai.config.NacosConfig - 应用启动完成，当前环境: dev
2025-06-08 23:36:27.034 [main] INFO  com.bgpay.bgai.config.NacosConfig - Nacos配置中心: 8.133.246.113:8848, 命名空间: d750d92e-152f-4055-a641-3bc9dda85a29
2025-06-08 23:36:27.034 [main] INFO  com.bgpay.bgai.config.NacosConfig - 注意: 如果看到Nacos配置加载警告，但应用正常启动，说明应用正在使用本地配置文件
2025-06-08 23:36:27.035 [main] INFO  com.bgpay.bgai.BgaiApplication - Started BgaiApplication in 21.099 seconds (process running for 22.574)
2025-06-08 23:36:27.037 [scheduling-1] DEBUG c.b.b.mapper.FileTypeMapper.selectActiveMimeTypes - ==>  Preparing: SELECT * FROM mime_type_config WHERE enabled = true
2025-06-08 23:36:27.037 [scheduling-1] DEBUG c.b.b.mapper.FileTypeMapper.selectActiveMimeTypes - ==> Parameters: 
2025-06-08 23:36:27.049 [scheduling-1] DEBUG c.b.b.mapper.FileTypeMapper.selectActiveMimeTypes - <==      Total: 52
2025-06-08 23:36:27.050 [main] DEBUG c.b.b.mapper.FileTypeMapper.selectActiveMimeTypes - ==>  Preparing: SELECT * FROM mime_type_config WHERE enabled = true
2025-06-08 23:36:27.050 [main] DEBUG c.b.b.mapper.FileTypeMapper.selectActiveMimeTypes - ==> Parameters: 
2025-06-08 23:36:27.065 [main] DEBUG c.b.b.mapper.FileTypeMapper.selectActiveMimeTypes - <==      Total: 52
2025-06-08 23:36:27.066 [scheduling-1] DEBUG c.b.bgai.mapper.FileTypeMapper.selectAllowedTypes - ==>  Preparing: SELECT mime_type FROM allowed_file_type WHERE enabled = true
2025-06-08 23:36:27.066 [scheduling-1] DEBUG c.b.bgai.mapper.FileTypeMapper.selectAllowedTypes - ==> Parameters: 
2025-06-08 23:36:27.074 [scheduling-1] DEBUG c.b.bgai.mapper.FileTypeMapper.selectAllowedTypes - <==      Total: 52
2025-06-08 23:36:27.074 [main] DEBUG c.b.bgai.mapper.FileTypeMapper.selectAllowedTypes - ==>  Preparing: SELECT mime_type FROM allowed_file_type WHERE enabled = true
2025-06-08 23:36:27.075 [main] DEBUG c.b.bgai.mapper.FileTypeMapper.selectAllowedTypes - ==> Parameters: 
2025-06-08 23:36:27.081 [main] DEBUG c.b.bgai.mapper.FileTypeMapper.selectAllowedTypes - <==      Total: 52
2025-06-08 23:36:27.081 [main] INFO  com.bgpay.bgai.seata.SagaStateMachineConfig - ==================== Saga状态机加载报告 ====================
2025-06-08 23:36:27.081 [main] INFO  com.bgpay.bgai.seata.SagaStateMachineConfig - Saga状态机配置加载状态: 成功
2025-06-08 23:36:27.081 [main] INFO  com.bgpay.bgai.seata.SagaStateMachineConfig - 已加载的状态机定义文件数量: 2
2025-06-08 23:36:27.081 [main] INFO  com.bgpay.bgai.seata.SagaStateMachineConfig - 已加载的状态机定义文件:
2025-06-08 23:36:27.082 [main] INFO  com.bgpay.bgai.seata.SagaStateMachineConfig -  - /E:/project/bgai/target/classes/statelang/bgai-saga-transaction.json
2025-06-08 23:36:27.082 [main] INFO  com.bgpay.bgai.seata.SagaStateMachineConfig -  - /E:/project/bgai/target/classes/statelang/chat_completion_saga.json
2025-06-08 23:36:27.082 [main] INFO  com.bgpay.bgai.seata.SagaStateMachineConfig - Saga解析器状态: CUSTOM_FASTJSON2
2025-06-08 23:36:27.082 [main] INFO  com.bgpay.bgai.seata.SagaStateMachineConfig - 状态机解析结果: 成功 2 个, 失败 0 个
2025-06-08 23:36:27.082 [main] INFO  com.bgpay.bgai.seata.SagaStateMachineConfig - =============================================================
2025-06-08 23:36:27.085 [main] INFO  com.alibaba.nacos.client.config.impl.CacheData - nacos.cache.data.init.snapshot = true 
2025-06-08 23:36:27.086 [main] INFO  com.alibaba.nacos.client.config.impl.ClientWorker - [fixed-d750d92e-152f-4055-a641-3bc9dda85a29-8.133.246.113_8848] [subscribe] common-dev.yaml+DEFAULT_GROUP+d750d92e-152f-4055-a641-3bc9dda85a29
2025-06-08 23:36:27.095 [main] INFO  com.alibaba.nacos.client.config.impl.CacheData - [fixed-d750d92e-152f-4055-a641-3bc9dda85a29-8.133.246.113_8848] [add-listener] ok, tenant=d750d92e-152f-4055-a641-3bc9dda85a29, dataId=common-dev.yaml, group=DEFAULT_GROUP, cnt=1
2025-06-08 23:36:27.095 [main] INFO  c.a.cloud.nacos.refresh.NacosContextRefresher - [Nacos Config] Listening config: dataId=common-dev.yaml, group=DEFAULT_GROUP
2025-06-08 23:36:27.095 [main] INFO  com.alibaba.nacos.client.config.impl.ClientWorker - [fixed-d750d92e-152f-4055-a641-3bc9dda85a29-8.133.246.113_8848] [subscribe] bgtech-ai.yaml+DEFAULT_GROUP+d750d92e-152f-4055-a641-3bc9dda85a29
2025-06-08 23:36:27.095 [main] INFO  com.alibaba.nacos.client.config.impl.CacheData - [fixed-d750d92e-152f-4055-a641-3bc9dda85a29-8.133.246.113_8848] [add-listener] ok, tenant=d750d92e-152f-4055-a641-3bc9dda85a29, dataId=bgtech-ai.yaml, group=DEFAULT_GROUP, cnt=1
2025-06-08 23:36:27.095 [main] INFO  c.a.cloud.nacos.refresh.NacosContextRefresher - [Nacos Config] Listening config: dataId=bgtech-ai.yaml, group=DEFAULT_GROUP
2025-06-08 23:36:27.097 [main] INFO  com.alibaba.nacos.client.config.impl.ClientWorker - [fixed-d750d92e-152f-4055-a641-3bc9dda85a29-8.133.246.113_8848] [subscribe] bgtech-ai-dev.yaml+DEFAULT_GROUP+d750d92e-152f-4055-a641-3bc9dda85a29
2025-06-08 23:36:27.097 [main] INFO  com.alibaba.nacos.client.config.impl.CacheData - [fixed-d750d92e-152f-4055-a641-3bc9dda85a29-8.133.246.113_8848] [add-listener] ok, tenant=d750d92e-152f-4055-a641-3bc9dda85a29, dataId=bgtech-ai-dev.yaml, group=DEFAULT_GROUP, cnt=1
2025-06-08 23:36:27.097 [main] INFO  c.a.cloud.nacos.refresh.NacosContextRefresher - [Nacos Config] Listening config: dataId=bgtech-ai-dev.yaml, group=DEFAULT_GROUP
2025-06-08 23:36:27.097 [main] INFO  com.alibaba.nacos.client.config.impl.ClientWorker - [fixed-d750d92e-152f-4055-a641-3bc9dda85a29-8.133.246.113_8848] [subscribe] bgtech-ai+DEFAULT_GROUP+d750d92e-152f-4055-a641-3bc9dda85a29
2025-06-08 23:36:27.097 [main] INFO  com.alibaba.nacos.client.config.impl.CacheData - [fixed-d750d92e-152f-4055-a641-3bc9dda85a29-8.133.246.113_8848] [add-listener] ok, tenant=d750d92e-152f-4055-a641-3bc9dda85a29, dataId=bgtech-ai, group=DEFAULT_GROUP, cnt=1
2025-06-08 23:36:27.097 [main] INFO  c.a.cloud.nacos.refresh.NacosContextRefresher - [Nacos Config] Listening config: dataId=bgtech-ai, group=DEFAULT_GROUP
2025-06-08 23:36:31.459 [http-nio-8080-exec-1] DEBUG com.bgpay.bgai.filter.ApiKeyAuthenticationFilter - Skipping API Key validation for excluded path: /auth/authorize
2025-06-08 23:36:51.298 [http-nio-8080-exec-4] DEBUG com.bgpay.bgai.filter.ApiKeyAuthenticationFilter - Skipping API Key validation for excluded path: /auth/authorize
2025-06-08 23:39:14.093 [Thread-5] WARN  c.alibaba.nacos.common.http.HttpClientBeanHolder - [HttpClientBeanHolder] Start destroying common HttpClient
2025-06-08 23:39:14.093 [Thread-15] WARN  com.alibaba.nacos.common.notify.NotifyCenter - [NotifyCenter] Start destroying Publisher
2025-06-08 23:39:14.094 [Thread-15] WARN  com.alibaba.nacos.common.notify.NotifyCenter - [NotifyCenter] Destruction of the end
2025-06-08 23:39:14.094 [Thread-5] WARN  c.alibaba.nacos.common.http.HttpClientBeanHolder - [HttpClientBeanHolder] Destruction of the end
2025-06-08 23:39:14.116 [SpringContextShutdownHook] INFO  c.a.cloud.nacos.registry.NacosServiceRegistry - De-registering from Nacos Server now...
2025-06-08 23:39:14.116 [SpringContextShutdownHook] INFO  com.alibaba.nacos.client.naming - [DEREGISTER-SERVICE] d750d92e-152f-4055-a641-3bc9dda85a29 deregistering service bgai with instance: Instance{instanceId='null', ip='192.168.86.8', port=8080, weight=1.0, healthy=true, enabled=true, ephemeral=true, clusterName='DEFAULT', serviceName='null', metadata={}}
2025-06-08 23:39:14.131 [SpringContextShutdownHook] INFO  c.a.cloud.nacos.registry.NacosServiceRegistry - De-registration finished.
2025-06-08 23:39:14.132 [SpringContextShutdownHook] INFO  com.alibaba.nacos.client.naming - com.alibaba.nacos.client.naming.cache.ServiceInfoHolder do shutdown begin
2025-06-08 23:39:14.132 [SpringContextShutdownHook] INFO  com.alibaba.nacos.client.naming - com.alibaba.nacos.client.naming.backups.FailoverReactor do shutdown begin
2025-06-08 23:39:14.132 [SpringContextShutdownHook] INFO  com.alibaba.nacos.client.naming - com.alibaba.nacos.client.naming.backups.FailoverReactor do shutdown stop
2025-06-08 23:39:14.132 [SpringContextShutdownHook] INFO  com.alibaba.nacos.client.naming - com.alibaba.nacos.client.naming.cache.ServiceInfoHolder do shutdown stop
2025-06-08 23:39:14.132 [SpringContextShutdownHook] INFO  com.alibaba.nacos.client.naming - com.alibaba.nacos.client.naming.remote.NamingClientProxyDelegate do shutdown begin
2025-06-08 23:39:14.132 [SpringContextShutdownHook] INFO  com.alibaba.nacos.client.naming - com.alibaba.nacos.client.naming.core.ServiceInfoUpdateService do shutdown begin
2025-06-08 23:39:14.133 [SpringContextShutdownHook] INFO  com.alibaba.nacos.client.naming - com.alibaba.nacos.client.naming.core.ServiceInfoUpdateService do shutdown stop
2025-06-08 23:39:14.133 [SpringContextShutdownHook] INFO  com.alibaba.nacos.client.naming - com.alibaba.nacos.client.naming.core.ServerListManager do shutdown begin
2025-06-08 23:39:14.133 [SpringContextShutdownHook] WARN  com.alibaba.nacos.client.naming - [NamingHttpClientManager] Start destroying NacosRestTemplate
2025-06-08 23:39:14.133 [SpringContextShutdownHook] WARN  com.alibaba.nacos.client.naming - [NamingHttpClientManager] Destruction of the end
2025-06-08 23:39:14.133 [SpringContextShutdownHook] INFO  com.alibaba.nacos.client.naming - com.alibaba.nacos.client.naming.core.ServerListManager do shutdown stop
2025-06-08 23:39:14.133 [SpringContextShutdownHook] INFO  com.alibaba.nacos.client.naming - com.alibaba.nacos.client.naming.remote.http.NamingHttpClientProxy do shutdown begin
2025-06-08 23:39:14.133 [SpringContextShutdownHook] WARN  com.alibaba.nacos.client.naming - [NamingHttpClientManager] Start destroying NacosRestTemplate
2025-06-08 23:39:14.133 [SpringContextShutdownHook] WARN  com.alibaba.nacos.client.naming - [NamingHttpClientManager] Destruction of the end
2025-06-08 23:39:14.133 [SpringContextShutdownHook] INFO  com.alibaba.nacos.client.naming - com.alibaba.nacos.client.naming.remote.http.NamingHttpClientProxy do shutdown stop
2025-06-08 23:39:14.133 [SpringContextShutdownHook] INFO  com.alibaba.nacos.common.remote.client - Shutdown rpc client, set status to shutdown
2025-06-08 23:39:14.133 [SpringContextShutdownHook] INFO  com.alibaba.nacos.common.remote.client - Shutdown client event executor java.util.concurrent.ScheduledThreadPoolExecutor@117caabe[Running, pool size = 2, active threads = 2, queued tasks = 0, completed tasks = 0]
2025-06-08 23:39:14.133 [SpringContextShutdownHook] INFO  com.alibaba.nacos.common.remote.client - Close current connection 1749396986853_139.227.195.166_38420
2025-06-08 23:39:14.137 [nacos-grpc-client-executor-8.133.246.113-50] WARN  c.a.nacos.common.remote.client.grpc.GrpcClient - [1749396986853_139.227.195.166_38420]Ignore error event,isRunning:false,isAbandon=false
2025-06-08 23:39:14.139 [SpringContextShutdownHook] INFO  c.a.nacos.common.remote.client.grpc.GrpcClient - Shutdown grpc executor java.util.concurrent.ThreadPoolExecutor@1018f9d4[Running, pool size = 4, active threads = 0, queued tasks = 0, completed tasks = 51]
2025-06-08 23:39:14.139 [SpringContextShutdownHook] INFO  com.alibaba.nacos.client.naming - Shutdown grpc redo service executor java.util.concurrent.ScheduledThreadPoolExecutor@3e69185[Running, pool size = 1, active threads = 0, queued tasks = 1, completed tasks = 55]
2025-06-08 23:39:14.139 [SpringContextShutdownHook] INFO  c.a.n.client.auth.ram.identify.CredentialWatcher - [null] CredentialWatcher is stopped
2025-06-08 23:39:14.140 [SpringContextShutdownHook] INFO  c.a.n.client.auth.ram.identify.CredentialService - [null] CredentialService is freed
2025-06-08 23:39:14.140 [SpringContextShutdownHook] INFO  com.alibaba.nacos.client.naming - com.alibaba.nacos.client.naming.remote.NamingClientProxyDelegate do shutdown stop
2025-06-08 23:39:14.151 [SpringContextShutdownHook] DEBUG com.bgpay.bgai.config.AsyncConfig$1 - Shutting down ExecutorService 'blockingExecutor'
2025-06-08 23:39:16.198 [SpringContextShutdownHook] INFO  com.bgpay.bgai.service.mq.RocketMQProducerService - Transaction producer shutdown completed
2025-06-08 23:39:16.198 [NettyClientSelector_1] INFO  RocketmqRemoting - closeChannel: close the connection to remote address[8.133.246.113:9876] result: true
2025-06-08 23:39:16.198 [NettyClientSelector_1] INFO  RocketmqRemoting - closeChannel: close the connection to remote address[8.133.246.113:10911] result: true
2025-06-08 23:39:16.228 [SpringContextShutdownHook] INFO  o.s.orm.jpa.LocalContainerEntityManagerFactoryBean - Closing JPA EntityManagerFactory for persistence unit 'default'
2025-06-08 23:39:16.229 [SpringContextShutdownHook] INFO  com.alibaba.druid.pool.DruidDataSource - {dataSource-2} closing ...
2025-06-08 23:39:16.234 [SpringContextShutdownHook] INFO  com.alibaba.druid.pool.DruidDataSource - {dataSource-2} closed
2025-06-08 23:39:16.235 [SpringContextShutdownHook] INFO  com.alibaba.druid.pool.DruidDataSource - {dataSource-1} closing ...
2025-06-08 23:39:16.235 [SpringContextShutdownHook] INFO  com.alibaba.druid.pool.DruidDataSource - {dataSource-1} closed
2025-06-08 23:39:16.236 [NettyClientSelector_TMROLE_1_1] INFO  i.seata.core.rpc.netty.AbstractNettyRemotingClient - channel inactive: [id: 0x649725f2, L:/192.168.86.8:52531 ! R:/8.133.246.113:8091]
2025-06-08 23:39:16.236 [NettyClientSelector_TMROLE_1_1] INFO  io.seata.core.rpc.netty.NettyClientChannelManager - return to pool, rm channel:[id: 0x649725f2, L:/192.168.86.8:52531 ! R:/8.133.246.113:8091]
2025-06-08 23:39:16.236 [NettyClientSelector_TMROLE_1_1] INFO  io.seata.core.rpc.netty.NettyPoolableFactory - channel valid false,channel:[id: 0x649725f2, L:/192.168.86.8:52531 ! R:/8.133.246.113:8091]
2025-06-08 23:39:16.236 [NettyClientSelector_TMROLE_1_1] INFO  io.seata.core.rpc.netty.NettyPoolableFactory - will destroy channel:[id: 0x649725f2, L:/192.168.86.8:52531 ! R:/8.133.246.113:8091]
2025-06-08 23:39:16.236 [NettyClientSelector_TMROLE_1_1] INFO  i.seata.core.rpc.netty.AbstractNettyRemotingClient - ChannelHandlerContext(AbstractNettyRemotingClient$ClientHandler#0, [id: 0x649725f2, L:/192.168.86.8:52531 ! R:/8.133.246.113:8091]) will closed
2025-06-08 23:39:16.236 [NettyClientSelector_TMROLE_1_1] INFO  i.seata.core.rpc.netty.AbstractNettyRemotingClient - ChannelHandlerContext(AbstractNettyRemotingClient$ClientHandler#0, [id: 0x649725f2, L:/192.168.86.8:52531 ! R:/8.133.246.113:8091]) will closed
2025-06-08 23:39:16.237 [NettyClientSelector_RMROLE_1_1] INFO  i.seata.core.rpc.netty.AbstractNettyRemotingClient - channel inactive: [id: 0x94842ca2, L:/192.168.86.8:52544 ! R:/8.133.246.113:8091]
2025-06-08 23:39:16.238 [NettyClientSelector_RMROLE_1_1] INFO  io.seata.core.rpc.netty.NettyClientChannelManager - return to pool, rm channel:[id: 0x94842ca2, L:/192.168.86.8:52544 ! R:/8.133.246.113:8091]
2025-06-08 23:39:16.238 [NettyClientSelector_RMROLE_1_1] INFO  io.seata.core.rpc.netty.NettyPoolableFactory - channel valid false,channel:[id: 0x94842ca2, L:/192.168.86.8:52544 ! R:/8.133.246.113:8091]
2025-06-08 23:39:16.238 [NettyClientSelector_RMROLE_1_1] INFO  io.seata.core.rpc.netty.NettyPoolableFactory - will destroy channel:[id: 0x94842ca2, L:/192.168.86.8:52544 ! R:/8.133.246.113:8091]
2025-06-08 23:39:16.238 [NettyClientSelector_RMROLE_1_1] INFO  i.seata.core.rpc.netty.AbstractNettyRemotingClient - ChannelHandlerContext(AbstractNettyRemotingClient$ClientHandler#0, [id: 0x94842ca2, L:/192.168.86.8:52544 ! R:/8.133.246.113:8091]) will closed
2025-06-08 23:39:16.238 [NettyClientSelector_RMROLE_1_1] INFO  i.seata.core.rpc.netty.AbstractNettyRemotingClient - ChannelHandlerContext(AbstractNettyRemotingClient$ClientHandler#0, [id: 0x94842ca2, L:/192.168.86.8:52544 ! R:/8.133.246.113:8091]) will closed
2025-06-08 23:41:19.770 [main] WARN  com.alibaba.nacos.client.logging.NacosLogging - Load Logback Configuration of Nacos fail, message: Could not initialize Logback Nacos logging from classpath:nacos-logback.xml
2025-06-08 23:41:19.771 [main] INFO  com.bgpay.bgai.BgaiApplication - The following 1 profile is active: "dev"
2025-06-08 23:41:20.751 [main] INFO  o.s.d.r.config.RepositoryConfigurationDelegate - Multiple Spring Data modules found, entering strict repository configuration mode
2025-06-08 23:41:20.753 [main] INFO  o.s.d.r.config.RepositoryConfigurationDelegate - Bootstrapping Spring Data Elasticsearch repositories in DEFAULT mode.
2025-06-08 23:41:21.026 [main] INFO  o.s.d.r.config.RepositoryConfigurationDelegate - Finished Spring Data repository scanning in 267 ms. Found 1 Elasticsearch repository interfaces.
2025-06-08 23:41:21.724 [main] INFO  o.s.d.r.config.RepositoryConfigurationDelegate - Multiple Spring Data modules found, entering strict repository configuration mode
2025-06-08 23:41:21.725 [main] INFO  o.s.d.r.config.RepositoryConfigurationDelegate - Bootstrapping Spring Data Reactive Elasticsearch repositories in DEFAULT mode.
2025-06-08 23:41:21.744 [main] INFO  o.s.d.r.config.RepositoryConfigurationDelegate - Finished Spring Data repository scanning in 18 ms. Found 0 Reactive Elasticsearch repository interfaces.
2025-06-08 23:41:21.755 [main] INFO  o.s.d.r.config.RepositoryConfigurationDelegate - Multiple Spring Data modules found, entering strict repository configuration mode
2025-06-08 23:41:21.755 [main] INFO  o.s.d.r.config.RepositoryConfigurationDelegate - Bootstrapping Spring Data JPA repositories in DEFAULT mode.
2025-06-08 23:41:21.767 [main] INFO  o.s.d.r.c.RepositoryConfigurationExtensionSupport - Spring Data JPA - Could not safely identify store assignment for repository candidate interface com.bgpay.bgai.repository.es.ChatRecordRepository; If you want this repository to be a JPA repository, consider annotating your entities with one of these annotations: jakarta.persistence.Entity, jakarta.persistence.MappedSuperclass (preferred), or consider extending one of the following types with your repository: org.springframework.data.jpa.repository.JpaRepository
2025-06-08 23:41:21.767 [main] INFO  o.s.d.r.config.RepositoryConfigurationDelegate - Finished Spring Data repository scanning in 8 ms. Found 0 JPA repository interfaces.
2025-06-08 23:41:21.778 [main] INFO  o.s.d.r.config.RepositoryConfigurationDelegate - Multiple Spring Data modules found, entering strict repository configuration mode
2025-06-08 23:41:21.779 [main] INFO  o.s.d.r.config.RepositoryConfigurationDelegate - Bootstrapping Spring Data Redis repositories in DEFAULT mode.
2025-06-08 23:41:21.793 [main] INFO  o.s.d.r.c.RepositoryConfigurationExtensionSupport - Spring Data Redis - Could not safely identify store assignment for repository candidate interface com.bgpay.bgai.repository.es.ChatRecordRepository; If you want this repository to be a Redis repository, consider annotating your entities with one of these annotations: org.springframework.data.redis.core.RedisHash (preferred), or consider extending one of the following types with your repository: org.springframework.data.keyvalue.repository.KeyValueRepository
2025-06-08 23:41:21.794 [main] INFO  o.s.d.r.config.RepositoryConfigurationDelegate - Finished Spring Data repository scanning in 7 ms. Found 0 Redis repository interfaces.
2025-06-08 23:41:22.540 [main] INFO  io.seata.config.ConfigurationFactory - load Configuration from :Spring Configuration
2025-06-08 23:41:22.553 [main] INFO  io.seata.config.ConfigurationFactory - load Configuration from :Spring Configuration
2025-06-08 23:41:22.560 [main] INFO  i.seata.spring.annotation.GlobalTransactionScanner - Initializing Global Transaction Clients ... 
2025-06-08 23:41:22.676 [main] INFO  io.seata.core.rpc.netty.NettyClientBootstrap - NettyClientBootstrap has started
2025-06-08 23:41:22.677 [main] INFO  io.seata.discovery.registry.RegistryFactory - use registry center type: file
2025-06-08 23:41:22.687 [main] INFO  io.seata.core.rpc.netty.NettyClientChannelManager - will connect to 8.133.246.113:8091
2025-06-08 23:41:22.691 [main] INFO  io.seata.core.rpc.netty.NettyPoolableFactory - NettyPool create channel to transactionRole:TMROLE,address:8.133.246.113:8091,msg:< RegisterTMRequest{version='1.7.0', applicationId='bgai', transactionServiceGroup='default-tx-group', extraData='ak=null
digest=default-tx-group,192.168.86.8,1749397282690
timestamp=1749397282690
authVersion=V4
vgroup=default-tx-group
ip=192.168.86.8
'} >
2025-06-08 23:41:22.846 [main] INFO  io.seata.core.rpc.netty.TmNettyRemotingClient - register TM success. client version:1.7.0, server version:1.8.1-SNAPSHOT,channel:[id: 0x4a21c71b, L:/192.168.86.8:54560 - R:/8.133.246.113:8091]
2025-06-08 23:41:22.853 [main] INFO  io.seata.core.rpc.netty.NettyPoolableFactory - register success, cost 76 ms, version:1.8.1-SNAPSHOT,role:TMROLE,channel:[id: 0x4a21c71b, L:/192.168.86.8:54560 - R:/8.133.246.113:8091]
2025-06-08 23:41:22.853 [main] INFO  i.seata.spring.annotation.GlobalTransactionScanner - Transaction Manager Client is initialized. applicationId[bgai] txServiceGroup[default-tx-group]
2025-06-08 23:41:22.862 [main] INFO  io.seata.rm.datasource.AsyncWorker - Async Commit Buffer Limit: 10000
2025-06-08 23:41:22.863 [main] INFO  io.seata.rm.datasource.xa.ResourceManagerXA - ResourceManagerXA init ...
2025-06-08 23:41:22.870 [main] INFO  io.seata.core.rpc.netty.NettyClientBootstrap - NettyClientBootstrap has started
2025-06-08 23:41:22.870 [main] INFO  i.seata.spring.annotation.GlobalTransactionScanner - Resource Manager is initialized. applicationId[bgai] txServiceGroup[default-tx-group]
2025-06-08 23:41:22.870 [main] INFO  i.seata.spring.annotation.GlobalTransactionScanner - Global Transaction Clients are initialized. 
2025-06-08 23:41:23.835 [main] INFO  o.s.boot.web.embedded.tomcat.TomcatWebServer - Tomcat initialized with port(s): 8080 (http)
2025-06-08 23:41:23.846 [main] INFO  org.apache.coyote.http11.Http11NioProtocol - The ["http-nio-8080"] connector has been configured to support HTTP upgrade to [h2c]
2025-06-08 23:41:23.846 [main] INFO  org.apache.coyote.http11.Http11NioProtocol - Initializing ProtocolHandler ["http-nio-8080"]
2025-06-08 23:41:23.848 [main] INFO  org.apache.catalina.core.StandardService - Starting service [Tomcat]
2025-06-08 23:41:23.848 [main] INFO  org.apache.catalina.core.StandardEngine - Starting Servlet engine: [Apache Tomcat/10.1.15]
2025-06-08 23:41:24.299 [main] INFO  com.alibaba.druid.pool.DruidDataSource - {dataSource-1} inited
2025-06-08 23:41:24.557 [main] INFO  io.seata.core.rpc.netty.NettyClientChannelManager - will connect to 8.133.246.113:8091
2025-06-08 23:41:24.557 [main] INFO  io.seata.core.rpc.netty.RmNettyRemotingClient - RM will register :jdbc:mysql://8.133.246.113:3306/deepseek
2025-06-08 23:41:24.557 [main] INFO  io.seata.core.rpc.netty.NettyPoolableFactory - NettyPool create channel to transactionRole:RMROLE,address:8.133.246.113:8091,msg:< RegisterRMRequest{resourceIds='jdbc:mysql://8.133.246.113:3306/deepseek', version='1.7.0', applicationId='bgai', transactionServiceGroup='default-tx-group', extraData='null'} >
2025-06-08 23:41:24.577 [main] INFO  io.seata.core.rpc.netty.RmNettyRemotingClient - register RM success. client version:1.7.0, server version:1.8.1-SNAPSHOT,channel:[id: 0xd8c1166f, L:/192.168.86.8:54567 - R:/8.133.246.113:8091]
2025-06-08 23:41:24.577 [main] INFO  io.seata.core.rpc.netty.NettyPoolableFactory - register success, cost 11 ms, version:1.8.1-SNAPSHOT,role:RMROLE,channel:[id: 0xd8c1166f, L:/192.168.86.8:54567 - R:/8.133.246.113:8091]
2025-06-08 23:41:24.580 [main] INFO  i.s.s.a.datasource.SeataAutoDataSourceProxyCreator - Auto proxy data source 'masterDataSource' by 'AT' mode.
2025-06-08 23:41:24.651 [main] INFO  com.alibaba.druid.pool.DruidDataSource - {dataSource-2} inited
2025-06-08 23:41:24.725 [main] INFO  io.seata.core.rpc.netty.RmNettyRemotingClient - will register resourceId:jdbc:mysql://8.133.246.113:3306/deepseek
2025-06-08 23:41:24.727 [main] INFO  i.s.s.a.datasource.SeataAutoDataSourceProxyCreator - Auto proxy data source 'slaveDataSource' by 'AT' mode.
2025-06-08 23:41:24.737 [NettyClientSelector_RMROLE_1_1] INFO  io.seata.rm.AbstractRMHandler - the rm client received response msg [RegisterRMResponse{version='1.8.1-SNAPSHOT', extraData='null', identified=true, resultCode=null, msg='null'}] from tc server.
2025-06-08 23:41:24.753 [main] INFO  io.seata.core.rpc.netty.RmNettyRemotingClient - will register resourceId:jdbc:mysql://8.133.246.113:3306/deepseek
2025-06-08 23:41:24.754 [main] INFO  i.s.s.a.datasource.SeataAutoDataSourceProxyCreator - Auto proxy data source 'dynamicDataSource' by 'AT' mode.
2025-06-08 23:41:24.771 [NettyClientSelector_RMROLE_1_1] INFO  io.seata.rm.AbstractRMHandler - the rm client received response msg [RegisterRMResponse{version='1.8.1-SNAPSHOT', extraData='null', identified=true, resultCode=null, msg='null'}] from tc server.
2025-06-08 23:41:24.984 [main] INFO  org.hibernate.jpa.internal.util.LogHelper - HHH000204: Processing PersistenceUnitInfo [name: default]
2025-06-08 23:41:25.051 [main] INFO  org.hibernate.Version - HHH000412: Hibernate ORM core version 6.1.7.Final
2025-06-08 23:41:25.437 [main] INFO  SQL dialect - HHH000400: Using dialect: org.hibernate.dialect.MySQL8Dialect
2025-06-08 23:41:25.439 [main] WARN  org.hibernate.orm.deprecation - HHH90000026: MySQL8Dialect has been deprecated; use org.hibernate.dialect.MySQLDialect instead
2025-06-08 23:41:25.725 [main] INFO  o.h.e.t.jta.platform.internal.JtaPlatformInitiator - HHH000490: Using JtaPlatform implementation: [org.hibernate.engine.transaction.jta.platform.internal.NoJtaPlatform]
2025-06-08 23:41:25.737 [main] INFO  o.s.orm.jpa.LocalContainerEntityManagerFactoryBean - Initialized JPA EntityManagerFactory for persistence unit 'default'
2025-06-08 23:41:26.141 [main] DEBUG c.b.b.mapper.FileTypeMapper.selectActiveMimeTypes - ==>  Preparing: SELECT * FROM mime_type_config WHERE enabled = true
2025-06-08 23:41:26.152 [main] DEBUG c.b.b.mapper.FileTypeMapper.selectActiveMimeTypes - ==> Parameters: 
2025-06-08 23:41:26.180 [main] DEBUG c.b.b.mapper.FileTypeMapper.selectActiveMimeTypes - <==      Total: 52
2025-06-08 23:41:26.183 [main] DEBUG c.b.bgai.mapper.FileTypeMapper.selectAllowedTypes - ==>  Preparing: SELECT mime_type FROM allowed_file_type WHERE enabled = true
2025-06-08 23:41:26.184 [main] DEBUG c.b.bgai.mapper.FileTypeMapper.selectAllowedTypes - ==> Parameters: 
2025-06-08 23:41:26.195 [main] DEBUG c.b.bgai.mapper.FileTypeMapper.selectAllowedTypes - <==      Total: 52
2025-06-08 23:41:27.096 [main] INFO  com.bgpay.bgai.service.impl.UserServiceImpl - 初始化SSO配置: clientId=bgai-client-id, redirectUri=http://localhost:8080/api/auth/callback
2025-06-08 23:41:27.136 [main] INFO  com.bgpay.bgai.controller.AuthController - 初始化认证控制器: clientId=bgai-client-id, redirectUri=http://localhost:8080/api/auth/callback
2025-06-08 23:41:28.150 [main] INFO  org.redisson.Version - Redisson 3.24.3
2025-06-08 23:41:28.305 [redisson-netty-4-8] INFO  o.r.connection.pool.MasterPubSubConnectionPool - 1 connections initialized for 8.133.246.113/8.133.246.113:6379
2025-06-08 23:41:28.646 [redisson-netty-4-19] INFO  org.redisson.connection.pool.MasterConnectionPool - 24 connections initialized for 8.133.246.113/8.133.246.113:6379
2025-06-08 23:41:29.001 [main] INFO  com.bgpay.bgai.service.mq.RocketMQProducerService - RocketMQProducerService initialized with producer group: null
2025-06-08 23:41:29.505 [main] INFO  i.seata.spring.annotation.GlobalTransactionScanner - Bean [com.bgpay.bgai.service.deepseek.DeepSeekServiceImp$$SpringCGLIB$$0] with name [deepSeekServiceImp] would use interceptor [io.seata.spring.annotation.GlobalTransactionalInterceptor]
2025-06-08 23:41:29.831 [main] WARN  i.s.s.b.a.provider.SpringBootConfigurationProvider - The get method not found for the field 'SeataProperties#accesskey'.
2025-06-08 23:41:29.831 [main] WARN  i.s.s.b.a.provider.SpringBootConfigurationProvider - The get method not found for the field 'SeataProperties#secretkey'.
2025-06-08 23:41:29.836 [main] INFO  com.bgpay.bgai.seata.SagaStateMachineConfig - 加载到2个Saga状态机定义文件
2025-06-08 23:41:29.994 [main] INFO  com.bgpay.bgai.saga.CustomSagaJsonParser - 开始解析状态机定义: bgai-saga-transaction
2025-06-08 23:41:29.994 [main] INFO  com.bgpay.bgai.saga.CustomSagaJsonParser - 状态机定义解析成功: bgai-saga-transaction
2025-06-08 23:41:29.994 [main] INFO  com.bgpay.bgai.seata.SagaStateMachineConfig - 成功加载状态机定义: /E:/project/bgai/target/classes/statelang/bgai-saga-transaction.json
2025-06-08 23:41:29.998 [main] INFO  com.bgpay.bgai.saga.CustomSagaJsonParser - 开始解析状态机定义: ChatCompletionSaga
2025-06-08 23:41:29.998 [main] INFO  com.bgpay.bgai.saga.CustomSagaJsonParser - 状态机定义解析成功: ChatCompletionSaga
2025-06-08 23:41:29.998 [main] INFO  com.bgpay.bgai.seata.SagaStateMachineConfig - 成功加载状态机定义: /E:/project/bgai/target/classes/statelang/chat_completion_saga.json
2025-06-08 23:41:30.170 [main] INFO  com.bgpay.bgai.service.mq.MQConsumerService - MQ consumer startup successful [group=billing-consumer-group, topic=BILLING_TOPIC, tag=USER_BILLING]
2025-06-08 23:41:30.170 [main] INFO  c.bgpay.bgai.service.mq.RocketMQBillingServiceImpl - Billing consumer initialized successfully. Ready to process unconsumed messages.
2025-06-08 23:41:31.186 [main] INFO  io.seata.core.rpc.netty.RmNettyRemotingClient - will register resourceId:jdbc:mysql://8.133.246.113:3306/deepseek
2025-06-08 23:41:31.187 [main] INFO  io.seata.core.rpc.netty.RmNettyRemotingClient - will register resourceId:bgai:default
2025-06-08 23:41:31.187 [main] INFO  com.bgpay.bgai.seata.SeataResourceManagerListener - Resource registered: bgai:default
2025-06-08 23:41:31.187 [main] INFO  com.bgpay.bgai.seata.SeataResourceManagerListener - Seata Resource Manager registered successfully for application: bgai
2025-06-08 23:41:31.195 [NettyClientSelector_RMROLE_1_1] INFO  io.seata.rm.AbstractRMHandler - the rm client received response msg [RegisterRMResponse{version='1.8.1-SNAPSHOT', extraData='null', identified=true, resultCode=null, msg='null'}] from tc server.
2025-06-08 23:41:31.195 [NettyClientSelector_RMROLE_1_1] INFO  io.seata.rm.AbstractRMHandler - the rm client received response msg [RegisterRMResponse{version='1.8.1-SNAPSHOT', extraData='null', identified=true, resultCode=null, msg='null'}] from tc server.
2025-06-08 23:41:31.309 [main] INFO  i.seata.spring.annotation.GlobalTransactionScanner - Bean [com.bgpay.bgai.service.mq.BillingTransactionListenerImpl$$SpringCGLIB$$0] with name [billingTransactionListenerImpl] would use interceptor [io.seata.spring.annotation.GlobalTransactionalInterceptor]
2025-06-08 23:41:31.415 [main] INFO  o.a.r.s.autoconfigure.RocketMQAutoConfiguration - a producer (billing-producer-group) init on namesrv 8.133.246.113:9876
2025-06-08 23:41:31.446 [main] DEBUG com.bgpay.bgai.config.AsyncConfig$1 - Initializing ExecutorService 'blockingExecutor'
2025-06-08 23:41:31.505 [main] INFO  c.b.bgai.config.NacosConfig$NacosWarningHandler - Nacos警告处理器已启用，将忽略配置中心连接警告
2025-06-08 23:41:32.746 [main] INFO  o.s.c.gateway.route.RouteDefinitionRouteLocator - Loaded RoutePredicateFactory [After]
2025-06-08 23:41:32.746 [main] INFO  o.s.c.gateway.route.RouteDefinitionRouteLocator - Loaded RoutePredicateFactory [Before]
2025-06-08 23:41:32.746 [main] INFO  o.s.c.gateway.route.RouteDefinitionRouteLocator - Loaded RoutePredicateFactory [Between]
2025-06-08 23:41:32.746 [main] INFO  o.s.c.gateway.route.RouteDefinitionRouteLocator - Loaded RoutePredicateFactory [Cookie]
2025-06-08 23:41:32.747 [main] INFO  o.s.c.gateway.route.RouteDefinitionRouteLocator - Loaded RoutePredicateFactory [Header]
2025-06-08 23:41:32.747 [main] INFO  o.s.c.gateway.route.RouteDefinitionRouteLocator - Loaded RoutePredicateFactory [Host]
2025-06-08 23:41:32.747 [main] INFO  o.s.c.gateway.route.RouteDefinitionRouteLocator - Loaded RoutePredicateFactory [Method]
2025-06-08 23:41:32.747 [main] INFO  o.s.c.gateway.route.RouteDefinitionRouteLocator - Loaded RoutePredicateFactory [Path]
2025-06-08 23:41:32.747 [main] INFO  o.s.c.gateway.route.RouteDefinitionRouteLocator - Loaded RoutePredicateFactory [Query]
2025-06-08 23:41:32.747 [main] INFO  o.s.c.gateway.route.RouteDefinitionRouteLocator - Loaded RoutePredicateFactory [ReadBody]
2025-06-08 23:41:32.747 [main] INFO  o.s.c.gateway.route.RouteDefinitionRouteLocator - Loaded RoutePredicateFactory [RemoteAddr]
2025-06-08 23:41:32.747 [main] INFO  o.s.c.gateway.route.RouteDefinitionRouteLocator - Loaded RoutePredicateFactory [XForwardedRemoteAddr]
2025-06-08 23:41:32.747 [main] INFO  o.s.c.gateway.route.RouteDefinitionRouteLocator - Loaded RoutePredicateFactory [Weight]
2025-06-08 23:41:32.747 [main] INFO  o.s.c.gateway.route.RouteDefinitionRouteLocator - Loaded RoutePredicateFactory [CloudFoundryRouteService]
2025-06-08 23:41:34.270 [main] INFO  o.s.b.actuate.endpoint.web.EndpointLinksResolver - Exposing 3 endpoint(s) beneath base path '/actuator'
2025-06-08 23:41:35.911 [main] INFO  org.apache.coyote.http11.Http11NioProtocol - Starting ProtocolHandler ["http-nio-8080"]
2025-06-08 23:41:35.926 [main] INFO  o.s.boot.web.embedded.tomcat.TomcatWebServer - Tomcat started on port(s): 8080 (http) with context path ''
2025-06-08 23:41:35.938 [main] INFO  com.alibaba.nacos.client.naming - initializer namespace from ans.namespace attribute : null
2025-06-08 23:41:35.938 [main] INFO  com.alibaba.nacos.client.naming - initializer namespace from ALIBABA_ALIWARE_NAMESPACE attribute :null
2025-06-08 23:41:35.939 [main] INFO  com.alibaba.nacos.client.naming - initializer namespace from namespace attribute :null
2025-06-08 23:41:35.948 [main] INFO  c.a.n.p.auth.spi.client.ClientAuthPluginManager - [ClientAuthPluginManager] Load ClientAuthService com.alibaba.nacos.client.auth.impl.NacosClientAuthServiceImpl success.
2025-06-08 23:41:35.948 [main] INFO  c.a.n.p.auth.spi.client.ClientAuthPluginManager - [ClientAuthPluginManager] Load ClientAuthService com.alibaba.nacos.client.auth.ram.RamClientAuthServiceImpl success.
2025-06-08 23:41:35.953 [main] INFO  com.alibaba.nacos.common.remote.client - [RpcClientFactory] create a new rpc client of 63265758-8742-4d83-8753-d19b59846bb2
2025-06-08 23:41:35.955 [main] INFO  com.alibaba.nacos.common.remote.client - [63265758-8742-4d83-8753-d19b59846bb2] RpcClient init, ServerListFactory = com.alibaba.nacos.client.naming.core.ServerListManager
2025-06-08 23:41:35.955 [main] INFO  com.alibaba.nacos.common.remote.client - [63265758-8742-4d83-8753-d19b59846bb2] Registry connection listener to current client:com.alibaba.nacos.client.naming.remote.gprc.redo.NamingGrpcRedoService
2025-06-08 23:41:35.955 [main] INFO  com.alibaba.nacos.common.remote.client - [63265758-8742-4d83-8753-d19b59846bb2] Register server push request handler:com.alibaba.nacos.client.naming.remote.gprc.NamingPushRequestHandler
2025-06-08 23:41:35.955 [main] INFO  com.alibaba.nacos.common.remote.client - [63265758-8742-4d83-8753-d19b59846bb2] Try to connect to server on start up, server: {serverIp = '8.133.246.113', server main port = 8848}
2025-06-08 23:41:35.956 [main] INFO  c.a.nacos.common.remote.client.grpc.GrpcClient - grpc client connection server:8.133.246.113 ip,serverPort:9848,grpcTslConfig:{"sslProvider":"OPENSSL","enableTls":false,"mutualAuthEnable":false,"trustAll":false}
2025-06-08 23:41:36.088 [main] INFO  com.alibaba.nacos.common.remote.client - [63265758-8742-4d83-8753-d19b59846bb2] Success to connect to server [8.133.246.113:8848] on start up, connectionId = 1749397295999_139.227.195.166_39738
2025-06-08 23:41:36.088 [main] INFO  com.alibaba.nacos.common.remote.client - [63265758-8742-4d83-8753-d19b59846bb2] Register server push request handler:com.alibaba.nacos.common.remote.client.RpcClient$ConnectResetRequestHandler
2025-06-08 23:41:36.088 [main] INFO  com.alibaba.nacos.common.remote.client - [63265758-8742-4d83-8753-d19b59846bb2] Register server push request handler:com.alibaba.nacos.common.remote.client.RpcClient$$Lambda/0x00000201ad5555c8
2025-06-08 23:41:36.088 [com.alibaba.nacos.client.remote.worker] INFO  com.alibaba.nacos.common.remote.client - [63265758-8742-4d83-8753-d19b59846bb2] Notify connected event to listeners.
2025-06-08 23:41:36.088 [com.alibaba.nacos.client.remote.worker] INFO  com.alibaba.nacos.client.naming - Grpc connection connect
2025-06-08 23:41:36.089 [main] INFO  com.alibaba.nacos.client.naming - [REGISTER-SERVICE] d750d92e-152f-4055-a641-3bc9dda85a29 registering service bgai with instance Instance{instanceId='null', ip='192.168.86.8', port=8080, weight=1.0, healthy=true, enabled=true, ephemeral=true, clusterName='DEFAULT', serviceName='null', metadata={IPv6=[2408:820c:7528:d042:883f:4494:3393:c9e5], preserved.register.source=SPRING_CLOUD}}
2025-06-08 23:41:36.107 [main] INFO  c.a.cloud.nacos.registry.NacosServiceRegistry - nacos registry, DEFAULT_GROUP bgai 192.168.86.8:8080 register finished
2025-06-08 23:41:36.172 [main] INFO  com.bgpay.bgai.config.NacosConfig - 应用启动完成，当前环境: dev
2025-06-08 23:41:36.172 [main] INFO  com.bgpay.bgai.config.NacosConfig - Nacos配置中心: 8.133.246.113:8848, 命名空间: d750d92e-152f-4055-a641-3bc9dda85a29
2025-06-08 23:41:36.172 [main] INFO  com.bgpay.bgai.config.NacosConfig - 注意: 如果看到Nacos配置加载警告，但应用正常启动，说明应用正在使用本地配置文件
2025-06-08 23:41:36.174 [main] INFO  com.bgpay.bgai.BgaiApplication - Started BgaiApplication in 21.155 seconds (process running for 22.959)
2025-06-08 23:41:36.177 [scheduling-1] DEBUG c.b.b.mapper.FileTypeMapper.selectActiveMimeTypes - ==>  Preparing: SELECT * FROM mime_type_config WHERE enabled = true
2025-06-08 23:41:36.177 [scheduling-1] DEBUG c.b.b.mapper.FileTypeMapper.selectActiveMimeTypes - ==> Parameters: 
2025-06-08 23:41:36.191 [scheduling-1] DEBUG c.b.b.mapper.FileTypeMapper.selectActiveMimeTypes - <==      Total: 52
2025-06-08 23:41:36.192 [main] DEBUG c.b.b.mapper.FileTypeMapper.selectActiveMimeTypes - ==>  Preparing: SELECT * FROM mime_type_config WHERE enabled = true
2025-06-08 23:41:36.192 [main] DEBUG c.b.b.mapper.FileTypeMapper.selectActiveMimeTypes - ==> Parameters: 
2025-06-08 23:41:36.205 [main] DEBUG c.b.b.mapper.FileTypeMapper.selectActiveMimeTypes - <==      Total: 52
2025-06-08 23:41:36.206 [scheduling-1] DEBUG c.b.bgai.mapper.FileTypeMapper.selectAllowedTypes - ==>  Preparing: SELECT mime_type FROM allowed_file_type WHERE enabled = true
2025-06-08 23:41:36.206 [scheduling-1] DEBUG c.b.bgai.mapper.FileTypeMapper.selectAllowedTypes - ==> Parameters: 
2025-06-08 23:41:36.215 [scheduling-1] DEBUG c.b.bgai.mapper.FileTypeMapper.selectAllowedTypes - <==      Total: 52
2025-06-08 23:41:36.215 [main] DEBUG c.b.bgai.mapper.FileTypeMapper.selectAllowedTypes - ==>  Preparing: SELECT mime_type FROM allowed_file_type WHERE enabled = true
2025-06-08 23:41:36.216 [main] DEBUG c.b.bgai.mapper.FileTypeMapper.selectAllowedTypes - ==> Parameters: 
2025-06-08 23:41:36.223 [main] DEBUG c.b.bgai.mapper.FileTypeMapper.selectAllowedTypes - <==      Total: 52
2025-06-08 23:41:36.224 [main] INFO  com.bgpay.bgai.seata.SagaStateMachineConfig - ==================== Saga状态机加载报告 ====================
2025-06-08 23:41:36.224 [main] INFO  com.bgpay.bgai.seata.SagaStateMachineConfig - Saga状态机配置加载状态: 成功
2025-06-08 23:41:36.224 [main] INFO  com.bgpay.bgai.seata.SagaStateMachineConfig - 已加载的状态机定义文件数量: 2
2025-06-08 23:41:36.224 [main] INFO  com.bgpay.bgai.seata.SagaStateMachineConfig - 已加载的状态机定义文件:
2025-06-08 23:41:36.224 [main] INFO  com.bgpay.bgai.seata.SagaStateMachineConfig -  - /E:/project/bgai/target/classes/statelang/bgai-saga-transaction.json
2025-06-08 23:41:36.224 [main] INFO  com.bgpay.bgai.seata.SagaStateMachineConfig -  - /E:/project/bgai/target/classes/statelang/chat_completion_saga.json
2025-06-08 23:41:36.224 [main] INFO  com.bgpay.bgai.seata.SagaStateMachineConfig - Saga解析器状态: CUSTOM_FASTJSON2
2025-06-08 23:41:36.224 [main] INFO  com.bgpay.bgai.seata.SagaStateMachineConfig - 状态机解析结果: 成功 2 个, 失败 0 个
2025-06-08 23:41:36.224 [main] INFO  com.bgpay.bgai.seata.SagaStateMachineConfig - =============================================================
2025-06-08 23:41:36.228 [main] INFO  com.alibaba.nacos.client.config.impl.CacheData - nacos.cache.data.init.snapshot = true 
2025-06-08 23:41:36.229 [main] INFO  com.alibaba.nacos.client.config.impl.ClientWorker - [fixed-d750d92e-152f-4055-a641-3bc9dda85a29-8.133.246.113_8848] [subscribe] common-dev.yaml+DEFAULT_GROUP+d750d92e-152f-4055-a641-3bc9dda85a29
2025-06-08 23:41:36.238 [main] INFO  com.alibaba.nacos.client.config.impl.CacheData - [fixed-d750d92e-152f-4055-a641-3bc9dda85a29-8.133.246.113_8848] [add-listener] ok, tenant=d750d92e-152f-4055-a641-3bc9dda85a29, dataId=common-dev.yaml, group=DEFAULT_GROUP, cnt=1
2025-06-08 23:41:36.238 [main] INFO  c.a.cloud.nacos.refresh.NacosContextRefresher - [Nacos Config] Listening config: dataId=common-dev.yaml, group=DEFAULT_GROUP
2025-06-08 23:41:36.238 [main] INFO  com.alibaba.nacos.client.config.impl.ClientWorker - [fixed-d750d92e-152f-4055-a641-3bc9dda85a29-8.133.246.113_8848] [subscribe] bgtech-ai.yaml+DEFAULT_GROUP+d750d92e-152f-4055-a641-3bc9dda85a29
2025-06-08 23:41:36.238 [main] INFO  com.alibaba.nacos.client.config.impl.CacheData - [fixed-d750d92e-152f-4055-a641-3bc9dda85a29-8.133.246.113_8848] [add-listener] ok, tenant=d750d92e-152f-4055-a641-3bc9dda85a29, dataId=bgtech-ai.yaml, group=DEFAULT_GROUP, cnt=1
2025-06-08 23:41:36.239 [main] INFO  c.a.cloud.nacos.refresh.NacosContextRefresher - [Nacos Config] Listening config: dataId=bgtech-ai.yaml, group=DEFAULT_GROUP
2025-06-08 23:41:36.240 [main] INFO  com.alibaba.nacos.client.config.impl.ClientWorker - [fixed-d750d92e-152f-4055-a641-3bc9dda85a29-8.133.246.113_8848] [subscribe] bgtech-ai-dev.yaml+DEFAULT_GROUP+d750d92e-152f-4055-a641-3bc9dda85a29
2025-06-08 23:41:36.240 [main] INFO  com.alibaba.nacos.client.config.impl.CacheData - [fixed-d750d92e-152f-4055-a641-3bc9dda85a29-8.133.246.113_8848] [add-listener] ok, tenant=d750d92e-152f-4055-a641-3bc9dda85a29, dataId=bgtech-ai-dev.yaml, group=DEFAULT_GROUP, cnt=1
2025-06-08 23:41:36.240 [main] INFO  c.a.cloud.nacos.refresh.NacosContextRefresher - [Nacos Config] Listening config: dataId=bgtech-ai-dev.yaml, group=DEFAULT_GROUP
2025-06-08 23:41:36.240 [main] INFO  com.alibaba.nacos.client.config.impl.ClientWorker - [fixed-d750d92e-152f-4055-a641-3bc9dda85a29-8.133.246.113_8848] [subscribe] bgtech-ai+DEFAULT_GROUP+d750d92e-152f-4055-a641-3bc9dda85a29
2025-06-08 23:41:36.240 [main] INFO  com.alibaba.nacos.client.config.impl.CacheData - [fixed-d750d92e-152f-4055-a641-3bc9dda85a29-8.133.246.113_8848] [add-listener] ok, tenant=d750d92e-152f-4055-a641-3bc9dda85a29, dataId=bgtech-ai, group=DEFAULT_GROUP, cnt=1
2025-06-08 23:41:36.240 [main] INFO  c.a.cloud.nacos.refresh.NacosContextRefresher - [Nacos Config] Listening config: dataId=bgtech-ai, group=DEFAULT_GROUP
2025-06-08 23:41:42.753 [http-nio-8080-exec-2] DEBUG com.bgpay.bgai.filter.ApiKeyAuthenticationFilter - Skipping API Key validation for excluded path: /auth/authorize
2025-06-08 23:41:42.782 [http-nio-8080-exec-2] INFO  com.bgpay.bgai.controller.MockAuthController - Authorization request: response_type=code, client_id=bgai-client-id, redirect_uri=http://localhost:8080/api/auth/callback
2025-06-08 23:41:42.796 [http-nio-8080-exec-3] DEBUG com.bgpay.bgai.filter.ApiKeyAuthenticationFilter - Skipping API Key validation for excluded path: /api/auth/callback
2025-06-08 23:41:55.289 [http-nio-8080-exec-4] DEBUG com.bgpay.bgai.filter.ApiKeyAuthenticationFilter - Skipping API Key validation for excluded path: /auth/authorize
2025-06-08 23:41:55.290 [http-nio-8080-exec-4] INFO  com.bgpay.bgai.controller.MockAuthController - Authorization request: response_type=code, client_id=bgai-client-id, redirect_uri=http://localhost:8080/api/auth/callback
2025-06-08 23:41:55.293 [http-nio-8080-exec-5] DEBUG com.bgpay.bgai.filter.ApiKeyAuthenticationFilter - Skipping API Key validation for excluded path: /api/auth/callback
2025-06-08 23:43:18.942 [http-nio-8080-exec-8] DEBUG com.bgpay.bgai.filter.ApiKeyAuthenticationFilter - Skipping API Key validation for excluded path: /auth/authorize
2025-06-08 23:43:45.879 [Thread-15] WARN  com.alibaba.nacos.common.notify.NotifyCenter - [NotifyCenter] Start destroying Publisher
2025-06-08 23:43:45.879 [Thread-5] WARN  c.alibaba.nacos.common.http.HttpClientBeanHolder - [HttpClientBeanHolder] Start destroying common HttpClient
2025-06-08 23:43:45.880 [Thread-15] WARN  com.alibaba.nacos.common.notify.NotifyCenter - [NotifyCenter] Destruction of the end
2025-06-08 23:43:45.880 [Thread-5] WARN  c.alibaba.nacos.common.http.HttpClientBeanHolder - [HttpClientBeanHolder] Destruction of the end
2025-06-08 23:43:45.897 [SpringContextShutdownHook] INFO  c.a.cloud.nacos.registry.NacosServiceRegistry - De-registering from Nacos Server now...
2025-06-08 23:43:45.897 [SpringContextShutdownHook] INFO  com.alibaba.nacos.client.naming - [DEREGISTER-SERVICE] d750d92e-152f-4055-a641-3bc9dda85a29 deregistering service bgai with instance: Instance{instanceId='null', ip='192.168.86.8', port=8080, weight=1.0, healthy=true, enabled=true, ephemeral=true, clusterName='DEFAULT', serviceName='null', metadata={}}
2025-06-08 23:43:46.164 [SpringContextShutdownHook] INFO  c.a.cloud.nacos.registry.NacosServiceRegistry - De-registration finished.
2025-06-08 23:43:46.166 [SpringContextShutdownHook] INFO  com.alibaba.nacos.client.naming - com.alibaba.nacos.client.naming.cache.ServiceInfoHolder do shutdown begin
2025-06-08 23:43:46.166 [SpringContextShutdownHook] INFO  com.alibaba.nacos.client.naming - com.alibaba.nacos.client.naming.backups.FailoverReactor do shutdown begin
2025-06-08 23:43:46.166 [SpringContextShutdownHook] INFO  com.alibaba.nacos.client.naming - com.alibaba.nacos.client.naming.backups.FailoverReactor do shutdown stop
2025-06-08 23:43:46.167 [SpringContextShutdownHook] INFO  com.alibaba.nacos.client.naming - com.alibaba.nacos.client.naming.cache.ServiceInfoHolder do shutdown stop
2025-06-08 23:43:46.167 [SpringContextShutdownHook] INFO  com.alibaba.nacos.client.naming - com.alibaba.nacos.client.naming.remote.NamingClientProxyDelegate do shutdown begin
2025-06-08 23:43:46.167 [SpringContextShutdownHook] INFO  com.alibaba.nacos.client.naming - com.alibaba.nacos.client.naming.core.ServiceInfoUpdateService do shutdown begin
2025-06-08 23:43:46.167 [SpringContextShutdownHook] INFO  com.alibaba.nacos.client.naming - com.alibaba.nacos.client.naming.core.ServiceInfoUpdateService do shutdown stop
2025-06-08 23:43:46.167 [SpringContextShutdownHook] INFO  com.alibaba.nacos.client.naming - com.alibaba.nacos.client.naming.core.ServerListManager do shutdown begin
2025-06-08 23:43:46.167 [SpringContextShutdownHook] WARN  com.alibaba.nacos.client.naming - [NamingHttpClientManager] Start destroying NacosRestTemplate
2025-06-08 23:43:46.167 [SpringContextShutdownHook] WARN  com.alibaba.nacos.client.naming - [NamingHttpClientManager] Destruction of the end
2025-06-08 23:43:46.167 [SpringContextShutdownHook] INFO  com.alibaba.nacos.client.naming - com.alibaba.nacos.client.naming.core.ServerListManager do shutdown stop
2025-06-08 23:43:46.167 [SpringContextShutdownHook] INFO  com.alibaba.nacos.client.naming - com.alibaba.nacos.client.naming.remote.http.NamingHttpClientProxy do shutdown begin
2025-06-08 23:43:46.167 [SpringContextShutdownHook] WARN  com.alibaba.nacos.client.naming - [NamingHttpClientManager] Start destroying NacosRestTemplate
2025-06-08 23:43:46.167 [SpringContextShutdownHook] WARN  com.alibaba.nacos.client.naming - [NamingHttpClientManager] Destruction of the end
2025-06-08 23:43:46.167 [SpringContextShutdownHook] INFO  com.alibaba.nacos.client.naming - com.alibaba.nacos.client.naming.remote.http.NamingHttpClientProxy do shutdown stop
2025-06-08 23:43:46.167 [SpringContextShutdownHook] INFO  com.alibaba.nacos.common.remote.client - Shutdown rpc client, set status to shutdown
2025-06-08 23:43:46.167 [SpringContextShutdownHook] INFO  com.alibaba.nacos.common.remote.client - Shutdown client event executor java.util.concurrent.ScheduledThreadPoolExecutor@63d042fd[Running, pool size = 2, active threads = 2, queued tasks = 0, completed tasks = 0]
2025-06-08 23:43:46.168 [SpringContextShutdownHook] INFO  com.alibaba.nacos.common.remote.client - Close current connection 1749397295999_139.227.195.166_39738
2025-06-08 23:43:46.173 [nacos-grpc-client-executor-8.133.246.113-42] WARN  c.a.nacos.common.remote.client.grpc.GrpcClient - [1749397295999_139.227.195.166_39738]Ignore error event,isRunning:false,isAbandon=false
2025-06-08 23:43:46.175 [SpringContextShutdownHook] INFO  c.a.nacos.common.remote.client.grpc.GrpcClient - Shutdown grpc executor java.util.concurrent.ThreadPoolExecutor@3082c3d[Running, pool size = 4, active threads = 0, queued tasks = 0, completed tasks = 43]
2025-06-08 23:43:46.175 [SpringContextShutdownHook] INFO  com.alibaba.nacos.client.naming - Shutdown grpc redo service executor java.util.concurrent.ScheduledThreadPoolExecutor@17b96d56[Running, pool size = 1, active threads = 0, queued tasks = 1, completed tasks = 43]
2025-06-08 23:43:46.175 [SpringContextShutdownHook] INFO  c.a.n.client.auth.ram.identify.CredentialWatcher - [null] CredentialWatcher is stopped
2025-06-08 23:43:46.176 [SpringContextShutdownHook] INFO  c.a.n.client.auth.ram.identify.CredentialService - [null] CredentialService is freed
2025-06-08 23:43:46.176 [SpringContextShutdownHook] INFO  com.alibaba.nacos.client.naming - com.alibaba.nacos.client.naming.remote.NamingClientProxyDelegate do shutdown stop
2025-06-08 23:43:46.224 [SpringContextShutdownHook] DEBUG com.bgpay.bgai.config.AsyncConfig$1 - Shutting down ExecutorService 'blockingExecutor'
2025-06-08 23:43:46.569 [com.alibaba.nacos.client.Worker] INFO  c.a.n.client.auth.ram.identify.CredentialWatcher - null No credential found
2025-06-08 23:43:48.295 [SpringContextShutdownHook] INFO  com.bgpay.bgai.service.mq.RocketMQProducerService - Transaction producer shutdown completed
2025-06-08 23:43:48.296 [NettyClientSelector_1] INFO  RocketmqRemoting - closeChannel: close the connection to remote address[8.133.246.113:9876] result: true
2025-06-08 23:43:48.296 [NettyClientSelector_1] INFO  RocketmqRemoting - closeChannel: close the connection to remote address[8.133.246.113:10911] result: true
2025-06-08 23:43:48.331 [SpringContextShutdownHook] INFO  o.s.orm.jpa.LocalContainerEntityManagerFactoryBean - Closing JPA EntityManagerFactory for persistence unit 'default'
2025-06-08 23:43:48.333 [SpringContextShutdownHook] INFO  com.alibaba.druid.pool.DruidDataSource - {dataSource-2} closing ...
2025-06-08 23:43:48.341 [SpringContextShutdownHook] INFO  com.alibaba.druid.pool.DruidDataSource - {dataSource-2} closed
2025-06-08 23:43:48.341 [SpringContextShutdownHook] INFO  com.alibaba.druid.pool.DruidDataSource - {dataSource-1} closing ...
2025-06-08 23:43:48.341 [SpringContextShutdownHook] INFO  com.alibaba.druid.pool.DruidDataSource - {dataSource-1} closed
2025-06-08 23:43:48.341 [NettyClientSelector_TMROLE_1_1] INFO  i.seata.core.rpc.netty.AbstractNettyRemotingClient - channel inactive: [id: 0x4a21c71b, L:/192.168.86.8:54560 ! R:/8.133.246.113:8091]
2025-06-08 23:43:48.342 [NettyClientSelector_TMROLE_1_1] INFO  io.seata.core.rpc.netty.NettyClientChannelManager - return to pool, rm channel:[id: 0x4a21c71b, L:/192.168.86.8:54560 ! R:/8.133.246.113:8091]
2025-06-08 23:43:48.342 [NettyClientSelector_TMROLE_1_1] INFO  io.seata.core.rpc.netty.NettyPoolableFactory - channel valid false,channel:[id: 0x4a21c71b, L:/192.168.86.8:54560 ! R:/8.133.246.113:8091]
2025-06-08 23:43:48.342 [NettyClientSelector_TMROLE_1_1] INFO  io.seata.core.rpc.netty.NettyPoolableFactory - will destroy channel:[id: 0x4a21c71b, L:/192.168.86.8:54560 ! R:/8.133.246.113:8091]
2025-06-08 23:43:48.342 [NettyClientSelector_TMROLE_1_1] INFO  i.seata.core.rpc.netty.AbstractNettyRemotingClient - ChannelHandlerContext(AbstractNettyRemotingClient$ClientHandler#0, [id: 0x4a21c71b, L:/192.168.86.8:54560 ! R:/8.133.246.113:8091]) will closed
2025-06-08 23:43:48.342 [NettyClientSelector_TMROLE_1_1] INFO  i.seata.core.rpc.netty.AbstractNettyRemotingClient - ChannelHandlerContext(AbstractNettyRemotingClient$ClientHandler#0, [id: 0x4a21c71b, L:/192.168.86.8:54560 ! R:/8.133.246.113:8091]) will closed
2025-06-08 23:43:48.343 [NettyClientSelector_RMROLE_1_1] INFO  i.seata.core.rpc.netty.AbstractNettyRemotingClient - channel inactive: [id: 0xd8c1166f, L:/192.168.86.8:54567 ! R:/8.133.246.113:8091]
2025-06-08 23:43:48.343 [NettyClientSelector_RMROLE_1_1] INFO  io.seata.core.rpc.netty.NettyClientChannelManager - return to pool, rm channel:[id: 0xd8c1166f, L:/192.168.86.8:54567 ! R:/8.133.246.113:8091]
2025-06-08 23:43:48.343 [NettyClientSelector_RMROLE_1_1] INFO  io.seata.core.rpc.netty.NettyPoolableFactory - channel valid false,channel:[id: 0xd8c1166f, L:/192.168.86.8:54567 ! R:/8.133.246.113:8091]
2025-06-08 23:43:48.343 [NettyClientSelector_RMROLE_1_1] INFO  io.seata.core.rpc.netty.NettyPoolableFactory - will destroy channel:[id: 0xd8c1166f, L:/192.168.86.8:54567 ! R:/8.133.246.113:8091]
2025-06-08 23:43:48.343 [NettyClientSelector_RMROLE_1_1] INFO  i.seata.core.rpc.netty.AbstractNettyRemotingClient - ChannelHandlerContext(AbstractNettyRemotingClient$ClientHandler#0, [id: 0xd8c1166f, L:/192.168.86.8:54567 ! R:/8.133.246.113:8091]) will closed
2025-06-08 23:43:48.343 [NettyClientSelector_RMROLE_1_1] INFO  i.seata.core.rpc.netty.AbstractNettyRemotingClient - ChannelHandlerContext(AbstractNettyRemotingClient$ClientHandler#0, [id: 0xd8c1166f, L:/192.168.86.8:54567 ! R:/8.133.246.113:8091]) will closed
2025-06-08 23:45:35.621 [main] WARN  com.alibaba.nacos.client.logging.NacosLogging - Load Logback Configuration of Nacos fail, message: Could not initialize Logback Nacos logging from classpath:nacos-logback.xml
2025-06-08 23:45:35.622 [main] INFO  com.bgpay.bgai.BgaiApplication - The following 1 profile is active: "dev"
2025-06-08 23:45:36.511 [main] INFO  o.s.d.r.config.RepositoryConfigurationDelegate - Multiple Spring Data modules found, entering strict repository configuration mode
2025-06-08 23:45:36.512 [main] INFO  o.s.d.r.config.RepositoryConfigurationDelegate - Bootstrapping Spring Data Elasticsearch repositories in DEFAULT mode.
2025-06-08 23:45:36.805 [main] INFO  o.s.d.r.config.RepositoryConfigurationDelegate - Finished Spring Data repository scanning in 288 ms. Found 1 Elasticsearch repository interfaces.
2025-06-08 23:45:37.598 [main] INFO  o.s.d.r.config.RepositoryConfigurationDelegate - Multiple Spring Data modules found, entering strict repository configuration mode
2025-06-08 23:45:37.599 [main] INFO  o.s.d.r.config.RepositoryConfigurationDelegate - Bootstrapping Spring Data Reactive Elasticsearch repositories in DEFAULT mode.
2025-06-08 23:45:37.619 [main] INFO  o.s.d.r.config.RepositoryConfigurationDelegate - Finished Spring Data repository scanning in 19 ms. Found 0 Reactive Elasticsearch repository interfaces.
2025-06-08 23:45:37.629 [main] INFO  o.s.d.r.config.RepositoryConfigurationDelegate - Multiple Spring Data modules found, entering strict repository configuration mode
2025-06-08 23:45:37.630 [main] INFO  o.s.d.r.config.RepositoryConfigurationDelegate - Bootstrapping Spring Data JPA repositories in DEFAULT mode.
2025-06-08 23:45:37.642 [main] INFO  o.s.d.r.c.RepositoryConfigurationExtensionSupport - Spring Data JPA - Could not safely identify store assignment for repository candidate interface com.bgpay.bgai.repository.es.ChatRecordRepository; If you want this repository to be a JPA repository, consider annotating your entities with one of these annotations: jakarta.persistence.Entity, jakarta.persistence.MappedSuperclass (preferred), or consider extending one of the following types with your repository: org.springframework.data.jpa.repository.JpaRepository
2025-06-08 23:45:37.643 [main] INFO  o.s.d.r.config.RepositoryConfigurationDelegate - Finished Spring Data repository scanning in 8 ms. Found 0 JPA repository interfaces.
2025-06-08 23:45:37.655 [main] INFO  o.s.d.r.config.RepositoryConfigurationDelegate - Multiple Spring Data modules found, entering strict repository configuration mode
2025-06-08 23:45:37.655 [main] INFO  o.s.d.r.config.RepositoryConfigurationDelegate - Bootstrapping Spring Data Redis repositories in DEFAULT mode.
2025-06-08 23:45:37.668 [main] INFO  o.s.d.r.c.RepositoryConfigurationExtensionSupport - Spring Data Redis - Could not safely identify store assignment for repository candidate interface com.bgpay.bgai.repository.es.ChatRecordRepository; If you want this repository to be a Redis repository, consider annotating your entities with one of these annotations: org.springframework.data.redis.core.RedisHash (preferred), or consider extending one of the following types with your repository: org.springframework.data.keyvalue.repository.KeyValueRepository
2025-06-08 23:45:37.668 [main] INFO  o.s.d.r.config.RepositoryConfigurationDelegate - Finished Spring Data repository scanning in 5 ms. Found 0 Redis repository interfaces.
2025-06-08 23:45:38.291 [main] INFO  io.seata.config.ConfigurationFactory - load Configuration from :Spring Configuration
2025-06-08 23:45:38.301 [main] INFO  io.seata.config.ConfigurationFactory - load Configuration from :Spring Configuration
2025-06-08 23:45:38.307 [main] INFO  i.seata.spring.annotation.GlobalTransactionScanner - Initializing Global Transaction Clients ... 
2025-06-08 23:45:38.421 [main] INFO  io.seata.core.rpc.netty.NettyClientBootstrap - NettyClientBootstrap has started
2025-06-08 23:45:38.422 [main] INFO  io.seata.discovery.registry.RegistryFactory - use registry center type: file
2025-06-08 23:45:38.433 [main] INFO  io.seata.core.rpc.netty.NettyClientChannelManager - will connect to 8.133.246.113:8091
2025-06-08 23:45:38.437 [main] INFO  io.seata.core.rpc.netty.NettyPoolableFactory - NettyPool create channel to transactionRole:TMROLE,address:8.133.246.113:8091,msg:< RegisterTMRequest{version='1.7.0', applicationId='bgai', transactionServiceGroup='default-tx-group', extraData='ak=null
digest=default-tx-group,192.168.86.8,1749397538436
timestamp=1749397538436
authVersion=V4
vgroup=default-tx-group
ip=192.168.86.8
'} >
2025-06-08 23:45:38.632 [main] INFO  io.seata.core.rpc.netty.TmNettyRemotingClient - register TM success. client version:1.7.0, server version:1.8.1-SNAPSHOT,channel:[id: 0x3b0843d2, L:/192.168.86.8:63575 - R:/8.133.246.113:8091]
2025-06-08 23:45:38.639 [main] INFO  io.seata.core.rpc.netty.NettyPoolableFactory - register success, cost 96 ms, version:1.8.1-SNAPSHOT,role:TMROLE,channel:[id: 0x3b0843d2, L:/192.168.86.8:63575 - R:/8.133.246.113:8091]
2025-06-08 23:45:38.639 [main] INFO  i.seata.spring.annotation.GlobalTransactionScanner - Transaction Manager Client is initialized. applicationId[bgai] txServiceGroup[default-tx-group]
2025-06-08 23:45:38.652 [main] INFO  io.seata.rm.datasource.AsyncWorker - Async Commit Buffer Limit: 10000
2025-06-08 23:45:38.653 [main] INFO  io.seata.rm.datasource.xa.ResourceManagerXA - ResourceManagerXA init ...
2025-06-08 23:45:38.661 [main] INFO  io.seata.core.rpc.netty.NettyClientBootstrap - NettyClientBootstrap has started
2025-06-08 23:45:38.661 [main] INFO  i.seata.spring.annotation.GlobalTransactionScanner - Resource Manager is initialized. applicationId[bgai] txServiceGroup[default-tx-group]
2025-06-08 23:45:38.661 [main] INFO  i.seata.spring.annotation.GlobalTransactionScanner - Global Transaction Clients are initialized. 
2025-06-08 23:45:39.607 [main] INFO  o.s.boot.web.embedded.tomcat.TomcatWebServer - Tomcat initialized with port(s): 8080 (http)
2025-06-08 23:45:39.618 [main] INFO  org.apache.catalina.core.StandardService - Starting service [Tomcat]
2025-06-08 23:45:39.619 [main] INFO  org.apache.catalina.core.StandardEngine - Starting Servlet engine: [Apache Tomcat/10.1.15]
2025-06-08 23:45:40.065 [main] INFO  com.alibaba.druid.pool.DruidDataSource - {dataSource-1} inited
2025-06-08 23:45:40.346 [main] INFO  io.seata.core.rpc.netty.NettyClientChannelManager - will connect to 8.133.246.113:8091
2025-06-08 23:45:40.346 [main] INFO  io.seata.core.rpc.netty.RmNettyRemotingClient - RM will register :jdbc:mysql://8.133.246.113:3306/deepseek
2025-06-08 23:45:40.346 [main] INFO  io.seata.core.rpc.netty.NettyPoolableFactory - NettyPool create channel to transactionRole:RMROLE,address:8.133.246.113:8091,msg:< RegisterRMRequest{resourceIds='jdbc:mysql://8.133.246.113:3306/deepseek', version='1.7.0', applicationId='bgai', transactionServiceGroup='default-tx-group', extraData='null'} >
2025-06-08 23:45:40.364 [main] INFO  io.seata.core.rpc.netty.RmNettyRemotingClient - register RM success. client version:1.7.0, server version:1.8.1-SNAPSHOT,channel:[id: 0xc323b69a, L:/192.168.86.8:63581 - R:/8.133.246.113:8091]
2025-06-08 23:45:40.364 [main] INFO  io.seata.core.rpc.netty.NettyPoolableFactory - register success, cost 10 ms, version:1.8.1-SNAPSHOT,role:RMROLE,channel:[id: 0xc323b69a, L:/192.168.86.8:63581 - R:/8.133.246.113:8091]
2025-06-08 23:45:40.367 [main] INFO  i.s.s.a.datasource.SeataAutoDataSourceProxyCreator - Auto proxy data source 'masterDataSource' by 'AT' mode.
2025-06-08 23:45:40.438 [main] INFO  com.alibaba.druid.pool.DruidDataSource - {dataSource-2} inited
2025-06-08 23:45:40.525 [main] INFO  io.seata.core.rpc.netty.RmNettyRemotingClient - will register resourceId:jdbc:mysql://8.133.246.113:3306/deepseek
2025-06-08 23:45:40.526 [main] INFO  i.s.s.a.datasource.SeataAutoDataSourceProxyCreator - Auto proxy data source 'slaveDataSource' by 'AT' mode.
2025-06-08 23:45:40.534 [NettyClientSelector_RMROLE_1_1] INFO  io.seata.rm.AbstractRMHandler - the rm client received response msg [RegisterRMResponse{version='1.8.1-SNAPSHOT', extraData='null', identified=true, resultCode=null, msg='null'}] from tc server.
2025-06-08 23:45:40.549 [main] INFO  io.seata.core.rpc.netty.RmNettyRemotingClient - will register resourceId:jdbc:mysql://8.133.246.113:3306/deepseek
2025-06-08 23:45:40.549 [main] INFO  i.s.s.a.datasource.SeataAutoDataSourceProxyCreator - Auto proxy data source 'dynamicDataSource' by 'AT' mode.
2025-06-08 23:45:40.557 [NettyClientSelector_RMROLE_1_1] INFO  io.seata.rm.AbstractRMHandler - the rm client received response msg [RegisterRMResponse{version='1.8.1-SNAPSHOT', extraData='null', identified=true, resultCode=null, msg='null'}] from tc server.
2025-06-08 23:45:40.662 [main] INFO  org.hibernate.jpa.internal.util.LogHelper - HHH000204: Processing PersistenceUnitInfo [name: default]
2025-06-08 23:45:40.712 [main] INFO  org.hibernate.Version - HHH000412: Hibernate ORM core version 6.1.7.Final
2025-06-08 23:45:41.067 [main] INFO  SQL dialect - HHH000400: Using dialect: org.hibernate.dialect.MySQL8Dialect
2025-06-08 23:45:41.069 [main] WARN  org.hibernate.orm.deprecation - HHH90000026: MySQL8Dialect has been deprecated; use org.hibernate.dialect.MySQLDialect instead
2025-06-08 23:45:41.373 [main] INFO  o.h.e.t.jta.platform.internal.JtaPlatformInitiator - HHH000490: Using JtaPlatform implementation: [org.hibernate.engine.transaction.jta.platform.internal.NoJtaPlatform]
2025-06-08 23:45:41.385 [main] INFO  o.s.orm.jpa.LocalContainerEntityManagerFactoryBean - Initialized JPA EntityManagerFactory for persistence unit 'default'
2025-06-08 23:45:41.841 [main] DEBUG c.b.b.mapper.FileTypeMapper.selectActiveMimeTypes - ==>  Preparing: SELECT * FROM mime_type_config WHERE enabled = true
2025-06-08 23:45:41.855 [main] DEBUG c.b.b.mapper.FileTypeMapper.selectActiveMimeTypes - ==> Parameters: 
2025-06-08 23:45:41.882 [main] DEBUG c.b.b.mapper.FileTypeMapper.selectActiveMimeTypes - <==      Total: 52
2025-06-08 23:45:41.885 [main] DEBUG c.b.bgai.mapper.FileTypeMapper.selectAllowedTypes - ==>  Preparing: SELECT mime_type FROM allowed_file_type WHERE enabled = true
2025-06-08 23:45:41.885 [main] DEBUG c.b.bgai.mapper.FileTypeMapper.selectAllowedTypes - ==> Parameters: 
2025-06-08 23:45:41.898 [main] DEBUG c.b.bgai.mapper.FileTypeMapper.selectAllowedTypes - <==      Total: 52
2025-06-08 23:45:42.736 [main] INFO  com.bgpay.bgai.service.impl.UserServiceImpl - 初始化SSO配置: clientId=bgai-client-id, redirectUri=http://localhost:8080/api/auth/callback
2025-06-08 23:45:42.777 [main] INFO  com.bgpay.bgai.controller.AuthController - 初始化认证控制器: clientId=bgai-client-id, redirectUri=http://localhost:8080/api/auth/callback
2025-06-08 23:45:43.721 [main] INFO  org.redisson.Version - Redisson 3.24.3
2025-06-08 23:45:43.856 [redisson-netty-4-6] INFO  o.r.connection.pool.MasterPubSubConnectionPool - 1 connections initialized for 8.133.246.113/8.133.246.113:6379
2025-06-08 23:45:44.242 [redisson-netty-4-19] INFO  org.redisson.connection.pool.MasterConnectionPool - 24 connections initialized for 8.133.246.113/8.133.246.113:6379
2025-06-08 23:45:44.643 [main] INFO  com.bgpay.bgai.service.mq.RocketMQProducerService - RocketMQProducerService initialized with producer group: null
2025-06-08 23:45:45.090 [main] INFO  i.seata.spring.annotation.GlobalTransactionScanner - Bean [com.bgpay.bgai.service.deepseek.DeepSeekServiceImp$$SpringCGLIB$$0] with name [deepSeekServiceImp] would use interceptor [io.seata.spring.annotation.GlobalTransactionalInterceptor]
2025-06-08 23:45:45.448 [main] WARN  i.s.s.b.a.provider.SpringBootConfigurationProvider - The get method not found for the field 'SeataProperties#accesskey'.
2025-06-08 23:45:45.449 [main] WARN  i.s.s.b.a.provider.SpringBootConfigurationProvider - The get method not found for the field 'SeataProperties#secretkey'.
2025-06-08 23:45:45.453 [main] INFO  com.bgpay.bgai.seata.SagaStateMachineConfig - 加载到2个Saga状态机定义文件
2025-06-08 23:45:45.606 [main] INFO  com.bgpay.bgai.saga.CustomSagaJsonParser - 开始解析状态机定义: bgai-saga-transaction
2025-06-08 23:45:45.606 [main] INFO  com.bgpay.bgai.saga.CustomSagaJsonParser - 状态机定义解析成功: bgai-saga-transaction
2025-06-08 23:45:45.606 [main] INFO  com.bgpay.bgai.seata.SagaStateMachineConfig - 成功加载状态机定义: /E:/project/bgai/target/classes/statelang/bgai-saga-transaction.json
2025-06-08 23:45:45.610 [main] INFO  com.bgpay.bgai.saga.CustomSagaJsonParser - 开始解析状态机定义: ChatCompletionSaga
2025-06-08 23:45:45.610 [main] INFO  com.bgpay.bgai.saga.CustomSagaJsonParser - 状态机定义解析成功: ChatCompletionSaga
2025-06-08 23:45:45.610 [main] INFO  com.bgpay.bgai.seata.SagaStateMachineConfig - 成功加载状态机定义: /E:/project/bgai/target/classes/statelang/chat_completion_saga.json
2025-06-08 23:45:45.788 [main] INFO  com.bgpay.bgai.service.mq.MQConsumerService - MQ consumer startup successful [group=billing-consumer-group, topic=BILLING_TOPIC, tag=USER_BILLING]
2025-06-08 23:45:45.788 [main] INFO  c.bgpay.bgai.service.mq.RocketMQBillingServiceImpl - Billing consumer initialized successfully. Ready to process unconsumed messages.
2025-06-08 23:45:46.744 [main] INFO  io.seata.core.rpc.netty.RmNettyRemotingClient - will register resourceId:jdbc:mysql://8.133.246.113:3306/deepseek
2025-06-08 23:45:46.745 [main] INFO  io.seata.core.rpc.netty.RmNettyRemotingClient - will register resourceId:bgai:default
2025-06-08 23:45:46.745 [main] INFO  com.bgpay.bgai.seata.SeataResourceManagerListener - Resource registered: bgai:default
2025-06-08 23:45:46.745 [main] INFO  com.bgpay.bgai.seata.SeataResourceManagerListener - Seata Resource Manager registered successfully for application: bgai
2025-06-08 23:45:46.752 [NettyClientSelector_RMROLE_1_1] INFO  io.seata.rm.AbstractRMHandler - the rm client received response msg [RegisterRMResponse{version='1.8.1-SNAPSHOT', extraData='null', identified=true, resultCode=null, msg='null'}] from tc server.
2025-06-08 23:45:46.753 [NettyClientSelector_RMROLE_1_1] INFO  io.seata.rm.AbstractRMHandler - the rm client received response msg [RegisterRMResponse{version='1.8.1-SNAPSHOT', extraData='null', identified=true, resultCode=null, msg='null'}] from tc server.
2025-06-08 23:45:46.914 [main] INFO  i.seata.spring.annotation.GlobalTransactionScanner - Bean [com.bgpay.bgai.service.mq.BillingTransactionListenerImpl$$SpringCGLIB$$0] with name [billingTransactionListenerImpl] would use interceptor [io.seata.spring.annotation.GlobalTransactionalInterceptor]
2025-06-08 23:45:47.042 [main] INFO  o.a.r.s.autoconfigure.RocketMQAutoConfiguration - a producer (billing-producer-group) init on namesrv 8.133.246.113:9876
2025-06-08 23:45:47.068 [main] DEBUG com.bgpay.bgai.config.AsyncConfig$1 - Initializing ExecutorService 'blockingExecutor'
2025-06-08 23:45:47.144 [main] INFO  c.b.bgai.config.NacosConfig$NacosWarningHandler - Nacos警告处理器已启用，将忽略配置中心连接警告
2025-06-08 23:45:48.330 [main] INFO  o.s.c.gateway.route.RouteDefinitionRouteLocator - Loaded RoutePredicateFactory [After]
2025-06-08 23:45:48.330 [main] INFO  o.s.c.gateway.route.RouteDefinitionRouteLocator - Loaded RoutePredicateFactory [Before]
2025-06-08 23:45:48.330 [main] INFO  o.s.c.gateway.route.RouteDefinitionRouteLocator - Loaded RoutePredicateFactory [Between]
2025-06-08 23:45:48.330 [main] INFO  o.s.c.gateway.route.RouteDefinitionRouteLocator - Loaded RoutePredicateFactory [Cookie]
2025-06-08 23:45:48.330 [main] INFO  o.s.c.gateway.route.RouteDefinitionRouteLocator - Loaded RoutePredicateFactory [Header]
2025-06-08 23:45:48.330 [main] INFO  o.s.c.gateway.route.RouteDefinitionRouteLocator - Loaded RoutePredicateFactory [Host]
2025-06-08 23:45:48.330 [main] INFO  o.s.c.gateway.route.RouteDefinitionRouteLocator - Loaded RoutePredicateFactory [Method]
2025-06-08 23:45:48.330 [main] INFO  o.s.c.gateway.route.RouteDefinitionRouteLocator - Loaded RoutePredicateFactory [Path]
2025-06-08 23:45:48.330 [main] INFO  o.s.c.gateway.route.RouteDefinitionRouteLocator - Loaded RoutePredicateFactory [Query]
2025-06-08 23:45:48.330 [main] INFO  o.s.c.gateway.route.RouteDefinitionRouteLocator - Loaded RoutePredicateFactory [ReadBody]
2025-06-08 23:45:48.331 [main] INFO  o.s.c.gateway.route.RouteDefinitionRouteLocator - Loaded RoutePredicateFactory [RemoteAddr]
2025-06-08 23:45:48.331 [main] INFO  o.s.c.gateway.route.RouteDefinitionRouteLocator - Loaded RoutePredicateFactory [XForwardedRemoteAddr]
2025-06-08 23:45:48.331 [main] INFO  o.s.c.gateway.route.RouteDefinitionRouteLocator - Loaded RoutePredicateFactory [Weight]
2025-06-08 23:45:48.331 [main] INFO  o.s.c.gateway.route.RouteDefinitionRouteLocator - Loaded RoutePredicateFactory [CloudFoundryRouteService]
2025-06-08 23:45:49.904 [main] INFO  o.s.b.actuate.endpoint.web.EndpointLinksResolver - Exposing 3 endpoint(s) beneath base path '/actuator'
2025-06-08 23:45:51.780 [main] INFO  o.s.boot.web.embedded.tomcat.TomcatWebServer - Tomcat started on port(s): 8080 (http) with context path ''
2025-06-08 23:45:51.789 [main] INFO  com.alibaba.nacos.client.naming - initializer namespace from ans.namespace attribute : null
2025-06-08 23:45:51.789 [main] INFO  com.alibaba.nacos.client.naming - initializer namespace from ALIBABA_ALIWARE_NAMESPACE attribute :null
2025-06-08 23:45:51.790 [main] INFO  com.alibaba.nacos.client.naming - initializer namespace from namespace attribute :null
2025-06-08 23:45:51.799 [main] INFO  c.a.n.p.auth.spi.client.ClientAuthPluginManager - [ClientAuthPluginManager] Load ClientAuthService com.alibaba.nacos.client.auth.impl.NacosClientAuthServiceImpl success.
2025-06-08 23:45:51.799 [main] INFO  c.a.n.p.auth.spi.client.ClientAuthPluginManager - [ClientAuthPluginManager] Load ClientAuthService com.alibaba.nacos.client.auth.ram.RamClientAuthServiceImpl success.
2025-06-08 23:45:51.803 [main] INFO  com.alibaba.nacos.common.remote.client - [RpcClientFactory] create a new rpc client of c3a85c61-e9b5-48f2-95ad-14b8782f5fb8
2025-06-08 23:45:51.804 [main] INFO  com.alibaba.nacos.common.remote.client - [c3a85c61-e9b5-48f2-95ad-14b8782f5fb8] RpcClient init, ServerListFactory = com.alibaba.nacos.client.naming.core.ServerListManager
2025-06-08 23:45:51.804 [main] INFO  com.alibaba.nacos.common.remote.client - [c3a85c61-e9b5-48f2-95ad-14b8782f5fb8] Registry connection listener to current client:com.alibaba.nacos.client.naming.remote.gprc.redo.NamingGrpcRedoService
2025-06-08 23:45:51.805 [main] INFO  com.alibaba.nacos.common.remote.client - [c3a85c61-e9b5-48f2-95ad-14b8782f5fb8] Register server push request handler:com.alibaba.nacos.client.naming.remote.gprc.NamingPushRequestHandler
2025-06-08 23:45:51.805 [main] INFO  com.alibaba.nacos.common.remote.client - [c3a85c61-e9b5-48f2-95ad-14b8782f5fb8] Try to connect to server on start up, server: {serverIp = '8.133.246.113', server main port = 8848}
2025-06-08 23:45:51.805 [main] INFO  c.a.nacos.common.remote.client.grpc.GrpcClient - grpc client connection server:8.133.246.113 ip,serverPort:9848,grpcTslConfig:{"sslProvider":"OPENSSL","enableTls":false,"mutualAuthEnable":false,"trustAll":false}
2025-06-08 23:45:51.945 [main] INFO  com.alibaba.nacos.common.remote.client - [c3a85c61-e9b5-48f2-95ad-14b8782f5fb8] Success to connect to server [8.133.246.113:8848] on start up, connectionId = 1749397551851_139.227.195.166_38312
2025-06-08 23:45:51.945 [main] INFO  com.alibaba.nacos.common.remote.client - [c3a85c61-e9b5-48f2-95ad-14b8782f5fb8] Register server push request handler:com.alibaba.nacos.common.remote.client.RpcClient$ConnectResetRequestHandler
2025-06-08 23:45:51.945 [main] INFO  com.alibaba.nacos.common.remote.client - [c3a85c61-e9b5-48f2-95ad-14b8782f5fb8] Register server push request handler:com.alibaba.nacos.common.remote.client.RpcClient$$Lambda/0x0000022b44553f28
2025-06-08 23:45:51.945 [com.alibaba.nacos.client.remote.worker] INFO  com.alibaba.nacos.common.remote.client - [c3a85c61-e9b5-48f2-95ad-14b8782f5fb8] Notify connected event to listeners.
2025-06-08 23:45:51.945 [com.alibaba.nacos.client.remote.worker] INFO  com.alibaba.nacos.client.naming - Grpc connection connect
2025-06-08 23:45:51.946 [main] INFO  com.alibaba.nacos.client.naming - [REGISTER-SERVICE] d750d92e-152f-4055-a641-3bc9dda85a29 registering service bgai with instance Instance{instanceId='null', ip='192.168.86.8', port=8080, weight=1.0, healthy=true, enabled=true, ephemeral=true, clusterName='DEFAULT', serviceName='null', metadata={IPv6=[2408:820c:7528:d042:883f:4494:3393:c9e5], preserved.register.source=SPRING_CLOUD}}
2025-06-08 23:45:51.964 [main] INFO  c.a.cloud.nacos.registry.NacosServiceRegistry - nacos registry, DEFAULT_GROUP bgai 192.168.86.8:8080 register finished
2025-06-08 23:45:52.017 [main] INFO  com.bgpay.bgai.config.NacosConfig - 应用启动完成，当前环境: dev
2025-06-08 23:45:52.017 [main] INFO  com.bgpay.bgai.config.NacosConfig - Nacos配置中心: 8.133.246.113:8848, 命名空间: d750d92e-152f-4055-a641-3bc9dda85a29
2025-06-08 23:45:52.017 [main] INFO  com.bgpay.bgai.config.NacosConfig - 注意: 如果看到Nacos配置加载警告，但应用正常启动，说明应用正在使用本地配置文件
2025-06-08 23:45:52.018 [main] INFO  com.bgpay.bgai.BgaiApplication - Started BgaiApplication in 20.856 seconds (process running for 22.342)
2025-06-08 23:45:52.020 [scheduling-1] DEBUG c.b.b.mapper.FileTypeMapper.selectActiveMimeTypes - ==>  Preparing: SELECT * FROM mime_type_config WHERE enabled = true
2025-06-08 23:45:52.020 [scheduling-1] DEBUG c.b.b.mapper.FileTypeMapper.selectActiveMimeTypes - ==> Parameters: 
2025-06-08 23:45:52.030 [scheduling-1] DEBUG c.b.b.mapper.FileTypeMapper.selectActiveMimeTypes - <==      Total: 52
2025-06-08 23:45:52.030 [main] DEBUG c.b.b.mapper.FileTypeMapper.selectActiveMimeTypes - ==>  Preparing: SELECT * FROM mime_type_config WHERE enabled = true
2025-06-08 23:45:52.031 [main] DEBUG c.b.b.mapper.FileTypeMapper.selectActiveMimeTypes - ==> Parameters: 
2025-06-08 23:45:52.040 [main] DEBUG c.b.b.mapper.FileTypeMapper.selectActiveMimeTypes - <==      Total: 52
2025-06-08 23:45:52.041 [scheduling-1] DEBUG c.b.bgai.mapper.FileTypeMapper.selectAllowedTypes - ==>  Preparing: SELECT mime_type FROM allowed_file_type WHERE enabled = true
2025-06-08 23:45:52.041 [scheduling-1] DEBUG c.b.bgai.mapper.FileTypeMapper.selectAllowedTypes - ==> Parameters: 
2025-06-08 23:45:52.047 [scheduling-1] DEBUG c.b.bgai.mapper.FileTypeMapper.selectAllowedTypes - <==      Total: 52
2025-06-08 23:45:52.048 [main] DEBUG c.b.bgai.mapper.FileTypeMapper.selectAllowedTypes - ==>  Preparing: SELECT mime_type FROM allowed_file_type WHERE enabled = true
2025-06-08 23:45:52.048 [main] DEBUG c.b.bgai.mapper.FileTypeMapper.selectAllowedTypes - ==> Parameters: 
2025-06-08 23:45:52.054 [main] DEBUG c.b.bgai.mapper.FileTypeMapper.selectAllowedTypes - <==      Total: 52
2025-06-08 23:45:52.054 [main] INFO  com.bgpay.bgai.seata.SagaStateMachineConfig - ==================== Saga状态机加载报告 ====================
2025-06-08 23:45:52.054 [main] INFO  com.bgpay.bgai.seata.SagaStateMachineConfig - Saga状态机配置加载状态: 成功
2025-06-08 23:45:52.054 [main] INFO  com.bgpay.bgai.seata.SagaStateMachineConfig - 已加载的状态机定义文件数量: 2
2025-06-08 23:45:52.054 [main] INFO  com.bgpay.bgai.seata.SagaStateMachineConfig - 已加载的状态机定义文件:
2025-06-08 23:45:52.054 [main] INFO  com.bgpay.bgai.seata.SagaStateMachineConfig -  - /E:/project/bgai/target/classes/statelang/bgai-saga-transaction.json
2025-06-08 23:45:52.054 [main] INFO  com.bgpay.bgai.seata.SagaStateMachineConfig -  - /E:/project/bgai/target/classes/statelang/chat_completion_saga.json
2025-06-08 23:45:52.054 [main] INFO  com.bgpay.bgai.seata.SagaStateMachineConfig - Saga解析器状态: CUSTOM_FASTJSON2
2025-06-08 23:45:52.054 [main] INFO  com.bgpay.bgai.seata.SagaStateMachineConfig - 状态机解析结果: 成功 2 个, 失败 0 个
2025-06-08 23:45:52.054 [main] INFO  com.bgpay.bgai.seata.SagaStateMachineConfig - =============================================================
2025-06-08 23:45:52.058 [main] INFO  com.alibaba.nacos.client.config.impl.CacheData - nacos.cache.data.init.snapshot = true 
2025-06-08 23:45:52.059 [main] INFO  com.alibaba.nacos.client.config.impl.ClientWorker - [fixed-d750d92e-152f-4055-a641-3bc9dda85a29-8.133.246.113_8848] [subscribe] common-dev.yaml+DEFAULT_GROUP+d750d92e-152f-4055-a641-3bc9dda85a29
2025-06-08 23:45:52.069 [main] INFO  com.alibaba.nacos.client.config.impl.CacheData - [fixed-d750d92e-152f-4055-a641-3bc9dda85a29-8.133.246.113_8848] [add-listener] ok, tenant=d750d92e-152f-4055-a641-3bc9dda85a29, dataId=common-dev.yaml, group=DEFAULT_GROUP, cnt=1
2025-06-08 23:45:52.069 [main] INFO  c.a.cloud.nacos.refresh.NacosContextRefresher - [Nacos Config] Listening config: dataId=common-dev.yaml, group=DEFAULT_GROUP
2025-06-08 23:45:52.069 [main] INFO  com.alibaba.nacos.client.config.impl.ClientWorker - [fixed-d750d92e-152f-4055-a641-3bc9dda85a29-8.133.246.113_8848] [subscribe] bgtech-ai.yaml+DEFAULT_GROUP+d750d92e-152f-4055-a641-3bc9dda85a29
2025-06-08 23:45:52.069 [main] INFO  com.alibaba.nacos.client.config.impl.CacheData - [fixed-d750d92e-152f-4055-a641-3bc9dda85a29-8.133.246.113_8848] [add-listener] ok, tenant=d750d92e-152f-4055-a641-3bc9dda85a29, dataId=bgtech-ai.yaml, group=DEFAULT_GROUP, cnt=1
2025-06-08 23:45:52.069 [main] INFO  c.a.cloud.nacos.refresh.NacosContextRefresher - [Nacos Config] Listening config: dataId=bgtech-ai.yaml, group=DEFAULT_GROUP
2025-06-08 23:45:52.070 [main] INFO  com.alibaba.nacos.client.config.impl.ClientWorker - [fixed-d750d92e-152f-4055-a641-3bc9dda85a29-8.133.246.113_8848] [subscribe] bgtech-ai-dev.yaml+DEFAULT_GROUP+d750d92e-152f-4055-a641-3bc9dda85a29
2025-06-08 23:45:52.071 [main] INFO  com.alibaba.nacos.client.config.impl.CacheData - [fixed-d750d92e-152f-4055-a641-3bc9dda85a29-8.133.246.113_8848] [add-listener] ok, tenant=d750d92e-152f-4055-a641-3bc9dda85a29, dataId=bgtech-ai-dev.yaml, group=DEFAULT_GROUP, cnt=1
2025-06-08 23:45:52.071 [main] INFO  c.a.cloud.nacos.refresh.NacosContextRefresher - [Nacos Config] Listening config: dataId=bgtech-ai-dev.yaml, group=DEFAULT_GROUP
2025-06-08 23:45:52.071 [main] INFO  com.alibaba.nacos.client.config.impl.ClientWorker - [fixed-d750d92e-152f-4055-a641-3bc9dda85a29-8.133.246.113_8848] [subscribe] bgtech-ai+DEFAULT_GROUP+d750d92e-152f-4055-a641-3bc9dda85a29
2025-06-08 23:45:52.071 [main] INFO  com.alibaba.nacos.client.config.impl.CacheData - [fixed-d750d92e-152f-4055-a641-3bc9dda85a29-8.133.246.113_8848] [add-listener] ok, tenant=d750d92e-152f-4055-a641-3bc9dda85a29, dataId=bgtech-ai, group=DEFAULT_GROUP, cnt=1
2025-06-08 23:45:52.071 [main] INFO  c.a.cloud.nacos.refresh.NacosContextRefresher - [Nacos Config] Listening config: dataId=bgtech-ai, group=DEFAULT_GROUP
2025-06-08 23:47:48.851 [Thread-15] WARN  com.alibaba.nacos.common.notify.NotifyCenter - [NotifyCenter] Start destroying Publisher
2025-06-08 23:47:48.851 [Thread-5] WARN  c.alibaba.nacos.common.http.HttpClientBeanHolder - [HttpClientBeanHolder] Start destroying common HttpClient
2025-06-08 23:47:48.851 [Thread-15] WARN  com.alibaba.nacos.common.notify.NotifyCenter - [NotifyCenter] Destruction of the end
2025-06-08 23:47:48.852 [Thread-5] WARN  c.alibaba.nacos.common.http.HttpClientBeanHolder - [HttpClientBeanHolder] Destruction of the end
2025-06-08 23:47:48.884 [SpringContextShutdownHook] INFO  c.a.cloud.nacos.registry.NacosServiceRegistry - De-registering from Nacos Server now...
2025-06-08 23:47:48.885 [SpringContextShutdownHook] INFO  com.alibaba.nacos.client.naming - [DEREGISTER-SERVICE] d750d92e-152f-4055-a641-3bc9dda85a29 deregistering service bgai with instance: Instance{instanceId='null', ip='192.168.86.8', port=8080, weight=1.0, healthy=true, enabled=true, ephemeral=true, clusterName='DEFAULT', serviceName='null', metadata={}}
2025-06-08 23:47:48.894 [SpringContextShutdownHook] INFO  c.a.cloud.nacos.registry.NacosServiceRegistry - De-registration finished.
2025-06-08 23:47:48.896 [SpringContextShutdownHook] INFO  com.alibaba.nacos.client.naming - com.alibaba.nacos.client.naming.cache.ServiceInfoHolder do shutdown begin
2025-06-08 23:47:48.896 [SpringContextShutdownHook] INFO  com.alibaba.nacos.client.naming - com.alibaba.nacos.client.naming.backups.FailoverReactor do shutdown begin
2025-06-08 23:47:48.896 [SpringContextShutdownHook] INFO  com.alibaba.nacos.client.naming - com.alibaba.nacos.client.naming.backups.FailoverReactor do shutdown stop
2025-06-08 23:47:48.896 [SpringContextShutdownHook] INFO  com.alibaba.nacos.client.naming - com.alibaba.nacos.client.naming.cache.ServiceInfoHolder do shutdown stop
2025-06-08 23:47:48.896 [SpringContextShutdownHook] INFO  com.alibaba.nacos.client.naming - com.alibaba.nacos.client.naming.remote.NamingClientProxyDelegate do shutdown begin
2025-06-08 23:47:48.896 [SpringContextShutdownHook] INFO  com.alibaba.nacos.client.naming - com.alibaba.nacos.client.naming.core.ServiceInfoUpdateService do shutdown begin
2025-06-08 23:47:48.896 [SpringContextShutdownHook] INFO  com.alibaba.nacos.client.naming - com.alibaba.nacos.client.naming.core.ServiceInfoUpdateService do shutdown stop
2025-06-08 23:47:48.896 [SpringContextShutdownHook] INFO  com.alibaba.nacos.client.naming - com.alibaba.nacos.client.naming.core.ServerListManager do shutdown begin
2025-06-08 23:47:48.896 [SpringContextShutdownHook] WARN  com.alibaba.nacos.client.naming - [NamingHttpClientManager] Start destroying NacosRestTemplate
2025-06-08 23:47:48.896 [SpringContextShutdownHook] WARN  com.alibaba.nacos.client.naming - [NamingHttpClientManager] Destruction of the end
2025-06-08 23:47:48.896 [SpringContextShutdownHook] INFO  com.alibaba.nacos.client.naming - com.alibaba.nacos.client.naming.core.ServerListManager do shutdown stop
2025-06-08 23:47:48.897 [SpringContextShutdownHook] INFO  com.alibaba.nacos.client.naming - com.alibaba.nacos.client.naming.remote.http.NamingHttpClientProxy do shutdown begin
2025-06-08 23:47:48.897 [SpringContextShutdownHook] WARN  com.alibaba.nacos.client.naming - [NamingHttpClientManager] Start destroying NacosRestTemplate
2025-06-08 23:47:48.897 [SpringContextShutdownHook] WARN  com.alibaba.nacos.client.naming - [NamingHttpClientManager] Destruction of the end
2025-06-08 23:47:48.897 [SpringContextShutdownHook] INFO  com.alibaba.nacos.client.naming - com.alibaba.nacos.client.naming.remote.http.NamingHttpClientProxy do shutdown stop
2025-06-08 23:47:48.897 [SpringContextShutdownHook] INFO  com.alibaba.nacos.common.remote.client - Shutdown rpc client, set status to shutdown
2025-06-08 23:47:48.897 [SpringContextShutdownHook] INFO  com.alibaba.nacos.common.remote.client - Shutdown client event executor java.util.concurrent.ScheduledThreadPoolExecutor@3bdbf525[Running, pool size = 2, active threads = 2, queued tasks = 0, completed tasks = 0]
2025-06-08 23:47:48.897 [SpringContextShutdownHook] INFO  com.alibaba.nacos.common.remote.client - Close current connection 1749397551851_139.227.195.166_38312
2025-06-08 23:47:48.901 [nacos-grpc-client-executor-8.133.246.113-39] WARN  c.a.nacos.common.remote.client.grpc.GrpcClient - [1749397551851_139.227.195.166_38312]Ignore error event,isRunning:false,isAbandon=false
2025-06-08 23:47:48.903 [SpringContextShutdownHook] INFO  c.a.nacos.common.remote.client.grpc.GrpcClient - Shutdown grpc executor java.util.concurrent.ThreadPoolExecutor@205f33f3[Running, pool size = 7, active threads = 0, queued tasks = 0, completed tasks = 40]
2025-06-08 23:47:48.903 [SpringContextShutdownHook] INFO  com.alibaba.nacos.client.naming - Shutdown grpc redo service executor java.util.concurrent.ScheduledThreadPoolExecutor@5b4a84c0[Running, pool size = 1, active threads = 0, queued tasks = 1, completed tasks = 39]
2025-06-08 23:47:48.903 [SpringContextShutdownHook] INFO  c.a.n.client.auth.ram.identify.CredentialWatcher - [null] CredentialWatcher is stopped
2025-06-08 23:47:48.904 [SpringContextShutdownHook] INFO  c.a.n.client.auth.ram.identify.CredentialService - [null] CredentialService is freed
2025-06-08 23:47:48.904 [SpringContextShutdownHook] INFO  com.alibaba.nacos.client.naming - com.alibaba.nacos.client.naming.remote.NamingClientProxyDelegate do shutdown stop
2025-06-08 23:47:48.916 [SpringContextShutdownHook] DEBUG com.bgpay.bgai.config.AsyncConfig$1 - Shutting down ExecutorService 'blockingExecutor'
2025-06-08 23:47:50.971 [NettyClientSelector_1] INFO  RocketmqRemoting - closeChannel: close the connection to remote address[8.133.246.113:10911] result: true
2025-06-08 23:47:50.971 [SpringContextShutdownHook] INFO  com.bgpay.bgai.service.mq.RocketMQProducerService - Transaction producer shutdown completed
2025-06-08 23:47:50.972 [NettyClientSelector_1] INFO  RocketmqRemoting - closeChannel: close the connection to remote address[8.133.246.113:9876] result: true
2025-06-08 23:47:51.003 [SpringContextShutdownHook] INFO  o.s.orm.jpa.LocalContainerEntityManagerFactoryBean - Closing JPA EntityManagerFactory for persistence unit 'default'
2025-06-08 23:47:51.004 [SpringContextShutdownHook] INFO  com.alibaba.druid.pool.DruidDataSource - {dataSource-2} closing ...
2025-06-08 23:47:51.011 [SpringContextShutdownHook] INFO  com.alibaba.druid.pool.DruidDataSource - {dataSource-2} closed
2025-06-08 23:47:51.011 [SpringContextShutdownHook] INFO  com.alibaba.druid.pool.DruidDataSource - {dataSource-1} closing ...
2025-06-08 23:47:51.011 [SpringContextShutdownHook] INFO  com.alibaba.druid.pool.DruidDataSource - {dataSource-1} closed
2025-06-08 23:47:51.012 [NettyClientSelector_TMROLE_1_1] INFO  i.seata.core.rpc.netty.AbstractNettyRemotingClient - channel inactive: [id: 0x3b0843d2, L:/192.168.86.8:63575 ! R:/8.133.246.113:8091]
2025-06-08 23:47:51.012 [NettyClientSelector_TMROLE_1_1] INFO  io.seata.core.rpc.netty.NettyClientChannelManager - return to pool, rm channel:[id: 0x3b0843d2, L:/192.168.86.8:63575 ! R:/8.133.246.113:8091]
2025-06-08 23:47:51.012 [NettyClientSelector_TMROLE_1_1] INFO  io.seata.core.rpc.netty.NettyPoolableFactory - channel valid false,channel:[id: 0x3b0843d2, L:/192.168.86.8:63575 ! R:/8.133.246.113:8091]
2025-06-08 23:47:51.012 [NettyClientSelector_TMROLE_1_1] INFO  io.seata.core.rpc.netty.NettyPoolableFactory - will destroy channel:[id: 0x3b0843d2, L:/192.168.86.8:63575 ! R:/8.133.246.113:8091]
2025-06-08 23:47:51.012 [NettyClientSelector_TMROLE_1_1] INFO  i.seata.core.rpc.netty.AbstractNettyRemotingClient - ChannelHandlerContext(AbstractNettyRemotingClient$ClientHandler#0, [id: 0x3b0843d2, L:/192.168.86.8:63575 ! R:/8.133.246.113:8091]) will closed
2025-06-08 23:47:51.012 [NettyClientSelector_TMROLE_1_1] INFO  i.seata.core.rpc.netty.AbstractNettyRemotingClient - ChannelHandlerContext(AbstractNettyRemotingClient$ClientHandler#0, [id: 0x3b0843d2, L:/192.168.86.8:63575 ! R:/8.133.246.113:8091]) will closed
2025-06-08 23:47:51.013 [NettyClientSelector_RMROLE_1_1] INFO  i.seata.core.rpc.netty.AbstractNettyRemotingClient - channel inactive: [id: 0xc323b69a, L:/192.168.86.8:63581 ! R:/8.133.246.113:8091]
2025-06-08 23:47:51.013 [NettyClientSelector_RMROLE_1_1] INFO  io.seata.core.rpc.netty.NettyClientChannelManager - return to pool, rm channel:[id: 0xc323b69a, L:/192.168.86.8:63581 ! R:/8.133.246.113:8091]
2025-06-08 23:47:51.014 [NettyClientSelector_RMROLE_1_1] INFO  io.seata.core.rpc.netty.NettyPoolableFactory - channel valid false,channel:[id: 0xc323b69a, L:/192.168.86.8:63581 ! R:/8.133.246.113:8091]
2025-06-08 23:47:51.014 [NettyClientSelector_RMROLE_1_1] INFO  io.seata.core.rpc.netty.NettyPoolableFactory - will destroy channel:[id: 0xc323b69a, L:/192.168.86.8:63581 ! R:/8.133.246.113:8091]
2025-06-08 23:47:51.014 [NettyClientSelector_RMROLE_1_1] INFO  i.seata.core.rpc.netty.AbstractNettyRemotingClient - ChannelHandlerContext(AbstractNettyRemotingClient$ClientHandler#0, [id: 0xc323b69a, L:/192.168.86.8:63581 ! R:/8.133.246.113:8091]) will closed
2025-06-08 23:47:51.014 [NettyClientSelector_RMROLE_1_1] INFO  i.seata.core.rpc.netty.AbstractNettyRemotingClient - ChannelHandlerContext(AbstractNettyRemotingClient$ClientHandler#0, [id: 0xc323b69a, L:/192.168.86.8:63581 ! R:/8.133.246.113:8091]) will closed
2025-06-08 23:53:03.136 [main] WARN  com.alibaba.nacos.client.logging.NacosLogging - Load Logback Configuration of Nacos fail, message: Could not initialize Logback Nacos logging from classpath:nacos-logback.xml
2025-06-08 23:53:03.136 [main] INFO  com.bgpay.bgai.BgaiApplication - The following 1 profile is active: "dev"
2025-06-08 23:53:03.985 [main] INFO  o.s.d.r.config.RepositoryConfigurationDelegate - Multiple Spring Data modules found, entering strict repository configuration mode
2025-06-08 23:53:03.986 [main] INFO  o.s.d.r.config.RepositoryConfigurationDelegate - Bootstrapping Spring Data Elasticsearch repositories in DEFAULT mode.
2025-06-08 23:53:04.331 [main] INFO  o.s.d.r.config.RepositoryConfigurationDelegate - Finished Spring Data repository scanning in 332 ms. Found 1 Elasticsearch repository interfaces.
2025-06-08 23:53:05.101 [main] INFO  o.s.d.r.config.RepositoryConfigurationDelegate - Multiple Spring Data modules found, entering strict repository configuration mode
2025-06-08 23:53:05.102 [main] INFO  o.s.d.r.config.RepositoryConfigurationDelegate - Bootstrapping Spring Data Reactive Elasticsearch repositories in DEFAULT mode.
2025-06-08 23:53:05.121 [main] INFO  o.s.d.r.config.RepositoryConfigurationDelegate - Finished Spring Data repository scanning in 19 ms. Found 0 Reactive Elasticsearch repository interfaces.
2025-06-08 23:53:05.130 [main] INFO  o.s.d.r.config.RepositoryConfigurationDelegate - Multiple Spring Data modules found, entering strict repository configuration mode
2025-06-08 23:53:05.131 [main] INFO  o.s.d.r.config.RepositoryConfigurationDelegate - Bootstrapping Spring Data JPA repositories in DEFAULT mode.
2025-06-08 23:53:05.144 [main] INFO  o.s.d.r.c.RepositoryConfigurationExtensionSupport - Spring Data JPA - Could not safely identify store assignment for repository candidate interface com.bgpay.bgai.repository.es.ChatRecordRepository; If you want this repository to be a JPA repository, consider annotating your entities with one of these annotations: jakarta.persistence.Entity, jakarta.persistence.MappedSuperclass (preferred), or consider extending one of the following types with your repository: org.springframework.data.jpa.repository.JpaRepository
2025-06-08 23:53:05.144 [main] INFO  o.s.d.r.config.RepositoryConfigurationDelegate - Finished Spring Data repository scanning in 8 ms. Found 0 JPA repository interfaces.
2025-06-08 23:53:05.156 [main] INFO  o.s.d.r.config.RepositoryConfigurationDelegate - Multiple Spring Data modules found, entering strict repository configuration mode
2025-06-08 23:53:05.157 [main] INFO  o.s.d.r.config.RepositoryConfigurationDelegate - Bootstrapping Spring Data Redis repositories in DEFAULT mode.
2025-06-08 23:53:05.168 [main] INFO  o.s.d.r.c.RepositoryConfigurationExtensionSupport - Spring Data Redis - Could not safely identify store assignment for repository candidate interface com.bgpay.bgai.repository.es.ChatRecordRepository; If you want this repository to be a Redis repository, consider annotating your entities with one of these annotations: org.springframework.data.redis.core.RedisHash (preferred), or consider extending one of the following types with your repository: org.springframework.data.keyvalue.repository.KeyValueRepository
2025-06-08 23:53:05.168 [main] INFO  o.s.d.r.config.RepositoryConfigurationDelegate - Finished Spring Data repository scanning in 5 ms. Found 0 Redis repository interfaces.
2025-06-08 23:53:05.886 [main] INFO  io.seata.config.ConfigurationFactory - load Configuration from :Spring Configuration
2025-06-08 23:53:05.896 [main] INFO  io.seata.config.ConfigurationFactory - load Configuration from :Spring Configuration
2025-06-08 23:53:05.904 [main] INFO  i.seata.spring.annotation.GlobalTransactionScanner - Initializing Global Transaction Clients ... 
2025-06-08 23:53:06.037 [main] INFO  io.seata.core.rpc.netty.NettyClientBootstrap - NettyClientBootstrap has started
2025-06-08 23:53:06.038 [main] INFO  io.seata.discovery.registry.RegistryFactory - use registry center type: file
2025-06-08 23:53:06.048 [main] INFO  io.seata.core.rpc.netty.NettyClientChannelManager - will connect to 8.133.246.113:8091
2025-06-08 23:53:06.052 [main] INFO  io.seata.core.rpc.netty.NettyPoolableFactory - NettyPool create channel to transactionRole:TMROLE,address:8.133.246.113:8091,msg:< RegisterTMRequest{version='1.7.0', applicationId='bgai', transactionServiceGroup='default-tx-group', extraData='ak=null
digest=default-tx-group,192.168.86.8,1749397986051
timestamp=1749397986051
authVersion=V4
vgroup=default-tx-group
ip=192.168.86.8
'} >
2025-06-08 23:53:06.220 [main] INFO  io.seata.core.rpc.netty.TmNettyRemotingClient - register TM success. client version:1.7.0, server version:1.8.1-SNAPSHOT,channel:[id: 0x1587bf54, L:/192.168.86.8:59350 - R:/8.133.246.113:8091]
2025-06-08 23:53:06.225 [main] INFO  io.seata.core.rpc.netty.NettyPoolableFactory - register success, cost 70 ms, version:1.8.1-SNAPSHOT,role:TMROLE,channel:[id: 0x1587bf54, L:/192.168.86.8:59350 - R:/8.133.246.113:8091]
2025-06-08 23:53:06.226 [main] INFO  i.seata.spring.annotation.GlobalTransactionScanner - Transaction Manager Client is initialized. applicationId[bgai] txServiceGroup[default-tx-group]
2025-06-08 23:53:06.236 [main] INFO  io.seata.rm.datasource.AsyncWorker - Async Commit Buffer Limit: 10000
2025-06-08 23:53:06.236 [main] INFO  io.seata.rm.datasource.xa.ResourceManagerXA - ResourceManagerXA init ...
2025-06-08 23:53:06.242 [main] INFO  io.seata.core.rpc.netty.NettyClientBootstrap - NettyClientBootstrap has started
2025-06-08 23:53:06.242 [main] INFO  i.seata.spring.annotation.GlobalTransactionScanner - Resource Manager is initialized. applicationId[bgai] txServiceGroup[default-tx-group]
2025-06-08 23:53:06.242 [main] INFO  i.seata.spring.annotation.GlobalTransactionScanner - Global Transaction Clients are initialized. 
2025-06-08 23:53:07.193 [main] INFO  o.s.boot.web.embedded.tomcat.TomcatWebServer - Tomcat initialized with port(s): 8080 (http)
2025-06-08 23:53:07.207 [main] INFO  org.apache.coyote.http11.Http11NioProtocol - The ["http-nio-8080"] connector has been configured to support HTTP upgrade to [h2c]
2025-06-08 23:53:07.207 [main] INFO  org.apache.coyote.http11.Http11NioProtocol - Initializing ProtocolHandler ["http-nio-8080"]
2025-06-08 23:53:07.209 [main] INFO  org.apache.catalina.core.StandardService - Starting service [Tomcat]
2025-06-08 23:53:07.209 [main] INFO  org.apache.catalina.core.StandardEngine - Starting Servlet engine: [Apache Tomcat/10.1.15]
2025-06-08 23:53:07.653 [main] INFO  com.alibaba.druid.pool.DruidDataSource - {dataSource-1} inited
2025-06-08 23:53:07.907 [main] INFO  io.seata.core.rpc.netty.NettyClientChannelManager - will connect to 8.133.246.113:8091
2025-06-08 23:53:07.907 [main] INFO  io.seata.core.rpc.netty.RmNettyRemotingClient - RM will register :jdbc:mysql://8.133.246.113:3306/deepseek
2025-06-08 23:53:07.907 [main] INFO  io.seata.core.rpc.netty.NettyPoolableFactory - NettyPool create channel to transactionRole:RMROLE,address:8.133.246.113:8091,msg:< RegisterRMRequest{resourceIds='jdbc:mysql://8.133.246.113:3306/deepseek', version='1.7.0', applicationId='bgai', transactionServiceGroup='default-tx-group', extraData='null'} >
2025-06-08 23:53:07.925 [main] INFO  io.seata.core.rpc.netty.RmNettyRemotingClient - register RM success. client version:1.7.0, server version:1.8.1-SNAPSHOT,channel:[id: 0xe16bc252, L:/192.168.86.8:59354 - R:/8.133.246.113:8091]
2025-06-08 23:53:07.925 [main] INFO  io.seata.core.rpc.netty.NettyPoolableFactory - register success, cost 10 ms, version:1.8.1-SNAPSHOT,role:RMROLE,channel:[id: 0xe16bc252, L:/192.168.86.8:59354 - R:/8.133.246.113:8091]
2025-06-08 23:53:07.927 [main] INFO  i.s.s.a.datasource.SeataAutoDataSourceProxyCreator - Auto proxy data source 'masterDataSource' by 'AT' mode.
2025-06-08 23:53:07.988 [main] INFO  com.alibaba.druid.pool.DruidDataSource - {dataSource-2} inited
2025-06-08 23:53:08.066 [main] INFO  io.seata.core.rpc.netty.RmNettyRemotingClient - will register resourceId:jdbc:mysql://8.133.246.113:3306/deepseek
2025-06-08 23:53:08.067 [main] INFO  i.s.s.a.datasource.SeataAutoDataSourceProxyCreator - Auto proxy data source 'slaveDataSource' by 'AT' mode.
2025-06-08 23:53:08.074 [NettyClientSelector_RMROLE_1_1] INFO  io.seata.rm.AbstractRMHandler - the rm client received response msg [RegisterRMResponse{version='1.8.1-SNAPSHOT', extraData='null', identified=true, resultCode=null, msg='null'}] from tc server.
2025-06-08 23:53:08.092 [main] INFO  io.seata.core.rpc.netty.RmNettyRemotingClient - will register resourceId:jdbc:mysql://8.133.246.113:3306/deepseek
2025-06-08 23:53:08.093 [main] INFO  i.s.s.a.datasource.SeataAutoDataSourceProxyCreator - Auto proxy data source 'dynamicDataSource' by 'AT' mode.
2025-06-08 23:53:08.102 [NettyClientSelector_RMROLE_1_1] INFO  io.seata.rm.AbstractRMHandler - the rm client received response msg [RegisterRMResponse{version='1.8.1-SNAPSHOT', extraData='null', identified=true, resultCode=null, msg='null'}] from tc server.
2025-06-08 23:53:08.229 [main] INFO  org.hibernate.jpa.internal.util.LogHelper - HHH000204: Processing PersistenceUnitInfo [name: default]
2025-06-08 23:53:08.284 [main] INFO  org.hibernate.Version - HHH000412: Hibernate ORM core version 6.1.7.Final
2025-06-08 23:53:08.686 [main] INFO  SQL dialect - HHH000400: Using dialect: org.hibernate.dialect.MySQL8Dialect
2025-06-08 23:53:08.689 [main] WARN  org.hibernate.orm.deprecation - HHH90000026: MySQL8Dialect has been deprecated; use org.hibernate.dialect.MySQLDialect instead
2025-06-08 23:53:08.992 [main] INFO  o.h.e.t.jta.platform.internal.JtaPlatformInitiator - HHH000490: Using JtaPlatform implementation: [org.hibernate.engine.transaction.jta.platform.internal.NoJtaPlatform]
2025-06-08 23:53:09.003 [main] INFO  o.s.orm.jpa.LocalContainerEntityManagerFactoryBean - Initialized JPA EntityManagerFactory for persistence unit 'default'
2025-06-08 23:53:09.407 [main] DEBUG c.b.b.mapper.FileTypeMapper.selectActiveMimeTypes - ==>  Preparing: SELECT * FROM mime_type_config WHERE enabled = true
2025-06-08 23:53:09.422 [main] DEBUG c.b.b.mapper.FileTypeMapper.selectActiveMimeTypes - ==> Parameters: 
2025-06-08 23:53:09.452 [main] DEBUG c.b.b.mapper.FileTypeMapper.selectActiveMimeTypes - <==      Total: 52
2025-06-08 23:53:09.454 [main] DEBUG c.b.bgai.mapper.FileTypeMapper.selectAllowedTypes - ==>  Preparing: SELECT mime_type FROM allowed_file_type WHERE enabled = true
2025-06-08 23:53:09.455 [main] DEBUG c.b.bgai.mapper.FileTypeMapper.selectAllowedTypes - ==> Parameters: 
2025-06-08 23:53:09.467 [main] DEBUG c.b.bgai.mapper.FileTypeMapper.selectAllowedTypes - <==      Total: 52
2025-06-08 23:53:10.391 [main] INFO  com.bgpay.bgai.service.impl.UserServiceImpl - 初始化SSO配置: clientId=bgai-client-id, redirectUri=http://localhost:8080/api/auth/callback
2025-06-08 23:53:10.448 [main] INFO  com.bgpay.bgai.controller.AuthController - 初始化认证控制器: clientId=bgai-client-id, redirectUri=http://localhost:8080/api/auth/callback
2025-06-08 23:53:11.519 [main] INFO  org.redisson.Version - Redisson 3.24.3
2025-06-08 23:53:11.689 [redisson-netty-4-6] INFO  o.r.connection.pool.MasterPubSubConnectionPool - 1 connections initialized for 8.133.246.113/8.133.246.113:6379
2025-06-08 23:53:12.073 [redisson-netty-4-19] INFO  org.redisson.connection.pool.MasterConnectionPool - 24 connections initialized for 8.133.246.113/8.133.246.113:6379
2025-06-08 23:53:12.511 [main] INFO  com.bgpay.bgai.service.mq.RocketMQProducerService - Initializing RocketMQProducerService with producer group: billing-producer-group, nameServer: 8.133.246.113:9876
2025-06-08 23:53:12.519 [main] INFO  com.bgpay.bgai.service.mq.RocketMQProducerService - RocketMQ producer started successfully
2025-06-08 23:53:13.081 [main] INFO  i.seata.spring.annotation.GlobalTransactionScanner - Bean [com.bgpay.bgai.service.deepseek.DeepSeekServiceImp$$SpringCGLIB$$0] with name [deepSeekServiceImp] would use interceptor [io.seata.spring.annotation.GlobalTransactionalInterceptor]
2025-06-08 23:53:13.416 [main] WARN  i.s.s.b.a.provider.SpringBootConfigurationProvider - The get method not found for the field 'SeataProperties#accesskey'.
2025-06-08 23:53:13.416 [main] WARN  i.s.s.b.a.provider.SpringBootConfigurationProvider - The get method not found for the field 'SeataProperties#secretkey'.
2025-06-08 23:53:13.420 [main] INFO  com.bgpay.bgai.seata.SagaStateMachineConfig - 加载到2个Saga状态机定义文件
2025-06-08 23:53:13.565 [main] INFO  com.bgpay.bgai.saga.CustomSagaJsonParser - 开始解析状态机定义: bgai-saga-transaction
2025-06-08 23:53:13.565 [main] INFO  com.bgpay.bgai.saga.CustomSagaJsonParser - 状态机定义解析成功: bgai-saga-transaction
2025-06-08 23:53:13.565 [main] INFO  com.bgpay.bgai.seata.SagaStateMachineConfig - 成功加载状态机定义: /E:/project/bgai/target/classes/statelang/bgai-saga-transaction.json
2025-06-08 23:53:13.569 [main] INFO  com.bgpay.bgai.saga.CustomSagaJsonParser - 开始解析状态机定义: ChatCompletionSaga
2025-06-08 23:53:13.569 [main] INFO  com.bgpay.bgai.saga.CustomSagaJsonParser - 状态机定义解析成功: ChatCompletionSaga
2025-06-08 23:53:13.569 [main] INFO  com.bgpay.bgai.seata.SagaStateMachineConfig - 成功加载状态机定义: /E:/project/bgai/target/classes/statelang/chat_completion_saga.json
2025-06-08 23:53:13.728 [main] INFO  com.bgpay.bgai.service.mq.MQConsumerService - MQ consumer startup successful [group=billing-consumer-group, topic=BILLING_TOPIC, tag=USER_BILLING]
2025-06-08 23:53:13.728 [main] INFO  c.bgpay.bgai.service.mq.RocketMQBillingServiceImpl - Billing consumer initialized successfully. Ready to process unconsumed messages.
2025-06-08 23:53:14.805 [main] INFO  io.seata.core.rpc.netty.RmNettyRemotingClient - will register resourceId:jdbc:mysql://8.133.246.113:3306/deepseek
2025-06-08 23:53:14.806 [main] INFO  io.seata.core.rpc.netty.RmNettyRemotingClient - will register resourceId:bgai:default
2025-06-08 23:53:14.806 [main] INFO  com.bgpay.bgai.seata.SeataResourceManagerListener - Resource registered: bgai:default
2025-06-08 23:53:14.807 [main] INFO  com.bgpay.bgai.seata.SeataResourceManagerListener - Seata Resource Manager registered successfully for application: bgai
2025-06-08 23:53:14.815 [NettyClientSelector_RMROLE_1_1] INFO  io.seata.rm.AbstractRMHandler - the rm client received response msg [RegisterRMResponse{version='1.8.1-SNAPSHOT', extraData='null', identified=true, resultCode=null, msg='null'}] from tc server.
2025-06-08 23:53:14.815 [NettyClientSelector_RMROLE_1_1] INFO  io.seata.rm.AbstractRMHandler - the rm client received response msg [RegisterRMResponse{version='1.8.1-SNAPSHOT', extraData='null', identified=true, resultCode=null, msg='null'}] from tc server.
2025-06-08 23:53:14.954 [main] INFO  i.seata.spring.annotation.GlobalTransactionScanner - Bean [com.bgpay.bgai.service.mq.BillingTransactionListenerImpl$$SpringCGLIB$$0] with name [billingTransactionListenerImpl] would use interceptor [io.seata.spring.annotation.GlobalTransactionalInterceptor]
2025-06-08 23:53:15.061 [main] INFO  o.a.r.s.autoconfigure.RocketMQAutoConfiguration - a producer (billing-producer-group) init on namesrv 8.133.246.113:9876
2025-06-08 23:53:15.087 [main] DEBUG com.bgpay.bgai.config.AsyncConfig$1 - Initializing ExecutorService 'blockingExecutor'
2025-06-08 23:53:15.145 [main] INFO  c.b.bgai.config.NacosConfig$NacosWarningHandler - Nacos警告处理器已启用，将忽略配置中心连接警告
2025-06-08 23:53:16.317 [main] INFO  o.s.c.gateway.route.RouteDefinitionRouteLocator - Loaded RoutePredicateFactory [After]
2025-06-08 23:53:16.318 [main] INFO  o.s.c.gateway.route.RouteDefinitionRouteLocator - Loaded RoutePredicateFactory [Before]
2025-06-08 23:53:16.318 [main] INFO  o.s.c.gateway.route.RouteDefinitionRouteLocator - Loaded RoutePredicateFactory [Between]
2025-06-08 23:53:16.318 [main] INFO  o.s.c.gateway.route.RouteDefinitionRouteLocator - Loaded RoutePredicateFactory [Cookie]
2025-06-08 23:53:16.318 [main] INFO  o.s.c.gateway.route.RouteDefinitionRouteLocator - Loaded RoutePredicateFactory [Header]
2025-06-08 23:53:16.318 [main] INFO  o.s.c.gateway.route.RouteDefinitionRouteLocator - Loaded RoutePredicateFactory [Host]
2025-06-08 23:53:16.318 [main] INFO  o.s.c.gateway.route.RouteDefinitionRouteLocator - Loaded RoutePredicateFactory [Method]
2025-06-08 23:53:16.318 [main] INFO  o.s.c.gateway.route.RouteDefinitionRouteLocator - Loaded RoutePredicateFactory [Path]
2025-06-08 23:53:16.318 [main] INFO  o.s.c.gateway.route.RouteDefinitionRouteLocator - Loaded RoutePredicateFactory [Query]
2025-06-08 23:53:16.318 [main] INFO  o.s.c.gateway.route.RouteDefinitionRouteLocator - Loaded RoutePredicateFactory [ReadBody]
2025-06-08 23:53:16.318 [main] INFO  o.s.c.gateway.route.RouteDefinitionRouteLocator - Loaded RoutePredicateFactory [RemoteAddr]
2025-06-08 23:53:16.318 [main] INFO  o.s.c.gateway.route.RouteDefinitionRouteLocator - Loaded RoutePredicateFactory [XForwardedRemoteAddr]
2025-06-08 23:53:16.318 [main] INFO  o.s.c.gateway.route.RouteDefinitionRouteLocator - Loaded RoutePredicateFactory [Weight]
2025-06-08 23:53:16.318 [main] INFO  o.s.c.gateway.route.RouteDefinitionRouteLocator - Loaded RoutePredicateFactory [CloudFoundryRouteService]
2025-06-08 23:53:17.915 [main] INFO  o.s.b.actuate.endpoint.web.EndpointLinksResolver - Exposing 3 endpoint(s) beneath base path '/actuator'
2025-06-08 23:53:19.685 [main] INFO  org.apache.coyote.http11.Http11NioProtocol - Starting ProtocolHandler ["http-nio-8080"]
2025-06-08 23:53:19.702 [main] INFO  o.s.boot.web.embedded.tomcat.TomcatWebServer - Tomcat started on port(s): 8080 (http) with context path ''
2025-06-08 23:53:19.712 [main] INFO  com.alibaba.nacos.client.naming - initializer namespace from ans.namespace attribute : null
2025-06-08 23:53:19.713 [main] INFO  com.alibaba.nacos.client.naming - initializer namespace from ALIBABA_ALIWARE_NAMESPACE attribute :null
2025-06-08 23:53:19.714 [main] INFO  com.alibaba.nacos.client.naming - initializer namespace from namespace attribute :null
2025-06-08 23:53:19.725 [main] INFO  c.a.n.p.auth.spi.client.ClientAuthPluginManager - [ClientAuthPluginManager] Load ClientAuthService com.alibaba.nacos.client.auth.impl.NacosClientAuthServiceImpl success.
2025-06-08 23:53:19.725 [main] INFO  c.a.n.p.auth.spi.client.ClientAuthPluginManager - [ClientAuthPluginManager] Load ClientAuthService com.alibaba.nacos.client.auth.ram.RamClientAuthServiceImpl success.
2025-06-08 23:53:19.730 [main] INFO  com.alibaba.nacos.common.remote.client - [RpcClientFactory] create a new rpc client of b5d21c7c-c07f-4b10-9562-a5acc5f2b134
2025-06-08 23:53:19.733 [main] INFO  com.alibaba.nacos.common.remote.client - [b5d21c7c-c07f-4b10-9562-a5acc5f2b134] RpcClient init, ServerListFactory = com.alibaba.nacos.client.naming.core.ServerListManager
2025-06-08 23:53:19.733 [main] INFO  com.alibaba.nacos.common.remote.client - [b5d21c7c-c07f-4b10-9562-a5acc5f2b134] Registry connection listener to current client:com.alibaba.nacos.client.naming.remote.gprc.redo.NamingGrpcRedoService
2025-06-08 23:53:19.734 [main] INFO  com.alibaba.nacos.common.remote.client - [b5d21c7c-c07f-4b10-9562-a5acc5f2b134] Register server push request handler:com.alibaba.nacos.client.naming.remote.gprc.NamingPushRequestHandler
2025-06-08 23:53:19.734 [main] INFO  com.alibaba.nacos.common.remote.client - [b5d21c7c-c07f-4b10-9562-a5acc5f2b134] Try to connect to server on start up, server: {serverIp = '8.133.246.113', server main port = 8848}
2025-06-08 23:53:19.734 [main] INFO  c.a.nacos.common.remote.client.grpc.GrpcClient - grpc client connection server:8.133.246.113 ip,serverPort:9848,grpcTslConfig:{"sslProvider":"OPENSSL","enableTls":false,"mutualAuthEnable":false,"trustAll":false}
2025-06-08 23:53:19.862 [main] INFO  com.alibaba.nacos.common.remote.client - [b5d21c7c-c07f-4b10-9562-a5acc5f2b134] Success to connect to server [8.133.246.113:8848] on start up, connectionId = 1749397999782_139.227.195.166_38667
2025-06-08 23:53:19.862 [main] INFO  com.alibaba.nacos.common.remote.client - [b5d21c7c-c07f-4b10-9562-a5acc5f2b134] Register server push request handler:com.alibaba.nacos.common.remote.client.RpcClient$ConnectResetRequestHandler
2025-06-08 23:53:19.862 [com.alibaba.nacos.client.remote.worker] INFO  com.alibaba.nacos.common.remote.client - [b5d21c7c-c07f-4b10-9562-a5acc5f2b134] Notify connected event to listeners.
2025-06-08 23:53:19.862 [main] INFO  com.alibaba.nacos.common.remote.client - [b5d21c7c-c07f-4b10-9562-a5acc5f2b134] Register server push request handler:com.alibaba.nacos.common.remote.client.RpcClient$$Lambda/0x000002464d556b70
2025-06-08 23:53:19.862 [com.alibaba.nacos.client.remote.worker] INFO  com.alibaba.nacos.client.naming - Grpc connection connect
2025-06-08 23:53:19.863 [main] INFO  com.alibaba.nacos.client.naming - [REGISTER-SERVICE] d750d92e-152f-4055-a641-3bc9dda85a29 registering service bgai with instance Instance{instanceId='null', ip='192.168.86.8', port=8080, weight=1.0, healthy=true, enabled=true, ephemeral=true, clusterName='DEFAULT', serviceName='null', metadata={IPv6=[2408:820c:7528:d042:883f:4494:3393:c9e5], preserved.register.source=SPRING_CLOUD}}
2025-06-08 23:53:19.883 [main] INFO  c.a.cloud.nacos.registry.NacosServiceRegistry - nacos registry, DEFAULT_GROUP bgai 192.168.86.8:8080 register finished
2025-06-08 23:53:19.951 [main] INFO  com.bgpay.bgai.config.NacosConfig - 应用启动完成，当前环境: dev
2025-06-08 23:53:19.951 [main] INFO  com.bgpay.bgai.config.NacosConfig - Nacos配置中心: 8.133.246.113:8848, 命名空间: d750d92e-152f-4055-a641-3bc9dda85a29
2025-06-08 23:53:19.951 [main] INFO  com.bgpay.bgai.config.NacosConfig - 注意: 如果看到Nacos配置加载警告，但应用正常启动，说明应用正在使用本地配置文件
2025-06-08 23:53:19.953 [main] INFO  com.bgpay.bgai.BgaiApplication - Started BgaiApplication in 21.427 seconds (process running for 22.886)
2025-06-08 23:53:19.958 [scheduling-1] DEBUG c.b.b.mapper.FileTypeMapper.selectActiveMimeTypes - ==>  Preparing: SELECT * FROM mime_type_config WHERE enabled = true
2025-06-08 23:53:19.958 [scheduling-1] DEBUG c.b.b.mapper.FileTypeMapper.selectActiveMimeTypes - ==> Parameters: 
2025-06-08 23:53:19.971 [scheduling-1] DEBUG c.b.b.mapper.FileTypeMapper.selectActiveMimeTypes - <==      Total: 52
2025-06-08 23:53:19.972 [main] DEBUG c.b.b.mapper.FileTypeMapper.selectActiveMimeTypes - ==>  Preparing: SELECT * FROM mime_type_config WHERE enabled = true
2025-06-08 23:53:19.972 [main] DEBUG c.b.b.mapper.FileTypeMapper.selectActiveMimeTypes - ==> Parameters: 
2025-06-08 23:53:19.984 [main] DEBUG c.b.b.mapper.FileTypeMapper.selectActiveMimeTypes - <==      Total: 52
2025-06-08 23:53:19.984 [scheduling-1] DEBUG c.b.bgai.mapper.FileTypeMapper.selectAllowedTypes - ==>  Preparing: SELECT mime_type FROM allowed_file_type WHERE enabled = true
2025-06-08 23:53:19.984 [scheduling-1] DEBUG c.b.bgai.mapper.FileTypeMapper.selectAllowedTypes - ==> Parameters: 
2025-06-08 23:53:19.992 [scheduling-1] DEBUG c.b.bgai.mapper.FileTypeMapper.selectAllowedTypes - <==      Total: 52
2025-06-08 23:53:19.992 [main] DEBUG c.b.bgai.mapper.FileTypeMapper.selectAllowedTypes - ==>  Preparing: SELECT mime_type FROM allowed_file_type WHERE enabled = true
2025-06-08 23:53:19.993 [main] DEBUG c.b.bgai.mapper.FileTypeMapper.selectAllowedTypes - ==> Parameters: 
2025-06-08 23:53:20.001 [main] DEBUG c.b.bgai.mapper.FileTypeMapper.selectAllowedTypes - <==      Total: 52
2025-06-08 23:53:20.002 [main] INFO  com.bgpay.bgai.seata.SagaStateMachineConfig - ==================== Saga状态机加载报告 ====================
2025-06-08 23:53:20.002 [main] INFO  com.bgpay.bgai.seata.SagaStateMachineConfig - Saga状态机配置加载状态: 成功
2025-06-08 23:53:20.002 [main] INFO  com.bgpay.bgai.seata.SagaStateMachineConfig - 已加载的状态机定义文件数量: 2
2025-06-08 23:53:20.002 [main] INFO  com.bgpay.bgai.seata.SagaStateMachineConfig - 已加载的状态机定义文件:
2025-06-08 23:53:20.002 [main] INFO  com.bgpay.bgai.seata.SagaStateMachineConfig -  - /E:/project/bgai/target/classes/statelang/bgai-saga-transaction.json
2025-06-08 23:53:20.002 [main] INFO  com.bgpay.bgai.seata.SagaStateMachineConfig -  - /E:/project/bgai/target/classes/statelang/chat_completion_saga.json
2025-06-08 23:53:20.002 [main] INFO  com.bgpay.bgai.seata.SagaStateMachineConfig - Saga解析器状态: CUSTOM_FASTJSON2
2025-06-08 23:53:20.002 [main] INFO  com.bgpay.bgai.seata.SagaStateMachineConfig - 状态机解析结果: 成功 2 个, 失败 0 个
2025-06-08 23:53:20.002 [main] INFO  com.bgpay.bgai.seata.SagaStateMachineConfig - =============================================================
2025-06-08 23:53:20.006 [main] INFO  com.alibaba.nacos.client.config.impl.CacheData - nacos.cache.data.init.snapshot = true 
2025-06-08 23:53:20.007 [main] INFO  com.alibaba.nacos.client.config.impl.ClientWorker - [fixed-d750d92e-152f-4055-a641-3bc9dda85a29-8.133.246.113_8848] [subscribe] common-dev.yaml+DEFAULT_GROUP+d750d92e-152f-4055-a641-3bc9dda85a29
2025-06-08 23:53:20.016 [main] INFO  com.alibaba.nacos.client.config.impl.CacheData - [fixed-d750d92e-152f-4055-a641-3bc9dda85a29-8.133.246.113_8848] [add-listener] ok, tenant=d750d92e-152f-4055-a641-3bc9dda85a29, dataId=common-dev.yaml, group=DEFAULT_GROUP, cnt=1
2025-06-08 23:53:20.016 [main] INFO  c.a.cloud.nacos.refresh.NacosContextRefresher - [Nacos Config] Listening config: dataId=common-dev.yaml, group=DEFAULT_GROUP
2025-06-08 23:53:20.016 [main] INFO  com.alibaba.nacos.client.config.impl.ClientWorker - [fixed-d750d92e-152f-4055-a641-3bc9dda85a29-8.133.246.113_8848] [subscribe] bgtech-ai.yaml+DEFAULT_GROUP+d750d92e-152f-4055-a641-3bc9dda85a29
2025-06-08 23:53:20.016 [main] INFO  com.alibaba.nacos.client.config.impl.CacheData - [fixed-d750d92e-152f-4055-a641-3bc9dda85a29-8.133.246.113_8848] [add-listener] ok, tenant=d750d92e-152f-4055-a641-3bc9dda85a29, dataId=bgtech-ai.yaml, group=DEFAULT_GROUP, cnt=1
2025-06-08 23:53:20.016 [main] INFO  c.a.cloud.nacos.refresh.NacosContextRefresher - [Nacos Config] Listening config: dataId=bgtech-ai.yaml, group=DEFAULT_GROUP
2025-06-08 23:53:20.018 [main] INFO  com.alibaba.nacos.client.config.impl.ClientWorker - [fixed-d750d92e-152f-4055-a641-3bc9dda85a29-8.133.246.113_8848] [subscribe] bgtech-ai-dev.yaml+DEFAULT_GROUP+d750d92e-152f-4055-a641-3bc9dda85a29
2025-06-08 23:53:20.018 [main] INFO  com.alibaba.nacos.client.config.impl.CacheData - [fixed-d750d92e-152f-4055-a641-3bc9dda85a29-8.133.246.113_8848] [add-listener] ok, tenant=d750d92e-152f-4055-a641-3bc9dda85a29, dataId=bgtech-ai-dev.yaml, group=DEFAULT_GROUP, cnt=1
2025-06-08 23:53:20.018 [main] INFO  c.a.cloud.nacos.refresh.NacosContextRefresher - [Nacos Config] Listening config: dataId=bgtech-ai-dev.yaml, group=DEFAULT_GROUP
2025-06-08 23:53:20.018 [main] INFO  com.alibaba.nacos.client.config.impl.ClientWorker - [fixed-d750d92e-152f-4055-a641-3bc9dda85a29-8.133.246.113_8848] [subscribe] bgtech-ai+DEFAULT_GROUP+d750d92e-152f-4055-a641-3bc9dda85a29
2025-06-08 23:53:20.018 [main] INFO  com.alibaba.nacos.client.config.impl.CacheData - [fixed-d750d92e-152f-4055-a641-3bc9dda85a29-8.133.246.113_8848] [add-listener] ok, tenant=d750d92e-152f-4055-a641-3bc9dda85a29, dataId=bgtech-ai, group=DEFAULT_GROUP, cnt=1
2025-06-08 23:53:20.018 [main] INFO  c.a.cloud.nacos.refresh.NacosContextRefresher - [Nacos Config] Listening config: dataId=bgtech-ai, group=DEFAULT_GROUP
2025-06-08 23:54:18.353 [Thread-15] WARN  com.alibaba.nacos.common.notify.NotifyCenter - [NotifyCenter] Start destroying Publisher
2025-06-08 23:54:18.353 [Thread-5] WARN  c.alibaba.nacos.common.http.HttpClientBeanHolder - [HttpClientBeanHolder] Start destroying common HttpClient
2025-06-08 23:54:18.354 [Thread-15] WARN  com.alibaba.nacos.common.notify.NotifyCenter - [NotifyCenter] Destruction of the end
2025-06-08 23:54:18.355 [Thread-5] WARN  c.alibaba.nacos.common.http.HttpClientBeanHolder - [HttpClientBeanHolder] Destruction of the end
2025-06-08 23:54:18.377 [SpringContextShutdownHook] INFO  c.a.cloud.nacos.registry.NacosServiceRegistry - De-registering from Nacos Server now...
2025-06-08 23:54:18.378 [SpringContextShutdownHook] INFO  com.alibaba.nacos.client.naming - [DEREGISTER-SERVICE] d750d92e-152f-4055-a641-3bc9dda85a29 deregistering service bgai with instance: Instance{instanceId='null', ip='192.168.86.8', port=8080, weight=1.0, healthy=true, enabled=true, ephemeral=true, clusterName='DEFAULT', serviceName='null', metadata={}}
2025-06-08 23:54:18.389 [SpringContextShutdownHook] INFO  c.a.cloud.nacos.registry.NacosServiceRegistry - De-registration finished.
2025-06-08 23:54:18.391 [SpringContextShutdownHook] INFO  com.alibaba.nacos.client.naming - com.alibaba.nacos.client.naming.cache.ServiceInfoHolder do shutdown begin
2025-06-08 23:54:18.391 [SpringContextShutdownHook] INFO  com.alibaba.nacos.client.naming - com.alibaba.nacos.client.naming.backups.FailoverReactor do shutdown begin
2025-06-08 23:54:18.391 [SpringContextShutdownHook] INFO  com.alibaba.nacos.client.naming - com.alibaba.nacos.client.naming.backups.FailoverReactor do shutdown stop
2025-06-08 23:54:18.391 [SpringContextShutdownHook] INFO  com.alibaba.nacos.client.naming - com.alibaba.nacos.client.naming.cache.ServiceInfoHolder do shutdown stop
2025-06-08 23:54:18.391 [SpringContextShutdownHook] INFO  com.alibaba.nacos.client.naming - com.alibaba.nacos.client.naming.remote.NamingClientProxyDelegate do shutdown begin
2025-06-08 23:54:18.391 [SpringContextShutdownHook] INFO  com.alibaba.nacos.client.naming - com.alibaba.nacos.client.naming.core.ServiceInfoUpdateService do shutdown begin
2025-06-08 23:54:18.391 [SpringContextShutdownHook] INFO  com.alibaba.nacos.client.naming - com.alibaba.nacos.client.naming.core.ServiceInfoUpdateService do shutdown stop
2025-06-08 23:54:18.391 [SpringContextShutdownHook] INFO  com.alibaba.nacos.client.naming - com.alibaba.nacos.client.naming.core.ServerListManager do shutdown begin
2025-06-08 23:54:18.391 [SpringContextShutdownHook] WARN  com.alibaba.nacos.client.naming - [NamingHttpClientManager] Start destroying NacosRestTemplate
2025-06-08 23:54:18.391 [SpringContextShutdownHook] WARN  com.alibaba.nacos.client.naming - [NamingHttpClientManager] Destruction of the end
2025-06-08 23:54:18.391 [SpringContextShutdownHook] INFO  com.alibaba.nacos.client.naming - com.alibaba.nacos.client.naming.core.ServerListManager do shutdown stop
2025-06-08 23:54:18.391 [SpringContextShutdownHook] INFO  com.alibaba.nacos.client.naming - com.alibaba.nacos.client.naming.remote.http.NamingHttpClientProxy do shutdown begin
2025-06-08 23:54:18.391 [SpringContextShutdownHook] WARN  com.alibaba.nacos.client.naming - [NamingHttpClientManager] Start destroying NacosRestTemplate
2025-06-08 23:54:18.391 [SpringContextShutdownHook] WARN  com.alibaba.nacos.client.naming - [NamingHttpClientManager] Destruction of the end
2025-06-08 23:54:18.391 [SpringContextShutdownHook] INFO  com.alibaba.nacos.client.naming - com.alibaba.nacos.client.naming.remote.http.NamingHttpClientProxy do shutdown stop
2025-06-08 23:54:18.391 [SpringContextShutdownHook] INFO  com.alibaba.nacos.common.remote.client - Shutdown rpc client, set status to shutdown
2025-06-08 23:54:18.391 [SpringContextShutdownHook] INFO  com.alibaba.nacos.common.remote.client - Shutdown client event executor java.util.concurrent.ScheduledThreadPoolExecutor@5bce0ab[Running, pool size = 2, active threads = 2, queued tasks = 0, completed tasks = 0]
2025-06-08 23:54:18.391 [SpringContextShutdownHook] INFO  com.alibaba.nacos.common.remote.client - Close current connection 1749397999782_139.227.195.166_38667
2025-06-08 23:54:18.394 [nacos-grpc-client-executor-8.133.246.113-21] WARN  c.a.nacos.common.remote.client.grpc.GrpcClient - [1749397999782_139.227.195.166_38667]Ignore error event,isRunning:false,isAbandon=false
2025-06-08 23:54:18.396 [SpringContextShutdownHook] INFO  c.a.nacos.common.remote.client.grpc.GrpcClient - Shutdown grpc executor java.util.concurrent.ThreadPoolExecutor@6ed61f9e[Running, pool size = 5, active threads = 0, queued tasks = 0, completed tasks = 22]
2025-06-08 23:54:18.397 [SpringContextShutdownHook] INFO  com.alibaba.nacos.client.naming - Shutdown grpc redo service executor java.util.concurrent.ScheduledThreadPoolExecutor@66fc45c[Running, pool size = 1, active threads = 0, queued tasks = 1, completed tasks = 19]
2025-06-08 23:54:18.398 [SpringContextShutdownHook] INFO  c.a.n.client.auth.ram.identify.CredentialWatcher - [null] CredentialWatcher is stopped
2025-06-08 23:54:18.398 [SpringContextShutdownHook] INFO  c.a.n.client.auth.ram.identify.CredentialService - [null] CredentialService is freed
2025-06-08 23:54:18.398 [SpringContextShutdownHook] INFO  com.alibaba.nacos.client.naming - com.alibaba.nacos.client.naming.remote.NamingClientProxyDelegate do shutdown stop
2025-06-08 23:54:18.408 [SpringContextShutdownHook] DEBUG com.bgpay.bgai.config.AsyncConfig$1 - Shutting down ExecutorService 'blockingExecutor'
2025-06-08 23:54:19.878 [com.alibaba.nacos.client.Worker] INFO  c.a.n.client.auth.ram.identify.CredentialWatcher - null No credential found
2025-06-08 23:54:20.501 [SpringContextShutdownHook] INFO  com.bgpay.bgai.service.mq.RocketMQProducerService - RocketMQ producer shutdown
2025-06-08 23:54:20.502 [NettyClientSelector_1] INFO  RocketmqRemoting - closeChannel: close the connection to remote address[8.133.246.113:10911] result: true
2025-06-08 23:54:20.502 [NettyClientSelector_1] INFO  RocketmqRemoting - closeChannel: close the connection to remote address[8.133.246.113:9876] result: true
2025-06-08 23:54:20.522 [NettyClientSelector_1] INFO  RocketmqRemoting - closeChannel: close the connection to remote address[8.133.246.113:10911] result: true
2025-06-08 23:54:20.522 [NettyClientSelector_1] INFO  RocketmqRemoting - closeChannel: close the connection to remote address[8.133.246.113:9876] result: true
2025-06-08 23:54:20.556 [SpringContextShutdownHook] INFO  o.s.orm.jpa.LocalContainerEntityManagerFactoryBean - Closing JPA EntityManagerFactory for persistence unit 'default'
2025-06-08 23:54:20.558 [SpringContextShutdownHook] INFO  com.alibaba.druid.pool.DruidDataSource - {dataSource-2} closing ...
2025-06-08 23:54:20.565 [SpringContextShutdownHook] INFO  com.alibaba.druid.pool.DruidDataSource - {dataSource-2} closed
2025-06-08 23:54:20.565 [SpringContextShutdownHook] INFO  com.alibaba.druid.pool.DruidDataSource - {dataSource-1} closing ...
2025-06-08 23:54:20.566 [SpringContextShutdownHook] INFO  com.alibaba.druid.pool.DruidDataSource - {dataSource-1} closed
2025-06-08 23:54:20.567 [NettyClientSelector_TMROLE_1_1] INFO  i.seata.core.rpc.netty.AbstractNettyRemotingClient - channel inactive: [id: 0x1587bf54, L:/192.168.86.8:59350 ! R:/8.133.246.113:8091]
2025-06-08 23:54:20.567 [NettyClientSelector_TMROLE_1_1] INFO  io.seata.core.rpc.netty.NettyClientChannelManager - return to pool, rm channel:[id: 0x1587bf54, L:/192.168.86.8:59350 ! R:/8.133.246.113:8091]
2025-06-08 23:54:20.567 [NettyClientSelector_TMROLE_1_1] INFO  io.seata.core.rpc.netty.NettyPoolableFactory - channel valid false,channel:[id: 0x1587bf54, L:/192.168.86.8:59350 ! R:/8.133.246.113:8091]
2025-06-08 23:54:20.567 [NettyClientSelector_TMROLE_1_1] INFO  io.seata.core.rpc.netty.NettyPoolableFactory - will destroy channel:[id: 0x1587bf54, L:/192.168.86.8:59350 ! R:/8.133.246.113:8091]
2025-06-08 23:54:20.567 [NettyClientSelector_TMROLE_1_1] INFO  i.seata.core.rpc.netty.AbstractNettyRemotingClient - ChannelHandlerContext(AbstractNettyRemotingClient$ClientHandler#0, [id: 0x1587bf54, L:/192.168.86.8:59350 ! R:/8.133.246.113:8091]) will closed
2025-06-08 23:54:20.567 [NettyClientSelector_TMROLE_1_1] INFO  i.seata.core.rpc.netty.AbstractNettyRemotingClient - ChannelHandlerContext(AbstractNettyRemotingClient$ClientHandler#0, [id: 0x1587bf54, L:/192.168.86.8:59350 ! R:/8.133.246.113:8091]) will closed
2025-06-08 23:54:20.568 [NettyClientSelector_RMROLE_1_1] INFO  i.seata.core.rpc.netty.AbstractNettyRemotingClient - channel inactive: [id: 0xe16bc252, L:/192.168.86.8:59354 ! R:/8.133.246.113:8091]
2025-06-08 23:54:20.569 [NettyClientSelector_RMROLE_1_1] INFO  io.seata.core.rpc.netty.NettyClientChannelManager - return to pool, rm channel:[id: 0xe16bc252, L:/192.168.86.8:59354 ! R:/8.133.246.113:8091]
2025-06-08 23:54:20.569 [NettyClientSelector_RMROLE_1_1] INFO  io.seata.core.rpc.netty.NettyPoolableFactory - channel valid false,channel:[id: 0xe16bc252, L:/192.168.86.8:59354 ! R:/8.133.246.113:8091]
2025-06-08 23:54:20.569 [NettyClientSelector_RMROLE_1_1] INFO  io.seata.core.rpc.netty.NettyPoolableFactory - will destroy channel:[id: 0xe16bc252, L:/192.168.86.8:59354 ! R:/8.133.246.113:8091]
2025-06-08 23:54:20.569 [NettyClientSelector_RMROLE_1_1] INFO  i.seata.core.rpc.netty.AbstractNettyRemotingClient - ChannelHandlerContext(AbstractNettyRemotingClient$ClientHandler#0, [id: 0xe16bc252, L:/192.168.86.8:59354 ! R:/8.133.246.113:8091]) will closed
2025-06-08 23:54:20.569 [NettyClientSelector_RMROLE_1_1] INFO  i.seata.core.rpc.netty.AbstractNettyRemotingClient - ChannelHandlerContext(AbstractNettyRemotingClient$ClientHandler#0, [id: 0xe16bc252, L:/192.168.86.8:59354 ! R:/8.133.246.113:8091]) will closed
